step,reward_0.5_0.3_0.2,reward_0.4_0.4_0.2,reward_0.6_0.2_0.2
1,-116.66522423491824,-116.98836319393573,-116.45383026684966
2,-118.03218127879828,-118.4305410412268,-117.8886349557105
3,-119.55710533041263,-119.91317135222775,-119.3607931162895
4,-121.01816677906604,-121.4027003084413,-120.7464809079935
5,-122.44115022736274,-122.82328785579534,-122.22268120193294
6,-123.87825383292173,-124.2082212359567,-123.72437440006321
7,-125.23976041882884,-125.64553956641387,-125.24846164679494
8,-126.64079421385959,-127.05713686508535,-126.69397363246135
9,-128.0596617233385,-128.52309616235587,-128.2074152425738
10,-129.45507977265092,-129.86698787271908,-129.6031169891619
11,-130.85319469634354,-131.30130453824668,-131.07357304435882
12,-132.29168895975937,-132.6512441154571,-132.5702817992553
13,-133.75215030279404,-134.14147937224848,-133.97669390311373
14,-135.13664651418398,-135.58832624478214,-135.39187787396477
15,-136.6183443699727,-136.98258258404258,-136.77730912746364
16,-138.0620083637785,-138.42015412767486,-138.28863049358392
17,-139.5663717216609,-139.83985952477474,-139.80762976771334
18,-140.96421094428948,-141.32941315623697,-141.19625332333388
19,-142.33357651167805,-142.79188693246155,-142.74841720618727
20,-143.82459519463148,-144.2761300485,-144.24070870864713
21,-145.27134705226513,-145.72309768567365,-145.68512514044045
22,-146.7361434307033,-147.1746337554944,-147.1812508909482
23,-148.11314846952683,-148.64188370861845,-148.61937962250104
24,-149.47063554715078,-150.05444005951233,-150.1082874314218
25,-150.93447597549917,-151.54631413332086,-151.5055229990914
26,-152.54494580409224,-153.0887481937841,-152.92399954107617
27,-153.91639189892507,-154.55697800042347,-154.35885885764287
28,-155.3498465089149,-155.89726821749224,-155.81712700345074
29,-156.7827842316299,-157.3142976968247,-157.30061948885876
30,-158.16396695917146,-158.7946431311084,-158.75018898474974
31,-159.61953497510117,-160.21420696507641,-160.2406826121936
32,-161.08978050379272,-161.66066709041584,-161.61287674704576
33,-162.54428223929722,-163.0824162170299,-163.04476544951245
34,-163.95096499952362,-164.4807981981908,-164.521037077828
35,-165.3354178102389,-165.9111409388982,-165.90574127054757
36,-166.67714859601614,-167.3446513436807,-167.35067771089683
37,-168.0877545319376,-168.7138801544809,-168.7412108299801
38,-169.52888768470078,-170.12723939722068,-170.13266090061632
39,-170.911738710443,-171.5565101473892,-171.55884274629094
40,-172.39877266754476,-172.99268289955694,-173.04877669761945
41,-173.75103430312132,-174.457108737282,-174.51265854960428
42,-175.1709482261649,-175.95314050128158,-175.81996202320587
43,-176.61531769704473,-177.35911075740253,-177.28230779656195
44,-178.10097663492212,-178.73641399652917,-178.7334169914704
45,-179.49662078479517,-180.1532506970752,-180.1923530811369
46,-180.94301709716217,-181.56336218625097,-181.6686110044254
47,-182.37863433479407,-183.04133273915292,-183.0830172695975
48,-183.90265519273103,-184.50541568727377,-184.5738126634472
49,-185.35682455643396,-186.00138568165312,-186.0453363352416
50,-186.8182237495832,-187.4487152193415,-187.4739117564924
51,-188.22380349898447,-188.838009474139,-188.92324254702189
52,-189.6676853120409,-190.3058320058687,-190.3568422090254
53,-191.24521403512998,-191.74421126669301,-191.79750325502098
54,-192.69679110839317,-193.1459121023949,-193.2807416924414
55,-194.2065415863519,-194.52365857810975,-194.66488278098373
56,-195.6928406528103,-196.03498958012725,-196.06086522125392
57,-197.06371455386227,-197.49120969774555,-197.5353284174792
58,-198.58576578028925,-198.95944113027997,-198.95586058787654
59,-199.99593031456908,-200.43391036658682,-200.41245140270465
60,-201.45091465381438,-201.88498488150373,-201.80980171444796
61,-202.91644866081162,-203.40914582429153,-203.21535065817264
62,-204.3973965901217,-204.85899928804852,-204.60579053329647
63,-205.8049884200212,-206.28972995390882,-206.0786387894287
64,-207.20596857305193,-207.77074833727949,-207.56655188960585
65,-208.72798171323484,-209.2251997479505,-209.0731367183007
66,-210.0879425876241,-210.65590407075655,-210.40949180322804
67,-211.57905231004088,-212.08165857343297,-211.8119696677189
68,-212.98128003415454,-213.58939303945928,-213.20152486787111
69,-214.4715011593533,-214.98743962549298,-214.6913151958519
70,-215.9208199757317,-216.38410906399633,-216.1032922548408
71,-217.41595410335634,-217.84928231131966,-217.6034453736986
72,-218.868602369578,-219.20075029859143,-219.02175324964463
73,-220.30251899068608,-220.60925549045518,-220.45614420527426
74,-221.78948526083437,-222.0242872623827,-221.90227214762527
75,-223.193820448461,-223.42164187261497,-223.35732609190129
76,-224.5904929351209,-224.89918741580942,-224.7477438981553
77,-225.85971245737636,-226.3446293902141,-226.2016476669745
78,-227.2286127564236,-227.7443048109785,-227.58497402824358
79,-228.5832844183138,-229.2100772990769,-229.02061143131542
80,-230.10334282453186,-230.65472526626618,-230.44024455657265
81,-231.63376389454012,-232.0544306878686,-231.853038763702
82,-231.5536096219617,-231.95494566426538,-231.7877464988391
83,-231.3608510636144,-231.90010378474204,-231.74853851912718
84,-231.16949357749618,-231.82563372226963,-231.69899015260575
85,-231.18098607564983,-231.7906973538656,-231.6537377230745
86,-231.21646696967227,-231.7434759996093,-231.734873390173
87,-231.15234329855684,-231.60352909584876,-231.74708746147775
88,-231.15296280439443,-231.54886528083762,-231.67678770296794
89,-231.05362491513705,-231.42395324831068,-231.69271533729648
90,-231.0290238563059,-231.43483626539822,-231.6785764840144
91,-230.64257947944114,-231.44330816549478,-231.63405092584762
92,-230.60678576950846,-231.35336257788026,-231.5794402129233
93,-230.52915808021356,-231.27218907775682,-231.6087805464752
94,-230.62683045285235,-231.22970205345695,-231.52122367772898
95,-230.6435211195335,-231.19297847426927,-231.4989893115778
96,-230.54727278073437,-231.15997813546576,-231.42113543133826
97,-230.44862021802717,-231.1789700700504,-231.37550374016223
98,-230.33169373617733,-231.1464433106706,-231.26555496299133
99,-230.26330090694694,-231.17457140007588,-231.21298082573975
100,-230.1914983080788,-231.08910932248912,-231.14317198978455
101,-230.19279997669025,-231.00501309984304,-231.12047126117878
102,-230.18692604242753,-230.91652107996418,-231.0726586071669
103,-230.05717102652685,-230.86914565504009,-230.95871085113305
104,-229.98252279843237,-230.72468200873539,-230.92546474075013
105,-229.78065808448287,-230.76927198393602,-230.90265526731494
106,-229.61977970546786,-230.81852299728482,-230.87041032611188
107,-229.67336695963587,-230.78496834447083,-230.8899033006892
108,-229.65381589391,-230.76267596710812,-230.80026395405673
109,-229.62303638420423,-230.76607840942694,-230.78549987983976
110,-229.63444850890718,-230.62747927856748,-230.8230941611213
111,-229.5882953549721,-230.53157488106058,-230.8386020150403
112,-229.47656072713573,-230.43220977943702,-230.71310745441383
113,-229.48007966823684,-230.43708796694827,-230.71541013536356
114,-229.50132409425999,-230.34241704036017,-230.65717162886278
115,-229.39550478249595,-230.3282550921373,-230.64234973855937
116,-229.31065919909963,-230.21139669573984,-230.5474310806651
117,-229.18659623297998,-230.14649247661754,-230.46694985706367
118,-229.11130418802637,-230.08906221447137,-230.52988282113176
119,-228.97775140522623,-229.95428721993122,-230.43007842498253
120,-228.8214414777105,-229.89433286614354,-230.4003196061966
121,-228.85591737103175,-229.69343486475051,-230.48456335170147
122,-228.7303389574112,-229.6174559401898,-230.45893968312785
123,-228.58859027366483,-229.5777076056155,-230.47749499488052
124,-228.60773455000785,-229.58021660463282,-230.4546245642114
125,-228.43652904756635,-229.63375480291137,-230.31413798948668
126,-228.48113523160987,-229.59494623902503,-230.1840585803218
127,-228.39980654607518,-229.5687932019602,-230.19634096454013
128,-228.45543750594396,-229.41359434009053,-230.1654448455181
129,-228.23955567760143,-229.31590075552182,-230.1402404164302
130,-228.0861206480926,-229.33611805909817,-230.08003731298157
131,-227.92106560613794,-229.2099813585117,-230.00938943695013
132,-227.83695370367576,-229.14853020927393,-229.93526476169964
133,-227.91953040482605,-229.14266063119754,-229.83674952644978
134,-227.95953935941688,-229.0935581351114,-229.87530953857362
135,-227.8441487487551,-229.1907612139197,-229.76591326687642
136,-227.88786828600132,-229.14494589199643,-229.7975166305916
137,-227.7699641802326,-229.17577936987658,-229.92295829976626
138,-227.6724312942083,-229.12449684438442,-229.9421613969617
139,-227.54519062495672,-229.12028808516723,-229.91055198533365
140,-227.5898358469801,-229.06182811409644,-229.85697262755718
141,-227.53160623251256,-228.99693329915058,-229.7790707203955
142,-227.59296317713506,-229.17019201880748,-229.69412337868218
143,-227.6410440395076,-229.22263496863036,-229.64783563578547
144,-227.5739798966578,-229.12536656916132,-229.63627147657067
145,-227.4633745572223,-229.10133546123137,-229.59076073530193
146,-227.4107411348468,-229.017044710092,-229.54686024661257
147,-227.4515522755749,-229.00616082623097,-229.5757264085311
148,-227.42792842951746,-228.8209086714487,-229.5211977267956
149,-227.3207598303329,-228.786315923335,-229.48482072263445
150,-227.5025022190234,-228.58959960671046,-229.3752115729534
151,-227.50357983646063,-228.4469623512087,-229.38442492009824
152,-227.31043157521782,-228.47373774817584,-229.3349286051806
153,-227.22580931098457,-228.45216345828345,-229.3029833842209
154,-227.11106364250065,-228.4243772762823,-229.28514077796552
155,-227.1449999404054,-228.33637953145615,-229.27520541507735
156,-227.06218278324008,-228.24268597665673,-229.27829982928168
157,-227.14327583365178,-228.25245935514093,-229.19924626667867
158,-227.1386986609303,-228.33203070141406,-229.17612098995875
159,-227.10150206301995,-228.15536734311235,-229.20518850436343
160,-227.00435450041022,-228.2413194089669,-229.28860800886412
161,-226.98546229730127,-228.26177123842234,-229.2896807208183
162,-227.00320513447988,-228.24239563294847,-229.30616764570664
163,-226.97386501988342,-228.11587994903817,-229.2065891890586
164,-227.0028423100958,-228.1199431550648,-229.26345350559654
165,-226.96829390734106,-228.13708320108026,-229.18452211018106
166,-226.96109587968664,-228.20630308026605,-229.10761853577486
167,-227.0258152629263,-228.1494023336568,-228.97425357464942
168,-226.98789031572463,-228.15101883472892,-228.95311947124367
169,-227.01947633459127,-228.1075875001598,-228.8463428398343
170,-227.1543504326579,-228.1781771860389,-228.8189364398513
171,-227.05729110367258,-228.1128701600219,-228.74505664694323
172,-226.9447228115604,-228.11591202131177,-228.68818610556343
173,-226.81061666463648,-227.98296212264938,-228.76583792670152
174,-226.88257490527064,-227.91421635307344,-228.76834894720636
175,-226.7983607930228,-227.8599212245577,-228.78018061250157
176,-226.81889091552094,-227.87060941454905,-228.67627400451644
177,-226.71046260067985,-227.8370804666954,-228.6031723600926
178,-226.72447817106686,-227.64154443050256,-228.62162985856645
179,-226.8077494058304,-227.6690342455841,-228.45728061210886
180,-226.68013409527936,-227.6134586245078,-228.32507957242052
181,-226.63936692636264,-227.61843041409276,-228.30127515178577
182,-226.46881635292542,-227.55650395188843,-228.12494211374974
183,-226.47785128629278,-227.42475805871646,-228.0440349048934
184,-226.65426594582607,-227.3896676775874,-227.9603253899963
185,-226.68265785855993,-227.3104012353727,-227.96457779572177
186,-226.34432632974986,-227.14456868869507,-227.90510578047198
187,-226.3828118537208,-227.09185908061642,-227.91724791456105
188,-226.32531051787524,-227.14415821592218,-227.89973698684264
189,-226.2809973155021,-227.0995899947301,-227.87500329349
190,-226.20903656069703,-226.9382993500585,-227.84525274385834
191,-226.249340470304,-226.89864636900563,-227.7970513476337
192,-226.09265110561842,-226.8427196268285,-227.84800022819337
193,-225.95529853692528,-226.72605879168168,-227.82703503479334
194,-225.93603299472173,-226.81962044366765,-227.81186908061107
195,-225.91581521642607,-226.7936086847676,-227.7851357793557
196,-225.9821316886432,-226.7946237033937,-227.7044988495878
197,-226.0532412189406,-226.83610836615625,-227.7399992460062
198,-225.966106094289,-226.79373612683867,-227.70155691326414
199,-225.95574323772993,-226.7175554698083,-227.66917577737595
200,-225.83974782723558,-226.70459560942533,-227.5461833533242
201,-225.84615403012143,-226.6073838075153,-227.54112206666804
202,-225.84575016653116,-226.55176930613277,-227.65417368961448
203,-225.70262034055378,-226.6039227175736,-227.5758028639805
204,-225.6014595655477,-226.62115960329965,-227.53816541644375
205,-225.56001952770134,-226.61218929980032,-227.4929404264389
206,-225.51332550088944,-226.52959229081273,-227.42773998838976
207,-225.40274848278344,-226.34899482051122,-227.40602784560355
208,-225.2567133680169,-226.3103429033444,-227.3175429342721
209,-225.19088750216017,-226.29595464297262,-227.19387309505427
210,-225.0448503510934,-226.30913894050767,-227.20847473318142
211,-225.11917836314575,-226.35520687349754,-227.16146488455402
212,-225.0737643537014,-226.27361708340322,-227.10712553610045
213,-224.9131344306981,-226.24319280141935,-227.11855128301835
214,-224.82268485130444,-226.2959577533361,-227.05344256867147
215,-224.67704958844578,-226.22972074850367,-227.06781473846516
216,-224.57301420321713,-226.0823145851095,-227.02029891989594
217,-224.62362405246068,-225.93839851443096,-226.94533822724327
218,-224.48396688947565,-225.94911316963893,-226.90079063098528
219,-224.43637646832752,-225.80926893821473,-226.8175216045535
220,-224.3719140573362,-225.75922384708446,-226.92750758620593
221,-224.22428703024266,-225.64723605570043,-226.92273041247117
222,-224.08884138099194,-225.5898100376122,-226.95220768107487
223,-224.05982880956594,-225.58519835470412,-226.8263618181303
224,-224.1701839382045,-225.50397521145544,-226.71541230582724
225,-224.03954422414228,-225.39801495322646,-226.57898062936817
226,-224.0229560286977,-225.45194389780326,-226.62588800709642
227,-223.9260980647631,-225.34838248812022,-226.62202201161892
228,-223.8850722556428,-225.21439691266127,-226.60346715013924
229,-223.78546592283192,-225.21342163888872,-226.5166034155423
230,-223.7007741851382,-225.16456291266746,-226.45838558414493
231,-223.5042607249083,-225.07376626685772,-226.40003313410915
232,-223.38450812793513,-225.13598737061025,-226.3443108429774
233,-223.40034078029913,-225.15466607818314,-226.32482162104117
234,-223.38323409319202,-225.06006218223752,-226.25430559234496
235,-223.3303237645532,-225.12251922191845,-226.25907632808725
236,-223.24400137664685,-225.0444492595994,-226.25922273451425
237,-223.44395842488348,-225.05512946061873,-226.21145707142023
238,-223.46234817320874,-225.02236118466595,-226.23009535870028
239,-223.34939477262057,-224.95067332862487,-226.2607983821625
240,-223.2193825945463,-224.9538957308451,-226.2397832612751
241,-222.9215410027947,-224.98398728132952,-226.22177038647857
242,-222.90558193716737,-224.95762674396335,-226.27204263983305
243,-222.99691526381528,-224.9064542877334,-226.28999474040938
244,-223.13009339211715,-224.96141413518416,-226.3310471150346
245,-223.117845480692,-224.94751752785533,-226.32437049668334
246,-223.1344957291669,-224.9412170344467,-226.19665502041016
247,-223.13204132326223,-224.943737642059,-226.15343325687985
248,-223.06732665951506,-224.87938817282264,-226.174432493923
249,-223.0525158696369,-224.9220936588868,-226.1306627215028
250,-223.0695754190652,-224.81608735836664,-226.1038202095977
251,-223.095558193348,-224.7602169445363,-226.12566328926786
252,-223.0688739563377,-224.830954441129,-226.1736089794988
253,-223.14317441090955,-224.68170030942733,-226.10227552614012
254,-222.96989032988887,-224.6078350310283,-225.98839203482507
255,-223.07704206522078,-224.60191558875584,-225.97825695267025
256,-222.96310933220303,-224.6099143410243,-225.88023474626902
257,-223.01560140573477,-224.5332186904273,-225.79380342203265
258,-223.0676965946219,-224.47908899157875,-225.76964862051608
259,-223.05453178577005,-224.45395439739823,-225.7471044867391
260,-222.97472496967293,-224.4569632962,-225.64953266706317
261,-222.9761533971378,-224.44229209939894,-225.59566071115734
262,-222.81377102639516,-224.42633824517634,-225.53628276107173
263,-222.75795458705272,-224.4319555768046,-225.5273819963047
264,-222.7572899547436,-224.44428087310718,-225.48960743911704
265,-222.89101925099982,-224.34676851404163,-225.46701798287722
266,-223.07463151945495,-224.31865128381128,-225.3985761674324
267,-222.86917085183742,-224.30531816950744,-225.2972198715068
268,-222.86054175298446,-224.34999555937168,-225.3011565729965
269,-222.79855978248267,-224.30099591470645,-225.27545028487916
270,-222.8014880574682,-224.3016676675308,-225.27524072713686
271,-222.826676651049,-224.23724290091585,-225.2377078174772
272,-222.82365464893434,-224.374166691693,-225.21668235511322
273,-222.73271291961618,-224.28943417331135,-225.32403400088089
274,-222.67464039913796,-224.29931467410702,-225.39434760851762
275,-222.66186815456425,-224.24094912717118,-225.42553696247577
276,-222.62842024065876,-224.2022799029827,-225.35431806645596
277,-222.58323647737737,-224.13630720660765,-225.37161324117946
278,-222.56401043713487,-224.09652024189617,-225.32963920732715
279,-222.59202752795534,-224.05125018359743,-225.36029041196446
280,-222.63475991032908,-224.01752593266977,-225.27681557571572
281,-222.57033728985533,-224.07762640764287,-225.19945646656703
282,-222.4941206132959,-224.14058514562615,-225.18320503765096
283,-222.48479129077705,-224.13556329075064,-225.22298128990008
284,-222.38041595668872,-224.06925255988523,-225.20299514439898
285,-222.55351933035388,-224.01834979088352,-225.2006501743637
286,-222.3536084062717,-223.9892243032067,-225.21335722664378
287,-222.36054078396074,-224.06403082505517,-225.07215321644685
288,-222.28986634383853,-223.99848328621778,-225.04249197932006
289,-222.3073039138115,-223.97829008769264,-225.05382284475795
290,-222.24558532233817,-223.92863625215864,-225.0578228775373
291,-222.42637429204015,-223.9941505437224,-225.08844535789166
292,-222.3385772691417,-223.96243468901048,-225.15025052073503
293,-222.25327109653585,-223.84143270382472,-225.17276942927325
294,-222.04111133748165,-223.74639120156786,-225.15288218421955
295,-221.97648228145903,-223.5618673188833,-225.21947397786454
296,-221.79453987303145,-223.61896073924078,-225.17619687051194
297,-221.80642243323416,-223.56219788999763,-224.9997845690691
298,-221.80826527077198,-223.40094665066198,-224.8736845190429
299,-221.9116533523185,-223.34915234679073,-224.85981249463663
300,-221.75957947387803,-223.28566229007996,-224.891544975434
301,-221.60827118566422,-223.32122675269056,-224.78965562804277
302,-221.40993589656688,-223.10498028099397,-224.68404700263181
303,-221.27367313130762,-223.0034137000772,-224.58761851320503
304,-221.2415104391893,-223.0461795630636,-224.62074307217804
305,-221.27724938152062,-222.92919872060008,-224.5314679015908
306,-221.25209528334418,-222.96879032926438,-224.54358683539692
307,-221.2233579155553,-222.87542066907997,-224.55276638387758
308,-221.25160442897004,-222.86297420275207,-224.5427943875389
309,-221.33530028055588,-222.73978155591317,-224.51848390179282
310,-221.06280901908036,-222.74880888826715,-224.49198888409143
311,-220.9969455080481,-222.73284036285548,-224.49415802015784
312,-220.95260208572142,-222.81702170866924,-224.4406384019546
313,-220.90871359389072,-222.7652339035788,-224.4203049137575
314,-220.88735435537703,-222.8155236411144,-224.32993753538653
315,-220.81179663903498,-222.79621020967488,-224.26165967217486
316,-220.8208151025762,-222.73799215195035,-224.2052560630595
317,-220.83658036691168,-222.56435718114787,-224.18118650551435
318,-220.7399869563144,-222.55928292099952,-224.0986503830966
319,-220.6293066862243,-222.5698227070688,-223.98181993229994
320,-220.63185311737575,-222.4948766639881,-223.89322214820626
321,-220.6111283852652,-222.44214051674783,-223.89140600852198
322,-220.49467887498417,-222.42295083647244,-223.88852108918127
323,-220.39484137541257,-222.4258476256573,-223.8542257446825
324,-220.23508088186048,-222.2377049834754,-223.7912675177006
325,-219.9550762980823,-222.20370786469744,-223.73172829746426
326,-219.84115781949168,-222.11656861923942,-223.6472311794343
327,-219.76234533139925,-222.08248353954983,-223.66910330509592
328,-219.70065790711908,-222.03898106339545,-223.63673972518703
329,-219.55726283609533,-222.0675152532357,-223.66992316948102
330,-219.41470638213013,-221.9989024527412,-223.63714585169353
331,-219.5615421561663,-222.06859891520128,-223.6096866163815
332,-219.55215813496713,-222.1534459815042,-223.54339357329224
333,-219.53364378792548,-222.22495266692903,-223.45056957172827
334,-219.4433404290133,-222.22184052680714,-223.44992677870798
335,-219.30246403658867,-222.29422400145478,-223.38504732462633
336,-219.10588669845254,-222.28019674002914,-223.2827109143096
337,-219.01500185409202,-222.24292552592308,-223.16733794064896
338,-218.96717010218345,-222.31665921600032,-223.1464153437159
339,-218.98023234186695,-222.15743910919275,-223.1236502453807
340,-218.97445482698345,-222.1289970394674,-223.1029172082017
341,-219.01930837151622,-222.04583838998252,-223.05805561986904
342,-219.20493563158277,-221.98428538224013,-223.04441836575552
343,-219.12951389062047,-222.07568824440432,-223.01926001791568
344,-218.87642514147635,-222.09434870115,-222.88828263013923
345,-218.8404035889155,-222.0000898157461,-222.85798699011895
346,-218.92892029472387,-221.98722863388087,-222.96781385414295
347,-218.86593164462,-221.94319479236157,-222.8961928752617
348,-218.8521199033875,-221.91661466366037,-222.84754674068188
349,-218.88646538797414,-221.85079620741976,-222.75998409779902
350,-218.84753622101215,-221.89661349522913,-222.65077447905318
351,-218.77255056371564,-221.8780824333013,-222.606074706822
352,-218.913270687634,-221.85162140616657,-222.59118935799086
353,-219.01780339399687,-221.98533926277915,-222.58139512552552
354,-218.94741525575418,-221.83266704299905,-222.41618202483153
355,-218.94205051099874,-221.82943107188572,-222.4519623275574
356,-218.92090530382976,-221.81644739224882,-222.45420608796545
357,-218.75282093011182,-221.84974699979148,-222.33500266191328
358,-218.72315973281923,-221.91281010951684,-222.3329822493801
359,-218.8232414574521,-222.02778789792825,-222.3993984171311
360,-218.76560879650933,-222.01409038792966,-222.42604908527534
361,-218.68275175927818,-222.0284881654422,-222.3669823318925
362,-218.61216203391484,-221.89933488020404,-222.38705363393973
363,-218.66586401036682,-221.79914801080233,-222.39581341271523
364,-218.51629945952718,-221.7532810627696,-222.45909723417452
365,-218.54322323433018,-221.64577214746174,-222.40767209449223
366,-218.49377654241488,-221.81201044317314,-222.37061080039598
367,-218.4907925934965,-221.85615259964672,-222.37854802656665
368,-218.45049278607578,-221.77560823599438,-222.41796810061177
369,-218.4176128962522,-221.61483875519627,-222.39149794087672
370,-218.4371166233649,-221.5977201739854,-222.34311209401537
371,-218.20857738709623,-221.54823214300092,-222.2729106658026
372,-218.10403779915788,-221.56437991433108,-222.27144703847648
373,-218.03043815014212,-221.5753089454105,-222.137516022758
374,-218.0567409809175,-221.3707253294101,-222.07015113678443
375,-218.07231596481188,-221.44381073576037,-222.03993922297911
376,-217.97491140199065,-221.3942566693915,-222.09524477442463
377,-217.98109857697585,-221.4064815720173,-222.0191128754272
378,-217.80130946072478,-221.35242720046813,-222.02271776318497
379,-217.7780455283493,-221.39957403848194,-222.0516422604942
380,-217.80232724699985,-221.35264944950336,-221.9216917090725
381,-217.81118256135144,-221.27864288488493,-221.89394082782414
382,-217.84745665578663,-221.2271919227035,-221.81233476707484
383,-217.8289204007966,-221.0751467774365,-221.90680373478304
384,-217.73877944472298,-220.98870290915866,-221.81116771842244
385,-217.69677936417668,-220.96521885007945,-221.79413463014322
386,-217.8084956254782,-220.79077219357077,-221.78176555613595
387,-217.783415626141,-220.7605169841613,-221.7366027452128
388,-217.80391784129293,-220.7710963194703,-221.79293319915925
389,-217.776465503606,-220.80296434007215,-221.75505793843703
390,-217.78947071249996,-220.838263285291,-221.7464150840125
391,-217.8233247662047,-220.88272398167032,-221.68496737358845
392,-217.7746032339066,-220.86933493665867,-221.67185553305455
393,-217.63843328965277,-220.79147031038394,-221.59612289385632
394,-217.42909341103282,-220.85075815768477,-221.61654030766454
395,-217.4390535285732,-220.71411595792648,-221.47840103612083
396,-217.44352056980972,-220.65373181594993,-221.45841300236737
397,-217.28668463419353,-220.53361033009784,-221.34889910141237
398,-217.16717608839957,-220.57887151904083,-221.26575216161285
399,-217.2988472071592,-220.57857274041757,-221.15189386533697
400,-217.1964710333907,-220.5726564746953,-221.15124493767996
401,-217.34389724322943,-220.46843225636948,-221.12797429564807
402,-217.28676724449343,-220.34356175134184,-220.99106275970348
403,-217.22770939547854,-220.31170393263687,-220.93659911020313
404,-217.11984981440202,-220.1715234328359,-220.89396816150202
405,-217.06622864951896,-220.12655950257312,-220.8564544198865
406,-216.98160349721172,-220.1074285209448,-220.82650221321668
407,-216.96266531506748,-220.0675976888089,-220.82673746224157
408,-216.92532735589484,-220.0659041185839,-220.7355831408999
409,-216.89492723911934,-219.97784255286916,-220.66509170965202
410,-216.8105627057904,-219.92694318332786,-220.63749141283557
411,-216.86932013008703,-219.82384652521304,-220.58233725174392
412,-216.84427756795645,-219.63923632543919,-220.49450034255307
413,-216.7835070417275,-219.66509605853017,-220.46330346002148
414,-216.66646685823773,-219.6679486077781,-220.44079670168566
415,-216.5249568426697,-219.61667942831167,-220.4386248445681
416,-216.5660274568408,-219.59975432008247,-220.47239914784728
417,-216.53187118286382,-219.5608593968645,-220.53059210559826
418,-216.46703770463523,-219.47587040317194,-220.43573599573085
419,-216.47741503774515,-219.5047052648701,-220.37425628889326
420,-216.34226611226964,-219.52452247459667,-220.46442810958584
421,-216.24325949774996,-219.4935969766545,-220.42520471048533
422,-216.33147730417085,-219.38432091188452,-220.3632230853461
423,-216.33223341599043,-219.28071752111117,-220.31668656705753
424,-216.3188947322952,-219.31353528483203,-220.29891165844944
425,-216.123022802467,-219.2807199183099,-220.31190077990328
426,-215.8993393430173,-219.1173801461864,-220.29432843381508
427,-215.96230597616932,-219.09237671143015,-220.3467901434587
428,-215.87682867070976,-219.01032547559737,-220.30489228329168
429,-215.90543521651176,-218.91089705551178,-220.31981087667367
430,-215.89419581504814,-218.82034853685138,-220.18304305155357
431,-215.85283653594962,-218.7731149301623,-220.09833027140968
432,-215.82425926507455,-218.64193296895968,-220.0614373747249
433,-215.9100441293042,-218.64064110839138,-219.9047869104857
434,-215.93226724541927,-218.61937876532352,-219.84156590284263
435,-215.90727846615,-218.68289643577515,-219.81511014097958
436,-215.87178717638173,-218.636916498081,-219.88667898581411
437,-215.74991413916442,-218.56965472974298,-219.80421767525786
438,-215.58016638800368,-218.5906141886292,-219.74279511363017
439,-215.4373338083623,-218.62175258646113,-219.57478712017
440,-215.3577605845997,-218.65350696126112,-219.6491993230014
441,-215.2769782218799,-218.66836755562574,-219.56530825639788
442,-215.3178256072628,-218.60629122321816,-219.4465655174682
443,-215.16357803118825,-218.5736461303597,-219.40210675851412
444,-215.19270158661584,-218.556021189276,-219.387951682456
445,-215.04931524084776,-218.42868024482573,-219.36951515442922
446,-215.08365711464978,-218.31563932817917,-219.22354420770938
447,-214.9205350010042,-218.17214421395812,-219.30309236704719
448,-214.83747457744607,-218.2440495476602,-219.26751764550113
449,-214.7553986655762,-218.22764711828353,-219.20334308373577
450,-214.82138692902618,-218.21849741733604,-219.2217118267485
451,-214.73144049275487,-218.18087098021863,-219.1757401337244
452,-214.8348532553297,-218.19031288325937,-219.0834770423957
453,-214.77031680091216,-218.1661502078239,-219.05137336731678
454,-214.82366646493014,-218.1416141792743,-219.01689906899304
455,-214.82138579635142,-218.1563163315694,-218.9712699740567
456,-214.86797060353163,-218.03130329257826,-218.86547499165803
457,-214.86570660263328,-217.9546209210016,-218.8809863471353
458,-214.9397842213202,-217.90687582090624,-218.896832313589
459,-214.8044886143467,-217.82166243145377,-218.8963000611546
460,-214.8095834040458,-217.80829241085502,-218.7762481793796
461,-214.97356273292846,-217.75513802180112,-218.79580461296263
462,-214.99139102775143,-217.80383713341396,-218.8307735627182
463,-214.9828695685901,-217.71257175920817,-218.95564598438682
464,-215.03408250049546,-217.57730953734372,-218.86039633958939
465,-214.99802877861111,-217.62569950239032,-218.87232721994877
466,-214.95003706402602,-217.51807891540528,-218.84899592756784
467,-214.94279125956197,-217.5036384925574,-218.7781254218995
468,-214.90031889278904,-217.46666656375436,-218.67044336231385
469,-214.8065097468424,-217.51147529118197,-218.63726041361434
470,-214.9122182551185,-217.4735403390288,-218.58925569227924
471,-214.9183824309317,-217.49516138426753,-218.4670341070451
472,-214.90298859283237,-217.3269940375252,-218.50195768770516
473,-214.88036181364222,-217.33475491746037,-218.46005921365528
474,-214.81310426708063,-217.26106883201982,-218.48275854591208
475,-214.78740528401423,-217.2424198156953,-218.40239759575076
476,-214.71354892700077,-217.21064154839456,-218.42071291373423
477,-214.54622538193905,-217.18421560515816,-218.35454239566005
478,-214.5027171264981,-217.12217845161726,-218.3453966578523
479,-214.46268976495568,-217.2207134295537,-218.3059762521349
480,-214.35646230085067,-217.1886364610375,-218.25484696722083
481,-214.32662752023353,-217.14172423770856,-218.25234329409136
482,-214.45026049827413,-217.01342017105785,-218.17615776577586
483,-214.32896619116798,-217.04667818283673,-218.1624189618375
484,-214.36001077737887,-216.9851860068755,-218.14940955661575
485,-214.4298367188083,-216.87489157360807,-218.18125617954522
486,-214.2675755195574,-216.85428650337406,-218.2232676110637
487,-214.24194791834094,-216.86074639939963,-218.1784674928847
488,-214.34373448553544,-216.85389359466777,-218.17531770454463
489,-214.30920112063404,-216.72058256544463,-218.05827765895037
490,-214.11245783616488,-216.74414789595588,-218.08956391979328
491,-214.0471802684819,-216.64322708106897,-218.11085629202853
492,-213.93242023883204,-216.58839995607784,-218.09450905462498
493,-214.03688231980038,-216.4580459782449,-218.10502382999022
494,-214.06057582108187,-216.40674407786236,-218.0692571581745
495,-214.09438440744267,-216.34774903544647,-218.03508186999045
496,-214.07712236406888,-216.25604419841892,-218.119617661399
497,-214.08310352855943,-216.27059574286415,-218.1430884669091
498,-214.00084443529272,-216.21891906565145,-218.0226147556483
499,-213.77981570946665,-216.27754934309473,-217.99645048404437
500,-213.66009777870167,-216.16537007830226,-218.0242878456853
501,-213.55055721965945,-216.11857387641834,-218.07092292680045
502,-213.4252968513502,-216.14143809453373,-218.10616381170826
503,-213.36120843911843,-216.01665626105938,-218.1503533222927
504,-213.36038962194826,-215.93176945218067,-218.20248674745727
505,-213.1763566081808,-215.9916734501445,-218.20373377311347
506,-213.15793761345867,-215.89567189169077,-218.0713968295404
507,-213.0798989036461,-215.970016278674,-217.98847350509436
508,-213.08386775731898,-215.88152273782077,-217.91769443447077
509,-212.9512866719677,-215.9108984408437,-217.94224857048772
510,-212.97875380698656,-215.82774869774016,-217.974424121134
511,-212.85498980251577,-215.72678682649712,-217.88663067575743
512,-212.66032008570556,-215.71047272866082,-217.8810966523361
513,-212.59932468892728,-215.61700523294587,-217.76224288059143
514,-212.54726971941153,-215.59027341190108,-217.80642082302165
515,-212.49004029923393,-215.5693893108723,-217.73621635530614
516,-212.45021689548219,-215.4902500931916,-217.72753896099397
517,-212.51324342182937,-215.3924032515868,-217.76375287143662
518,-212.3847254791931,-215.34037667949633,-217.7908971377771
519,-212.21787072769644,-215.22050644337787,-217.61706352587385
520,-212.22599207547276,-215.10168238330806,-217.50043929890967
521,-212.31582510959467,-215.0139289624451,-217.36420194247276
522,-212.20673208658744,-215.0365299655113,-217.33381600665246
523,-212.09573311036618,-215.00101189256742,-217.27235786372384
524,-212.11532714951744,-214.9917246546176,-217.12284138212942
525,-212.03795289647428,-215.09884220786438,-217.130266411325
526,-211.94551189107744,-214.97744249655037,-217.0853514881357
527,-211.9696208856485,-214.9154543526812,-217.08146399711686
528,-211.91927191938302,-214.8387116502558,-216.9272290682987
529,-211.86619442724282,-214.88218227408427,-217.00582909218912
530,-211.81539037261024,-214.71016315350764,-216.94394583703772
531,-211.9648480502696,-214.70418960778983,-216.92434025281477
532,-211.86433868115554,-214.64945288277642,-216.91094290884632
533,-211.72833896315979,-214.55932557329714,-216.88304213266207
534,-211.70369291495177,-214.64522101428832,-216.94225197551646
535,-211.58937420485404,-214.6158291666539,-216.91644637908126
536,-211.68575903419756,-214.61806002780207,-216.91707971576488
537,-211.55072550126795,-214.5794624141871,-216.96367381518343
538,-211.76873840847844,-214.5448282421983,-216.94337889713216
539,-211.74272424299184,-214.47903792669015,-216.90252557787446
540,-211.65197246204139,-214.40138602967315,-216.8178773422981
541,-211.55651262473793,-214.404035160926,-216.82902729944814
542,-211.37700743191084,-214.40994771044367,-216.88901764054052
543,-211.21772333131554,-214.49679586621863,-216.80353744866468
544,-211.02700795500073,-214.41050318072558,-216.85759622694565
545,-210.96838375452336,-214.33611354797242,-216.82505288026277
546,-210.78659243984163,-214.36014622188142,-216.75014801945787
547,-210.69074601776452,-214.33306511588597,-216.8163916447699
548,-210.6700828971513,-214.29336615013653,-216.6646143468494
549,-210.53686471386854,-214.19147524882965,-216.66894198532833
550,-210.41457389860562,-214.17759111980317,-216.67276660669526
551,-210.33458281837827,-214.16447614581602,-216.6298536232183
552,-210.47240814752342,-214.11048439999516,-216.6998884880547
553,-210.42678327821068,-214.09998647486583,-216.71486565525348
554,-210.40287282743145,-214.0189597708639,-216.61937520878706
555,-210.33527693035714,-213.9835613423671,-216.61156276382633
556,-210.34131331138667,-213.9684790867062,-216.59711571494958
557,-210.39805038378125,-213.9969821581597,-216.629675597257
558,-210.50313719401257,-213.9334856572944,-216.63053430024945
559,-210.41301948918493,-213.7827342749806,-216.62455130313458
560,-210.43026276193345,-213.62869300555775,-216.54471969168847
561,-210.3557147429011,-213.55361532059885,-216.5396425400764
562,-210.19735233065285,-213.5254235151616,-216.58198398709027
563,-210.20753622150838,-213.52963752393418,-216.54124101069982
564,-210.21220153363765,-213.46876507986485,-216.61714599376404
565,-210.01550776699423,-213.45117320367387,-216.58076331942678
566,-209.93951695949227,-213.35763329195998,-216.54255945806648
567,-209.85927845992643,-213.3436372056989,-216.48921820234708
568,-209.83164284183016,-213.41205854901463,-216.4884056712151
569,-209.69908442856445,-213.38822727886384,-216.4608611888458
570,-209.78935032709003,-213.45444745379865,-216.37881518277905
571,-209.74049781777072,-213.48709152051225,-216.25911371548324
572,-209.73429479012532,-213.4846454893146,-216.2495950302919
573,-209.75385192817834,-213.41217272542423,-216.24317406434415
574,-209.7929656185707,-213.3912409455882,-216.22184523549495
575,-209.71544489279663,-213.4397317500468,-216.1833392289684
576,-209.58140300722704,-213.4233720327606,-216.19248868417853
577,-209.42927984971462,-213.41501058212484,-216.15469670993264
578,-209.4147902971504,-213.40963329080392,-216.14580691084336
579,-209.29559269458485,-213.23973420434663,-216.10072596393468
580,-209.3141276541113,-213.09379510008404,-215.9994160760699
581,-209.26993808427812,-213.02955276830096,-215.99912857733972
582,-209.12992819061964,-212.99151576644286,-215.99334586493447
583,-209.0839483516436,-212.93188904532633,-215.92745073833356
584,-209.06057010174914,-212.79193744725166,-215.892180278193
585,-209.03275863318586,-212.68194671301114,-215.75680446169548
586,-209.06396738764505,-212.69912964323657,-215.7675339593585
587,-209.04955299902304,-212.6102636416724,-215.6862937749199
588,-209.05691530297463,-212.56337992960275,-215.6671872498515
589,-208.94756262992695,-212.51535844293417,-215.59253622336928
590,-208.76247097255106,-212.4206928507769,-215.6399452085733
591,-208.71327130777217,-212.4995219387013,-215.65964021719435
592,-208.65741829186138,-212.41915868885275,-215.61531092447976
593,-208.61819032162913,-212.39084426253964,-215.5673634178304
594,-208.55880442454017,-212.3394359191202,-215.5104577503651
595,-208.50305726436838,-212.20874515756128,-215.44451558147543
596,-208.3864978185798,-212.26301436528286,-215.42604116755265
597,-208.42775556040687,-212.23632380819163,-215.33442736573883
598,-208.4679259257033,-212.2514965106816,-215.29252823252514
599,-208.47388311974245,-212.18095067092233,-215.38202262332393
600,-208.46663542990476,-212.1321466355866,-215.26232401890312
601,-208.6307511712808,-212.01499905583805,-215.3110022041721
602,-208.53025823012126,-211.9009539259224,-215.31434893300224
603,-208.51898029816536,-211.85778664800063,-215.2509128570777
604,-208.42344088063035,-211.79219384718937,-215.2129820020137
605,-208.3601555897456,-211.7668257885946,-215.17196007311395
606,-208.28117615667128,-211.82552783300326,-215.31679201465977
607,-208.40166119881087,-211.86048591279132,-215.28170290344707
608,-208.26396945434323,-211.72627144649934,-215.17003719074052
609,-208.24896633829468,-211.748801981827,-215.16077362466012
610,-208.07754719272873,-211.57314025613087,-214.959801689316
611,-208.0201156756634,-211.55734318063782,-214.92357324385216
612,-207.81689752778055,-211.43185812747603,-214.92090833671435
613,-207.87477514599,-211.35912673130815,-214.92942355585592
614,-207.82499677503802,-211.27115767604428,-214.95046236629625
615,-207.78639489041572,-211.22794422885136,-214.85349582438585
616,-207.78395936665214,-211.2789181049921,-214.80331218483812
617,-207.57345004740623,-211.2874929050372,-214.7521071425527
618,-207.42352404758134,-211.36316647514656,-214.75424513276369
619,-207.37694037018062,-211.36614146384176,-214.6843585927855
620,-207.40422767570698,-211.37785786172628,-214.64964445819203
621,-207.21741730703246,-211.32728556234707,-214.6211293370365
622,-207.06463295307685,-211.44621754574092,-214.6334522027483
623,-206.95817637257662,-211.49448366523706,-214.5703748891124
624,-206.82510103559127,-211.4944209619183,-214.48030582489696
625,-206.70934581318483,-211.46339085992338,-214.47458559500825
626,-206.74134461303262,-211.46298675588588,-214.4044312447842
627,-206.6697514634724,-211.43150170931776,-214.32024620583167
628,-206.52790869908262,-211.39894312686224,-214.36545622264674
629,-206.6146620908824,-211.32938662546047,-214.3056075334212
630,-206.51129366820135,-211.29320952022653,-214.34695835627411
631,-206.4716832596163,-211.20498855907366,-214.30161261839555
632,-206.3769067632094,-211.19125140795447,-214.27425138064547
633,-206.36076222646247,-211.00748952878845,-214.25830629664873
634,-206.20916741733248,-210.95398838814722,-214.23043373332916
635,-206.17170584088257,-210.88177112072609,-214.25877959092367
636,-206.03377327821664,-210.76872481598576,-214.15301011215084
637,-206.0015976159358,-210.75962093441035,-214.137972285836
638,-206.01157168558163,-210.7653216327838,-214.17921508960828
639,-205.97346613732878,-210.59746801502877,-214.13195214280074
640,-205.985116701803,-210.54608134732612,-214.14253780890715
641,-205.90824460386722,-210.50400855934942,-214.07606619988448
642,-205.7579921064598,-210.50335721643052,-213.9930244823757
643,-205.7325698669803,-210.49598816534228,-213.9762046006956
644,-205.64033333951517,-210.57710362124953,-213.8972045864844
645,-205.73865249289884,-210.62437802495873,-213.8970391580492
646,-205.80834744983053,-210.61360474409457,-213.79033843018044
647,-205.7474141579298,-210.56713722010107,-213.75405940665263
648,-205.56040789205653,-210.54583544127001,-213.738870634971
649,-205.5361630120041,-210.44816899109534,-213.82810114408392
650,-205.5786847212524,-210.3560484109431,-213.79266915536772
651,-205.40216010290646,-210.35377734428508,-213.75136590887323
652,-205.48743643868272,-210.3504298534626,-213.7425086219417
653,-205.28227601847956,-210.37720467796575,-213.6474703892062
654,-205.17039676557775,-210.3666298179537,-213.52074562055742
655,-205.22767682750552,-210.34049365155084,-213.5752362751208
656,-205.26451268610242,-210.17603036428164,-213.5008736988602
657,-205.26257106606113,-210.18715078336785,-213.48668869663737
658,-205.22789686790998,-210.16551392749983,-213.5763495746147
659,-205.26726857149987,-210.07885412105628,-213.59371279625768
660,-205.28989961208572,-210.09890283237004,-213.48289943442794
661,-205.15904878249594,-210.16403750294532,-213.37779955707768
662,-204.98812288194299,-210.11112565586706,-213.36113110176788
663,-204.99215523387622,-210.09634172210923,-213.32799283142356
664,-204.91788500946404,-210.0474265662819,-213.31634937274237
665,-204.92222858738535,-209.94190851722274,-213.28488460714235
666,-204.93424255485573,-209.91224324734748,-213.19287890988403
667,-204.9977628731072,-209.85730169678564,-213.20766046679148
668,-204.90851429316348,-209.88556726616247,-213.19759698314851
669,-204.8389919685311,-209.72671101620045,-213.11378128120043
670,-204.81746546735462,-209.6896519537937,-213.03808515679003
671,-204.71878765394845,-209.79151303176113,-213.04506208949857
672,-204.62106692182377,-209.73356691555705,-212.9759709833608
673,-204.57502789589134,-209.73106345988037,-213.00323761155846
674,-204.4549783960423,-209.73228446616267,-212.94889057570896
675,-204.50950603957602,-209.55166622290056,-212.8961984595088
676,-204.32241082100003,-209.45745553334356,-212.84530235865813
677,-204.2113856017871,-209.47545264846988,-212.80850640099567
678,-204.2921772331108,-209.4220093595406,-212.7078138771053
679,-204.25019271587075,-209.36627876882045,-212.83844536650923
680,-204.2367098762483,-209.3802779867115,-212.87247066092152
681,-204.04941631607545,-209.36383187708327,-212.94498861286448
682,-204.11109373670087,-209.35815494945672,-212.84670713668382
683,-204.1612512279079,-209.34458769318576,-212.8158446717908
684,-204.24641974880186,-209.3335254320886,-212.7554882908811
685,-204.2456462504261,-209.23455768833082,-212.7510841733997
686,-204.2888678706601,-209.12027931918226,-212.76218063964103
687,-204.2472814049798,-209.1177078029559,-212.71181405878053
688,-204.23100976769197,-209.1730980913798,-212.7599158794311
689,-204.2522776474451,-209.04619473422392,-212.72397316867944
690,-204.13924096182535,-209.01520753164607,-212.6233869156056
691,-204.0074941138888,-208.92540629298725,-212.59051383862112
692,-204.05328781046796,-208.87970200960658,-212.56730277246945
693,-204.05753232148842,-208.75796457934644,-212.58839566116717
694,-203.840632839902,-208.63629664260355,-212.50647099655572
695,-203.78363587652007,-208.64133723690372,-212.4696854947777
696,-203.67565586783363,-208.55777872770128,-212.40545291973456
697,-203.7024514537426,-208.47986633445663,-212.40380290276676
698,-203.5216754982534,-208.3474463116501,-212.37698657250246
699,-203.40725329231913,-208.34176527182552,-212.2746312849493
700,-203.33361411957245,-208.3697260260264,-212.34823599867494
701,-203.35680806162378,-208.23673099886565,-212.233396598277
702,-203.40046171449563,-208.13848345486605,-212.12438903225086
703,-203.56258024211974,-208.03950738109864,-212.09349448437126
704,-203.58133312479993,-207.99049433964302,-212.03990958480983
705,-203.50663300389877,-208.07430438637573,-212.02125691383208
706,-203.49291343947647,-208.03132666826804,-212.11498822290116
707,-203.41316804768454,-208.04434802205373,-212.01984997334748
708,-203.24359863866334,-207.99621780865817,-212.0675707763283
709,-203.29831426850717,-208.0418140778903,-211.95302578783964
710,-203.2742070017481,-207.91170649005846,-211.92795585156924
711,-203.27517250886615,-207.82716843660137,-211.9070821004255
712,-203.22290162675887,-207.80268132425073,-211.83959739662896
713,-203.22086955378109,-207.76625549279032,-211.79612118580246
714,-203.29741121593798,-207.76372057099104,-211.8482810457436
715,-203.25101766050545,-207.76680431314185,-211.80161588411107
716,-203.14646163681107,-207.6825775274103,-211.76901025299145
717,-203.044097046831,-207.54803768104918,-211.79207183518523
718,-202.97609772960703,-207.4960733439657,-211.73383035083395
719,-202.93367754503885,-207.56542503349135,-211.74351826585678
720,-202.74508801544806,-207.567677086176,-211.72283508803838
721,-202.81537429214598,-207.64301557150003,-211.71902387355726
722,-202.85038393814875,-207.69440334116854,-211.64302578436033
723,-202.7724441172009,-207.67470800485273,-211.56230407858104
724,-202.7390975962541,-207.58022470682727,-211.46653313901444
725,-202.80242671674398,-207.49873360910559,-211.5072383186939
726,-202.76638592931948,-207.53918632611268,-211.5239048531402
727,-202.6984389100159,-207.5117201997599,-211.48813095010433
728,-202.66438094735656,-207.4372030061582,-211.41619134485964
729,-202.78789166606938,-207.45627539032589,-211.36115741474174
730,-202.56253355514545,-207.36310709136347,-211.32766310687282
731,-202.44980684859726,-207.30766405085984,-211.3975432631391
732,-202.44924791669354,-207.19445039178026,-211.33932737885385
733,-202.35256225183375,-207.33184049302457,-211.24585267201232
734,-202.2656773649888,-207.2283429770457,-211.23213733451792
735,-202.2140876623073,-207.16076070169373,-211.19950133957553
736,-202.1254636009209,-207.14467462949668,-211.10501483811737
737,-202.16680462236826,-207.1823148880875,-211.09002322532206
738,-202.0614773267566,-207.19452606769607,-211.07937892409473
739,-201.97262896789823,-207.142996919736,-211.09236726286986
740,-201.98108068086646,-207.0886003436654,-211.13313123459778
741,-201.9054211899017,-207.00632078272514,-211.1235328398074
742,-202.05231392975531,-207.0132499515163,-211.04169338307472
743,-202.1198011089683,-207.01354499031922,-211.07855983006806
744,-201.9865405557738,-207.10301192096338,-210.9861871559982
745,-201.95448599461008,-207.26148375485226,-210.94736665936728
746,-201.91063213360871,-207.27291328078866,-210.92477039714225
747,-201.8890537288197,-207.317881933325,-210.9009327998822
748,-201.85754559719504,-207.30329743106543,-210.9050117966303
749,-201.8506075464981,-207.282849032775,-210.80663417093206
750,-202.0039564818891,-207.2443579281088,-210.81138122480382
751,-201.9313175716401,-207.15386261924735,-210.8863180526937
752,-201.87983505468253,-207.24370679469587,-210.87039389535005
753,-201.71331736699528,-207.2761940008806,-210.94833969587478
754,-201.64291592872172,-207.2268060536997,-210.94447527920306
755,-201.63003993754006,-207.24786805450407,-210.96997152096026
756,-201.6719133651032,-207.1848594965241,-210.8874845061838
757,-201.5428043823423,-207.18307313190223,-210.9463180789055
758,-201.49045405878564,-207.09951439765055,-210.88032169967724
759,-201.41624247316733,-207.05140844900365,-210.77552465259495
760,-201.4359726541225,-206.9783737570188,-210.7936297947544
761,-201.25658456209771,-206.9280904484644,-210.7190743683459
762,-201.30637503864693,-206.95011808446532,-210.7127765107242
763,-201.3421052821903,-206.9422130776569,-210.63154487142197
764,-201.31055768687708,-206.89434407905628,-210.63526598250797
765,-201.2118952618499,-206.79084617798725,-210.6243301853214
766,-201.04791651242712,-206.8041494414548,-210.55041594303609
767,-200.90705282730053,-206.616915271682,-210.55057421973288
768,-201.01474412435715,-206.6846966893313,-210.50752172604797
769,-201.09446932656124,-206.56609376548556,-210.46360350419275
770,-201.1888158441408,-206.4777923526938,-210.61159437117988
771,-201.05409440573249,-206.50823471516767,-210.57055717637638
772,-201.1628638805382,-206.50891946475662,-210.44740485768568
773,-201.07339656036402,-206.53979561397625,-210.42569112657065
774,-201.01370524354118,-206.53125151722188,-210.27295063992972
775,-201.1645252777547,-206.52976904791876,-210.27459983971323
776,-201.16249524629134,-206.55733152538926,-210.2981222254627
777,-201.2519054950195,-206.55148169343744,-210.25568174621603
778,-201.2693479762282,-206.48783270431022,-210.1874343970356
779,-201.22951277787183,-206.38716767661953,-210.11098664987793
780,-201.0941355507788,-206.27798885435817,-210.10606241150577
781,-201.11715994984797,-206.16292333242026,-210.1232152450678
782,-201.2148015105549,-206.01645374443422,-210.04643776786537
783,-201.19436953682182,-205.99673060331332,-209.97145154493887
784,-201.23395000504138,-205.95396677693697,-210.02673752661656
785,-201.21303152822247,-205.90232468722073,-210.07589380895132
786,-201.08644358639307,-205.80448630151466,-210.05471558505582
787,-201.19511349834465,-205.8454466040928,-210.07855731340393
788,-201.1130287186295,-205.81994619705705,-210.05996329670768
789,-200.9494142429338,-205.7802294320923,-210.07828937908312
790,-200.94231946657507,-205.74491500715374,-210.08520341974065
791,-200.78664763006333,-205.6682481212353,-210.09318889152627
792,-200.88846574117633,-205.68283292916541,-209.94169299068284
793,-200.87957191081506,-205.77369390283948,-209.94815462253973
794,-200.9615297423798,-205.74821766723414,-209.8698602148425
795,-201.03959050333583,-205.76182541124626,-209.80972083457414
796,-201.12272753271765,-205.76557760345955,-209.81082167557258
797,-201.02860193415665,-205.7212497468437,-209.76482555790915
798,-200.96647800323365,-205.65197576618135,-209.63793637098667
799,-201.013364142543,-205.62784461817017,-209.67022005480604
800,-200.93806466590178,-205.57366694630574,-209.61102966181974
801,-200.9281795972542,-205.53570823447166,-209.54546609246387
802,-200.9490880624907,-205.55115877040834,-209.52236711554363
803,-200.92220089641307,-205.39525349329745,-209.4946009564727
804,-200.97513815965812,-205.32473107367292,-209.49538049053987
805,-200.85082574642223,-205.23003949238029,-209.43134659940227
806,-200.9032380964881,-205.134061445521,-209.46063865892694
807,-200.845134774844,-205.0875423352284,-209.4788636318822
808,-200.85830911743895,-205.02869197814456,-209.3776334210514
809,-200.90859548062832,-205.10389690538156,-209.2055518963514
810,-200.83582127957695,-205.09690811665945,-209.15411517079815
811,-200.80213015036168,-205.00479354120353,-209.09517145610607
812,-200.83643014898655,-204.86615550201913,-209.01497495683742
813,-200.8662126713789,-204.79978568665484,-209.07813413301966
814,-200.80914796559298,-204.735556496537,-209.1328499020177
815,-200.81030806697134,-204.72531848866737,-209.0730016080871
816,-200.87451995704114,-204.83402266242302,-209.11165895639874
817,-200.8442241310726,-204.69279959102698,-209.055559205614
818,-200.90268210697326,-204.70203628604105,-209.05916996541015
819,-200.9087960224681,-204.65711024005856,-208.9663816511711
820,-200.95335292589112,-204.61081236483292,-208.9907321033649
821,-200.98080619392755,-204.49304870631562,-208.96962925751183
822,-201.07810437194945,-204.42704334748683,-208.90519742305537
823,-200.99545509976724,-204.3926788010826,-208.8452435588042
824,-201.00994360552176,-204.44991581589443,-208.80120413306815
825,-200.91887402199092,-204.41622061014732,-208.73791942453457
826,-200.88950030218876,-204.4649564358662,-208.813828271779
827,-200.82210391710151,-204.4008420181992,-208.7357516051345
828,-200.76705005326866,-204.32291477726187,-208.66556427532566
829,-200.74995308900424,-204.4637904450169,-208.6251741422803
830,-200.7391818777242,-204.49800893568232,-208.6398923027827
831,-200.79773505624382,-204.3840327240767,-208.58224931749618
832,-200.88646219659853,-204.3595219681015,-208.4884561222769
833,-200.8169383828261,-204.30762006490008,-208.39443177673837
834,-200.77842648272693,-204.30191488054587,-208.41575958519604
835,-200.63256694367453,-204.39923055084145,-208.3922564347984
836,-200.69804958347345,-204.46262805951557,-208.3749512922169
837,-200.73072571648203,-204.36528311119434,-208.41526633201482
838,-200.75087304825658,-204.32296121392272,-208.39244438490118
839,-200.72618544310959,-204.3556227323276,-208.2062739111144
840,-200.58138800971636,-204.32479371764308,-208.14448691528403
841,-200.6408505057861,-204.33764191202786,-208.10031339883878
842,-200.57453011197677,-204.25680121203234,-208.0593672854925
843,-200.54846654176774,-204.19069580666232,-208.0179166120682
844,-200.53269289499363,-204.0589929472205,-208.0145437314936
845,-200.43087178780655,-203.9794518361798,-207.88793006742327
846,-200.369658132839,-204.0315252674473,-207.79703702967046
847,-200.26528654269606,-204.11537417919686,-207.75683789346039
848,-200.2106007938849,-204.1217787014391,-207.70454507237523
849,-200.1660363250836,-204.16650865113843,-207.64355625153354
850,-200.20697222917818,-204.25985217987582,-207.68913724640964
851,-200.23493617246757,-204.25679820823464,-207.76335288425008
852,-200.20769006604138,-204.21131726365397,-207.63345525235843
853,-200.22366549570535,-204.2884735394855,-207.63477136603416
854,-200.21488845899083,-204.31888017362746,-207.60921639860837
855,-200.27882473399575,-204.24454878186026,-207.58348064695608
856,-200.30352832551853,-204.30441714363022,-207.57787468220778
857,-200.23044776466918,-204.2733362749777,-207.50486629086555
858,-200.17923881220378,-204.2738543776744,-207.44862084190595
859,-200.36041307790845,-204.21491656887645,-207.4101401106485
860,-200.2832099817032,-204.12734882750635,-207.32067715002728
861,-200.26268879989036,-204.13464266340247,-207.3485910290812
862,-200.30301935055437,-204.1591936619076,-207.38336836932424
863,-200.1826386134573,-204.10405767539618,-207.25977138168494
864,-200.19668004078113,-204.20269879270694,-207.25660640003102
865,-200.27091370620542,-204.07608741111937,-207.2329303888969
866,-200.34153532715342,-204.09794014896858,-207.1758060924618
867,-200.3278019050208,-204.0895065965317,-207.11256562586487
868,-200.3885198895985,-204.03744623260866,-207.0921621078261
869,-200.34638221961325,-203.90256930106182,-207.06278498738556
870,-200.28791404437615,-203.9574822997236,-207.00197059299114
871,-200.25139041044312,-203.9678776436801,-206.96101447317113
872,-200.1892301218327,-203.8785806237101,-206.93872020114003
873,-200.10509725387035,-203.8397823896703,-206.9116835539383
874,-199.9278982741477,-203.8156602063786,-206.8467809193436
875,-199.87140484565452,-203.70077814354917,-206.85456669313635
876,-199.92274891004269,-203.72806081945404,-206.88435135776166
877,-199.95764810110472,-203.77546554705424,-206.84547306585614
878,-199.92203440230367,-203.81608428428189,-206.88171917415286
879,-199.8937230350019,-203.8072070552216,-206.7856870163246
880,-199.91529190279863,-203.72854839796446,-206.83936247259456
881,-199.80016533575466,-203.68908705432358,-206.70349245277401
882,-199.81412666675567,-203.62673118119616,-206.63963236297687
883,-199.69046103337757,-203.6114127112393,-206.68868911021497
884,-199.65529926863434,-203.7203251559199,-206.54353373350926
885,-199.5174049706174,-203.73672637408288,-206.4621025457319
886,-199.4708021214862,-203.65764302906757,-206.39486997372302
887,-199.40339975892863,-203.66914937274674,-206.34228010328715
888,-199.3327144748806,-203.63195370446425,-206.37067406962757
889,-199.13579574403246,-203.5336140796407,-206.37810774811732
890,-199.1822114491443,-203.49882537806087,-206.43445860973995
891,-199.21650228850785,-203.4577400090655,-206.3825270852122
892,-199.12330949902372,-203.4615976993864,-206.38206679994136
893,-199.0457290350525,-203.34222467088563,-206.3596142110245
894,-199.04915632184162,-203.29013535357723,-206.28888769635162
895,-199.17123314321842,-203.2379683941502,-206.2541770945705
896,-199.19764666856804,-203.13912700355425,-206.2594980360586
897,-199.22021383395588,-203.00899259485706,-206.23068305875975
898,-199.25878923322455,-202.99583509225835,-206.18616048710578
899,-199.27689493327935,-202.95007959175615,-206.15541788015477
900,-199.12668779947938,-202.9653930526046,-206.11237460944068
901,-199.1291498793907,-203.0090664148487,-206.06672846281077
902,-198.8620674897628,-202.99170548375605,-206.1751456838391
903,-198.79955905726342,-202.91145412545598,-206.08302549023503
904,-198.7230626309551,-202.75020057783115,-206.10372299895099
905,-198.7002271081649,-202.6374115794165,-206.00335461531063
906,-198.63140323457634,-202.6679310355452,-205.99153605233067
907,-198.48419540184355,-202.57982015816236,-205.95277848410177
908,-198.46471904054783,-202.5113834477956,-205.83974818038655
909,-198.36838134535782,-202.5032912643189,-205.83068297123646
910,-198.21469843006324,-202.57774464225997,-205.71916842351612
911,-198.24176801719398,-202.61978986955978,-205.5970476177037
912,-198.2829891084326,-202.4558041085985,-205.6235672975392
913,-198.1725179763293,-202.3043938244158,-205.44482528818682
914,-198.06616294102372,-202.27715878861284,-205.39332388661808
915,-197.98006956767563,-202.24689783679094,-205.30645090826755
916,-197.85244402593815,-202.2042417593383,-205.22642427928835
917,-197.89586013579486,-202.1538918878204,-205.24989658491938
918,-197.84441861410102,-202.13819318854024,-205.24920254065782
919,-197.80045885464503,-202.14506003135193,-205.31053353297074
920,-197.73963733792192,-202.1392504848685,-205.27634907640868
921,-197.82696895555182,-202.09314990038695,-205.3040779195086
922,-197.75247349939752,-202.06165885821684,-205.24185642562912
923,-197.69746844935668,-201.98445358687042,-205.20416761200613
924,-197.67665059889757,-201.93389202463214,-205.0908048193618
925,-197.77301911869492,-201.94987264707925,-205.02994163617433
926,-197.9341191312582,-201.7555369353878,-204.99475411897828
927,-197.93286515592104,-201.80448562054534,-204.94852404567308
928,-197.92387238269546,-201.81735318620383,-204.95612962308496
929,-197.75985922851936,-201.85740453504621,-204.94428384637627
930,-197.61718114899958,-201.98899768261393,-204.9405330298498
931,-197.6909925488,-201.8572267417916,-204.9510813801634
932,-197.54402459013588,-201.81085608134214,-204.94261397744754
933,-197.49035804430414,-201.75870980581135,-204.9299643438598
934,-197.4793209964584,-201.7349189342243,-204.9961082860072
935,-197.30114995243343,-201.58510545103638,-204.98536929608727
936,-197.09626509927477,-201.47681789400332,-205.04641286698126
937,-196.94986326156,-201.4138888719902,-205.03614686660706
938,-196.89433104963013,-201.42036198691682,-204.99190368399314
939,-196.82373967685697,-201.507641661467,-204.943190193804
940,-196.79845135072694,-201.59058962682224,-204.91053216310883
941,-196.7116815793046,-201.5678811130462,-204.8489331838634
942,-196.6693729792071,-201.549613136327,-204.8826852450078
943,-196.65003443486717,-201.50345734044353,-204.84368094607925
944,-196.63040447600974,-201.4684151215662,-204.7748090693264
945,-196.6089714544499,-201.47568764596116,-204.69329591549052
946,-196.63374678499918,-201.53649818356743,-204.73574776760736
947,-196.47046820313895,-201.4407204731134,-204.6764296690265
948,-196.43659274993047,-201.47080380546402,-204.60129293325468
949,-196.314115435587,-201.5563475882932,-204.49266201286983
950,-196.2729070411033,-201.5141190574853,-204.36661376745343
951,-196.31047177820932,-201.5477938334621,-204.35919138883588
952,-196.17635951537625,-201.4800925498911,-204.3809805816474
953,-196.00705234506768,-201.40760093203107,-204.34461992007448
954,-195.94663117929855,-201.34781932675224,-204.35926386732024
955,-195.7705075209982,-201.26658454804613,-204.29623661668649
956,-195.70908478877848,-201.2902848167651,-204.24296912282492
957,-195.80241372581708,-201.21913331171538,-204.17588984280263
958,-195.76815170404694,-201.2073580355438,-204.1842736494233
959,-195.78723084755555,-201.2279497178161,-204.10860590453194
960,-195.71737210713573,-201.27201517615254,-204.11715910233
961,-195.70009006551376,-201.34640744698615,-204.0983058936604
962,-195.6049730631867,-201.3218157795043,-204.11912043050646
963,-195.5919069173627,-201.31103367975186,-204.17858407244367
964,-195.53456688312733,-201.35693996005196,-204.1711429530901
965,-195.5987023245819,-201.26726234297848,-204.16207203367802
966,-195.39862655592418,-201.36888119317604,-204.2227338006022
967,-195.5233662791543,-201.38184539604148,-204.15837560996005
968,-195.48405417595103,-201.40473821854727,-204.12029566606503
969,-195.4415437231183,-201.30209772648615,-204.12836401128956
970,-195.40235752579574,-201.23668433257876,-204.09635579963734
971,-195.38283638748982,-201.2410653441117,-204.01593196064601
972,-195.24960637512012,-201.30181855087147,-204.0325279207259
973,-195.15945290862717,-201.3340900585365,-203.96846912711942
974,-195.1229637769121,-201.30823884544944,-203.90336526724215
975,-194.97172372973338,-201.25752079684298,-203.85965224063779
976,-194.85175902604078,-201.23147485387352,-203.81558635091858
977,-194.7908102829694,-201.23576841003052,-203.8006707190632
978,-194.70870157567356,-201.1854374792666,-203.683543341845
979,-194.61509126548688,-201.24348243749074,-203.6716327072172
980,-194.61334561315905,-201.27770248696956,-203.62514167786702
981,-194.51423849053458,-201.30304250496948,-203.6156837176232
982,-194.32024576368002,-201.3384013390973,-203.66992849713807
983,-194.3729410373826,-201.31427444918097,-203.6821992569311
984,-194.2827258971639,-201.22530729095243,-203.6401284020539
985,-194.30069818592375,-201.16334698513924,-203.5844471643754
986,-194.20537472552667,-201.17500695811543,-203.53101005159024
987,-194.15728771247538,-201.06619803334002,-203.50563554783247
988,-194.12591804488386,-201.10735949704713,-203.53097551219003
989,-194.15777309854496,-200.92867664608454,-203.53882258138063
990,-194.05305713035114,-200.88653099184918,-203.5699320976744
991,-194.0199059024268,-200.89613949653798,-203.57347710359198
992,-194.0240917787491,-200.84938090093453,-203.55354041785898
993,-193.97431135814492,-200.78042540769655,-203.54995724156203
994,-194.10094855736276,-200.72120963791252,-203.4621444782604
995,-194.10286029761073,-200.62730497688517,-203.45523077494855
996,-194.07405166414839,-200.47557554426757,-203.36469004208374
997,-194.04449754403146,-200.39619159654245,-203.31328679110493
998,-193.85886786923405,-200.34720130086367,-203.27289816331012
999,-193.7670964864534,-200.16889503533304,-203.290006668476
1000,-193.8320665726455,-200.1023530634408,-203.29123607550002
1001,-193.7878998627643,-200.09328154409582,-203.3109044169659
1002,-193.70931632170087,-200.07290857757792,-203.2852887562493
1003,-193.62169740004757,-200.06968628202887,-203.24088001016148
1004,-193.38398490199026,-200.1276218981548,-203.31486052149216
1005,-193.387996361685,-200.1129133785334,-203.30383060208388
1006,-193.27283348482547,-200.1196529621811,-203.39756566387214
1007,-193.33903355715853,-199.91232656046537,-203.40170195833102
1008,-193.38020212366357,-199.7821430089538,-203.37892921507745
1009,-193.1972835259864,-199.814604116642,-203.27335414733125
1010,-193.20033699527596,-199.68081347910157,-203.25691675510382
1011,-193.15947397909068,-199.60087624769474,-203.14193169972975
1012,-193.14049795056772,-199.50343377035244,-203.22108890830108
1013,-193.03198042623652,-199.36596143539327,-203.17187182708415
1014,-193.12771618536698,-199.26006600940295,-203.12742989506984
1015,-193.04744136216226,-199.214324372296,-203.04218836477924
1016,-193.04327376354104,-199.12302723522183,-202.99130688854524
1017,-193.0125734329066,-199.19538805278097,-202.97621526781714
1018,-192.9569229082718,-199.11776556516563,-202.91493067051073
1019,-192.80986408756962,-199.19413379482145,-202.95879216546555
1020,-192.89686436247297,-199.26330147927206,-202.93266540496813
1021,-192.89500597103506,-199.29457003953377,-202.8739306653202
1022,-192.83130094210645,-199.2500615511861,-202.82839234080288
1023,-192.73384030768852,-199.26126655957154,-202.9583527898875
1024,-192.63705128265877,-199.15033864364375,-202.8937294283482
1025,-192.50218295591768,-199.1983053473258,-202.8652913845355
1026,-192.35782191797972,-199.17090763231823,-202.83458179847833
1027,-192.40007628820618,-199.14457280240646,-202.7979224939357
1028,-192.37858675590604,-199.15330321725395,-202.67337273550805
1029,-192.29857148109113,-199.11418049384457,-202.65669459043124
1030,-192.22304540612464,-198.9730585771909,-202.56893816998502
1031,-192.24545365695553,-198.79842322260802,-202.59253935820237
1032,-192.1813604670375,-198.7388584755117,-202.50645586863158
1033,-192.2494710082712,-198.72580289055077,-202.4623541027002
1034,-192.2525516606417,-198.68501347948873,-202.43160905103812
1035,-192.24962251101078,-198.71261498747361,-202.42141272338517
1036,-192.13613872094845,-198.70496783955048,-202.43142825822162
1037,-192.04829497992404,-198.682467481295,-202.30676804160896
1038,-191.92925588018193,-198.5505170302928,-202.32172637643424
1039,-191.91768388425578,-198.5337122591837,-202.27952714888792
1040,-192.05127867580393,-198.49355389088277,-202.17966540744402
1041,-191.92313049884297,-198.44838414463516,-202.2055703200187
1042,-191.8551584984637,-198.42252986854263,-202.23280423522516
1043,-191.89657353472487,-198.322281869193,-202.16101304527726
1044,-191.822855115662,-198.1927902695219,-202.2025421452463
1045,-191.96703106321274,-198.2206609795668,-202.14876864491072
1046,-191.90101521901363,-198.1539875467493,-202.1223887927797
1047,-191.9667726119071,-198.05608910043918,-202.16286523181023
1048,-191.9636538624388,-197.96092633779026,-202.19803633144505
1049,-191.90592411103594,-197.94007182088262,-202.13647876694296
1050,-191.82643515294697,-197.90538696932228,-202.07899806678145
1051,-191.79668299810575,-197.93369306415417,-202.07405536309705
1052,-191.79255342349924,-197.9151141141869,-202.0882992709163
1053,-191.94811387906287,-197.8034939466947,-202.0961370523936
1054,-191.99058215811533,-197.9164231152266,-202.1712917570128
1055,-191.8484211284193,-197.85975562324336,-202.12836636202235
1056,-191.87257158711145,-197.83839523063793,-202.05740760862074
1057,-191.87693474540202,-197.79710503166535,-202.0101638528519
1058,-191.78591775362884,-197.78261104431874,-202.09054155295482
1059,-191.70487476156723,-197.87655000646419,-202.01940667967293
1060,-191.80768408204867,-197.91092160149321,-201.92881692389312
1061,-191.7121474555183,-197.94864073989953,-201.86062785352263
1062,-191.74910003468352,-197.86057084604397,-201.76878144598209
1063,-191.70910102492343,-197.91230485413897,-201.67475213264706
1064,-191.78609289570798,-197.96947134652535,-201.60865481135716
1065,-191.67568151083793,-197.89601301126748,-201.57344808676487
1066,-191.71704483419126,-197.8136573849249,-201.472715276971
1067,-191.79591735623484,-197.731037134418,-201.3908877763436
1068,-191.6163640195258,-197.7474535925906,-201.42553300546035
1069,-191.6870639559007,-197.71279660720097,-201.463564837464
1070,-191.56609104338384,-197.67944880460612,-201.4712441579473
1071,-191.55432424899158,-197.5512133704258,-201.44114537686153
1072,-191.43879817175798,-197.60018398386137,-201.3914721387845
1073,-191.4337800577619,-197.57099604541196,-201.4695956364283
1074,-191.49117242266158,-197.53577643138664,-201.46957836969554
1075,-191.42558540356606,-197.56687580102476,-201.47524868388518
1076,-191.38131759614504,-197.5664841835636,-201.45403128887406
1077,-191.40611558864944,-197.61838532351874,-201.40656503813221
1078,-191.2271966457921,-197.55370793156692,-201.36429036355295
1079,-191.19005736634045,-197.5163288622378,-201.3439490740186
1080,-191.1419525875707,-197.47984860492912,-201.3196936581433
1081,-190.99887201512604,-197.4882249811142,-201.2337105308464
1082,-190.87295673938493,-197.49350557221692,-201.2682801258464
1083,-190.8636865083217,-197.47431334172316,-201.28328095835104
1084,-190.8239024428023,-197.48085324204092,-201.30322015143958
1085,-190.67627321314586,-197.47373804511412,-201.31029009826403
1086,-190.6343923289767,-197.54368597498203,-201.30770611799826
1087,-190.585461979829,-197.5941813704221,-201.24852993213042
1088,-190.4985754377518,-197.48102284516827,-201.23758577238442
1089,-190.55949849443644,-197.41678538339144,-201.17086167230903
1090,-190.64372125400314,-197.4127418868432,-201.11292662776376
1091,-190.57969651226205,-197.38465553978077,-201.07015255944373
1092,-190.5375191597901,-197.41731882738506,-201.09623199925866
1093,-190.53681305214644,-197.38347071871186,-201.02508453825217
1094,-190.55517580423762,-197.34483066467885,-200.9453808603667
1095,-190.44860591936032,-197.38971824399243,-200.95556386774797
1096,-190.4857152625662,-197.38415068368272,-200.82534902848948
1097,-190.5094857039325,-197.36928958457838,-200.7449689042907
1098,-190.4081036122472,-197.21882330734556,-200.7359870342409
1099,-190.41200375778197,-197.06895143059617,-200.7774284521101
1100,-190.32684292880242,-196.90549350192975,-200.77006138056367
1101,-190.27133591570248,-196.9239965183353,-200.72362893243343
1102,-190.29828981325824,-196.90508715073184,-200.67592653351983
1103,-190.28041571039063,-196.87156402444546,-200.64289429136468
1104,-190.2215833289643,-196.8821662357301,-200.71150777449432
1105,-190.1816170444846,-196.80098116267334,-200.63283506940928
1106,-190.13168961608628,-196.8003071492402,-200.51097296874082
1107,-190.137852981786,-196.7251905442381,-200.43772273739026
1108,-190.10714635938945,-196.80122907123229,-200.3778722002998
1109,-190.1131378376789,-196.67190818938013,-200.4111371770739
1110,-190.10732208125273,-196.62997004067734,-200.35477927468924
1111,-190.05699472834445,-196.46982116489025,-200.31149763688302
1112,-190.07774605243586,-196.45863235229774,-200.2704322274568
1113,-190.1385435513299,-196.45637707888605,-200.19024865287406
1114,-190.15485047414649,-196.46689749683847,-200.14037823718706
1115,-190.10174696327493,-196.42792657153612,-200.15486270895133
1116,-190.06965942003058,-196.3624517823106,-200.07562211972044
1117,-189.97528925446272,-196.44312501636074,-200.1527694224742
1118,-189.98548820789733,-196.36550759653932,-200.12606291205992
1119,-190.01441632096652,-196.2981470488127,-200.15497825036158
1120,-189.91375378828442,-196.27107848614259,-200.09163709610695
1121,-189.95720012856538,-196.20816813038113,-200.08554998640403
1122,-189.9342295661939,-196.03470182640265,-200.06103480662227
1123,-189.89101748610193,-195.9850890822982,-199.98100941991765
1124,-189.80906746891523,-195.86583578923722,-199.9875561645207
1125,-189.76072189954505,-195.92213075627504,-199.9120885728827
1126,-189.889652803868,-195.75558011068256,-199.80164259961145
1127,-189.6926419385852,-195.73902732153857,-199.73788225499453
1128,-189.7434686789059,-195.6307950758216,-199.76045879601486
1129,-189.6357790855491,-195.63329175209947,-199.7403036548172
1130,-189.7189593336073,-195.68290509927255,-199.70162024102024
1131,-189.75651063656414,-195.64620159510787,-199.71075461398635
1132,-189.75709449237968,-195.56978474790515,-199.65477068295044
1133,-189.78564541300867,-195.52030700589376,-199.58932594123786
1134,-189.73881299067827,-195.52818319701913,-199.5635920376277
1135,-189.7088396878114,-195.54740669482706,-199.57322798577817
1136,-189.59035519060552,-195.44216009527685,-199.5067299713003
1137,-189.47897215492165,-195.33639648450426,-199.4607878125488
1138,-189.40320679089638,-195.33141543516427,-199.39700271849148
1139,-189.33311166309622,-195.16831562775585,-199.40393057308276
1140,-189.08050971516957,-195.0783861649029,-199.43825220713066
1141,-189.18567160057012,-194.98857884360365,-199.3760383224581
1142,-189.20240637127307,-194.98616668333392,-199.2512757981284
1143,-189.05896494296218,-194.98751741657304,-199.16028792008348
1144,-189.0684427123014,-194.93582755078398,-199.1655918729704
1145,-188.92158994472612,-195.0081707560722,-199.13218544499526
1146,-188.75574214163322,-194.94799492659126,-199.1675084585654
1147,-188.72104281981836,-194.95719707983756,-199.16003406361472
1148,-188.70834315605805,-195.05107167816215,-199.13947657120931
1149,-188.60576562809035,-195.0993260778141,-199.070381668619
1150,-188.64282478598946,-195.0355531459479,-198.95342668834778
1151,-188.428976451541,-194.96319646588054,-198.91708478032953
1152,-188.29211517138464,-194.90292684244525,-198.92799182326905
1153,-188.2562691505317,-194.9040552951801,-198.96401792225697
1154,-188.26446350912818,-194.77243248348967,-198.91446755805904
1155,-188.19979835544743,-194.81096847835715,-198.8940712338833
1156,-188.23136531410734,-194.8633949985017,-198.91940848218343
1157,-188.08120285640553,-194.8926999289774,-198.80028343402896
1158,-188.27196630426494,-194.84811169504655,-198.8373777586361
1159,-188.20780907625308,-194.9137558700496,-198.83111028545335
1160,-188.16420503479196,-194.91232212292212,-198.77767973694114
1161,-188.22627912458802,-194.8638216024339,-198.6316109958196
1162,-188.23096720264186,-194.85811092969527,-198.61658268675112
1163,-188.20977633167547,-194.92385259706586,-198.61921011330628
1164,-188.28716346136997,-194.8320402974722,-198.57280502860743
1165,-188.164168922484,-194.86587081486073,-198.52841819865688
1166,-188.17767674892718,-194.7719899703556,-198.45721666205324
1167,-188.02588788441744,-194.86801994003486,-198.39817103397488
1168,-187.94153546090422,-194.8412174876705,-198.36145440290392
1169,-187.98035734461033,-194.75159871988515,-198.41903687907558
1170,-187.99776356373707,-194.86548931590704,-198.46086484427167
1171,-187.88568991219017,-194.84435184013788,-198.49873419767692
1172,-187.8937804779378,-194.9193185485343,-198.43483692858345
1173,-187.8587876932366,-194.9724916273241,-198.34536226127398
1174,-187.7797425958934,-194.99346793389697,-198.26414005382006
1175,-187.70827289801474,-194.9980198526033,-198.2848454466558
1176,-187.5573770587286,-194.99704654107535,-198.2248877827754
1177,-187.3975874392205,-194.98200054821297,-198.1442068768435
1178,-187.5096495978024,-194.95292360762943,-198.10883272514494
1179,-187.44014293747438,-194.81922338927959,-198.06915176049046
1180,-187.39082689545268,-194.73184921140307,-198.04168924979044
1181,-187.43069833688094,-194.7410162565337,-198.024354655117
1182,-187.4223098465664,-194.6743748754086,-197.93661165783743
1183,-187.36765838601337,-194.6122799486121,-197.88496058749763
1184,-187.35899082317576,-194.67929327624415,-197.89866508736864
1185,-187.37186567472259,-194.61298196676842,-197.86200583309974
1186,-187.29825253289414,-194.49623336693793,-197.8591318431848
1187,-187.22520143497601,-194.34549238374106,-197.82794006600258
1188,-187.11535226234656,-194.2701511471157,-197.83695904019186
1189,-187.08984427143855,-194.26751321500183,-197.92869752600785
1190,-187.11704441914122,-194.31771433487017,-197.99627768870064
1191,-187.05778088188063,-194.36091893520674,-197.93854021302909
1192,-186.90999072367518,-194.34745823608765,-197.95528826756095
1193,-186.88266508013373,-194.333553839988,-197.97082105010207
1194,-186.9026692804198,-194.25370981450482,-197.96010566066155
1195,-186.80700344598205,-194.31732588497238,-197.89902231234979
1196,-186.81532931966456,-194.2214439314261,-197.71534826443542
1197,-186.7794224653995,-194.11688470589277,-197.73221782987758
1198,-186.65391641172766,-194.06814264092537,-197.6799598729767
1199,-186.52639624658667,-193.96301370389622,-197.65829394320133
1200,-186.39999457504337,-193.9672313819499,-197.61017123230576
1201,-186.4749763358811,-193.93869100956692,-197.69314294053413
1202,-186.5559036809145,-193.9882924313816,-197.61307126856929
1203,-186.46709074992032,-193.95782133986756,-197.58966462119287
1204,-186.38022396707606,-193.98492706325436,-197.58143882675992
1205,-186.2452553282593,-193.8134291043741,-197.65663846676858
1206,-186.33425031436434,-193.85070223958837,-197.56555432447686
1207,-186.26027003730277,-193.87286443168884,-197.4818785308026
1208,-186.2474385911588,-193.84415983092532,-197.38049236908506
1209,-186.2710068908356,-193.81336021310432,-197.44327496339588
1210,-186.16640082334501,-193.76845406407006,-197.38809674809295
1211,-186.08067588599604,-193.74253503269836,-197.30392328935608
1212,-186.01119817443725,-193.6838029568525,-197.25614325213309
1213,-185.8383412777187,-193.7056182687155,-197.27532528796337
1214,-185.73743224185523,-193.5633418514138,-197.2037196464529
1215,-185.75615155868124,-193.4877679288545,-197.21259022363375
1216,-185.65061282983672,-193.56233837035754,-197.25999393227573
1217,-185.55555071817233,-193.50648618194123,-197.1862796320708
1218,-185.597495811838,-193.42409159031456,-197.09098766280857
1219,-185.59383629680528,-193.40101881944207,-197.10081433307062
1220,-185.6474914869437,-193.3277791281654,-197.16078519480988
1221,-185.69606683466935,-193.28188415097648,-197.18037863985896
1222,-185.6710708170387,-193.26875777289175,-197.16249633744144
1223,-185.51598686822362,-193.2613836114036,-197.26101892551918
1224,-185.4172781409752,-193.14561425653443,-197.2222181596731
1225,-185.5252765428167,-193.13604461633338,-197.26973833750563
1226,-185.43408995974073,-193.08104604239213,-197.32376873639717
1227,-185.352241382653,-193.1934245073121,-197.32817866889286
1228,-185.3438397028929,-193.17799803769503,-197.3486226274049
1229,-185.22887416710265,-193.13730166563246,-197.27546217385267
1230,-185.22161286071164,-193.06783850038198,-197.22482414102603
1231,-185.12928557087793,-193.02126326710993,-197.23404638439246
1232,-185.166159057741,-193.11989444840182,-197.18766887600003
1233,-185.27519684228037,-193.16156599630807,-197.15235519330992
1234,-185.23472500641353,-193.10131598287313,-197.0109456544472
1235,-185.16988107609606,-192.99773823450374,-196.86452656854226
1236,-185.20888754922797,-192.97910664589946,-196.85147277465927
1237,-185.0948784099529,-192.95455743789498,-196.82255394272545
1238,-185.2345241876402,-192.89304096534644,-196.7861565149969
1239,-185.29785656471017,-192.91366653756256,-196.67277634914484
1240,-185.1675075288888,-192.8651634471404,-196.71370514092564
1241,-185.0801227717346,-192.76258384281627,-196.77409263045473
1242,-185.1738695792685,-192.59623418411297,-196.75543264234022
1243,-185.1696142150164,-192.57948272334764,-196.70391063895084
1244,-185.05867521910227,-192.59317728107968,-196.64389886714946
1245,-185.04285444021264,-192.58243220020523,-196.5844717348986
1246,-184.89713844413154,-192.46610534790034,-196.5003385887108
1247,-184.87176724682251,-192.3594826357126,-196.49839202173655
1248,-184.9071160035303,-192.28517040141531,-196.4840740969595
1249,-184.83742257414661,-192.22943641552968,-196.4800103680857
1250,-184.63924798222723,-192.16384839698233,-196.35144640400634
1251,-184.66334806112454,-192.17244971691335,-196.30347493237514
1252,-184.6684806045124,-192.06579542070403,-196.2585122150719
1253,-184.50737394712036,-192.04706518852052,-196.22016766561515
1254,-184.42723828905332,-192.06321899917367,-196.15140541166878
1255,-184.47419100418463,-192.08846704022548,-196.09508532417922
1256,-184.54899748499156,-191.98263701149472,-196.1086361500451
1257,-184.4627420483783,-191.96087266758644,-196.18203975385708
1258,-184.5253616301259,-192.0048930838941,-196.1323949539844
1259,-184.59558066908193,-191.92310120132103,-196.10361061529738
1260,-184.71904827074107,-191.9099921418137,-196.04317986338134
1261,-184.71388114106367,-191.81035122775987,-196.0607406246632
1262,-184.69379240182903,-191.76962034934408,-196.02001402954056
1263,-184.70391255587654,-191.7020371972337,-196.02386572319526
1264,-184.60732335693126,-191.59547198637242,-195.86302423785065
1265,-184.5980535176414,-191.49892626858667,-195.81143489890664
1266,-184.60165176205493,-191.34326899120617,-195.84776202764152
1267,-184.5255825893937,-191.35935527555782,-195.88777739745746
1268,-184.43023086826673,-191.16384221577056,-195.92607941237543
1269,-184.3836831169014,-191.22385773105904,-195.91801620231547
1270,-184.35325231382294,-191.16174549596235,-195.8866986808996
1271,-184.28844077359338,-191.28760560472716,-195.9034208335798
1272,-184.19653776325794,-191.1892754062631,-195.86688965240438
1273,-184.23628373429898,-191.0881599130364,-195.87836065513198
1274,-184.28840896340458,-191.01736690348446,-195.86788635994927
1275,-184.3403432699326,-190.91897758548754,-195.8296991145969
1276,-184.41275649660025,-190.83761897872859,-195.84763535098944
1277,-184.3483230771517,-190.8165585376148,-195.7875938454132
1278,-184.32787859496364,-190.78731051595886,-195.73670250776956
1279,-184.16267500357645,-190.84807246039242,-195.66013248603304
1280,-184.19763899283024,-190.77732365643521,-195.6240809115589
1281,-184.01095308185484,-190.69320689205108,-195.61981654532593
1282,-184.05647750422554,-190.75129455663608,-195.58394230747416
1283,-183.99905010853587,-190.80114017225725,-195.51766206731753
1284,-184.0073199492063,-190.836806632997,-195.49462374194792
1285,-183.93632769278668,-190.78020651134014,-195.43401795611413
1286,-183.7997537871276,-190.7297743950848,-195.38720926929943
1287,-183.76530218240381,-190.65262633719254,-195.39838927722982
1288,-183.6708912432222,-190.5253898695158,-195.33966662081372
1289,-183.6269784698146,-190.52518966022268,-195.34972740378896
1290,-183.64464079373323,-190.41748879643148,-195.34925993521495
1291,-183.6891050838114,-190.36893321586257,-195.33877747476245
1292,-183.60991655192186,-190.33799695879122,-195.2742651163883
1293,-183.49663044984766,-190.21306946578056,-195.23470676059367
1294,-183.56373247618666,-190.20190799087865,-195.2693690928853
1295,-183.53046345175574,-190.19157627322807,-195.19976278419495
1296,-183.52786776791282,-190.21968854853532,-195.14018780763195
1297,-183.59083372820814,-190.27735322792415,-195.18844841418473
1298,-183.59692586493804,-190.1565100270779,-195.26546158544386
1299,-183.5704719709217,-190.23953085128022,-195.14196169954516
1300,-183.6479458482711,-190.18589825081702,-195.09603007262083
1301,-183.53178343027935,-190.13897144666117,-195.09311527761318
1302,-183.61725073638274,-190.035557795484,-195.1145322167362
1303,-183.67559249052675,-189.93291617828973,-195.14385051911725
1304,-183.69207276017875,-189.93144322313793,-195.1859930245067
1305,-183.7882621282511,-189.85573920856598,-195.24889835528205
1306,-183.88821680848238,-189.77233565541252,-195.17984539848106
1307,-183.84053174839426,-189.72577621016637,-195.21150989030863
1308,-183.84447271067728,-189.60198241475314,-195.2034614411818
1309,-183.84340118441543,-189.60910833109642,-195.25792021767558
1310,-183.79860127504136,-189.62361040785308,-195.29137204937373
1311,-183.97332283484,-189.63957766109223,-195.23171593538865
1312,-184.09709980719595,-189.67113202778353,-195.2344522627919
1313,-184.0162309641754,-189.61443132142324,-195.20152351688535
1314,-183.86474716619227,-189.68471256138827,-195.1857332120485
1315,-183.89402220131393,-189.57763282474014,-195.19935797136054
1316,-183.75882875411273,-189.49890793342442,-195.06799090813837
1317,-183.8290731542178,-189.5678296784857,-195.06609016484077
1318,-183.67546697643863,-189.61631750821846,-195.01929943578835
1319,-183.75300767483077,-189.6903954262666,-194.99419263957543
1320,-183.71465353385602,-189.67099947931368,-194.95398246621036
1321,-183.5530477117902,-189.62754915354773,-195.02148696531657
1322,-183.5446438519061,-189.57252956107246,-195.01436135542252
1323,-183.53461911077304,-189.4009253652523,-194.94357081682324
1324,-183.45913052186046,-189.41317243238797,-194.8730787981727
1325,-183.50321645419217,-189.366165581453,-194.9136618519895
1326,-183.52788790702886,-189.31601535847844,-194.87288991700296
1327,-183.52910226972074,-189.2621463581272,-194.90013825416452
1328,-183.42925624955586,-189.33076546526672,-194.84416728014605
1329,-183.3638732116622,-189.23307134202852,-194.79646758980027
1330,-183.3347862281114,-189.07132578289048,-194.6586574045156
1331,-183.39101426171862,-188.98925882634606,-194.59369269453177
1332,-183.26219470909578,-188.98491783574224,-194.5882603315531
1333,-183.32263693684405,-189.03222335549447,-194.6443041003031
1334,-183.42068566003675,-189.08782269401405,-194.64680934533132
1335,-183.46909171347048,-188.99556098034483,-194.6663614155646
1336,-183.4786177207539,-188.92564777827627,-194.63289511740783
1337,-183.56788996757825,-188.84880075134654,-194.63645988473178
1338,-183.40718961176293,-188.86107167993464,-194.70035992846823
1339,-183.42316299095603,-188.79747794857718,-194.69665599369273
1340,-183.2866546514776,-188.79070173814063,-194.67705993965262
1341,-183.12545584338451,-188.6557923287135,-194.6714465798403
1342,-183.1103090978334,-188.57069798426141,-194.61335116945114
1343,-183.16436121106466,-188.63442462433267,-194.52834424923415
1344,-183.10500501528017,-188.5832260108922,-194.5114432094964
1345,-183.06059517877912,-188.6284020326938,-194.5152201650062
1346,-183.05297650070014,-188.67403036318032,-194.4279640143857
1347,-183.06271232217514,-188.73242910235496,-194.46030109460332
1348,-183.0362186612351,-188.8026171011359,-194.50668260328735
1349,-183.04701563389685,-188.81199023726526,-194.38642089276806
1350,-182.90455576492747,-188.7281630595424,-194.28834237330017
1351,-182.9237264310114,-188.68604662597983,-194.2661701892393
1352,-182.8011232033246,-188.6588892693375,-194.19192246691938
1353,-182.75671214133087,-188.65106333561252,-194.16386502642348
1354,-182.65065011011103,-188.6645014580605,-194.115583074056
1355,-182.6361005460884,-188.4767171613293,-194.16273116118955
1356,-182.64890104544793,-188.51188867216575,-194.21672959396457
1357,-182.56126024948418,-188.55197153443999,-194.2459875666773
1358,-182.68820074564485,-188.53542180716676,-194.19239121187644
1359,-182.72287405767304,-188.56321250105793,-194.24115889089515
1360,-182.69287259192606,-188.52104709304385,-194.32306914530312
1361,-182.62829252440272,-188.55945975314472,-194.23970279500375
1362,-182.50851520098766,-188.5933925710613,-194.26799975524003
1363,-182.49958676033884,-188.56333037904403,-194.27798886130645
1364,-182.592026667592,-188.5854735348717,-194.2813739743996
1365,-182.6334127942379,-188.628279756263,-194.18137242015058
1366,-182.45388606441423,-188.55356305406755,-194.24796671877797
1367,-182.40923623351074,-188.50475986240224,-194.23889515044442
1368,-182.42579122253588,-188.5487781538862,-194.16313303934163
1369,-182.46177056893225,-188.52427071626315,-194.1030815370238
1370,-182.66173015022724,-188.5558412051777,-194.1052899864897
1371,-182.6254383366474,-188.464624966896,-194.08627848538302
1372,-182.58959588434746,-188.4715123398331,-194.08643298247017
1373,-182.61878494782883,-188.5065816557982,-194.0354596227562
1374,-182.5760647261652,-188.54319945537569,-194.01207032739998
1375,-182.3942302955897,-188.69864639357374,-193.94432134807224
1376,-182.4825643595742,-188.56422084195995,-193.92838138804694
1377,-182.47682925732596,-188.5756370209389,-193.92630998352715
1378,-182.48894818089383,-188.57620982052325,-193.8469281537831
1379,-182.45200154347938,-188.51464479017295,-193.89100554384754
1380,-182.30245629177833,-188.51291486199602,-193.8076219122274
1381,-182.2648023181626,-188.37880120803788,-193.78471492844287
1382,-182.2571083758262,-188.43600599871363,-193.76561544177918
1383,-182.32792915333408,-188.37522435784453,-193.69196765345725
1384,-182.347675922019,-188.46568773585832,-193.65633831403008
1385,-182.26504860106576,-188.46027668385528,-193.6610013484462
1386,-182.26714478121832,-188.3954303235418,-193.57140793290628
1387,-182.28056494612093,-188.37047771063675,-193.5631396973782
1388,-182.34781608307688,-188.25101458901207,-193.45540520563827
1389,-182.3651399350722,-188.14397594105938,-193.4631748292744
1390,-182.35418285258754,-188.10993316060114,-193.46650079417049
1391,-182.29575676869484,-188.1588303597717,-193.4100484752255
1392,-182.29057758652908,-187.9973129034158,-193.38206630270065
1393,-182.10301367721814,-187.9605345054377,-193.42438970910538
1394,-182.05347657862487,-187.880936809089,-193.55002250730945
1395,-182.08222116922974,-187.79923817742952,-193.57772921614702
1396,-182.07557118055772,-187.7083813225668,-193.5130109001579
1397,-181.96663353892893,-187.50505662656252,-193.52854657830346
1398,-181.75996960424519,-187.46492447815854,-193.53447782176625
1399,-181.5897639278626,-187.42116549583466,-193.5802649388026
1400,-181.6329367456367,-187.44453608776402,-193.48350558381543
1401,-181.62753050867684,-187.37592948275318,-193.38373941640685
1402,-181.49724407250858,-187.44563364953464,-193.29078505059874
1403,-181.43490337414437,-187.42547711003544,-193.34558027152576
1404,-181.42867834700957,-187.42358811206617,-193.33877298190004
1405,-181.43605614279875,-187.4562652521259,-193.34342744341072
1406,-181.33494949765935,-187.5631137684195,-193.38828301588785
1407,-181.21503360620517,-187.56685217902051,-193.34047143736876
1408,-181.13211535159058,-187.61888192538953,-193.3151478756485
1409,-181.01639952236147,-187.58616414870255,-193.30894179061073
1410,-181.06670714633862,-187.54080948758917,-193.29858477359537
1411,-181.0171988742407,-187.45494414239772,-193.2869334461639
1412,-181.0068546548635,-187.47673488915865,-193.18600261737552
1413,-181.0615235944535,-187.44321107201287,-193.26407785551197
1414,-181.05952825284322,-187.40900825129245,-193.29340400044322
1415,-181.05244330262985,-187.25334336390875,-193.29721239301813
1416,-181.02865449942587,-187.26162247196478,-193.2908417441282
1417,-181.08096636190632,-187.16788207566725,-193.2732796966354
1418,-180.99711779957224,-187.2245833245582,-193.2448924678641
1419,-180.82206556312408,-187.3287079437753,-193.20656411042484
1420,-180.68803922075622,-187.23235278322608,-193.2490482689422
1421,-180.6466226024526,-187.25828148074424,-193.1447994015134
1422,-180.61481127416894,-187.2638667816787,-193.1550639290321
1423,-180.55634960059115,-187.31778633733506,-193.06584939267213
1424,-180.56998566292918,-187.27504236588842,-193.1569860861246
1425,-180.48283597964743,-187.30908698069183,-193.17983068416436
1426,-180.43383954935686,-187.35547027311168,-193.07000832374956
1427,-180.45548306115074,-187.36628850997658,-193.038431925294
1428,-180.442903593562,-187.39641409505828,-192.97296726812624
1429,-180.52746673945916,-187.2559799970154,-192.91070225229117
1430,-180.5560031787101,-187.3376769576518,-192.9470595969149
1431,-180.56027377662775,-187.29482174225367,-192.92512532415262
1432,-180.5410559511213,-187.2990728618315,-192.94839408049518
1433,-180.44055976792822,-187.37030030900164,-192.878080281929
1434,-180.30185527707968,-187.43632927074069,-192.92356023935486
1435,-180.27398177111166,-187.506450524316,-192.93763445962642
1436,-180.18532546435998,-187.527912296674,-192.97949064888195
1437,-180.17384784360982,-187.47727026572488,-192.9564895479802
1438,-180.22865618611075,-187.45635713437338,-192.92721823819625
1439,-180.1700951047983,-187.33116288429858,-192.9242662194042
1440,-180.24335777264338,-187.3930342899465,-192.9121391375789
1441,-180.30624119374585,-187.31029108842938,-192.82434774630275
1442,-180.1689048989947,-187.3405403766687,-192.85391566665695
1443,-180.13716847459892,-187.23783797597412,-192.83753032013962
1444,-180.04980364811217,-187.07684975703637,-192.7661733095809
1445,-180.1572051506503,-187.07716507545416,-192.79875633740255
1446,-180.2313629240868,-187.13614567166894,-192.8125700063822
1447,-180.25552409859733,-187.04533192987873,-192.78206901187065
1448,-180.2249723397547,-187.16726123336122,-192.77202767762276
1449,-180.16399526191742,-187.0361734047378,-192.72873262916406
1450,-179.93692785705582,-187.0634848932192,-192.68139980631918
1451,-179.77478419811615,-187.08259630008394,-192.7014716721622
1452,-179.80248105815502,-186.92936512784007,-192.77689988302046
1453,-179.77912143116458,-186.94756519006054,-192.83846146881754
1454,-179.7144177921366,-186.80355509585735,-192.7670559006731
1455,-179.83426778370443,-186.68124158364878,-192.73636990473358
1456,-179.9006641590977,-186.65366394873934,-192.78330126234584
1457,-179.97095128901987,-186.75252064989957,-192.74608679982634
1458,-179.94489744873317,-186.72870473452667,-192.6066148979703
1459,-179.96087784888164,-186.62585942013797,-192.6099944568822
1460,-180.0280190707744,-186.62945311002701,-192.52345943867294
1461,-180.05387333203828,-186.59439445088304,-192.4747325054284
1462,-180.05034153467204,-186.58155196755973,-192.42290235922815
1463,-180.02723418517002,-186.64854424880076,-192.38557509784175
1464,-180.02437197014717,-186.60428427238924,-192.34844128226268
1465,-179.91971418582997,-186.58951565641442,-192.3338042400481
1466,-179.85124919769012,-186.54974040362532,-192.28568352939112
1467,-179.7309900953207,-186.53196232722098,-192.2081004912995
1468,-179.67928563865956,-186.46436788750395,-192.16150127843252
1469,-179.53091165955166,-186.4445159897838,-192.05869667994375
1470,-179.48181439438042,-186.4477028002125,-192.0172892454852
1471,-179.4306987118798,-186.41973199366782,-192.02369026408942
1472,-179.15719843410722,-186.35855631267287,-191.9455858565567
1473,-179.284957144239,-186.37603060032893,-191.86484864097844
1474,-179.32964644377643,-186.39221008990046,-191.88430539730064
1475,-179.3496645187595,-186.36916793486023,-191.76182101397805
1476,-179.4630543597812,-186.39034469449493,-191.8612299792253
1477,-179.49334039774388,-186.21678631145994,-191.82107251541026
1478,-179.41303662383982,-186.13388921213706,-191.77816542914718
1479,-179.42964330712888,-186.02193192332604,-191.81355677122156
1480,-179.40004656275696,-186.06478331016504,-191.7869266535086
1481,-179.35792140510114,-186.0759797075483,-191.77142334596803
1482,-179.2809612082532,-186.09795102461405,-191.74059546395205
1483,-179.2102927597889,-186.09827271175314,-191.74419806482123
1484,-179.15555198047116,-186.0753842387508,-191.73411582482106
1485,-179.0402336318342,-186.06920903222914,-191.69536640134544
1486,-179.04910754181032,-186.17337724390313,-191.62197336926695
1487,-179.00722622706934,-186.10257260588062,-191.5564417694336
1488,-179.05014924654085,-185.96623435723353,-191.5794480664983
1489,-179.08957948556858,-185.9399601002554,-191.56720240637566
1490,-179.07188491090807,-185.97914319250197,-191.5472852786111
1491,-179.00192005261638,-185.97299422091686,-191.45826578794387
1492,-179.05371494321832,-185.8625496055472,-191.45982198597818
1493,-178.92891802102517,-185.73463189017878,-191.40816820299676
1494,-178.84199217005977,-185.69341373241377,-191.42961770295514
1495,-178.90696653396978,-185.69243069622513,-191.3744490164948
1496,-178.85447388967486,-185.62094837614603,-191.29877474952534
1497,-178.8794560623599,-185.5298569808424,-191.2621264857921
1498,-178.9022164190901,-185.51297567835468,-191.22031460531574
1499,-178.78467598751638,-185.51817806764797,-191.2309929449774
1500,-178.81481788642697,-185.57367260952176,-191.17008990071136
1501,-178.8270284976682,-185.5409063757442,-191.15185805935056
1502,-178.73539231171586,-185.57315935526094,-191.22822908509374
1503,-178.64169168583652,-185.48133277866214,-191.20184760027018
1504,-178.70641348915274,-185.47183426203065,-191.1489934571896
1505,-178.63961930963518,-185.3777541705505,-191.12541499150302
1506,-178.68940470100793,-185.23799416462765,-191.12851594698597
1507,-178.5944751995214,-185.21362649482506,-191.03063400456415
1508,-178.6844696158342,-184.98546045578138,-190.95037352695795
1509,-178.60354058698812,-184.88509442673285,-190.9120445374336
1510,-178.7245041053962,-184.9517741672482,-190.9594321026772
1511,-178.61687594903975,-184.95573628942608,-190.94990102105194
1512,-178.68672807160894,-184.99924851938636,-190.96224581180945
1513,-178.65145624303744,-184.87265670737133,-190.97074356983853
1514,-178.69642621446485,-184.796015047135,-190.96345747445486
1515,-178.69797429620132,-184.7782689892385,-190.91599924872946
1516,-178.635706585062,-184.73709556554996,-190.863198033473
1517,-178.6011941365613,-184.66656328215163,-190.80431292662723
1518,-178.5268498179713,-184.60810062537206,-190.7717697454742
1519,-178.5470392382267,-184.4675706437029,-190.72616180231148
1520,-178.4565594808807,-184.53317933076502,-190.66301928877243
1521,-178.3774337384672,-184.39420792645438,-190.64204800634735
1522,-178.37264427791146,-184.31075225967362,-190.60450678378686
1523,-178.4119278685158,-184.32803055311166,-190.54604810995954
1524,-178.3455971864214,-184.31769655149736,-190.55287780461256
1525,-178.24388113385768,-184.29463158796693,-190.4856536803557
1526,-178.39428770975073,-184.37803439067682,-190.39991737371196
1527,-178.43560692109702,-184.43706305187555,-190.411583504269
1528,-178.3667945564894,-184.39630729576183,-190.45812284394322
1529,-178.36344333188737,-184.38084266704078,-190.42534409735856
1530,-178.2729649053531,-184.33957057345043,-190.38413582932552
1531,-178.2886483443565,-184.4105822128625,-190.36834297493488
1532,-178.3271293197995,-184.2555399788386,-190.28888710233326
1533,-178.2612255198364,-184.18237861494964,-190.1876301519432
1534,-178.34758547126268,-184.18568205501043,-190.14924240072946
1535,-178.44355949137986,-184.0197376983608,-190.11295091727663
1536,-178.41386522261539,-184.00307082743052,-189.99955011805906
1537,-178.26949596339995,-184.034214821874,-190.01707901261608
1538,-178.05592798661564,-183.95733995924354,-190.08650412540098
1539,-178.1082210273684,-183.95789885331556,-189.96600939348826
1540,-178.13828756156747,-183.90057167778627,-190.00299920665663
1541,-178.0401659332706,-183.86524409862295,-190.00631456520176
1542,-177.99199153058998,-183.7736618551848,-189.91519899984996
1543,-177.82757400704605,-183.7047915969827,-189.96832317152348
1544,-177.65692162219386,-183.6429142848866,-189.9851636738769
1545,-177.75877061226103,-183.62125306431625,-190.02536953029113
1546,-177.6316754344233,-183.68057157620922,-190.02243197794684
1547,-177.59021798105556,-183.59599601545264,-189.92874909866663
1548,-177.52294502407997,-183.62052059633095,-189.9569179249952
1549,-177.45675706786977,-183.7041001360987,-189.9919041131311
1550,-177.42164309137223,-183.63604111345137,-189.95646657204043
1551,-177.3706281923566,-183.55182702501202,-189.9463228554328
1552,-177.29025139485697,-183.6320640347509,-189.93375877018644
1553,-177.39551870937072,-183.50024555090488,-189.8345445254095
1554,-177.3045612691028,-183.53685561144476,-189.74815775558704
1555,-177.307431722089,-183.49693760341597,-189.747779982695
1556,-177.1244061388164,-183.52176278936238,-189.7776406157034
1557,-177.25180573162757,-183.66742513731919,-189.6729306076178
1558,-177.37849345559937,-183.76713485378866,-189.63528302750487
1559,-177.46671066557218,-183.65604493813188,-189.59614798293418
1560,-177.53276947454233,-183.70814815203167,-189.5828381271922
1561,-177.61120286107416,-183.8611705509308,-189.5346354458473
1562,-177.6163373531891,-183.82145742901122,-189.56100009672673
1563,-177.67212349097227,-183.85298410271702,-189.47887080471864
1564,-177.53342746389745,-183.75518155281313,-189.48581225351313
1565,-177.52410041091275,-183.61599651776714,-189.4775024971841
1566,-177.66253953091115,-183.53005111990598,-189.3870458531435
1567,-177.69231404247216,-183.49321390993296,-189.3663177586564
1568,-177.79566431712192,-183.4250777107947,-189.3194177807841
1569,-177.8728510115378,-183.3448820449993,-189.32772952790515
1570,-177.85683523544574,-183.3862604019783,-189.36373409637457
1571,-177.87001969406083,-183.35603216610372,-189.32051540204446
1572,-177.8621781525946,-183.29996807887997,-189.35615112702806
1573,-177.7573127019836,-183.28803755364126,-189.14927603402333
1574,-177.67553777797775,-183.241331871136,-189.11734124407332
1575,-177.5966541556617,-183.29063268458574,-189.0772691450257
1576,-177.5324357764078,-183.29132758507674,-189.03546725460035
1577,-177.53333580681678,-183.38558511935037,-189.01969174268064
1578,-177.53282265448436,-183.26245876386497,-189.05522314068625
1579,-177.7024286253212,-183.2841925793037,-189.01293586753758
1580,-177.78829359474307,-183.40433764625698,-188.9642270265679
1581,-177.85569060096282,-183.4354233702748,-188.91557900641138
1582,-177.85712539709814,-183.33129104229968,-188.81492372246305
1583,-177.74496185619805,-183.28115323813222,-188.82195006725425
1584,-177.71399347462284,-183.36502116877898,-188.75971658590385
1585,-177.7758165435706,-183.29934136319582,-188.6914153539659
1586,-177.6795665387284,-183.2769062022264,-188.70196105286985
1587,-177.67627370698517,-183.25267470687456,-188.60669772124567
1588,-177.80615485153862,-183.19416219325473,-188.61963727724708
1589,-177.6748143708782,-183.23256392483103,-188.5918616348992
1590,-177.4559020142991,-183.17328417929065,-188.596741803866
1591,-177.4030718233409,-183.09916741214653,-188.44385528273128
1592,-177.3466095848099,-183.10860965260235,-188.44520640612424
1593,-177.32409782765012,-182.99518214110353,-188.42393151051903
1594,-177.3284558557234,-182.9932241457315,-188.3220299304022
1595,-177.236499454613,-182.9102544905842,-188.23119432331742
1596,-177.10341957431467,-182.92945930559188,-188.18782634181872
1597,-177.05032671985492,-182.9431811017862,-188.09675238093544
1598,-176.85486755571955,-182.97725842926206,-188.08731593167317
1599,-176.93308113425883,-182.97885214124815,-187.97747921646697
1600,-176.7941169161183,-182.8957570899876,-187.94587078422035
1601,-176.75204344969478,-182.95255401317704,-188.0057239626621
1602,-176.77340302396948,-182.85346167230148,-187.8958398838643
1603,-176.74378173920667,-182.90704178122982,-187.8842375840597
1604,-176.75158077751274,-183.08535440705896,-187.89349597991827
1605,-176.68572130141456,-183.0736380009704,-187.85165299270665
1606,-176.60428174849184,-182.92254187405715,-187.81771969139137
1607,-176.57274023475463,-183.0120669267476,-187.78917173191644
1608,-176.53005679557754,-182.9899297568258,-187.76422296649667
1609,-176.5303543762418,-183.07259385303615,-187.81024066982735
1610,-176.54206601297003,-182.9535210454282,-187.82945973733644
1611,-176.51242068429514,-182.91603625640278,-187.73070095866507
1612,-176.42552769341586,-183.04996366871927,-187.66244482185203
1613,-176.49508318960517,-183.02502679413044,-187.63545039129002
1614,-176.45453854283954,-183.06259976122553,-187.62074115521438
1615,-176.25450915545562,-183.01364039170568,-187.60793119459703
1616,-176.17778520064752,-183.0339622261264,-187.55203966255038
1617,-175.992171719995,-182.8984016417673,-187.49159646779998
1618,-175.98960999278717,-182.86816561165494,-187.55610720379192
1619,-175.84421615932803,-182.8421659417811,-187.55769576394636
1620,-175.7169048735913,-182.77414070345117,-187.61550543731263
1621,-175.63484179650743,-182.77955257790222,-187.58508836180474
1622,-175.55494727728586,-182.7069677366958,-187.5985667212589
1623,-175.41339774442548,-182.62415076198488,-187.51779524432223
1624,-175.4090988627462,-182.6408443200442,-187.45959629785835
1625,-175.47867506755958,-182.57212383060164,-187.42675341190534
1626,-175.41343799608933,-182.62304932189897,-187.38067109453863
1627,-175.46346960597955,-182.51273543908889,-187.37389134680672
1628,-175.44358555350522,-182.4186970675645,-187.3291826057293
1629,-175.5682996578753,-182.38210248846207,-187.29730115092508
1630,-175.55807787186262,-182.32453819462853,-187.30853598652772
1631,-175.49589049657675,-182.26904888851595,-187.32655103268453
1632,-175.51728454746836,-182.2726152503987,-187.2830124633704
1633,-175.35369540203033,-182.15087171718903,-187.2936370912525
1634,-175.23835956395408,-182.09626226886053,-187.29848028338387
1635,-175.14245368563627,-182.17893873240985,-187.41440435232528
1636,-174.9833763646223,-182.15983669556354,-187.42939077900962
1637,-174.92790256496414,-182.13581983681615,-187.49200861763921
1638,-174.9257058985797,-182.0531971943659,-187.51197957216792
1639,-174.81767763738682,-181.99633516527538,-187.40896364380913
1640,-174.67426826368848,-181.9196147900124,-187.49028720487024
1641,-174.6102110753271,-181.84400575467552,-187.45274868312663
1642,-174.62420840658848,-181.80910942894656,-187.46790352893225
1643,-174.66686269286797,-181.90564425849226,-187.4935607397982
1644,-174.7529776919495,-181.9157890528546,-187.35333538836886
1645,-174.8335095126433,-181.81911564653365,-187.28319856486092
1646,-174.66331429405864,-181.6767851849725,-187.2634679286171
1647,-174.64060393400857,-181.68827092867457,-187.22935766763237
1648,-174.56961201669753,-181.65286121715837,-187.2380430256089
1649,-174.48919960022465,-181.71862085331082,-187.20519075200178
1650,-174.43357912045957,-181.68936117064325,-187.27675133552353
1651,-174.41703045284493,-181.69735011341575,-187.28842234387042
1652,-174.33748698425111,-181.73262713499614,-187.23177384399702
1653,-174.4352623629747,-181.76792104165608,-187.2128973988793
1654,-174.42965641411055,-181.6421289585289,-187.23283309135553
1655,-174.32989943103232,-181.6615600559267,-187.20931766944415
1656,-174.24378824955193,-181.75715753653105,-187.26172961320424
1657,-174.16768719852774,-181.79062737465904,-187.28904938716283
1658,-174.1206920496719,-181.7660815974334,-187.23672622845362
1659,-174.1895094532734,-181.81488146214815,-187.1775752754359
1660,-174.13613384849845,-181.60380631512766,-187.18121116320185
1661,-174.1006314945999,-181.6729220080237,-187.11803201619077
1662,-174.0403270805874,-181.6948393346916,-187.10684693955875
1663,-174.0884850396963,-181.66600313427637,-187.09147347836495
1664,-173.96879012662964,-181.51187786500444,-187.08712641483504
1665,-174.01304291290546,-181.50967822165012,-187.00392155903992
1666,-173.9347026231611,-181.59697122188152,-186.91417047864093
1667,-173.95750258470127,-181.56610337475036,-186.95581883540189
1668,-173.84288952672324,-181.56708541887082,-186.9746875205419
1669,-173.83138010870536,-181.57426251017546,-186.98337557427632
1670,-173.8271700406689,-181.52009638112992,-186.98940963028724
1671,-173.8130217469424,-181.45802582284028,-186.97209848298638
1672,-173.8301745632326,-181.49757239768692,-186.94696278242702
1673,-173.7291428289211,-181.54215003847557,-186.95644068232394
1674,-173.70573583686553,-181.65733574061025,-186.95831756276522
1675,-173.74642566109503,-181.7302215008596,-186.92276694417347
1676,-173.69848577080433,-181.7142551698014,-186.7938252941757
1677,-173.67485096443446,-181.83540256351026,-186.79714688796054
1678,-173.7421547934306,-181.86260302209965,-186.75312435849372
1679,-173.75763903905928,-181.88186871949875,-186.7159421446035
1680,-173.83958750621963,-181.80885266440356,-186.6322313375396
1681,-173.85580572384129,-181.88517130135088,-186.59609652151616
1682,-173.90579081909172,-181.74555461464763,-186.63874334264673
1683,-173.79935289633823,-181.6040400106802,-186.56953437665422
1684,-173.77109594415816,-181.49965561372764,-186.54458149914205
1685,-173.9023492428659,-181.46278770323298,-186.51981629874527
1686,-173.81430228210527,-181.38646763859919,-186.54241681608377
1687,-173.76003488616323,-181.28640485192417,-186.51251692329868
1688,-173.80112042738915,-181.21544597026283,-186.51923485248915
1689,-173.63953743966806,-181.18490782202485,-186.43142453108112
1690,-173.54543722081766,-181.14108282039768,-186.44491265536863
1691,-173.4889058492153,-181.0743073065255,-186.4431070845786
1692,-173.49319057883386,-181.2170750046945,-186.40914536630152
1693,-173.42088367024823,-181.18301952401373,-186.424277828561
1694,-173.3544200667409,-181.07450385427802,-186.33502660025334
1695,-173.32716984423075,-181.15062490108326,-186.28875450756456
1696,-173.19666329449507,-181.13685337462698,-186.3472430681119
1697,-173.25662864902358,-181.07618018698665,-186.25568105090335
1698,-173.28318101367415,-181.09304767004832,-186.27023361987446
1699,-173.22271611781403,-180.97152375465396,-186.24401428959726
1700,-173.15961352764305,-180.87566747414772,-186.20017828753953
1701,-173.13426668585987,-180.90065283950156,-186.12503584245974
1702,-173.08232297861937,-180.79922780509574,-186.08532547438452
1703,-173.1568639047489,-180.76262126644616,-186.0610361226437
1704,-173.17616728439458,-180.70764705143813,-186.01528123984292
1705,-173.04943673619988,-180.71297937466136,-185.9071973056022
1706,-173.09585145200435,-180.67117745611694,-185.87534259170195
1707,-173.05714282150052,-180.5909443319209,-185.95833113443518
1708,-173.06939384110734,-180.56486028302578,-185.9012325383214
1709,-173.10468961011418,-180.57923818470368,-185.83600119640042
1710,-173.16037927223988,-180.62157476801724,-185.8107837817838
1711,-173.24666305097583,-180.57639454428949,-185.81370256076
1712,-173.1830211781247,-180.56545193291305,-185.8007445616912
1713,-173.03612853908064,-180.5563621788844,-185.76834628552137
1714,-173.03121708061678,-180.53537136289094,-185.7944944029394
1715,-172.93448608432428,-180.5758858301484,-185.80839937281414
1716,-172.94306742194973,-180.53026954044014,-185.81893638372003
1717,-172.87314200191054,-180.39107249012727,-185.80322851590117
1718,-172.8815040093093,-180.30333821631115,-185.77892598917447
1719,-172.8646230090743,-180.31480151686563,-185.77165451865233
1720,-172.75553368924108,-180.17455208842017,-185.77229203545798
1721,-172.672028171347,-180.07449723678457,-185.76561409793538
1722,-172.6632168424831,-180.0822002146271,-185.7586435614381
1723,-172.48805349512008,-179.99780623135658,-185.7459761771802
1724,-172.70143933455952,-180.09442705502778,-185.70514060417582
1725,-172.67855964589228,-180.07811624765583,-185.64931592754994
1726,-172.75820233799013,-180.09313950677884,-185.68626413688924
1727,-172.76124320030615,-180.06915822820673,-185.6551313569839
1728,-172.6028031604159,-180.02794074743693,-185.61098116771566
1729,-172.45840053657585,-180.1470781576394,-185.52890874237522
1730,-172.33809289879383,-180.05059362859507,-185.4894522083295
1731,-172.1887163216077,-180.09486361266917,-185.5431366330813
1732,-172.18146598464494,-180.11719958829008,-185.4719320117995
1733,-172.2988515201596,-180.07495190676576,-185.54358484422212
1734,-172.34513417777333,-179.9732971430064,-185.51782153331504
1735,-172.25606366405592,-179.9473671161141,-185.49701371798983
1736,-172.23735860748462,-179.8139590967147,-185.46644642057714
1737,-172.1589571241352,-179.64807611409907,-185.3678030466865
1738,-172.17037072542627,-179.63054162201308,-185.29192314847757
1739,-172.0772728047375,-179.63467835024636,-185.28505104680292
1740,-171.97124837828534,-179.57073753459144,-185.18809362447035
1741,-171.8665605385432,-179.57376795257198,-185.25377175184056
1742,-171.85141205894433,-179.42895185282381,-185.32757509589914
1743,-171.9355748963578,-179.42868643647796,-185.41006106619574
1744,-171.88829996313268,-179.44103071565348,-185.34855096355628
1745,-171.8319357543532,-179.59165771871994,-185.38667390146657
1746,-171.8666728753219,-179.60072624463982,-185.4080634627924
1747,-171.71456309544743,-179.53365850791613,-185.40463357484884
1748,-171.69461708065086,-179.4773200539424,-185.34978396187597
1749,-171.76540444468662,-179.50636656653978,-185.37247587447212
1750,-171.83907333485058,-179.4289435356405,-185.26119555132215
1751,-171.88857307339885,-179.4288664027344,-185.3488703598078
1752,-171.8720171923001,-179.42133641687252,-185.32145626592774
1753,-171.87827183351473,-179.42899728231785,-185.3738316660802
1754,-171.86769582567658,-179.27176669091384,-185.3993486668565
1755,-171.9552567151975,-179.30373829863262,-185.40150268722437
1756,-172.12273376912245,-179.28907187329472,-185.43283174253276
1757,-172.14804679680083,-179.16867003703285,-185.44839227442378
1758,-172.15117582423,-179.0887912468097,-185.37713417876233
1759,-172.08066292129166,-179.05753926661816,-185.3907443292647
1760,-172.0246762477484,-178.95142243659814,-185.3724596315204
1761,-171.9835951854186,-178.98971226926233,-185.36440456873237
1762,-172.08533340096557,-178.99658098054124,-185.36396705221097
1763,-172.07521901530225,-178.89524718877357,-185.37202958656235
1764,-172.08062074671074,-178.83357771261265,-185.2588185145002
1765,-171.99095548101926,-178.86293742015442,-185.2686881598603
1766,-172.1145457622863,-178.88829428567792,-185.25291386354752
1767,-172.09708200099635,-178.7596391089843,-185.23012436336998
1768,-172.03986831652372,-178.63001060952166,-185.23887364173382
1769,-172.0188458098123,-178.6198615488771,-185.13191165187584
1770,-172.0811597778499,-178.6591187372066,-185.02534517148584
1771,-172.09604049032313,-178.6029487586286,-185.03763169344685
1772,-172.1286232394354,-178.61131783691383,-185.04294394785177
1773,-172.09196044186388,-178.5972853930877,-184.95547790844896
1774,-172.01190847435296,-178.58064150640567,-184.9780041736855
1775,-172.05437903755202,-178.5448520923694,-184.86629630222333
1776,-172.0453488465835,-178.4981910796634,-184.7655375208834
1777,-172.13427420744262,-178.38946715267423,-184.68676806412725
1778,-172.02677169431837,-178.41482517570427,-184.6198089618294
1779,-172.1280522384339,-178.33022044065768,-184.62724922344472
1780,-172.18475923365872,-178.3095030333679,-184.57976720379355
1781,-172.12048419267614,-178.27033072311983,-184.58649026450274
1782,-172.07381287138,-178.35163843208863,-184.46529077319212
1783,-172.20104137293822,-178.40365122799318,-184.49747500170326
1784,-172.05821084507275,-178.28047366650645,-184.47842108315126
1785,-172.0157585900494,-178.25068528280553,-184.41868642709122
1786,-172.12994619492878,-178.19944920735406,-184.40051046349464
1787,-172.06741654140666,-178.26776762858162,-184.5275881943059
1788,-172.06013986574774,-178.28105703982874,-184.50630061720187
1789,-171.83734856953083,-178.30683404786043,-184.61141040146532
1790,-171.8239896393034,-178.2965354712388,-184.4966675412944
1791,-171.92104908006715,-178.25048435203178,-184.50979294098698
1792,-171.8877090393517,-178.18386302535254,-184.56744129403415
1793,-171.90287802785465,-178.23941765835332,-184.63370920232026
1794,-171.92401462397027,-178.11563133298498,-184.52714449849566
1795,-171.8560892333752,-177.9727036093924,-184.4395288856209
1796,-171.93962191844355,-177.97311021951822,-184.28743811072354
1797,-171.95203736740092,-178.0446920019445,-184.15505868330135
1798,-171.83038894639952,-178.04089454780143,-184.06524234094186
1799,-171.90297747707982,-178.04384433782502,-184.1073461934381
1800,-171.8913167905843,-178.02066014847918,-184.02801192595786
1801,-171.92734921361307,-177.98467855326453,-183.9350815607881
1802,-171.88099760607759,-177.8967874084205,-183.8512220417145
1803,-171.83941723077373,-177.72815429527807,-183.8273977568411
1804,-171.64317915738084,-177.66218336878313,-183.88175371658124
1805,-171.64363734271697,-177.7701982501098,-183.88768215159178
1806,-171.7323304337701,-177.6893432684937,-183.94271243661905
1807,-171.69589172807142,-177.68924318837514,-183.9225173526869
1808,-171.74096738506304,-177.70325661552258,-183.8357781124496
1809,-171.8215848949027,-177.64038976664534,-183.7778823895631
1810,-171.74698722254084,-177.47119687199137,-183.68865116582703
1811,-171.646483955285,-177.36685431939026,-183.70640784308327
1812,-171.5480882114024,-177.33164048592118,-183.68433592562883
1813,-171.36515175222456,-177.337692573962,-183.68975903008283
1814,-171.3580975607112,-177.4463076612227,-183.60942840157088
1815,-171.21663756288746,-177.35996470351424,-183.5575992913589
1816,-171.30937909184854,-177.3275757372752,-183.4357646329046
1817,-171.318975590939,-177.37688649533595,-183.42324211424457
1818,-171.3401192280789,-177.37580255686797,-183.36235459542402
1819,-171.29407077594738,-177.26694061167174,-183.31126030212602
1820,-171.35368839286463,-177.33091136037092,-183.36056852525851
1821,-171.4474363911899,-177.29297588678247,-183.36563591894975
1822,-171.36925407055475,-177.27488696891865,-183.3100024776944
1823,-171.26992328597117,-177.27965241270837,-183.29230528168273
1824,-171.27729904628507,-177.34728391233415,-183.23455439164283
1825,-171.28016861273025,-177.29160605224217,-183.1853754041856
1826,-171.18426678278658,-177.30249862895064,-183.1465946427389
1827,-171.15065833717773,-177.29474425882435,-183.1038052484153
1828,-171.16259536034744,-177.38633357622163,-183.05395341607993
1829,-171.24889470845292,-177.41697214011302,-182.95986958194726
1830,-171.16890455034334,-177.39781304443127,-182.9357064359254
1831,-171.15911670828012,-177.33872021943228,-182.8308949269928
1832,-171.13305555663464,-177.18029936267484,-182.8346554374874
1833,-171.13027497935346,-177.1236876504681,-182.78083854053557
1834,-171.06839281094545,-177.0569591265778,-182.69835297003945
1835,-170.98442348171517,-177.08060529088243,-182.72635616183933
1836,-170.98459540975387,-177.07750309796492,-182.82274413187275
1837,-170.96926470143882,-176.93010037993935,-182.72536799594258
1838,-170.81895646981545,-176.91375380597134,-182.76271683918426
1839,-170.63581323215973,-176.95007890647435,-182.6662352470791
1840,-170.63977445382287,-176.87669229419265,-182.74572364621903
1841,-170.54458352402574,-176.76385926938747,-182.64430717703792
1842,-170.4885205922692,-176.92428692518692,-182.61659452391598
1843,-170.44194637983378,-176.9849474529341,-182.6538820381202
1844,-170.44310154767498,-176.94514965910156,-182.57426966343684
1845,-170.24172472496872,-176.89592355614116,-182.6188536959861
1846,-170.07336516628175,-176.8295478214277,-182.5929560851244
1847,-170.02178496736443,-176.8390895226101,-182.59472006866014
1848,-169.9001661967417,-176.82325313583027,-182.50067311290212
1849,-169.93572239357178,-176.82264099234845,-182.5852583371249
1850,-169.94814434819574,-176.812004313203,-182.58360771584375
1851,-169.8984960860029,-176.78145601919243,-182.5513232754196
1852,-169.82213739646474,-176.66858987411683,-182.5924298579954
1853,-169.9431054429426,-176.56567713556217,-182.55715847446714
1854,-169.83168999908978,-176.58941469443192,-182.63348854741622
1855,-169.74957327713008,-176.54803866486495,-182.6556534644528
1856,-169.74249337507445,-176.57732449897873,-182.60367762145913
1857,-169.75839789684665,-176.53360770042022,-182.5944402299297
1858,-169.84465118498701,-176.4601960332652,-182.52058572844825
1859,-169.8721775653525,-176.48373650727825,-182.59060727747558
1860,-169.81047993182074,-176.49525285383945,-182.57486996346296
1861,-169.9371370883949,-176.5183574841785,-182.53301433758898
1862,-169.94808704378167,-176.6716235783926,-182.57205804888633
1863,-169.9244974629048,-176.7131041545327,-182.50177812050674
1864,-169.90281854213615,-176.61887079388478,-182.51257111646916
1865,-169.82571335494163,-176.56111468425553,-182.53251889344602
1866,-169.8347819218481,-176.49970697362875,-182.5062274403766
1867,-169.90574326333115,-176.4521609976194,-182.4353086298146
1868,-169.92024785697959,-176.45114690640816,-182.42091001264092
1869,-169.80070632815682,-176.34660654895663,-182.32888880969938
1870,-169.71956807060621,-176.28180177447882,-182.27939512546095
1871,-169.60568826375624,-176.35073939789459,-182.24347628266625
1872,-169.6229593835514,-176.19008821866612,-182.2393915952125
1873,-169.63875665602978,-176.1722077009399,-182.15151238230357
1874,-169.7457325918903,-176.19497862253235,-182.0790917201459
1875,-169.6906344690054,-176.24181254896334,-181.98017299077276
1876,-169.801579592217,-176.22429987346248,-181.89126211944276
1877,-169.88941901031714,-176.277228586921,-181.8622130788315
1878,-169.6822474395065,-176.2474144235341,-181.91573627489097
1879,-169.63071838038007,-176.30847406235642,-181.91262105715128
1880,-169.59699975176645,-176.32262176916754,-181.8431542876728
1881,-169.64909432541398,-176.2504370045873,-181.8615947810497
1882,-169.62413424950302,-176.17681366400348,-181.8060543175443
1883,-169.60267172552602,-176.22668082241108,-181.74884445968183
1884,-169.49221142301423,-176.0905343724677,-181.7235974011432
1885,-169.4097426031634,-176.0876539049521,-181.69309884717399
1886,-169.15638079200755,-176.035153170171,-181.5997717937027
1887,-169.0974471482616,-175.93786837253572,-181.54531360265162
1888,-169.18931594805687,-175.97039022680727,-181.56210436353513
1889,-169.3298136854912,-175.90153094786288,-181.51723043781513
1890,-169.29378242974212,-175.9322376813309,-181.53976063941744
1891,-169.31741950324005,-175.88445009144408,-181.45640174624563
1892,-169.23438294827963,-175.84537042376178,-181.47665288710562
1893,-169.19977386272944,-175.84809017736114,-181.46145165912446
1894,-169.14983312070882,-175.87577071626652,-181.4601264873035
1895,-169.14448243906944,-175.92027885787675,-181.45432651875672
1896,-168.98485394602727,-175.95523817693766,-181.42627202215286
1897,-168.8942048253004,-175.96972254394544,-181.50948884218832
1898,-168.78845843153968,-176.00846603532466,-181.5225113348427
1899,-168.65833950243888,-175.96368053298534,-181.48726076436583
1900,-168.65691769057264,-176.0091870702119,-181.49529211667743
1901,-168.70916840853994,-175.92806097845815,-181.48025147385607
1902,-168.6398291276701,-175.96017240009465,-181.38317599782755
1903,-168.4685774741159,-175.91899338849922,-181.26817635863264
1904,-168.46073085689915,-175.80495420514262,-181.2775276243301
1905,-168.40578996405569,-175.7660876728744,-181.21336625060331
1906,-168.34734801268488,-175.67733002876895,-181.17670728956045
1907,-168.3426833310793,-175.71142924730628,-181.2940032397796
1908,-168.21809349547874,-175.75816010363474,-181.31964796943464
1909,-168.12138960444423,-175.6816352684345,-181.17355822151228
1910,-168.16970662679842,-175.79174118697262,-181.18861334302923
1911,-168.04268506369243,-175.61865475771862,-181.17901610609476
1912,-168.07778424912357,-175.601633357361,-181.1416679530787
1913,-167.9758692250013,-175.55864736487473,-181.06704198063716
1914,-167.97211033646667,-175.53250021179258,-180.94618577915975
1915,-167.85728329166164,-175.49853271839027,-180.9482022585662
1916,-167.75474321919722,-175.4815198783299,-180.89528529238498
1917,-167.70267612770294,-175.47398209563164,-180.889625675546
1918,-167.66269988683337,-175.5566552845229,-180.94930144060737
1919,-167.6280499008772,-175.54066060327807,-180.97896354323854
1920,-167.55911223464938,-175.48735782310143,-180.95835616618731
1921,-167.4683506015049,-175.42362812209538,-180.91177290029088
1922,-167.33805626866257,-175.45643020614608,-180.8906442577125
1923,-167.3383828201667,-175.38374731105827,-180.76940412257474
1924,-167.23259783059802,-175.30144718567652,-180.8382398371463
1925,-167.17620095573642,-175.2512646703187,-180.78667322770357
1926,-167.093207739073,-175.25726825422362,-180.77862758048644
1927,-167.01808332694975,-175.31176335868236,-180.71454969550933
1928,-167.10173294790258,-175.480288592923,-180.62212823817998
1929,-167.08019561314384,-175.48905831146303,-180.64236376661546
1930,-166.98039730064406,-175.37955125809813,-180.7156232585175
1931,-166.93684551540315,-175.3572880239834,-180.66976285037057
1932,-167.01590664572785,-175.18615626580572,-180.62433036748234
1933,-167.07559861012584,-175.21928264594243,-180.54414547557343
1934,-167.05542479346101,-175.20588284671584,-180.52044587171235
1935,-167.12749979969303,-175.2262619990115,-180.56670848794732
1936,-167.0327662161639,-175.20265708132925,-180.5292364998486
1937,-166.86477051411487,-175.22895680439504,-180.5402042502987
1938,-166.81355302282844,-175.26252475787072,-180.57117931812766
1939,-166.78541245215337,-175.26352790455135,-180.573034367692
1940,-166.66598382302436,-175.25418449935572,-180.55265747942292
1941,-166.6767777219963,-175.25293182970853,-180.49797192961518
1942,-166.7302368392999,-175.16885944844194,-180.62205056690155
1943,-166.61981480608318,-175.0987408499679,-180.60540466594526
1944,-166.56505859483855,-175.23216298561223,-180.5582645526882
1945,-166.48033131906493,-175.29734260651225,-180.47501771139366
1946,-166.393603532005,-175.2700255741251,-180.4035508635498
1947,-166.37917321102742,-175.2446381231968,-180.25686337917932
1948,-166.23221521658616,-175.2023031552944,-180.29214877084462
1949,-166.30979477890872,-175.09060731999523,-180.1705271616274
1950,-166.20026739114473,-175.07256176664828,-180.19811532055076
1951,-166.14975198659374,-175.12377459006098,-180.0679701918024
1952,-166.1993595081102,-175.1010238614192,-180.0334847325368
1953,-166.13320735731332,-175.0525523759519,-179.9776843534707
1954,-166.06252153876216,-175.1343641490136,-180.02465887895437
1955,-166.02834665635703,-175.2145479068018,-180.0159653330126
1956,-165.83787671004262,-175.18786926351433,-180.09222984551513
1957,-165.79218956154853,-175.08737738592657,-180.17836213151168
1958,-165.84406364180722,-175.01387056049722,-180.2513202264071
1959,-165.7025731108596,-174.98040580220314,-180.15490376340998
1960,-165.71733565828345,-174.96715679312337,-180.13025093968636
1961,-165.63361660286694,-174.854199151479,-180.19066443026625
1962,-165.66685913638642,-174.88307317444523,-180.15355164907749
1963,-165.5291010005933,-174.93514632353435,-180.18783966570524
1964,-165.5865806765272,-174.9345605762062,-180.19538743885937
1965,-165.53159506806122,-174.82620291770544,-180.18317165096016
1966,-165.51878155885868,-174.78913361709039,-180.06530819044468
1967,-165.51907174685437,-174.8075614646376,-180.04396532554142
1968,-165.43863896932478,-174.77191261788704,-180.00539528719253
1969,-165.33605290906326,-174.74447090636514,-180.04171911527465
1970,-165.34160662023328,-174.8535340860792,-179.9991415029266
1971,-165.31958008220852,-174.94352929434893,-179.89987087857665
1972,-165.42169921544607,-174.9115344925396,-179.9092817572718
1973,-165.4440562106448,-174.8221753925982,-179.85443353676413
1974,-165.22073668484074,-174.76177446589446,-179.80938137626148
1975,-165.29871454635517,-174.7553886549754,-179.86704798206364
1976,-165.21363502548343,-174.74434691581314,-179.92102175842538
1977,-165.08005383661185,-174.56781341638796,-179.8762439914367
1978,-165.00785620401265,-174.4737920683362,-179.93450352521646
1979,-165.02368324253814,-174.44988274702956,-179.94388544761196
1980,-164.88855939395205,-174.44486764898755,-179.88160060292586
1981,-164.7655372909211,-174.361606278417,-179.82707521477502
1982,-164.80937614785242,-174.3087121881719,-179.7994544462091
1983,-164.88959387752078,-174.27341217225103,-179.69191707554228
1984,-164.81775936398384,-174.28671143425083,-179.73049349026616
1985,-164.76081877479606,-174.26491093146888,-179.76596782081782
1986,-164.75346174083958,-174.0866178777516,-179.79937600517567
1987,-164.7358020912946,-174.06854983716215,-179.83441170629942
1988,-164.7043556050867,-174.04184531677993,-179.76612120509023
1989,-164.5625291666128,-173.967585851863,-179.8188084507418
1990,-164.6270967943471,-173.92598334704792,-179.78760880694753
1991,-164.48100621750427,-173.98375200858027,-179.79841411718644
1992,-164.45913535516792,-174.0343356032728,-179.69586584206297
1993,-164.47436312460437,-173.97965030014774,-179.64972619878878
1994,-164.50648448040613,-173.85904777230866,-179.6507460310682
1995,-164.49164312599328,-173.66706076567942,-179.52881701437082
1996,-164.39241188483618,-173.57939575702835,-179.4871466054111
1997,-164.44787741492195,-173.5524680677055,-179.4971564385554
1998,-164.49607085606453,-173.4897349349252,-179.452049976364
1999,-164.55981484064097,-173.47975034578894,-179.55768025814785
2000,-164.38400677822537,-173.4687684365813,-179.46173781598569
2001,-164.36436227414418,-173.41609827134408,-179.50120097572847
2002,-164.15960499589937,-173.2218153601961,-179.43266935289944
2003,-164.18894778878598,-173.12679239349347,-179.4252860599654
2004,-164.04917286805704,-173.16827617616144,-179.4062872583314
2005,-163.99927449022,-173.1788713765161,-179.38800523825896
2006,-164.01810231880125,-173.1942495399382,-179.3273342754361
2007,-163.96136367438834,-173.21223259097474,-179.2291556183318
2008,-163.9690355109829,-173.16198492059831,-179.2962033944787
2009,-163.83755753668638,-173.1063141499645,-179.18228990520646
2010,-163.8017846849817,-173.0666829372193,-179.14259203451377
2011,-163.81046646167994,-173.01060494572508,-179.16044456869983
2012,-163.74326531392956,-172.99274485675465,-179.0740802944419
2013,-163.67498015427418,-173.01056039727442,-179.10708695959997
2014,-163.70453211890538,-172.9920028731795,-179.06276377989195
2015,-163.71682438950944,-173.0535967897219,-179.09037276858334
2016,-163.7025889096795,-172.98415130010451,-179.08775800242728
2017,-163.63742849124105,-172.97941592215,-179.10797316547306
2018,-163.46518189509607,-172.98287047789518,-179.0822822425526
2019,-163.44452006762322,-172.98857764164114,-179.01824073107383
2020,-163.5040675463385,-173.015085065131,-178.9657317065931
2021,-163.41036394279897,-173.00627700813448,-178.95064869606568
2022,-163.36938770431112,-172.93955663481023,-178.97841171991564
2023,-163.30314810922394,-172.8740123920698,-179.03870712199648
2024,-163.31850123515397,-172.8786856004246,-178.9739285161891
2025,-163.28369775758566,-172.92791837524192,-178.9680712875878
2026,-163.20567317291966,-172.92886744216923,-178.99852490325395
2027,-163.11675717753118,-172.9124886827804,-179.01106027041124
2028,-163.10079553070048,-172.86015362160126,-179.0298496199528
2029,-163.22656026676268,-172.81526330619812,-179.05851079492157
2030,-163.23298146397872,-172.76692933031234,-179.09257949462068
2031,-163.19933111997148,-172.68294101273295,-179.02123365298436
2032,-163.12771578940712,-172.70144984954436,-178.98743897271953
2033,-163.13080427745672,-172.67875176825464,-179.1484906767002
2034,-163.0817800792755,-172.65073816749197,-179.2015880497362
2035,-162.96643031219364,-172.56077736967194,-179.20183152770022
2036,-162.9250073383322,-172.5229784728462,-179.24628097075197
2037,-162.78430860944087,-172.48458768399604,-179.2225269942256
2038,-162.832300330845,-172.48182742164178,-179.14864679077257
2039,-162.81467063268775,-172.438137774922,-179.05186897672232
2040,-162.8432642785491,-172.42773855550496,-179.0520431154343
2041,-162.66977375395288,-172.4543131848946,-179.0520415739133
2042,-162.75733318123463,-172.5237683207029,-179.06990625219962
2043,-162.6863807732644,-172.4293496087194,-179.1394306613991
2044,-162.6365027020343,-172.5079964978344,-179.08982511123793
2045,-162.67803103202303,-172.50629808329657,-179.13151428357548
2046,-162.80076914152824,-172.47876031017483,-179.1769466610852
2047,-162.87237405887726,-172.51805218800172,-179.2152606413576
2048,-162.7306972807952,-172.43881890080007,-179.18437199774596
2049,-162.53670392766657,-172.38735930750786,-179.2289878114359
2050,-162.59574742818677,-172.41851513249858,-179.2315982421386
2051,-162.55812868647263,-172.34977631127055,-179.26492300922104
2052,-162.51857518262577,-172.3242647917147,-179.30516824885302
2053,-162.3161038728465,-172.31713766004972,-179.38010081168315
2054,-162.28236960144292,-172.35255111185148,-179.33517168926156
2055,-162.238702779164,-172.38005342632783,-179.25382789766945
2056,-162.3227248129275,-172.35418108987483,-179.27228019480106
2057,-162.38446767749275,-172.33022598619925,-179.14264167066267
2058,-162.39730204902105,-172.31509252664333,-179.12124230420176
2059,-162.4146441667273,-172.27153497265778,-179.07133352254715
2060,-162.35642018743658,-172.16389165612767,-179.04979969188213
2061,-162.39679488871428,-172.09359297856955,-178.99034150671633
2062,-162.28597935422215,-172.1002961778864,-179.05881378790016
2063,-162.37098841633627,-172.01129445438653,-179.0523467308007
2064,-162.3872413648199,-171.91619817624309,-179.01141807415917
2065,-162.46435531270686,-171.73763071307536,-179.03231203027843
2066,-162.47413061552342,-171.67936486816228,-179.01605194620836
2067,-162.4953073098088,-171.60272651039756,-178.89925734824607
2068,-162.51612592458002,-171.57900993331438,-178.88008722933984
2069,-162.62495249774608,-171.507995374063,-178.94385325990194
2070,-162.5536913713127,-171.45461585143974,-178.9672224779765
2071,-162.64217434329532,-171.56069310020553,-178.9102755676856
2072,-162.6700996882072,-171.53931270324549,-178.92583340944296
2073,-162.6918643346587,-171.53036791523797,-178.95887239256984
2074,-162.64633224876127,-171.56628997036418,-179.05777502557868
2075,-162.61212338576635,-171.55091187423932,-178.94013473169286
2076,-162.58407961202624,-171.47271803195028,-178.91446196414827
2077,-162.64447375538333,-171.431101717156,-178.9179028404372
2078,-162.71331402413412,-171.29102607269664,-178.85356184716036
2079,-162.7922288674813,-171.3196302542321,-178.80358780155026
2080,-162.816085084492,-171.3789139044854,-178.76978662254962
2081,-162.765380851666,-171.31092120860427,-178.7092035416375
2082,-162.6502550543206,-171.24175492810843,-178.64547593925036
2083,-162.65613782529942,-171.32672197185076,-178.73536393313748
2084,-162.5819804748748,-171.23736491135173,-178.6736980264909
2085,-162.57626959465497,-171.17725983425987,-178.725300623873
2086,-162.53067359004822,-171.12785367742214,-178.6739804060719
2087,-162.57942136534268,-171.1291127377328,-178.66336242155057
2088,-162.4987305534857,-170.99356894806886,-178.71866888271467
2089,-162.50093323795107,-170.937226573234,-178.5822533386714
2090,-162.52000796485598,-170.99381604524626,-178.5352675671063
2091,-162.51458463041746,-171.04337252778936,-178.60794759441433
2092,-162.38099061848408,-171.17071991194203,-178.55100458633873
2093,-162.1823115518671,-171.13044389640783,-178.5006929383312
2094,-162.19800673168112,-171.08021171579196,-178.5192980042396
2095,-162.0472536533069,-171.08890777442747,-178.51270929696142
2096,-162.07143998637542,-171.0294676390764,-178.6135359049983
2097,-162.11087184124648,-171.0483354397193,-178.61009002444268
2098,-162.22903837358575,-171.05692188087147,-178.61513093113632
2099,-162.24956465492338,-171.05236521914298,-178.53381921859764
2100,-162.1143374393805,-171.02251950126112,-178.51952572467542
2101,-162.19662586385135,-170.99492285216093,-178.48121060721206
2102,-162.07620238563536,-170.97786405171126,-178.4436644394512
2103,-162.07656201875514,-170.95213039121262,-178.4196528083731
2104,-162.07553851552245,-170.8984598433541,-178.49121820375615
2105,-162.07142235501135,-170.76952782491168,-178.43195461118685
2106,-161.9145235892222,-170.74453486377502,-178.4096563554096
2107,-161.9204192650226,-170.68978382064864,-178.3028793288592
2108,-161.89535634975226,-170.72226719707527,-178.18371047743003
2109,-161.88022945703273,-170.70652697536582,-178.19101654991562
2110,-161.82903326704752,-170.60536414678526,-178.17916781034674
2111,-161.71588182845176,-170.53146105267314,-178.1926214622226
2112,-161.69369620180555,-170.52871500103947,-178.14184963701769
2113,-161.72858481014097,-170.47521147916802,-178.1257576308653
2114,-161.75583667495624,-170.39170416891454,-178.14820847062848
2115,-161.75056941199017,-170.2680236168863,-178.16552013424945
2116,-161.9325513430486,-170.20010347526667,-178.14769700665107
2117,-161.8156258838457,-170.18226816287375,-178.10707039270966
2118,-161.77482523108023,-170.22893079912473,-178.05690789270759
2119,-161.85557298966648,-170.1572830490515,-178.05032313041093
2120,-161.93969708394775,-170.1173023526398,-178.0920347628388
2121,-161.939309448235,-170.17238633805147,-178.0738999008792
2122,-161.7916742379558,-170.0261029027459,-178.1131237085012
2123,-161.88933793025353,-169.9509012259674,-177.99328529274413
2124,-161.90328776126827,-169.96678037462604,-177.95055505318635
2125,-161.8750572413514,-169.93781601125724,-177.92592935243803
2126,-161.7356482249802,-169.94714211877687,-177.9824830771154
2127,-161.75461568714525,-169.87899537482397,-177.94012518609588
2128,-161.7699164145975,-169.93158431765585,-177.99131478181334
2129,-161.69163108096063,-169.97461283179496,-177.97463506717816
2130,-161.69075202901206,-169.9371770641374,-177.97158949379389
2131,-161.73099551047227,-169.8247846885427,-178.03894345227977
2132,-161.67867483559166,-169.816843099871,-177.98542225683033
2133,-161.63937009913812,-169.7588334628124,-177.98124732742326
2134,-161.78068489119943,-169.72968099435553,-178.02558508843018
2135,-161.75293862064342,-169.72369356177717,-177.98061836561368
2136,-161.70097679276194,-169.64196008065755,-177.9979350063595
2137,-161.69165386424515,-169.79507343484715,-177.9710550618076
2138,-161.67328933994895,-169.74308154406611,-177.98710806083358
2139,-161.5818011129968,-169.71975316555762,-177.97864058937975
2140,-161.60118721826433,-169.62862796223342,-177.90590695066032
2141,-161.62993896986902,-169.65819274722853,-177.8996004635393
2142,-161.61356142088817,-169.6279310614174,-177.89462127946413
2143,-161.45233653684602,-169.56877053915346,-178.0055946758929
2144,-161.54935885713624,-169.527028057762,-177.96181271551984
2145,-161.54785447935544,-169.55982815952345,-177.9233872067066
2146,-161.59891275101108,-169.66195855246386,-177.84094557212904
2147,-161.58370224588901,-169.66457093344175,-177.79284150505998
2148,-161.43115775095043,-169.62058902780188,-177.87234459129883
2149,-161.48487587406441,-169.61189798610545,-177.83887637492734
2150,-161.46621959661707,-169.61592341770876,-177.77624333937126
2151,-161.50212432604275,-169.53753263609798,-177.7709715357217
2152,-161.52708638198766,-169.50344590156828,-177.81367525104446
2153,-161.42907125136412,-169.54769452822876,-177.81106046696945
2154,-161.39584518924335,-169.5392201794522,-177.76779278870822
2155,-161.3491743216781,-169.5986889871821,-177.7533324247246
2156,-161.47155162964503,-169.6566652805484,-177.75317453257014
2157,-161.37378166458373,-169.70359806395103,-177.68996884126238
2158,-161.31897223461388,-169.77687988246856,-177.65137200284096
2159,-161.308746529795,-169.7148448012049,-177.57911890044562
2160,-161.4430545826532,-169.66882510216482,-177.59420908031097
2161,-161.46527031089278,-169.62877734991616,-177.61713318281096
2162,-161.49220910114508,-169.62072112979064,-177.61242952507763
2163,-161.50205985332872,-169.58832774874216,-177.5581796227654
2164,-161.58965962379654,-169.5299521599279,-177.45725283917056
2165,-161.59453205440622,-169.43402069601999,-177.42191961442705
2166,-161.515777690868,-169.42985005300739,-177.41024953636958
2167,-161.48489138795878,-169.42964693392275,-177.44457214913615
2168,-161.41680876576947,-169.44850556991466,-177.38229991998077
2169,-161.51161012145548,-169.46517899398162,-177.40672093058038
2170,-161.47765367624805,-169.34950266602283,-177.39528344673926
2171,-161.56199025272508,-169.33569846338523,-177.28317479227795
2172,-161.5870415708509,-169.40973549479838,-177.30801827718363
2173,-161.4252212540066,-169.37066564717352,-177.22460190568333
2174,-161.39843708399812,-169.35722169963054,-177.2081602071982
2175,-161.42338916433712,-169.1914146037716,-177.15255148137112
2176,-161.4357349040618,-169.11399064562545,-177.14838583011374
2177,-161.4136593469977,-169.13870517511373,-177.1374660560115
2178,-161.5454240494096,-169.04901411221942,-177.04809298710518
2179,-161.52836487692187,-168.96702128510873,-177.0428044356484
2180,-161.3491458226119,-168.9045314362491,-176.99963831658928
2181,-161.35281416747023,-168.7619677458426,-177.0287238609928
2182,-161.41815082260447,-168.71071230833357,-176.95160247440384
2183,-161.4275018600124,-168.67312794612954,-176.82936550560748
2184,-161.46484179450852,-168.6903320900848,-176.90615230195425
2185,-161.48955660033187,-168.64084647602454,-176.85556395239894
2186,-161.4338414193486,-168.64573690487907,-176.73317383110702
2187,-161.4701540670559,-168.566782272271,-176.68151476247044
2188,-161.3529986128046,-168.48755992555536,-176.57726490559753
2189,-161.29320814117517,-168.45872079056838,-176.53164361525654
2190,-161.2749741008344,-168.51787818717423,-176.47193144967957
2191,-161.1896615933995,-168.48248786817254,-176.49552397892353
2192,-161.26035451096166,-168.45581830171807,-176.4598898633867
2193,-161.20689564445132,-168.41718654802736,-176.31569098175075
2194,-161.06256479084823,-168.3271214506006,-176.2590323175668
2195,-161.22459117490547,-168.25082589829282,-176.24102341728235
2196,-161.19422107087777,-168.21596870349168,-176.22752241135618
2197,-161.20025357079552,-168.18529904946445,-176.22616254162716
2198,-161.27397393867864,-168.13132517499804,-176.189498645819
2199,-161.25114309372287,-168.02091657428633,-176.1014327704125
2200,-161.13407893735217,-167.96994047831942,-176.1001590738921
2201,-161.17854149845897,-167.99795585944497,-176.01037498367955
2202,-161.02951208812,-167.82604051760188,-176.021546720841
2203,-161.02725546067455,-167.83268567475562,-175.98988356370813
2204,-160.99745231336834,-167.73073253939276,-175.99305065095987
2205,-160.93221606826182,-167.71327705059247,-175.93616364198834
2206,-160.86453924671557,-167.83082908488655,-175.91191705791343
2207,-160.92587532785507,-167.78667659813357,-175.90152570219792
2208,-160.86860040458885,-167.69719892436154,-175.897226443092
2209,-160.9088750985996,-167.67792129816132,-175.92456149809524
2210,-160.88696014656153,-167.41738407020196,-175.8491814108663
2211,-160.83393361571865,-167.46015996804465,-175.7926039796688
2212,-160.86512602517013,-167.4409305898331,-175.69362128347828
2213,-160.9475792099891,-167.39858733358807,-175.54345912044215
2214,-160.81859343696135,-167.3531974350537,-175.64619090936554
2215,-160.84786591060697,-167.2176020967002,-175.67316885904796
2216,-160.72858277052688,-167.136489283318,-175.54587819707785
2217,-160.59178963780417,-167.18581542322232,-175.54131233151827
2218,-160.63469775209273,-167.1330179538023,-175.49940670728537
2219,-160.56817978939085,-167.04122828158592,-175.5305368870525
2220,-160.61404022975177,-166.96731143545156,-175.51238173628477
2221,-160.52432001579686,-167.1039637087531,-175.54468237107068
2222,-160.52742131309031,-167.20015748580053,-175.4703187145687
2223,-160.3737946409326,-167.21662904071394,-175.44536991370728
2224,-160.3423935390325,-167.2383819337245,-175.42284882733026
2225,-160.34714639484667,-167.2837741330648,-175.37079238836054
2226,-160.3866342191899,-167.28617459795134,-175.3425989325189
2227,-160.30942324266402,-167.17708995734955,-175.31590697340417
2228,-160.30687435991638,-167.13990661803513,-175.27252651249015
2229,-160.30840527310198,-167.18334871325476,-175.1990558431842
2230,-160.3717452889324,-167.09480985074026,-175.09109130275343
2231,-160.29661668457155,-167.08580853388145,-175.08762295552413
2232,-160.1395976978912,-167.02492629782972,-175.09013728779667
2233,-160.11264106204942,-167.02889221983781,-175.05283200258373
2234,-160.01140838284545,-167.0330955025258,-174.96873815030042
2235,-159.9410798319302,-167.06741647606393,-175.11493774051783
2236,-159.93240899904225,-167.01744327337065,-175.02836237731074
2237,-159.83652948257895,-167.07075605359336,-174.99049812662224
2238,-159.79918338758074,-167.121152809889,-175.02473369406843
2239,-159.65060206462908,-167.09135391893142,-175.02508181279646
2240,-159.7278666312327,-167.08414730013504,-175.04397771200092
2241,-159.84798364655276,-167.0429723511916,-175.04699648647585
2242,-159.90371880829028,-167.08326545748167,-175.03914546142465
2243,-159.78697031090903,-167.05589479618368,-174.93201042879866
2244,-159.81010846012367,-167.08774166563512,-174.8884938375319
2245,-159.7552711767068,-167.1377680977717,-174.84527118299252
2246,-159.63624165670348,-167.1992825259662,-174.81850075441628
2247,-159.57743640541963,-167.04973419420185,-174.82037312587778
2248,-159.58029909631279,-167.0494758981818,-174.75593587287898
2249,-159.61392029470142,-166.9671448563094,-174.80190446380135
2250,-159.70252447809582,-166.98908502501638,-174.78032741437238
2251,-159.6144640274486,-166.9038628028323,-174.69635079421136
2252,-159.5924165674373,-166.84084522915776,-174.669319483555
2253,-159.7433333910524,-166.88038165454378,-174.73823663815517
2254,-159.64647879763936,-166.90707814983847,-174.5991711229745
2255,-159.61054050696265,-166.82814042304156,-174.5761493220904
2256,-159.5228746305912,-166.78853159113177,-174.46526762953266
2257,-159.5102195402544,-166.73122693442093,-174.43577744232053
2258,-159.4572136643667,-166.66525256108585,-174.31325206756753
2259,-159.35473292013285,-166.64180688529902,-174.3373518556835
2260,-159.44160889189715,-166.68585080083506,-174.29316808130687
2261,-159.34355023515468,-166.69472413784837,-174.28871777662712
2262,-159.26399277630728,-166.72245871335656,-174.2687358353669
2263,-159.20912625658707,-166.71234292754934,-174.25645171169913
2264,-159.21338117928178,-166.657584974053,-174.17547006577047
2265,-159.2755137523199,-166.68484994395152,-174.2557885077524
2266,-159.4313090986886,-166.72335272692663,-174.3285019855925
2267,-159.35642576296567,-166.74169234473152,-174.3869843228847
2268,-159.5344263403216,-166.73565226002876,-174.42815903287388
2269,-159.57713978830344,-166.71619097764346,-174.39724492574493
2270,-159.6347334424048,-166.73551665282787,-174.37070570762734
2271,-159.6427904018276,-166.77141925350952,-174.38800081020742
2272,-159.6462802641789,-166.7450876348675,-174.41515692521295
2273,-159.581001915453,-166.76854546715572,-174.3996094815934
2274,-159.602156789546,-166.74437589183444,-174.4044830211118
2275,-159.54381609184486,-166.80346790520878,-174.3606293270997
2276,-159.37335124709807,-166.77069828885385,-174.30523207757182
2277,-159.35458372652334,-166.72504060417197,-174.28145668000067
2278,-159.4302954682145,-166.71291004270688,-174.2448384607471
2279,-159.33862464677236,-166.63499529257808,-174.25025469833838
2280,-159.14360338526726,-166.5716117532307,-174.1067630109093
2281,-159.2304075721521,-166.4937490644749,-174.0493458137239
2282,-159.19905377250439,-166.46313541401202,-174.02299486222304
2283,-159.24207415765983,-166.53829033432768,-174.07417782295272
2284,-159.27949767783915,-166.4081084963815,-173.9981848083171
2285,-159.28485579462665,-166.35022912242368,-174.0442897965114
2286,-159.27690808575534,-166.34785073103342,-174.01992671829564
2287,-159.2230351282417,-166.32733254705093,-174.03208841861192
2288,-159.1072943573158,-166.30321813005602,-173.98521637991334
2289,-159.1806812205721,-166.2678818583904,-173.92501754415443
2290,-159.1065390459733,-166.13385881590688,-173.91718793129345
2291,-159.07629072170803,-166.16652557251206,-173.8874867932361
2292,-158.94906268414096,-166.1853078518388,-173.9168127237916
2293,-159.07707778528956,-166.2556806624575,-173.81796221890733
2294,-159.01782903973307,-166.31751101864225,-173.7448935049619
2295,-159.01217428035753,-166.22351643510575,-173.68285604204846
2296,-158.9925697892552,-166.22562202282393,-173.6680599827576
2297,-159.0780888303788,-166.10986472839076,-173.6458033075022
2298,-158.96682235698785,-166.16801147848616,-173.51513229107155
2299,-158.93505575298423,-166.12878554294912,-173.55140480571296
2300,-158.89849747448187,-166.17669492239435,-173.53789896839058
2301,-158.76701721693172,-166.13078642903105,-173.54450045801676
2302,-158.75321157408217,-166.12124340637965,-173.49486288049272
2303,-158.80910633852545,-166.1993989420793,-173.36913545507565
2304,-158.70945876920536,-166.2090871134239,-173.37177033741824
2305,-158.61553331153337,-166.16240845137918,-173.49034112637312
2306,-158.61885989375125,-166.08321327832613,-173.56911902443633
2307,-158.63528161133985,-165.9783784671701,-173.52995268359908
2308,-158.67208754331585,-165.9636666398314,-173.40933149638624
2309,-158.5991921479809,-165.9402256951533,-173.42293235599487
2310,-158.62782076091122,-165.8828406802133,-173.35933108881162
2311,-158.67735533870768,-165.90207831904752,-173.42788424188453
2312,-158.53434886540924,-165.8616293784741,-173.4039425018452
2313,-158.56712494538925,-165.74266419047512,-173.29693958071914
2314,-158.56536455261153,-165.7772658030222,-173.26784678059423
2315,-158.6547305457587,-165.7709132492928,-173.35576040793458
2316,-158.57794982673738,-165.7238472892539,-173.3547782557041
2317,-158.64852139444065,-165.5824934140871,-173.40513404931562
2318,-158.61611734168832,-165.55342775272516,-173.4199222083945
2319,-158.57847500188302,-165.53550590868474,-173.35054426834782
2320,-158.50908168275424,-165.52484142717148,-173.28674036402094
2321,-158.54366472478114,-165.61343725244092,-173.25817810365618
2322,-158.47804922420212,-165.58809783994803,-173.2027507507995
2323,-158.46737294692036,-165.7539846597227,-173.1783683123661
2324,-158.4576014832353,-165.79479631148095,-173.2900319710996
2325,-158.495467486496,-165.83137952840002,-173.30704071263963
2326,-158.57701853503903,-165.6718412593387,-173.3370064691397
2327,-158.58231554159994,-165.57227529551844,-173.23581093145322
2328,-158.52245174125932,-165.53019160086325,-173.2280244974543
2329,-158.4402185512509,-165.4507339975494,-173.29488309673462
2330,-158.28157217348277,-165.603036837245,-173.2856449445281
2331,-158.2818274041186,-165.72542433719386,-173.29007606264918
2332,-158.23975563577008,-165.57666741596321,-173.28145659969806
2333,-158.3116333043605,-165.5737755010711,-173.3500398159171
2334,-158.180427268784,-165.5392820540756,-173.3457033528202
2335,-158.11498654398642,-165.52356814715347,-173.27759209707418
2336,-158.16839735982236,-165.49562473585925,-173.1478102838172
2337,-158.12182299146542,-165.4382725782792,-173.1179712811723
2338,-158.0170101804043,-165.48287739256324,-173.1356688367858
2339,-157.9029334402572,-165.42056165874402,-173.086862175129
2340,-158.00951352293683,-165.47569132687022,-173.08478032089374
2341,-157.91246089662087,-165.51384160260466,-173.08894543479283
2342,-157.86226526063422,-165.5334966180732,-173.03801534037876
2343,-157.8961010648286,-165.47774461318062,-173.044120187428
2344,-157.8316653639362,-165.4573784596265,-173.01651380897624
2345,-157.8077564486901,-165.43998444840088,-173.03273751753858
2346,-157.77693508776002,-165.46215033224237,-173.07018917313212
2347,-157.66810887148978,-165.5540947624889,-173.0891063209546
2348,-157.6562886851226,-165.57537780609462,-173.04817896917578
2349,-157.6711781712424,-165.54310732964097,-173.016530286237
2350,-157.55638334714249,-165.54540256573608,-172.99497585105414
2351,-157.68796491155527,-165.59758959633686,-172.96495059269114
2352,-157.53803163572573,-165.5839910616213,-172.96490548276896
2353,-157.53622016505153,-165.68028413260993,-172.97788311608042
2354,-157.57177332324682,-165.7416257932767,-172.99048495076704
2355,-157.47033278533354,-165.80939751075329,-172.9941956211188
2356,-157.53293227952253,-165.8085567602713,-172.9033907221202
2357,-157.52424849656384,-165.80746553758695,-172.9127773675907
2358,-157.4232976252904,-165.81018770739826,-172.8584391636291
2359,-157.29872746162124,-165.84857217794456,-172.92906588935801
2360,-157.33012304851917,-165.91551141034694,-172.85383571115045
2361,-157.426631901044,-165.82868756738748,-172.78920993842337
2362,-157.4765385159941,-165.85811267797547,-172.66647343776785
2363,-157.5385684117463,-165.79682189950776,-172.60605218796388
2364,-157.48025578604904,-165.78211514149748,-172.55356868335105
2365,-157.48695006364892,-165.7529847078104,-172.52317071201242
2366,-157.5052187763379,-165.6086092167533,-172.50523179007484
2367,-157.28335081704756,-165.59278826724415,-172.49719403577632
2368,-157.26420723713846,-165.7304134581679,-172.46787723516093
2369,-157.32821912932553,-165.6520323957251,-172.34729571217193
2370,-157.2812576142377,-165.80401900113992,-172.3640204796946
2371,-157.34308074184202,-165.77418440104498,-172.3836055387835
2372,-157.30892442877138,-165.71042656131863,-172.45066793063228
2373,-157.3478029087916,-165.7020485755898,-172.42497903716503
2374,-157.42796992531567,-165.67426174175796,-172.285286587706
2375,-157.3943409347562,-165.77481918707863,-172.18376879856538
2376,-157.5502615466852,-165.91901741248688,-172.252139133736
2377,-157.5439922101384,-165.86140775408472,-172.3132969553767
2378,-157.4453266600258,-165.8334534399107,-172.25465675861716
2379,-157.48768620017483,-165.79099140794636,-172.24472846491668
2380,-157.4309418418153,-165.7939719780899,-172.22848722400462
2381,-157.39975450919354,-165.74799050361133,-172.20305166330502
2382,-157.4554573104688,-165.60353538646643,-172.1564103438281
2383,-157.58366663837398,-165.6417968357339,-172.15682481226824
2384,-157.6397009545116,-165.6343771127208,-172.21437900989827
2385,-157.59689689100185,-165.61358275829102,-172.13292183727071
2386,-157.58693463720923,-165.4982059991527,-172.16237451091467
2387,-157.52502852740747,-165.59916612404857,-172.18498755424577
2388,-157.5346140241379,-165.58370251708692,-172.17909522693213
2389,-157.4020451367407,-165.54617452948602,-172.29248448988938
2390,-157.2402390108863,-165.56025441249247,-172.3555801265859
2391,-157.18186623473267,-165.59603535454127,-172.35961058086716
2392,-157.22237694280062,-165.48528907863323,-172.25973850436975
2393,-157.19372126005663,-165.48604851500613,-172.2204984081128
2394,-157.2001714064504,-165.48491835310372,-172.2527200729258
2395,-157.11290958945003,-165.42358876220555,-172.17577426346372
2396,-157.0256858548421,-165.42390940042463,-172.12656013094534
2397,-156.96138144331152,-165.38791133459324,-172.11825754630416
2398,-156.7802287095665,-165.28555700949642,-172.03781358050185
2399,-156.77502981701883,-165.2028983031658,-172.03203219674003
2400,-156.65614908037213,-165.167324136726,-172.03337155046253
2401,-156.54116794628186,-165.12304115665822,-172.03727556614984
2402,-156.49821309910072,-165.0919393262259,-171.99321135413555
2403,-156.59500522410792,-165.08755387992574,-172.0775388455031
2404,-156.6673947874441,-165.0768496017099,-172.06403614445816
2405,-156.73300974367683,-164.94038500872352,-171.96443207413174
2406,-156.7152661424888,-164.89691142255725,-171.96252667010788
2407,-156.65087620448867,-164.97706826063074,-171.91055279268517
2408,-156.52246131544786,-165.02338896236455,-171.87201522990568
2409,-156.45435677379243,-165.06981732715053,-171.9021091864988
2410,-156.3150628781279,-165.10411594992814,-171.92214892891081
2411,-156.33169618633616,-165.15991449303212,-171.9061912342856
2412,-156.2993622083418,-165.08612629857424,-171.91780238886597
2413,-156.20177881077078,-164.822147366563,-171.9082082192795
2414,-156.3349719771627,-164.7731146665345,-171.9044294508438
2415,-156.32909338551997,-164.75897714175602,-171.94548093278632
2416,-156.36962686009872,-164.8071757956834,-172.0156800177997
2417,-156.27135987078796,-164.84378609240292,-172.00523823145136
2418,-156.1376440423193,-164.69173227067304,-172.03235418928477
2419,-156.1347902409653,-164.7533951360967,-171.9533267292415
2420,-156.0287374455978,-164.79407774802132,-171.93080615344815
2421,-155.98259063212143,-164.73238282123864,-171.91445214535233
2422,-155.97866677229996,-164.6873726500412,-171.87105640442567
2423,-156.0177781177045,-164.6204111719689,-171.85058302816336
2424,-156.0939866831872,-164.5138788780273,-171.83094751206127
2425,-156.03578401685013,-164.49114298896376,-171.8035141538998
2426,-155.86283008068517,-164.39790684436312,-171.75966494679182
2427,-155.9254660033217,-164.32623180408837,-171.74162073663555
2428,-155.8089495241295,-164.14275148903505,-171.72789265940702
2429,-155.7844055823128,-164.03682515680993,-171.70061482036223
2430,-155.79491603969467,-164.04665981251372,-171.6257449307489
2431,-155.68058078213517,-163.93472868186876,-171.57148045292683
2432,-155.5529047446962,-163.85493456141225,-171.49888771168185
2433,-155.55658777661864,-163.80083680350901,-171.418180757688
2434,-155.47353868343646,-163.8219934366138,-171.33929305343958
2435,-155.44884028711533,-163.79591515999533,-171.27530408497296
2436,-155.45589649174366,-163.7998488149971,-171.2763671704781
2437,-155.47556170266876,-163.8747098519993,-171.29748191174977
2438,-155.432518950378,-163.8168636350042,-171.30136081334004
2439,-155.38466337972488,-163.8308983994115,-171.19308170640505
2440,-155.46166456892072,-163.85344742306725,-171.20344216347144
2441,-155.50030525913974,-163.93810816483546,-171.202520935236
2442,-155.5914145802655,-164.0867424802755,-171.13755382448994
2443,-155.51459276027833,-163.96736051946817,-171.07139471432149
2444,-155.3970026338271,-164.00278282973343,-171.05196398734864
2445,-155.38622129183477,-164.0755801962684,-170.9859358613152
2446,-155.44602006893473,-163.9312942605548,-170.92940355514358
2447,-155.45751960078275,-163.96462150352357,-170.9112060835016
2448,-155.4671867690304,-163.97128511245464,-170.8966435605817
2449,-155.37447370591553,-163.85883877979748,-170.99445562624618
2450,-155.32418363755022,-163.9132200300968,-170.96899219893393
2451,-155.22397033422686,-163.95052088071023,-170.8993998431729
2452,-155.24898135136146,-163.90429006284648,-170.76526608485446
2453,-155.26832317184656,-163.8144694339632,-170.79857725795046
2454,-155.18697510910692,-163.6828077213114,-170.80394307171088
2455,-155.13330642002586,-163.7526305077114,-170.83776707711525
2456,-155.21679534180336,-163.68916840813858,-170.81198016354892
2457,-155.15115408513884,-163.66723886806756,-170.84252662372583
2458,-155.19310186324077,-163.58572003778585,-170.87770203083628
2459,-155.0963528760546,-163.6135046381413,-170.82272325747817
2460,-155.1757890224574,-163.5379516436243,-170.8555102821942
2461,-155.1476380187474,-163.54353396580532,-170.835674677846
2462,-155.0165358920696,-163.51205612152242,-170.82069266961798
2463,-154.90099991758703,-163.4219396502345,-170.92681884044669
2464,-155.08062222148493,-163.32934418427755,-170.90354773028048
2465,-154.96788285870798,-163.2718517984839,-170.75828157686965
2466,-154.84818870582626,-163.35650200189463,-170.64665498067743
2467,-154.90280471746925,-163.4320227759855,-170.63172231944262
2468,-154.97269017068353,-163.41462512171842,-170.59296905760567
2469,-154.8824780803078,-163.369734293241,-170.5339571172097
2470,-154.73000153601174,-163.3266871029812,-170.57150641445256
2471,-154.71621700244393,-163.2746991271408,-170.41952066771648
2472,-154.77920686258557,-163.28776761973913,-170.4014729581989
2473,-154.72015247975787,-163.29689548720776,-170.461514630458
2474,-154.70355029705846,-163.30547575780236,-170.44390757201782
2475,-154.60730812664758,-163.23965772174807,-170.3325597890178
2476,-154.50561309930697,-163.1282076770841,-170.2437401192679
2477,-154.46027751740635,-163.16891391666567,-170.18210326751327
2478,-154.54146275780982,-163.13770538577091,-170.0636635632256
2479,-154.56080360126157,-163.14810588466887,-170.14379656064963
2480,-154.5710868604673,-163.22659053580153,-170.13943386538114
2481,-154.5429700252279,-163.21040048491537,-170.07793162162713
2482,-154.70674340017365,-163.2407024848309,-170.03332682924932
2483,-154.63456461803673,-163.15204197690693,-170.02048777367872
2484,-154.5270534739161,-163.15749528910996,-169.91537490156395
2485,-154.53980995526976,-163.1569269905007,-169.8532309031926
2486,-154.55145393941655,-163.24671012125194,-169.80912685372817
2487,-154.56988808264947,-163.2506163734748,-169.81674302698968
2488,-154.65427246290483,-163.28158049549535,-169.78553547958242
2489,-154.627854013157,-163.42867074987066,-169.66997519151056
2490,-154.79532347732223,-163.305265278064,-169.5823124223092
2491,-154.7104892572744,-163.14615099223124,-169.5748082208423
2492,-154.74722394292485,-163.1936142963571,-169.50456862970444
2493,-154.64209769977825,-163.1947095780648,-169.4385249115878
2494,-154.7489751095778,-163.13175713455183,-169.39990427482732
2495,-154.62757800769674,-163.10440840539547,-169.45617378559092
2496,-154.47435465515696,-163.1303509999899,-169.48285429690526
2497,-154.41446975523883,-163.06976427772133,-169.39845295037685
2498,-154.42857909064782,-163.01197576527915,-169.46634328146806
2499,-154.50509175495887,-163.02380434232782,-169.42050616746803
2500,-154.44713285933008,-162.98577902134127,-169.41615195924578
2501,-154.48465111419637,-162.97960751094774,-169.37034384939344
2502,-154.56274264827363,-162.9788598963936,-169.38296613532177
2503,-154.44886452338477,-163.05599008776954,-169.3488669398746
2504,-154.4472047626678,-163.06025725404947,-169.27489860358452
2505,-154.4761020742125,-162.97463254212118,-169.24153043833567
2506,-154.4949207872646,-162.89112122830818,-169.19202903000624
2507,-154.47472479379462,-162.8244805140781,-169.1565541135248
2508,-154.41032676020893,-162.83067678600932,-169.2239772369486
2509,-154.29900318562224,-162.89338264446178,-169.21695568999334
2510,-154.36721931992668,-162.86105087255453,-169.26258408928464
2511,-154.26545161142755,-162.77135563288908,-169.22009272382897
2512,-154.29922692030834,-162.7471367393756,-169.11704403419967
2513,-154.2846565609305,-162.8058903232797,-169.10198579302943
2514,-154.20433001166168,-162.73332485427298,-169.0902866092013
2515,-154.29381605838927,-162.71394003760628,-169.10560509852917
2516,-154.20299297878898,-162.7058042909817,-169.09157678274178
2517,-154.17532010971073,-162.71746630417215,-169.04366395392958
2518,-154.2136541372347,-162.69866101045204,-169.02528319972487
2519,-154.23773022042616,-162.82886045622655,-169.0406142377833
2520,-154.29695788181954,-162.7471705303861,-169.07998333367428
2521,-154.14252887708233,-162.79741698264888,-169.09992319635745
2522,-154.13670214277107,-162.84806288995236,-169.05090128059578
2523,-154.01870943356073,-162.8035170976657,-169.04538974451634
2524,-154.0124502474879,-162.7842459719222,-169.0712848494405
2525,-153.98280053641014,-162.7644728326817,-169.01389870647512
2526,-153.8375520648513,-162.78237361572135,-168.9811173967484
2527,-153.94703924086684,-162.7263594639409,-168.91643059811236
2528,-153.8460392129653,-162.67285542678871,-168.92995324631806
2529,-153.83515602691696,-162.65840440804112,-168.94961939159373
2530,-153.78603925382475,-162.54960527581966,-168.91635164112733
2531,-153.70536292282034,-162.46737781981432,-168.91517074418414
2532,-153.65482881404841,-162.45808369705395,-168.88469829693958
2533,-153.5377930903356,-162.4519502022565,-168.88833693956823
2534,-153.44542405298318,-162.4420743444271,-168.8647082446895
2535,-153.4715192208169,-162.33035944465797,-168.87331469403236
2536,-153.37592112176742,-162.17965973380882,-168.81690699664603
2537,-153.41225267820667,-162.16044961733402,-168.76152634537016
2538,-153.40910573527154,-162.16223132997095,-168.87080537346185
2539,-153.3484105864337,-162.1178652803614,-168.8682858719967
2540,-153.27333674987892,-162.15227782453348,-168.8343634799989
2541,-153.17702352005784,-162.08843742493153,-168.79807618703478
2542,-153.05602103769826,-162.14825096384524,-168.7898195951196
2543,-153.0244510223524,-162.02375737888156,-168.76352442763863
2544,-152.8807631634677,-162.03693200337545,-168.74425181191984
2545,-152.88127586299638,-161.9758080965368,-168.7849271894051
2546,-152.81606569766288,-162.07359490485032,-168.67651314177857
2547,-152.83202141740736,-162.13026646225285,-168.62434176150137
2548,-152.69121702732787,-162.15845477873648,-168.5921020007592
2549,-152.67129072098766,-162.16050644323118,-168.53603024493898
2550,-152.70404014351772,-162.11595467361764,-168.51624270901883
2551,-152.71227636654902,-162.0969275919264,-168.45363209460942
2552,-152.63859731797038,-162.2294114080095,-168.47330280606644
2553,-152.61484200243098,-162.19701323391223,-168.4838645564699
2554,-152.66153455140417,-162.08613308629327,-168.38083063870144
2555,-152.7398435776223,-162.16352021813128,-168.34837342829056
2556,-152.63420476128596,-162.27847575697157,-168.427496911157
2557,-152.7049692484316,-162.1466400246768,-168.3702508467972
2558,-152.82088928224397,-162.24468893537636,-168.33437090701136
2559,-152.8395469093348,-162.25247083487278,-168.29691686035977
2560,-152.74968228785087,-162.3053902227413,-168.27476989122871
2561,-152.81191304747412,-162.32736908222122,-168.2162460974738
2562,-152.82831651512765,-162.2756130037924,-168.26609620574217
2563,-152.77597457342642,-162.1543365220428,-168.17253831953371
2564,-152.76435622115105,-162.10117431810855,-168.25626574763848
2565,-152.7904971174822,-162.18656967204635,-168.2828980390779
2566,-152.78948820784012,-162.24623871961123,-168.2538109147798
2567,-152.77792617413556,-162.18962287578228,-168.30947780389494
2568,-152.86575792391832,-162.09682466662167,-168.36881462887908
2569,-152.76725259723088,-162.07989404796558,-168.33137396192194
2570,-152.9054912829814,-161.92867643749398,-168.31816861237553
2571,-152.98815722482092,-161.92701020249697,-168.40592754757003
2572,-153.0098979908077,-161.94302686198182,-168.43637589442557
2573,-152.97371922171868,-162.05073666774388,-168.45053135504384
2574,-152.89696268026034,-162.0968801679613,-168.4529517140136
2575,-152.8811097445552,-162.03334730599065,-168.45084882294404
2576,-152.82940070660027,-162.02684390211405,-168.39902612392171
2577,-152.79268235915788,-161.96273066587142,-168.41726024060932
2578,-152.79834108612388,-162.07334680562255,-168.37883262045492
2579,-152.7848256302384,-162.14577926898545,-168.39633337520473
2580,-152.88685283025046,-162.0534973058697,-168.406982868353
2581,-152.81704626313208,-162.00962335306255,-168.41055125432013
2582,-152.75062801647948,-162.0197312403731,-168.35842749939889
2583,-152.6905701893304,-162.05887418549273,-168.32582278263138
2584,-152.63548753379717,-162.1383363551178,-168.27907296949957
2585,-152.57847693043377,-162.11228185338484,-168.34733502397222
2586,-152.61024641877142,-162.12156441868956,-168.35462007191728
2587,-152.60811580324605,-162.13318651852472,-168.36984024512248
2588,-152.5146875014824,-162.24006542231086,-168.30523316246013
2589,-152.4811244789662,-162.35320637283291,-168.3006766745489
2590,-152.37522837757916,-162.24100078413633,-168.37051813931242
2591,-152.47885128474928,-162.31539552444582,-168.3414329124597
2592,-152.6644055611187,-162.3479846361554,-168.4026895971393
2593,-152.66837823611186,-162.30250972489222,-168.405925396262
2594,-152.6789971967134,-162.28771299125052,-168.45593261800917
2595,-152.8165265761908,-162.2433605627893,-168.48550684668052
2596,-152.83842590272394,-162.20496401035302,-168.4860831813261
2597,-152.6984181516463,-162.150784715624,-168.36699819088307
2598,-152.626971691749,-162.26348602165854,-168.3332541550662
2599,-152.62396164622544,-162.32223386122038,-168.42385424231296
2600,-152.68709750401274,-162.20834482387585,-168.45507124473113
2601,-152.4975616632812,-162.14243182243445,-168.3723004687863
2602,-152.47808762954074,-162.0711862903613,-168.45712121462415
2603,-152.41290482194466,-162.03950738709585,-168.41882055745063
2604,-152.4212417182474,-162.0276543572068,-168.45242527355134
2605,-152.35396418984408,-161.94050774996253,-168.43442046055662
2606,-152.2257506412495,-162.07925778348954,-168.43697032847507
2607,-152.14714087461246,-161.9554226034869,-168.3356783029907
2608,-152.1542741155912,-161.89497527338037,-168.28619302983012
2609,-152.1952929170311,-161.9357114895723,-168.20481020693802
2610,-152.180428410007,-161.9072344105374,-168.1962156739314
2611,-152.23614997669262,-161.86478864946406,-168.16966090793187
2612,-152.27667030284442,-161.78372447757218,-168.1954629024945
2613,-152.17574971379344,-161.7567563136389,-168.18617970696283
2614,-152.21883273510502,-161.76002295728472,-168.2038673771939
2615,-152.23126180753496,-161.72536330534814,-168.0688409577422
2616,-152.15753318417262,-161.8157724015963,-168.00649640070407
2617,-152.14020881008787,-161.87593554385256,-167.86221139802416
2618,-152.0601403403632,-161.89200111004152,-167.82401270510718
2619,-152.06792211670773,-161.84395606505868,-167.761282813403
2620,-151.98153627532236,-161.91031467245494,-167.745603648379
2621,-152.02187753415757,-161.86301993347666,-167.68392748796194
2622,-152.07959842838164,-161.86023496312427,-167.62268167996976
2623,-152.0550832408386,-161.81515454037913,-167.5042818952798
2624,-151.79779346565812,-161.73540633857058,-167.38939977276215
2625,-151.998880651494,-161.7148232244479,-167.39278791543967
2626,-151.98616537934413,-161.6406807884083,-167.4511434070777
2627,-151.77964329082027,-161.55848779908268,-167.42129415078347
2628,-151.59466085113706,-161.59325526036355,-167.45612745461773
2629,-151.661179748333,-161.4930223213491,-167.4748384421332
2630,-151.6554584975142,-161.57121415314566,-167.4613809226666
2631,-151.5796616535374,-161.5584235777953,-167.48259663616915
2632,-151.60819509907404,-161.5073545288526,-167.42768243254108
2633,-151.66880104179052,-161.55183932838912,-167.36594806494514
2634,-151.59558844191596,-161.51831876947432,-167.37549182263785
2635,-151.65707560055412,-161.49576805269282,-167.35417067079058
2636,-151.7634588725244,-161.51363220899512,-167.34713521897334
2637,-151.66001205359294,-161.50238019976456,-167.38662558279952
2638,-151.53754108640248,-161.3728927142186,-167.51351300135016
2639,-151.41326436426004,-161.3279201722514,-167.48066222439166
2640,-151.31908319771412,-161.22428908474683,-167.43272894875668
2641,-151.26635714047626,-161.22597555321386,-167.43199349646028
2642,-151.07856840229795,-161.25995260691852,-167.44844598479222
2643,-151.0975064659052,-161.1825746103068,-167.44723448448167
2644,-151.14696418968168,-161.07479026328792,-167.4712898157082
2645,-151.08684549994106,-160.93362088281623,-167.4461552136963
2646,-151.00675234326508,-160.95316889206012,-167.38351580025557
2647,-150.98188510552012,-160.88773640102687,-167.39235004631684
2648,-150.9960908119558,-160.83944952555657,-167.42391538005216
2649,-151.04836402762936,-160.66975098011233,-167.4095623325622
2650,-150.98209850799134,-160.6695606538625,-167.3899700403989
2651,-150.92801154680234,-160.65115465715817,-167.47345013343687
2652,-150.89231697012656,-160.68306661084068,-167.52009744643277
2653,-150.9025140655769,-160.689615428784,-167.5036556079886
2654,-150.96208229368264,-160.74726921182184,-167.51074384975195
2655,-151.03278948983967,-160.72363087002793,-167.45088906861335
2656,-150.93382858972768,-160.84210921434743,-167.4938836358079
2657,-151.01511843022797,-160.88732386667158,-167.50564834454917
2658,-150.97563958603664,-160.87298312028,-167.41887788862306
2659,-150.9185213258902,-160.87877321740046,-167.49314630586136
2660,-150.9116190019996,-160.89755658702245,-167.44299085163928
2661,-150.9132969792667,-160.86414341254994,-167.38901914136213
2662,-150.67088425879157,-160.82460800845848,-167.39671156977982
2663,-150.688230957941,-160.80200504758994,-167.44733365606976
2664,-150.70984859844253,-160.7391025666602,-167.41099514394978
2665,-150.69664339470444,-160.80178342798547,-167.41860219784462
2666,-150.69640657664806,-160.71162117128242,-167.47135433103873
2667,-150.80304239540268,-160.7133688797707,-167.46692713554094
2668,-150.8051930263502,-160.65776119972588,-167.47514703873276
2669,-150.84052110199795,-160.56245038518566,-167.4707170199335
2670,-150.79190968605954,-160.46537833607601,-167.4145971977637
2671,-150.78850446175056,-160.44238008583227,-167.40194904467572
2672,-150.71428210202382,-160.43775531149953,-167.45436772017644
2673,-150.67901809693785,-160.3583750940547,-167.46343136508918
2674,-150.68829884890857,-160.3836999090225,-167.34036495668076
2675,-150.5473635835295,-160.3002008200795,-167.30066529401162
2676,-150.4995070312068,-160.35182267815628,-167.34903509886988
2677,-150.33703577894542,-160.25388388925592,-167.3193531691996
2678,-150.2839687187686,-160.21933655133455,-167.31481703678824
2679,-150.33274488804062,-160.07562936933394,-167.25085299798357
2680,-150.2826338736724,-160.05349323663845,-167.21945375610935
2681,-150.27478157035574,-159.9917501341133,-167.2494098643718
2682,-150.2033633220834,-159.89396261961434,-167.34402308217233
2683,-150.27583040797018,-159.87713915412183,-167.33224182461305
2684,-150.20493402774974,-159.71932737885848,-167.37861689698877
2685,-150.22248511990546,-159.68231440722138,-167.39144824883044
2686,-150.22096619068202,-159.6609161650273,-167.43946318783316
2687,-150.19226147123578,-159.77456813286835,-167.4595837259945
2688,-150.16571166215903,-159.80256050147958,-167.38737124510132
2689,-150.16771485091422,-159.89017802971614,-167.37946651302917
2690,-150.10396199400353,-159.89788021440063,-167.341269427494
2691,-150.124862373895,-159.96559027406443,-167.24432363157158
2692,-150.24766006603122,-159.97429557199092,-167.17480530194717
2693,-150.2222070345992,-159.96259239527657,-167.1355946180101
2694,-150.25588353890012,-159.92610859817955,-167.11807061802133
2695,-150.26968619075777,-159.8581074946243,-167.11638711616604
2696,-150.1921398636071,-159.8986678536193,-167.1919449035332
2697,-150.14395728818528,-159.8602048931413,-167.15747954851946
2698,-150.0971309236235,-159.85187594770713,-167.00946852835762
2699,-150.03548064980512,-159.96977483235557,-166.92521813017783
2700,-150.06097336238645,-159.91091286279035,-166.91322060430468
2701,-150.03308061249746,-159.84474086825324,-166.88986669799291
2702,-150.05513284946792,-159.7805329945571,-166.87260092490297
2703,-149.9575951130818,-159.76841391225082,-166.836733037373
2704,-149.98727859139765,-159.77134230524513,-166.75112967704322
2705,-149.93746226382976,-159.78351117684497,-166.71691849799188
2706,-149.88653599599635,-159.7904017565891,-166.79971198839348
2707,-149.91848785080842,-159.65390431040205,-166.8117193312052
2708,-149.89843852565187,-159.59279331014693,-166.8331123275642
2709,-149.9613703967496,-159.55631519663257,-166.76295201224514
2710,-149.893517676719,-159.58734615375377,-166.74268818964418
2711,-149.93175241060248,-159.5718779871462,-166.75327036365448
2712,-150.0911055380828,-159.54939810082334,-166.76154902407896
2713,-150.1300707039851,-159.4977453394695,-166.75968702372177
2714,-150.07446358457167,-159.544443480132,-166.78034129867243
2715,-150.0536467656279,-159.44918764870312,-166.71201340720512
2716,-150.15369863156025,-159.27633307594726,-166.62020357525478
2717,-150.15225307546456,-159.27187817941302,-166.549605980634
2718,-150.1713194094781,-159.2058760118702,-166.59920543363484
2719,-150.1991108226165,-159.2202364721357,-166.62079950535247
2720,-150.30272434861857,-159.08813898151442,-166.53748374271862
2721,-150.23621234253375,-159.0557919104275,-166.49318916571627
2722,-150.17510157975653,-159.0405714010722,-166.44812811759317
2723,-150.23660805627856,-159.05093448196442,-166.45284047594345
2724,-150.1785407783296,-159.07959882857008,-166.38257112575855
2725,-149.97326873902205,-158.98342162415668,-166.34429801530595
2726,-149.95164878894212,-158.86906013851302,-166.29644455392526
2727,-149.99063995781333,-158.72298937074925,-166.23291169150056
2728,-149.99718689087035,-158.68752584546985,-166.21198639282173
2729,-149.9966190208326,-158.59232105149283,-166.2218166197315
2730,-149.76629165191997,-158.6422168963261,-166.16831244280223
2731,-149.7426154981527,-158.52140310566543,-166.00110562558618
2732,-149.73802341297306,-158.49603952165054,-165.9060064897683
2733,-149.70435104665574,-158.47094908196573,-165.85836710575032
2734,-149.6405671063899,-158.4027392320126,-165.91106883041007
2735,-149.58462917033896,-158.4226239346957,-165.79951742233362
2736,-149.49075797698453,-158.3932829678888,-165.73606442771046
2737,-149.60990501629283,-158.409973367328,-165.67878495944026
2738,-149.6353471144258,-158.44835096728923,-165.70736856318308
2739,-149.5804926974342,-158.28542127814498,-165.71605780238778
2740,-149.51858446110475,-158.278793343538,-165.65301060964725
2741,-149.59954597824165,-158.19568838298943,-165.62140390072454
2742,-149.72232665436377,-158.15201123720612,-165.64214157016877
2743,-149.76664280971988,-158.04682124709961,-165.5450127423885
2744,-149.62584258865022,-157.95165811835255,-165.5908246957119
2745,-149.67805750075232,-157.9710114272579,-165.51750770022107
2746,-149.71154350135868,-157.97138178441827,-165.50294345412308
2747,-149.61930508642138,-157.96148608832868,-165.45292710087392
2748,-149.71186387478082,-157.8926965068742,-165.43303161051824
2749,-149.69482377632963,-157.74374436615057,-165.37048281166716
2750,-149.8498122058127,-157.86354965399784,-165.32360067142326
2751,-149.76667110113394,-157.79754662254908,-165.3783279708161
2752,-149.6484080317363,-157.84156774401993,-165.26872833913785
2753,-149.59976038638658,-157.90106474901145,-165.2912533394507
2754,-149.63262751093407,-157.79731631809057,-165.21539738080995
2755,-149.50117837859355,-157.81899125829494,-165.17441505604768
2756,-149.45181687954118,-157.9019538191885,-165.17053488471936
2757,-149.43361582649806,-157.85784163931763,-165.23938996991188
2758,-149.4104155983429,-157.7339353085294,-165.18375986634783
2759,-149.4823839629239,-157.7247553376126,-165.07904738155804
2760,-149.4525234550968,-157.81661803514672,-165.0600342071141
2761,-149.54022301550316,-157.81854941859004,-165.163994236698
2762,-149.48930837987547,-157.8682301786415,-165.05965595631915
2763,-149.4868790681919,-157.86670258869367,-165.09796490980062
2764,-149.5022620963216,-157.85903237413217,-165.0819042514595
2765,-149.3361251948955,-157.77820292120066,-165.04969007731285
2766,-149.43162249144675,-157.72587404100975,-165.09184892303114
2767,-149.36847741763657,-157.7382669072284,-165.14363058137013
2768,-149.3785458582109,-157.70672408774084,-165.13071248757822
2769,-149.47898043908776,-157.76541509977386,-165.07855564388785
2770,-149.4752739871136,-157.79526714035666,-165.10377196892506
2771,-149.38327248166522,-157.77852417667137,-165.10912625928665
2772,-149.3410677961184,-157.78545390698577,-165.17502613252682
2773,-149.29021867047607,-157.80759546576797,-165.15936691190066
2774,-149.24357834974842,-157.71990251101786,-165.11399842654254
2775,-149.20266856952927,-157.6989852162372,-165.1677601667709
2776,-149.11980142657563,-157.65954546398476,-165.18666145619844
2777,-149.10808790216637,-157.6690568272821,-165.21860705308896
2778,-149.22982313342126,-157.7013879015363,-165.16216509379356
2779,-149.2453514723209,-157.76103517923298,-165.11875471536666
2780,-149.23751877154098,-157.75836360032554,-165.05254860106328
2781,-149.12449253211375,-157.77445201547127,-165.05057595029638
2782,-149.11564513692633,-157.7141348273251,-165.15443458878246
2783,-149.2515060214096,-157.69706206593415,-165.1737896684868
2784,-149.34355690509838,-157.8415727939599,-165.23159252335967
2785,-149.26192848484874,-157.84971341057118,-165.19910874895925
2786,-149.16183808400103,-157.7804186462385,-165.16233424648615
2787,-149.2165927741496,-157.77078403066218,-165.12849258355564
2788,-149.28052663154978,-157.6297033412482,-165.17794839139606
2789,-149.3228861789638,-157.77159712450384,-165.0767172913396
2790,-149.37449698130825,-157.73857604223534,-165.03751228553136
2791,-149.39332183957603,-157.77313966600286,-165.06340546157244
2792,-149.23756746473947,-157.73900824804855,-165.0144511270378
2793,-149.2450141509239,-157.83016292137796,-165.04472659461112
2794,-149.28581987284497,-157.80150574905326,-165.03565764642042
2795,-149.13123004971604,-157.9318600238442,-165.03855936246572
2796,-148.950496790703,-157.94149738007076,-165.0661405893758
2797,-148.95471367992025,-157.82030225083918,-165.03554609739166
2798,-148.92764507859795,-157.84225144073133,-164.94770748329853
2799,-149.03134700906318,-157.87716019714068,-164.93242232943697
2800,-149.11477680992664,-157.91422887096246,-164.92286379054983
2801,-149.16278087370532,-157.87610942666495,-164.87875396168124
2802,-149.2673891877917,-157.73810809588838,-164.79922766187582
2803,-149.21389090036797,-157.85760197942506,-164.72485215000776
2804,-149.24673013278746,-157.8756510336113,-164.73827877013343
2805,-149.21200730911679,-157.99195544529846,-164.74541974197408
2806,-149.23807317450004,-157.99691830271138,-164.79948744593298
2807,-149.24897178067863,-157.9338848814504,-164.79186214995926
2808,-149.0986654882966,-157.9788221203828,-164.70399246492246
2809,-149.1206326966024,-158.05761185488552,-164.70294672519054
2810,-149.0211233121207,-158.00191153565441,-164.73184439345087
2811,-148.9638776391231,-157.9883476202956,-164.60808338944557
2812,-148.97732921354026,-157.9449254804388,-164.63707987067988
2813,-148.92118797760938,-157.94140685424003,-164.63612887544733
2814,-148.87598441955268,-157.87242192861476,-164.55021127368877
2815,-148.80969184633005,-157.89271819706448,-164.48556670088846
2816,-148.87487589131212,-157.77857209720736,-164.39669067385563
2817,-148.91263832253787,-157.8001144023679,-164.46148543563976
2818,-148.97182016562869,-157.8237038090132,-164.49335242351844
2819,-148.963787555177,-157.87605075563127,-164.42786636069332
2820,-148.88511621112227,-157.80558129739987,-164.4383188562095
2821,-148.81996188524786,-157.78509556623484,-164.47911713924475
2822,-148.92609295729852,-157.73842625164423,-164.52424464751925
2823,-148.9286425928787,-157.70896791424354,-164.40398367602126
2824,-148.98624899949505,-157.64954681612647,-164.39277705730183
2825,-148.87887169288348,-157.56898850926277,-164.3601225084106
2826,-148.79010358378682,-157.644316974235,-164.30339769268232
2827,-148.60690510964022,-157.69093401465554,-164.23001418777363
2828,-148.67308864698623,-157.70199095290818,-164.24881008482052
2829,-148.67711580984619,-157.6987179325386,-164.2084471793566
2830,-148.74299855990495,-157.75128171408244,-164.20187434234597
2831,-148.81440074413206,-157.77413023354518,-164.28391813136415
2832,-148.7244842738868,-157.75532687011906,-164.22143718743936
2833,-148.73980183633864,-157.7055426216433,-164.17407695173873
2834,-148.71389690377623,-157.73537099234312,-164.27258475577585
2835,-148.7066137240265,-157.73093549047923,-164.2481929606095
2836,-148.66320850931052,-157.64994471822962,-164.18989322971012
2837,-148.81982909382728,-157.59418264206857,-164.16970204086005
2838,-148.79370764303195,-157.59290935306979,-164.23947619561014
2839,-148.83623796328425,-157.60406781183056,-164.25740189479913
2840,-148.73826500774288,-157.52515881393666,-164.27655939593842
2841,-148.7681680677174,-157.49742460221415,-164.24291353461658
2842,-148.798538203843,-157.4955625490129,-164.2388387172459
2843,-148.81176387822197,-157.51753769143414,-164.2444462444401
2844,-148.81911140667683,-157.63138797345954,-164.10820763457627
2845,-148.91734368092307,-157.66623552549814,-164.05954054061806
2846,-148.80770564747132,-157.62646233130923,-163.94648817310164
2847,-148.77298966644264,-157.53398273753567,-163.861625481166
2848,-148.88600461337552,-157.43786223797355,-163.94269373627088
2849,-148.77889081272414,-157.33662829589136,-163.9193670505319
2850,-148.8604241848472,-157.3102715729856,-163.89163598699793
2851,-148.78861870950755,-157.25441116466848,-163.90643144316905
2852,-148.611887793794,-157.34088434452977,-163.97910363748582
2853,-148.55666146702399,-157.31357616754894,-163.9685350904993
2854,-148.50344892486572,-157.40696132760803,-163.95014237389435
2855,-148.46785984035165,-157.3837640339615,-163.9704907229398
2856,-148.51838320775954,-157.35719456061406,-163.8488865320046
2857,-148.5716448748015,-157.37112694825646,-163.83695062883504
2858,-148.5055548300468,-157.36927287721645,-163.85904766499968
2859,-148.45401164752556,-157.23892895666216,-163.9012889227153
2860,-148.3950842844916,-157.2467732444873,-163.91237868176287
2861,-148.5929837766714,-157.25814046135022,-163.86142919633545
2862,-148.67339694689724,-157.26675029208,-163.8512158883794
2863,-148.70025190556072,-157.288739858896,-163.95635074788294
2864,-148.663897502302,-157.27006450210263,-163.95021922102876
2865,-148.58290162140798,-157.18934827276746,-163.954555190625
2866,-148.4842746535711,-157.10397519446772,-163.93118428245404
2867,-148.38454787619483,-157.10244624268566,-163.86369277302933
2868,-148.41029353866338,-157.11908980088955,-163.78971478914767
2869,-148.3976742462272,-157.09636202095686,-163.76777649966687
2870,-148.51174519883403,-157.0771824872329,-163.75863121254193
2871,-148.45632771655963,-156.94882547114275,-163.7991406118543
2872,-148.27765519181042,-156.8193035369461,-163.8205957752531
2873,-148.26164362392524,-156.7917634950325,-163.74692200892446
2874,-148.19062726868117,-156.83085598427084,-163.7717531572762
2875,-148.29762935918592,-156.81626116248088,-163.8269504845633
2876,-148.42338360404443,-156.84344832352826,-163.83799245112036
2877,-148.3880289148476,-156.93788699409583,-163.96077273353202
2878,-148.25046382832474,-156.9155916046381,-163.9872112697617
2879,-148.08120557520627,-156.84056865725842,-163.89701964883113
2880,-148.1689509767602,-156.8468533997082,-163.9107658723682
2881,-148.23275138599968,-156.77390291586795,-164.01709302415364
2882,-148.20796118873068,-156.75301162213162,-164.03301570457404
2883,-148.1166704231943,-156.80147460003968,-164.00933699480825
2884,-147.9932757466318,-156.83623639264812,-164.01093798740237
2885,-148.04901521278796,-156.82525641441674,-164.07166115694974
2886,-148.01703937291128,-156.84067818501,-164.14036890152093
2887,-148.03013355383052,-156.9892193768176,-164.10304218838266
2888,-147.9331562795982,-156.99611888235177,-164.006230978982
2889,-147.86557762577564,-157.05190514528726,-163.9244795754753
2890,-147.92732736312428,-156.9931781952277,-163.85855988768972
2891,-147.84879094619686,-157.0036073336297,-163.83343242864368
2892,-147.7975584314217,-156.90786880167246,-163.90821900807484
2893,-147.88690732938448,-156.9842309076053,-163.83953122135816
2894,-147.95322774074845,-156.9078022768734,-163.75064695375946
2895,-148.0141191410795,-156.94119267202996,-163.71332165376782
2896,-148.19387700107228,-156.89502369245855,-163.6167240177185
2897,-148.2096343993926,-156.82118646557416,-163.6125519913852
2898,-148.33317584544218,-156.67153019742875,-163.59171384818245
2899,-148.40135458185873,-156.6254010160211,-163.57843682565982
2900,-148.38693463297383,-156.53261835192106,-163.5945156791945
2901,-148.35190718736962,-156.6319715802979,-163.58981327119602
2902,-148.31885241781538,-156.51154789970502,-163.45870225125356
2903,-148.23351045880935,-156.52783656057184,-163.5197658211033
2904,-148.2179524960862,-156.7061083592297,-163.46237878609668
2905,-148.0186718213327,-156.6784934877512,-163.42320897626973
2906,-147.97594011800257,-156.64729075886547,-163.41630871300134
2907,-148.01905635018775,-156.64112812200386,-163.467104379106
2908,-147.96469837395637,-156.64995557419496,-163.49901240276876
2909,-147.92961512822308,-156.7281682887351,-163.4264830942548
2910,-147.81522329121256,-156.6874544055534,-163.38182339857306
2911,-147.81831901792876,-156.6031402398493,-163.33395236938884
2912,-147.80980616432362,-156.62051853810672,-163.3405236524468
2913,-147.85568782246943,-156.65244948963942,-163.1875876246537
2914,-147.92168612875966,-156.76885494982776,-163.1489810818625
2915,-147.955836160533,-156.69744719597446,-163.16345388994984
2916,-147.85535873138008,-156.5903760965861,-163.11453444321324
2917,-147.83280349543978,-156.6234269749823,-163.043386937435
2918,-147.7995340758336,-156.65462690458634,-163.0449564947745
2919,-147.72952209325058,-156.62059393225752,-163.02895424555157
2920,-147.7108828779941,-156.6242594561861,-163.00638518644422
2921,-147.56856280129867,-156.57986243808094,-163.0114870284516
2922,-147.62337537469557,-156.42869543022607,-162.98827221718216
2923,-147.5953924673673,-156.4423211114791,-162.93098547819318
2924,-147.47436516322702,-156.39530765737237,-162.9157712999109
2925,-147.60964923447634,-156.44077732660065,-162.94264314994967
2926,-147.58107175865024,-156.37714574018446,-162.7813086772386
2927,-147.57783809444032,-156.26451915981093,-162.79142882345803
2928,-147.5492756527708,-156.2560665981186,-162.83532172630623
2929,-147.39948258111258,-156.14946320710033,-162.82439660096378
2930,-147.30883181242157,-156.08897631624376,-162.7175355675202
2931,-147.498736594411,-156.0488425887317,-162.67477846859038
2932,-147.4979854803277,-156.07955837159432,-162.57231704162317
2933,-147.53930791473718,-156.14100983122606,-162.53159828401368
2934,-147.53611350082505,-156.22153476262673,-162.54423767542056
2935,-147.48575607863617,-156.17913977045885,-162.608271606576
2936,-147.55799168720196,-156.14363816832002,-162.59768532495872
2937,-147.504546733356,-156.10063562625584,-162.5667288778024
2938,-147.43069056616852,-156.09252809991744,-162.56761135591262
2939,-147.4261900285582,-155.94322948284406,-162.61026807924497
2940,-147.38689578258953,-155.9208932145917,-162.65630244340957
2941,-147.449417665276,-155.9066428263493,-162.61837914061488
2942,-147.4650753246233,-155.96980692514086,-162.53091300072205
2943,-147.40071930782642,-155.90755751753304,-162.59567122743368
2944,-147.37321611100975,-155.90210920081768,-162.63199593350424
2945,-147.25339052981212,-155.92626574039843,-162.61859481053443
2946,-147.37391491883454,-155.92869591436533,-162.6439754263176
2947,-147.36713678059112,-155.93381192099892,-162.6917891593919
2948,-147.37142532814545,-155.94199439576923,-162.6754550766442
2949,-147.2883418038856,-155.82502409910234,-162.70145210817782
2950,-147.14143485991266,-155.8020932504507,-162.70682416617825
2951,-147.0644298248603,-155.74193600312788,-162.59353355967434
2952,-147.13881507287152,-155.75282380456892,-162.64453928022
2953,-146.9973298258767,-155.6322981937587,-162.59469362515813
2954,-146.932612129861,-155.55955641634836,-162.56660006883445
2955,-147.03219612094284,-155.4496948159357,-162.578453562964
2956,-147.05567524412353,-155.360460778534,-162.6071325880565
2957,-147.17113649867096,-155.42080639488535,-162.59988705768114
2958,-147.3909406300121,-155.4052039981218,-162.61444965070496
2959,-147.2851960561315,-155.4605817441241,-162.56307512478975
2960,-147.16980713406505,-155.4223513779418,-162.57988283347294
2961,-147.06814412237466,-155.34594081405615,-162.54722285805798
2962,-146.92484320629873,-155.36759883344433,-162.61745161125594
2963,-146.92291783512917,-155.17744685270148,-162.7178351431825
2964,-146.85959013548856,-155.11335789434506,-162.69783233008275
2965,-146.81287074182504,-155.12300623783148,-162.7217756426401
2966,-146.81930506633347,-155.02820889534289,-162.60785444920052
2967,-146.7850758955556,-155.0521425826165,-162.580720364392
2968,-146.8046770060619,-154.9927476528818,-162.57209286764422
2969,-146.71605718847286,-154.94147459673968,-162.5560053547999
2970,-146.7995854623922,-154.9647640980501,-162.45269176575167
2971,-146.8579532376463,-154.94530030182528,-162.50685324147344
2972,-146.84930498062963,-154.87110778353514,-162.44809099996814
2973,-146.94526501785498,-154.81837459496353,-162.3760513663093
2974,-146.7646647375295,-154.90583419384467,-162.43102498842805
2975,-146.83640708990347,-154.86822356044587,-162.496434490628
2976,-146.8285632670144,-154.8376479338001,-162.55063470925626
2977,-146.80770216088342,-154.72828139340504,-162.41621867452932
2978,-146.57474280821646,-154.69550668414936,-162.2772985053841
2979,-146.5845128027962,-154.69687238908216,-162.22762798764055
2980,-146.68352276560475,-154.6507532201668,-162.204934951449
2981,-146.6614676295778,-154.64171903346553,-162.1322838221978
2982,-146.68477668466824,-154.58236853177058,-162.03876438189866
2983,-146.65062288187536,-154.51659003263148,-162.05119490641184
2984,-146.60755232895582,-154.62814315102185,-162.08086713206757
2985,-146.57408506781994,-154.63862262671663,-162.0660371358394
2986,-146.58070894389235,-154.70294062578742,-162.0583701317127
2987,-146.6159275859916,-154.5813860141716,-162.07277688633383
2988,-146.66937684873812,-154.55463989645895,-161.91271032962032
2989,-146.64943599187677,-154.58080727222236,-161.9308051152701
2990,-146.56921954141416,-154.54315738689706,-161.94747337844674
2991,-146.55773727764353,-154.50262954158694,-161.89228047382397
2992,-146.7282307418519,-154.40901136493034,-161.94353358436882
2993,-146.6489517152338,-154.38757205808457,-161.98470823652542
2994,-146.67531014134295,-154.2925288827433,-161.86609103917456
2995,-146.70035492822655,-154.26777562406264,-161.88121812958235
2996,-146.66290325807256,-154.35879126469572,-161.90108210327696
2997,-146.60391485639315,-154.44230685016882,-161.88765990592452
2998,-146.62064681187243,-154.40797433878498,-161.72633148070636
2999,-146.51831997173883,-154.29772225249855,-161.71536464979457
3000,-146.49091470830686,-154.28308454145474,-161.7054133393043
3001,-146.38879857666623,-154.3385636737455,-161.69844259843916
3002,-146.26635025379065,-154.28157583757945,-161.68877230381835
3003,-146.22457520611414,-154.2134674571701,-161.61189265418932
3004,-146.36328927714627,-154.18218698709154,-161.63230730280836
3005,-146.1494068811318,-154.21727372302377,-161.676664672223
3006,-146.27855643911445,-154.21937142421422,-161.7394431624632
3007,-146.26072589215204,-154.18477118861307,-161.6889148251994
3008,-146.1979859921969,-154.19331276190712,-161.64924341095207
3009,-146.18465350682442,-154.3280688282656,-161.65959186452497
3010,-146.2592923961109,-154.3663721186661,-161.65180408998197
3011,-146.25331062538794,-154.41473965021177,-161.58934413581062
3012,-146.16650681316915,-154.28703905234462,-161.50956583500175
3013,-146.24718335627927,-154.22494854880017,-161.52573289417214
3014,-146.28705106708182,-154.0958162021787,-161.5103132715485
3015,-146.35865624776685,-154.14465629181763,-161.35119061964724
3016,-146.19648540607426,-154.11886593109108,-161.388989674274
3017,-146.1773271203332,-154.09671144438784,-161.3971484362264
3018,-146.3136006811364,-154.00256049010963,-161.40933165779308
3019,-146.39043103932403,-154.06763604064872,-161.33396212190573
3020,-146.37453901355155,-154.08872607392112,-161.2326049395221
3021,-146.11136744251837,-154.01913147331126,-161.23049484103709
3022,-146.0071309371533,-153.96736937271112,-161.18540871875808
3023,-145.99660699634615,-153.93584758627435,-161.15050405438333
3024,-145.97157270324703,-153.83635641103433,-161.1389268593652
3025,-145.90213255777815,-153.77850718182304,-161.13285844924437
3026,-145.9235735429863,-153.7603888826688,-161.04359392422094
3027,-145.9603406154302,-153.78069461923485,-161.06887120124253
3028,-145.90310990551114,-153.6861597928993,-161.10830812750433
3029,-145.878403338148,-153.67720322694086,-161.09947779915674
3030,-145.76998781054036,-153.6565516038397,-161.1282191297542
3031,-145.7457232993246,-153.73908191573508,-161.07871535863833
3032,-145.75639584350853,-153.78099710608518,-160.99784482858877
3033,-145.6863858110444,-153.7573977837377,-161.09794683758378
3034,-145.70041962706455,-153.61927328945444,-161.05096328605447
3035,-145.61835290948432,-153.5467777586,-160.94622182714738
3036,-145.29957734689333,-153.4914352918101,-161.02257562286763
3037,-145.15835247636954,-153.4426465481739,-160.9525485768565
3038,-145.1585604359413,-153.39927453125836,-160.85470161206115
3039,-145.25843863259303,-153.46124340445309,-160.83818485610306
3040,-145.20702667227783,-153.44046073109888,-160.82364685288945
3041,-145.11800132565412,-153.46160362670952,-160.74035505927165
3042,-145.13885567625707,-153.3518863941294,-160.64634832292074
3043,-145.18001801111092,-153.32071819892428,-160.62945717184562
3044,-145.21436304036388,-153.18554581067923,-160.61228931773698
3045,-145.17987045791568,-153.20512197542126,-160.53805510581677
3046,-145.34167154803507,-153.08542215816954,-160.4642907522072
3047,-145.33058955479478,-152.98879074925998,-160.4969828129353
3048,-145.27099730696057,-152.89031527187768,-160.58366007145557
3049,-145.34789831903538,-152.843408234683,-160.5967396910847
3050,-145.3891513855944,-152.86860242270615,-160.60562387640005
3051,-145.3297828117341,-152.86446853188434,-160.6100184611043
3052,-145.3232324863558,-152.96443739480054,-160.537275717088
3053,-145.23094420277056,-152.87126968827175,-160.5580209924346
3054,-145.21773508256024,-152.92269669304758,-160.56776090960886
3055,-145.15116927510388,-152.86282115918738,-160.587233723569
3056,-144.98596078198761,-152.83345355797672,-160.7433395051587
3057,-144.9105620953086,-152.88815261110216,-160.74008931164036
3058,-144.72111323102445,-152.86772181234008,-160.7434237595246
3059,-144.66447885003294,-152.89438651476087,-160.71777951535745
3060,-144.62634774900795,-152.88423514941343,-160.65580733889652
3061,-144.61917570314807,-152.9103366770468,-160.6936097156118
3062,-144.49874884203092,-153.01235271157273,-160.76663410212205
3063,-144.48813888065632,-153.04081540250817,-160.7452680808139
3064,-144.55402149942114,-152.87274408452657,-160.74988653808566
3065,-144.65072776482987,-152.8616369564835,-160.7421810359742
3066,-144.6696278833477,-152.76231662414494,-160.72945926070253
3067,-144.66817366832464,-152.6816434684146,-160.64734418634978
3068,-144.61481737811107,-152.72826236764283,-160.63082268082246
3069,-144.70013485373633,-152.58707191836717,-160.64649379820384
3070,-144.70982736176313,-152.54188558625896,-160.69310948218873
3071,-144.73860239700008,-152.53435983641322,-160.66617699171502
3072,-144.68622490792598,-152.470010725494,-160.6779581906922
3073,-144.58486670177405,-152.35987776212784,-160.70597823023041
3074,-144.36702881577017,-152.24700325186484,-160.71652001942698
3075,-144.33287755917007,-152.3209087084702,-160.70118266864665
3076,-144.44497267939317,-152.2388145549918,-160.7174787455245
3077,-144.59164073144842,-152.21993597095974,-160.7559009197827
3078,-144.61394929074882,-152.19098199852323,-160.7779583501237
3079,-144.49230000860126,-152.20174379411026,-160.84916911475608
3080,-144.43672907989264,-152.160837972023,-160.83697687191162
3081,-144.51131902116708,-152.20525115870956,-160.78246175318534
3082,-144.43545278907467,-152.31723957997062,-160.76318509598494
3083,-144.4080969982029,-152.2558416869576,-160.76144187142035
3084,-144.4317690307748,-152.2493045211583,-160.6979896909786
3085,-144.31551456490803,-152.24349427759677,-160.63332783287615
3086,-144.2557104981239,-152.24259367090457,-160.679026862435
3087,-144.27395084673543,-152.2334066829353,-160.54756336277018
3088,-144.27620569499948,-152.27241120467352,-160.47915543860313
3089,-144.2780561400282,-152.18046958348282,-160.46331147923706
3090,-144.3548395974763,-152.20443717366334,-160.53033461750636
3091,-144.21704643593597,-152.266591431173,-160.51190857692194
3092,-144.2148268170227,-152.1871730338376,-160.55842661120147
3093,-144.1213469491197,-152.090524945808,-160.61936120820255
3094,-144.09089626138382,-152.0048674627496,-160.59778780702788
3095,-144.09781585650677,-151.996104794625,-160.54697196316215
3096,-144.03752559248449,-151.9435969726414,-160.51610743890004
3097,-144.08917012323445,-151.89725085821772,-160.54386524300435
3098,-144.0504630774193,-151.90095782874278,-160.54307305087596
3099,-144.0699575773369,-151.93471103642463,-160.53608435694667
3100,-144.12600739514525,-151.88912936285385,-160.51686232674768
3101,-144.07824080519043,-151.83822935218922,-160.53966318485348
3102,-144.02879423687887,-151.7271082077581,-160.56769203124787
3103,-144.06646452537882,-151.8090224984006,-160.52582807187824
3104,-143.96321699277868,-151.6899166105008,-160.52578899570003
3105,-143.98384913698695,-151.63727967746308,-160.53055310239642
3106,-143.85248774946427,-151.64015316697328,-160.47340313853596
3107,-143.82787459284899,-151.70406585978702,-160.4255994255836
3108,-143.8380619086353,-151.7412982665051,-160.32917973072102
3109,-143.85061116684403,-151.7795448524468,-160.33542546542105
3110,-143.87761359293194,-151.7701881305087,-160.3198283114716
3111,-143.91307838763151,-151.86310733023083,-160.31691850504717
3112,-143.8476209454056,-151.91611842318204,-160.24905116953028
3113,-143.90973612299814,-151.79382139402225,-160.2532994900213
3114,-143.88132538599004,-151.8225295830737,-160.21934031102967
3115,-143.81468846750374,-151.88463166580988,-160.11422365795372
3116,-143.9532919446218,-151.97045876242697,-159.97245420406568
3117,-143.79597929901539,-151.97516088881952,-159.9074083203554
3118,-143.6814045008676,-151.98045636933176,-159.84959140986751
3119,-143.71456408994862,-151.84703979724017,-159.81876463153364
3120,-143.7325391350788,-151.73942076196354,-159.7265036471678
3121,-143.73914015508416,-151.64569704844007,-159.77838792177062
3122,-143.79958519633863,-151.63530855648975,-159.70247820235903
3123,-143.78103685910148,-151.70796712443803,-159.62181674693005
3124,-143.72429272685554,-151.70209221415752,-159.61790141323513
3125,-143.76018089720682,-151.6906544323248,-159.60197795399085
3126,-143.55786387214482,-151.65218659787496,-159.72284028158185
3127,-143.5487024520225,-151.66653668393405,-159.68824353967216
3128,-143.6166598557088,-151.6776957924249,-159.62601915597418
3129,-143.69966273966472,-151.6689840293565,-159.62599654062853
3130,-143.6288931067071,-151.66222421226675,-159.71164847441582
3131,-143.6758288596502,-151.72370568551483,-159.60390761587317
3132,-143.66588322541088,-151.80019471533507,-159.5548323852396
3133,-143.68276085307897,-151.81410256911303,-159.53439654656603
3134,-143.7443833716834,-151.64948769571365,-159.53645242069985
3135,-143.63961118608006,-151.5552910219034,-159.46880001931845
3136,-143.6883781309037,-151.50235895430413,-159.36455896480908
3137,-143.5657842303948,-151.66285848070194,-159.4612612350927
3138,-143.84332911919805,-151.71856921361587,-159.53485171222303
3139,-143.82180545389207,-151.49406932371883,-159.54867132021093
3140,-143.70686589084482,-151.4795404392396,-159.51283953778187
3141,-143.7060448384974,-151.61040244951676,-159.4798480552322
3142,-143.58498783747913,-151.5035649329389,-159.50504046839842
3143,-143.7161998113858,-151.59556832854128,-159.40286490042897
3144,-143.65758283693663,-151.5043490882769,-159.36876531611597
3145,-143.68115116797088,-151.53435656620502,-159.3518847821539
3146,-143.69433932527733,-151.31029179380852,-159.30187720224012
3147,-143.64367371287292,-151.4156256702951,-159.2867705728219
3148,-143.52397171693198,-151.43239284002482,-159.34088054418805
3149,-143.5277387236361,-151.36278952786427,-159.3364432643051
3150,-143.56018597820116,-151.36752766110453,-159.20785753808556
3151,-143.3469087909073,-151.35205945814454,-159.17528241626104
3152,-143.343925144562,-151.34672501833978,-159.0892074666224
3153,-143.46769624403623,-151.30960097276136,-159.0506715295347
3154,-143.42329431496648,-151.36571129615044,-159.10201655740323
3155,-143.47494918103723,-151.40608971206328,-159.0741093675609
3156,-143.38894607160591,-151.30585201553168,-159.01282902323123
3157,-143.21106344991978,-151.22997893789977,-159.07746819822722
3158,-143.2064198408375,-151.197196750489,-159.1559490766263
3159,-143.1998187976443,-151.23027591553557,-159.08633188612984
3160,-143.333123228447,-151.245930474819,-158.99036722203135
3161,-143.2882815936465,-151.24799901024633,-158.97140627474448
3162,-143.48152531177828,-151.26576342060673,-158.93076789366515
3163,-143.54343896250313,-151.30211076321945,-158.92698129518496
3164,-143.44617471401392,-151.28312538071987,-158.9023581600126
3165,-143.46177487893272,-151.1380689716185,-158.86407561471168
3166,-143.51665440052977,-151.14705246592166,-158.75436582042113
3167,-143.48913515529262,-151.14218193126186,-158.83950540317016
3168,-143.6078760176424,-151.05347022664282,-158.82784382769145
3169,-143.63177812943212,-150.9224751051139,-158.8070369153826
3170,-143.59011010924033,-150.89983737071208,-158.79328345088777
3171,-143.6488158370584,-150.89821533373663,-158.83697184217442
3172,-143.70284572812085,-150.88538576875953,-158.83583925433268
3173,-143.69044713460545,-150.9579762553762,-158.78613837942595
3174,-143.6297118728753,-150.97578834180104,-158.82459198424516
3175,-143.5283313032805,-150.966435004508,-158.97984267363088
3176,-143.58863806843948,-150.93388349109165,-158.91279925647183
3177,-143.5467920765375,-150.94295860982476,-158.85452902104367
3178,-143.48049768861,-150.98613107409778,-158.8744451440953
3179,-143.43990833216276,-150.98877528259953,-158.85844103280124
3180,-143.50571566386847,-150.94988652602026,-158.98059933739324
3181,-143.5790511523199,-150.9698569008121,-158.98865049177658
3182,-143.46643580292812,-151.00958760070205,-159.03594097068873
3183,-143.3913941339393,-151.03109830991602,-158.9572429026931
3184,-143.39342986149083,-151.08239657182446,-158.92359660747147
3185,-143.38456718251118,-151.11834780265093,-158.8980349040282
3186,-143.47512108366425,-151.1261193347323,-158.95185765281406
3187,-143.49204696682654,-151.13672688432456,-158.91044891810824
3188,-143.57111584654,-151.1247111758821,-158.83537971668125
3189,-143.47992473604563,-151.05076320117055,-158.7932670487549
3190,-143.44761084869003,-150.9763337542067,-158.7064366626053
3191,-143.41415682332683,-151.03973930668832,-158.63374547280142
3192,-143.37308342459656,-151.02496851241807,-158.61849367484416
3193,-143.33665462808182,-150.9834294964757,-158.54429399695556
3194,-143.3385199679355,-151.0541412589808,-158.51376115872426
3195,-143.22424066109846,-150.93482788947483,-158.51257248017254
3196,-143.4500091903276,-151.04896752126314,-158.38975022347023
3197,-143.5493291173479,-151.0175083708773,-158.44606365219295
3198,-143.5730481284877,-150.97879556161536,-158.42968667662902
3199,-143.44269350918523,-150.8857072283451,-158.46394340133625
3200,-143.39369343706784,-150.8900407223258,-158.43624229504425
3201,-143.3818427070956,-150.9440945052368,-158.4656307357264
3202,-143.4462220309067,-151.0458572867387,-158.52892302821584
3203,-143.38061604323934,-151.00217636632843,-158.58221762560072
3204,-143.35318791132994,-151.14217400018646,-158.54394397441644
3205,-143.31064031664943,-151.06258100806957,-158.51083489168886
3206,-143.18680314591683,-151.13256027105683,-158.47426042975798
3207,-143.16652771401834,-151.15970664460258,-158.36251705989525
3208,-143.2171034472378,-151.15818661876358,-158.3039676607286
3209,-143.3144039258098,-150.9712533404229,-158.32182447072842
3210,-143.18161655371796,-150.8803755227633,-158.2768868172759
3211,-143.27765975974066,-150.90442648982068,-158.3545856281071
3212,-143.2120403358661,-150.7426132581604,-158.33295635601974
3213,-143.16740163821277,-150.87683999477042,-158.30063430728444
3214,-143.05349653830717,-150.8711213916785,-158.3514755397653
3215,-143.02554367468116,-150.8660500174978,-158.4138711565093
3216,-143.0681426081697,-150.87433162288215,-158.40569209755634
3217,-143.0026582093426,-150.79592988852855,-158.34012846437778
3218,-142.97750338346066,-150.83873014048874,-158.31922416506583
3219,-142.8591403478076,-150.76815908034183,-158.31002608593957
3220,-142.96735188491908,-150.81633220666873,-158.4049946858666
3221,-143.03025872386917,-150.75228244220028,-158.3760611052851
3222,-143.19025312214944,-150.6185965801389,-158.40140178904824
3223,-143.31610657425352,-150.53999015864508,-158.4061332737005
3224,-143.382837369014,-150.54451096800997,-158.36670040674335
3225,-143.4587664033179,-150.50269235589457,-158.28959766886703
3226,-143.4415656247266,-150.46404644555025,-158.21528696786086
3227,-143.3492293260656,-150.56263159160366,-158.27093865118152
3228,-143.31428304106657,-150.56453542962413,-158.21361109805895
3229,-143.26740555504117,-150.71477144749088,-158.2223068539971
3230,-143.2492587601276,-150.68581451422483,-158.17632521561998
3231,-143.06899385201916,-150.686152316493,-158.11818751877945
3232,-143.05326955178384,-150.69387611590042,-158.0443612566953
3233,-143.06214802446618,-150.7525137548312,-158.09874015703465
3234,-143.11220706253152,-150.84374237155163,-158.11130714496113
3235,-143.09523702701654,-150.80262150661912,-158.04199928203028
3236,-142.92271316179267,-150.900475198752,-158.0287788763708
3237,-142.8363392642301,-150.95049683363487,-157.9744495039421
3238,-142.82878300919617,-150.94568291357328,-157.97688362287357
3239,-142.98570486466426,-150.95175432102184,-157.89357500192244
3240,-143.0029152486711,-150.91809576491596,-157.9079470496928
3241,-143.02100841636044,-150.79937105896292,-157.85247673006148
3242,-142.97892767339607,-150.8033532374945,-157.8697396899631
3243,-143.0224501761658,-150.77676986150857,-157.90971935865537
3244,-143.06145051218556,-150.68926574413035,-157.91538319911982
3245,-143.18915173349365,-150.6228263330435,-157.87003252072324
3246,-143.26473743913195,-150.63968149638958,-157.87447006077412
3247,-143.3463258366698,-150.64617078654362,-157.9636531121116
3248,-143.32827673497513,-150.5286620678914,-157.9740652979143
3249,-143.3020764739504,-150.5379928858011,-157.9703370372289
3250,-143.291816887638,-150.51663905891067,-157.9239478874499
3251,-143.30374216280921,-150.4883160809799,-157.9754784009902
3252,-143.3043423031061,-150.4384154334062,-157.9570463560326
3253,-143.34332754007704,-150.295918015155,-157.85725167692823
3254,-143.39119665917792,-150.3375268995441,-157.8080849994128
3255,-143.35643843384346,-150.32860245047385,-157.69280507308133
3256,-143.24739499879797,-150.32540113729704,-157.67590243981567
3257,-143.18752264726913,-150.3591893342023,-157.66663625447552
3258,-143.3006073431256,-150.33607732458916,-157.6823041104223
3259,-143.1804780183685,-150.34191067464604,-157.64059014988203
3260,-143.03051995014488,-150.307046556777,-157.5972730063636
3261,-142.96164093998428,-150.3104720651268,-157.5800296657165
3262,-142.97851393722874,-150.36423045534482,-157.57134916452873
3263,-142.95995617610868,-150.3475443081743,-157.54397532891264
3264,-143.03100859046327,-150.40161516785747,-157.44276017921226
3265,-142.98822102334634,-150.36516006513776,-157.40713020401708
3266,-142.99473229207888,-150.31803861145193,-157.4490328471303
3267,-143.0190435140236,-150.27144102106516,-157.41051046048557
3268,-143.14350670330762,-150.23553373066608,-157.4100586129196
3269,-143.0961461873884,-150.24244405425003,-157.39735579095844
3270,-143.16055678824674,-150.15640149793342,-157.44483153256633
3271,-143.18586380483083,-150.04842478845103,-157.53096230089827
3272,-143.24062239083045,-149.93705701174179,-157.5547309202364
3273,-143.1789505149684,-149.9978933066428,-157.44221783945886
3274,-143.2352202940591,-149.98771430044445,-157.4791539223631
3275,-143.19999136727807,-149.89047383357274,-157.50838948060857
3276,-143.08925764033677,-149.80819321677996,-157.5846223581445
3277,-143.2400758277779,-149.78844270059568,-157.54296524712214
3278,-143.09691368907184,-149.79002229090702,-157.54142638338305
3279,-143.09913769350356,-149.781109801885,-157.58325556160727
3280,-143.1479688390725,-149.94654179487648,-157.65395878358757
3281,-143.17417231212465,-150.02735564056323,-157.62288579089153
3282,-143.15125903550432,-150.09011323085713,-157.65154229135953
3283,-143.1366137330894,-150.08492526401943,-157.66803213973324
3284,-143.10664043803797,-150.1289093200741,-157.63749235213763
3285,-143.06182513886836,-150.0857133053637,-157.50567663787083
3286,-143.26072489036557,-150.14874038148082,-157.4492049176823
3287,-143.3935147132176,-150.11950020015524,-157.44925982017074
3288,-143.30381696957033,-150.0327978931614,-157.51709575073335
3289,-143.17489310939243,-149.9856884671918,-157.48573258456082
3290,-143.20919335761243,-149.94135988902997,-157.41421733817955
3291,-143.06839611082637,-149.70542556778238,-157.5274872294765
3292,-143.04258688133538,-149.62524856418884,-157.51163046553023
3293,-142.97180359145975,-149.54634333904164,-157.55830295267023
3294,-143.03520777626966,-149.56441825231175,-157.50065829401422
3295,-143.05674998353834,-149.5999140317095,-157.51829287313151
3296,-143.04078138082775,-149.67932009605693,-157.57919179909135
3297,-142.93457844928224,-149.6434809988931,-157.51428019479755
3298,-142.80041658915937,-149.67574818538628,-157.50843162105303
3299,-142.69956159119147,-149.8544098966519,-157.406657805286
3300,-142.7469052376185,-149.78324708458808,-157.4563989081602
3301,-142.64004228742868,-149.63463715547272,-157.43526500590366
3302,-142.60880982207098,-149.7497127200123,-157.44180939738737
3303,-142.48736090905777,-149.6459392546318,-157.530938487444
3304,-142.4165282639408,-149.64181773502986,-157.5069746318668
3305,-142.35630213889416,-149.63716169396199,-157.5062433612773
3306,-142.34991695097335,-149.70396779328374,-157.5829273829301
3307,-142.41676317013912,-149.5840984869968,-157.58429637806748
3308,-142.41047767230947,-149.44375430969683,-157.52218431616487
3309,-142.37419676058164,-149.48222675272012,-157.48436420497316
3310,-142.30787205668582,-149.36248058214713,-157.47773984394914
3311,-142.46846338889617,-149.38983447545203,-157.4048936383885
3312,-142.36265783306965,-149.30530674944558,-157.44986544541334
3313,-142.36966161723296,-149.32709048059215,-157.50606556786778
3314,-142.4570324106648,-149.23047931492303,-157.52648161082988
3315,-142.4280881967027,-149.16575240974743,-157.51897568997447
3316,-142.52393850149573,-149.0635506599479,-157.58073379743436
3317,-142.74883734060964,-149.01318579375652,-157.51190320675704
3318,-142.77101590676511,-149.0857130317175,-157.4687403756742
3319,-142.73069564331718,-149.09670779786146,-157.50393697600754
3320,-142.5636408636375,-149.01557345893718,-157.53816761550846
3321,-142.75023814419464,-148.9219486070549,-157.43950872163654
3322,-142.64337772408257,-148.88338309234513,-157.3786131756992
3323,-142.48238308422242,-148.91615147459197,-157.37750938764464
3324,-142.45340840679688,-148.9365335701189,-157.43170483486173
3325,-142.44737528881436,-148.99066294152811,-157.42429068326481
3326,-142.31825264132766,-148.8836380747496,-157.48059668197948
3327,-142.3277602024845,-148.82956259166338,-157.38857998744822
3328,-142.2083481137186,-148.82042015592867,-157.30347247306338
3329,-142.15007625484384,-148.87120568392612,-157.21357458735983
3330,-142.08511186274063,-148.82645731773317,-157.19149003419957
3331,-142.05760237492768,-148.75409819729757,-157.10407055693233
3332,-142.08305011463852,-148.87981708487052,-157.1077957549674
3333,-142.14913883129373,-148.778619928404,-157.12018736794332
3334,-142.13228193913744,-148.6953826927152,-157.1080122369605
3335,-142.19187996545259,-148.58442082992013,-157.06020211378436
3336,-142.26425532398807,-148.59021740380805,-157.0747142128635
3337,-142.21006941188665,-148.50897051682196,-157.12051407955136
3338,-142.15224603887685,-148.4537164051602,-157.12215775809784
3339,-142.1977233829173,-148.43236954101036,-157.09750981897045
3340,-142.25638656243262,-148.44847117029948,-157.10385025352437
3341,-142.2266077293611,-148.44650137156356,-156.99905907862728
3342,-142.30831060680492,-148.42699401183708,-156.97395407081632
3343,-142.32225017642438,-148.3938925546969,-156.92124724434484
3344,-142.3207721963159,-148.4069205651955,-156.9046904473998
3345,-142.4545266606884,-148.42962667720752,-156.94200662703366
3346,-142.44665094586037,-148.50026099784895,-156.8799769786886
3347,-142.44047345496892,-148.35394763993978,-156.86638773535762
3348,-142.3782636965999,-148.4609800696055,-156.84279103491667
3349,-142.42983636157817,-148.51465407465074,-156.81901238731174
3350,-142.50002940538812,-148.543038574752,-156.78772693227927
3351,-142.47292270582716,-148.42202132332906,-156.8337135483382
3352,-142.42032778318884,-148.45976341728453,-156.8270074497753
3353,-142.3987089292691,-148.58122083532092,-156.81311789735383
3354,-142.39200675468422,-148.53470573758565,-156.82655041855978
3355,-142.4807623906956,-148.66603909951442,-156.8396122382078
3356,-142.34967842650605,-148.53160568988415,-156.85024373086105
3357,-142.31621322859468,-148.60159295579825,-156.71739543401358
3358,-142.2738408370382,-148.5408358398922,-156.71597434809934
3359,-142.29132613730962,-148.5384485460143,-156.66670801198626
3360,-142.2350666940174,-148.67405299485046,-156.6845776818634
3361,-142.23464660658402,-148.6022601081136,-156.56848703131703
3362,-142.17200663558606,-148.5832302284179,-156.51310707162
3363,-142.22028106595064,-148.64906174526618,-156.4395462381395
3364,-142.24936277389634,-148.47805519775312,-156.3668976207132
3365,-142.32919284417426,-148.4627421750871,-156.39481518518042
3366,-142.3764737674183,-148.4272110549388,-156.3928385914456
3367,-142.18484547405342,-148.43532867638856,-156.4255740907626
3368,-142.14378304386355,-148.43718237053446,-156.43776417046215
3369,-142.08654057149766,-148.67185208052416,-156.30730711711317
3370,-142.02680723703108,-148.7142850415613,-156.36719540499774
3371,-141.97180000762035,-148.58579932241292,-156.30564083561646
3372,-141.92906825320884,-148.62423932016094,-156.2979733500635
3373,-141.92728660128944,-148.53216549129456,-156.27492565796763
3374,-141.9749054374009,-148.48853875807987,-156.1428076347783
3375,-141.9945752290563,-148.5351836164787,-156.03155698227096
3376,-141.90026119085042,-148.49851505298562,-155.96861199032452
3377,-141.8614321993632,-148.53286684643382,-155.97333975460117
3378,-141.90162428564736,-148.55162819841706,-155.99279436368445
3379,-142.1043664613199,-148.58095887851925,-156.0090536579928
3380,-142.01159167214516,-148.57827236204676,-155.93784308022003
3381,-141.96463067639672,-148.5960061542166,-155.8799299706273
3382,-141.83369858856537,-148.64847038705935,-155.83791286820858
3383,-141.7582491513706,-148.7492091652213,-155.79595808917813
3384,-141.71143433157047,-148.7422573642592,-155.77250385631874
3385,-141.65909681279294,-148.82236763979867,-155.82230269640473
3386,-141.56466965494548,-148.95959123889048,-155.74412840498
3387,-141.69852552515363,-148.8257434780685,-155.6732835009926
3388,-141.67867412432253,-148.78021984432857,-155.65937894610397
3389,-141.6108323187263,-148.77284576657064,-155.72725473190354
3390,-141.57119434855053,-148.72908309336617,-155.71109923793608
3391,-141.69592681855224,-148.68467540823804,-155.75927560542004
3392,-141.68844765914787,-148.6229804863588,-155.71604130695772
3393,-141.70934768052484,-148.5169528294001,-155.70465788214807
3394,-141.72788163347323,-148.46728929767406,-155.646003706841
3395,-141.69446979615986,-148.40653871972077,-155.6839981872925
3396,-141.69685971930767,-148.36142859293489,-155.67248957786097
3397,-141.7577347264637,-148.23081245359197,-155.67119783927288
3398,-141.72442808207413,-148.14526378675322,-155.60462000969446
3399,-141.6261935490034,-148.15093710645516,-155.58743312807854
3400,-141.58927697720975,-148.17096874577354,-155.56662100617615
3401,-141.63066693376203,-148.25930708297668,-155.56700788826993
3402,-141.74326468952205,-148.2160890207282,-155.49445591239416
3403,-141.66702353774156,-148.2388485211962,-155.367537850606
3404,-141.72763288347377,-148.29284083553887,-155.39714262990208
3405,-141.6228510528888,-148.32133418664688,-155.41384171551468
3406,-141.6045837127404,-148.34227732337985,-155.33182848079326
3407,-141.49590040980655,-148.32671490656324,-155.18999317777843
3408,-141.50506184165346,-148.33225385480696,-155.15149348680217
3409,-141.53247642289227,-148.37738917340317,-155.09025494725648
3410,-141.5595061575423,-148.36586765091764,-155.0704097823549
3411,-141.47461429579837,-148.2673141673268,-155.10022012453106
3412,-141.4131473808433,-148.29788065982862,-155.03920400706517
3413,-141.39928150892797,-148.44676444365297,-155.01621433308324
3414,-141.2939642806335,-148.33422717752043,-155.0224350829235
3415,-141.28447687534515,-148.2996882106957,-155.15042467740167
3416,-141.4479115911728,-148.3450006617341,-155.1181912522619
3417,-141.40476371956862,-148.3473255869317,-155.15488951268648
3418,-141.3260469878931,-148.26134566371266,-155.18928429464552
3419,-141.54227578708807,-148.2011062690429,-155.2228336756235
3420,-141.62154397259917,-148.1615979096174,-155.2799910946372
3421,-141.78396235790862,-148.1197462798889,-155.2347725378503
3422,-141.83744623182372,-148.07717790983412,-155.173549646089
3423,-141.7939644687873,-148.05760074685486,-155.0441640731335
3424,-141.7345576318668,-148.08662465157104,-155.03191491887958
3425,-141.83232321697312,-148.1258740089417,-154.9598847814748
3426,-141.87959837261724,-148.09013457082492,-154.9110219404959
3427,-141.82087949596576,-148.0075126668985,-154.90308435790206
3428,-141.6895877284612,-148.0222393522933,-154.96843975061495
3429,-141.67276631835293,-148.00483027516202,-154.97436989234313
3430,-141.54074291578684,-148.01341872232837,-154.84461300927617
3431,-141.60854537869434,-148.01360847227238,-154.78206352225038
3432,-141.5086833183751,-148.02194796247244,-154.77518275499523
3433,-141.55306597330457,-148.01013846713735,-154.832681738217
3434,-141.5395973339763,-148.03007249156468,-154.79319248765364
3435,-141.55652538641718,-147.9940481495629,-154.79655415311566
3436,-141.58596283600306,-148.02739409849528,-154.70850648000985
3437,-141.5014697557546,-147.99634305259642,-154.78538855465828
3438,-141.4711574575225,-147.98441532044097,-154.78079475421026
3439,-141.42347804580805,-147.88169854348686,-154.7177507997449
3440,-141.44693295945942,-147.7571681441971,-154.70715534203404
3441,-141.3548590477498,-147.72581785242025,-154.67640705788295
3442,-141.3232382660271,-147.63523305954718,-154.6381433660452
3443,-141.3960393675933,-147.49720040928852,-154.62905344969934
3444,-141.4088466763961,-147.44486172409077,-154.4925893668873
3445,-141.38520632214622,-147.38973400703367,-154.49032860585842
3446,-141.39625303858764,-147.34030584604892,-154.44783460136605
3447,-141.20073868891296,-147.44142148367752,-154.41899941492258
3448,-141.23223179034392,-147.43886395758406,-154.36600553717207
3449,-141.22394761092667,-147.3826366003256,-154.32930116480406
3450,-141.25180600426737,-147.40141310439566,-154.33687446803074
3451,-141.2170721135949,-147.46016685549176,-154.13739611007156
3452,-141.1611669349345,-147.43335300072016,-154.15612365073773
3453,-141.1630346262097,-147.43861258807922,-154.14268675791118
3454,-141.1386425521189,-147.39632048107228,-154.13270486416596
3455,-141.11545568621003,-147.3958305693311,-154.08705375711426
3456,-141.09168236767343,-147.31908432400857,-153.99048996752046
3457,-141.13466267928715,-147.18457567217268,-153.98780719295002
3458,-141.0811896253076,-147.18343530737826,-153.9316559101422
3459,-141.1908019491297,-147.0656428585944,-153.9771417994271
3460,-141.14860531374623,-147.1252673114311,-153.93034769636398
3461,-141.2079948915313,-147.17241196535807,-153.92393766032086
3462,-141.34765282545192,-147.15753819188905,-153.84751656088656
3463,-141.3157694960705,-147.08813584618355,-153.7867534820742
3464,-141.28752317547693,-147.08759650564048,-153.79559782794564
3465,-141.28252923549684,-146.99830899900985,-153.76709656454668
3466,-141.22546352814808,-146.90878285204263,-153.72860587390704
3467,-141.02610428544943,-146.89492669662894,-153.6930727429043
3468,-141.01683237170343,-146.99320447156578,-153.6709652917654
3469,-140.93041833592332,-147.05545383623988,-153.58163081799864
3470,-140.95984239246184,-147.0911979262866,-153.63234378929178
3471,-140.7963940946796,-147.09032212865662,-153.56987162865454
3472,-140.85431953766272,-147.15475287247506,-153.51546893317544
3473,-140.63708803258248,-147.1154383974714,-153.42573903380173
3474,-140.4645865263656,-147.11272216233016,-153.3493608072739
3475,-140.45097309135969,-147.070489752608,-153.29680325371825
3476,-140.37052789590552,-147.20771121875572,-153.19261497857974
3477,-140.24664749842628,-147.2515176022919,-153.189626306763
3478,-140.2069975629787,-147.18984325181083,-153.19760608081413
3479,-140.24528152268846,-147.1469277065551,-153.1854573852869
3480,-140.26769438874408,-147.20930272385914,-153.16895444101607
3481,-140.09177751619174,-147.19317361754116,-153.2171783619409
3482,-139.96161531430133,-147.2480502466076,-153.1351092227694
3483,-139.9880889833652,-147.2371783015279,-153.13200833960352
3484,-140.0400093939661,-147.2864398203457,-153.14248186897464
3485,-140.00799981924283,-147.2339787609989,-153.1925370262761
3486,-140.12494951914303,-147.23906800212438,-153.13024507889145
3487,-140.0796708574899,-147.27605260222904,-153.20453896237632
3488,-140.09496112762108,-147.28085000986732,-153.2020702832674
3489,-140.07139170649054,-147.22172984999622,-153.26816312162788
3490,-139.96473804236587,-147.23785325210662,-153.26783787290486
3491,-139.91728674272906,-147.29261131385894,-153.31304937738125
3492,-139.92184959851835,-147.1851987970772,-153.28758457838822
3493,-139.88394061267343,-147.15015807708699,-153.23689098498642
3494,-139.8584667525032,-147.13161906361447,-153.14148783074052
3495,-139.77564463784907,-147.2005808005584,-153.0873267124722
3496,-139.74499614729996,-147.14469382100287,-152.99856433846082
3497,-139.71680259623054,-147.10369882061747,-152.99832896894128
3498,-139.6543287241077,-147.1596285699759,-152.9377382773099
3499,-139.6680351505322,-147.09554679420967,-152.97405248436615
3500,-139.64287296501746,-147.03102831367625,-152.87076427915787
3501,-139.63276427332292,-146.9648314786342,-152.9677553902788
3502,-139.64844622278466,-146.97936962397264,-152.89848333053374
3503,-139.7343001218231,-146.95515332826002,-152.96018594030966
3504,-139.75077793298578,-146.93413229914015,-152.94193286373167
3505,-139.5804416273461,-146.9106273420433,-152.84351826170916
3506,-139.45303354610314,-146.78984819173454,-152.88957859112773
3507,-139.2777979070516,-146.7784804582133,-152.8961468248662
3508,-139.30704738273064,-146.62197697473525,-152.86155220728054
3509,-139.1538014461525,-146.65107056209442,-152.84108628478523
3510,-139.07040506388267,-146.65017434575952,-152.91151102542463
3511,-139.13331443252525,-146.58313438500105,-152.8512021309647
3512,-139.1910233396158,-146.50170938087805,-152.80797223636952
3513,-139.22520973239614,-146.42968437547898,-152.76380372688888
3514,-139.18167409717432,-146.4704054061924,-152.6747466898385
3515,-139.07827344406587,-146.6304318744181,-152.6999482541309
3516,-139.11639779970346,-146.70968557192364,-152.72459456095385
3517,-139.03794626764554,-146.63317051575285,-152.75754043053522
3518,-139.00526752605037,-146.71375496489998,-152.74552918407673
3519,-138.96302395361803,-146.6772599955703,-152.75853408232058
3520,-139.0391496770449,-146.49300201127133,-152.69518298197454
3521,-139.0010089764339,-146.3824852300666,-152.7452986656468
3522,-138.92454740334387,-146.3829796055876,-152.76298681268895
3523,-138.88031361315558,-146.40785613879837,-152.7391397170826
3524,-138.93811600052953,-146.49568855385928,-152.7969567494115
3525,-138.9219995025514,-146.4472153805171,-152.72396195992474
3526,-138.85485342717794,-146.44917944650487,-152.68716942450934
3527,-138.98464694087852,-146.39188647540547,-152.68067772937667
3528,-139.0295695572923,-146.42849177522908,-152.65770743416473
3529,-138.84792600102384,-146.36459151447082,-152.6675337315923
3530,-138.97657232436723,-146.44049457271652,-152.69932561367688
3531,-138.9028631972301,-146.5005799545768,-152.6390267208901
3532,-138.9075389520707,-146.5353972312148,-152.6189588350914
3533,-138.99460930077566,-146.43206318825185,-152.6060963942404
3534,-138.87331629539727,-146.40104430617345,-152.6299126912428
3535,-138.80631723018382,-146.2418550506475,-152.66736194118175
3536,-138.86546035831424,-146.24301850739178,-152.62312344266815
3537,-138.8424326145179,-146.1829870820971,-152.61993194929454
3538,-138.8254049508049,-146.12953643779642,-152.53856083846296
3539,-138.64764039387214,-146.16550973641796,-152.47350204122273
3540,-138.75748176758051,-146.09889540115768,-152.37218524492485
3541,-138.62856635657275,-146.06118115567995,-152.4299012701933
3542,-138.63572238603058,-145.98631917647006,-152.36394553780318
3543,-138.57154265420047,-145.94050029959558,-152.35101961775973
3544,-138.5718403500576,-145.9279605811205,-152.32096457039336
3545,-138.5354615794203,-145.9008426470127,-152.34428476379418
3546,-138.59403161812355,-145.80809887877956,-152.37547176148723
3547,-138.54596898042203,-145.91184176796963,-152.39251400456976
3548,-138.55453276687263,-145.87934827323426,-152.3596682931936
3549,-138.47251996178943,-145.88716930662304,-152.31551141263353
3550,-138.53561064943813,-145.95981597370724,-152.24933094403792
3551,-138.4700655130993,-146.0580774979241,-152.23506955181898
3552,-138.5083185443014,-146.02233746721402,-152.32876902810546
3553,-138.50095600446446,-146.06128072637273,-152.29598728419626
3554,-138.4587388849901,-146.02784630978647,-152.30718012036985
3555,-138.44452050144508,-145.9907043616269,-152.26969001420105
3556,-138.5181269666387,-146.00866629042446,-152.15785145578525
3557,-138.48390243310635,-146.1026724829954,-152.16029716793048
3558,-138.43802701212988,-146.18608760971009,-152.15191795973672
3559,-138.41268994673163,-146.11729639732914,-152.11644903435837
3560,-138.354156709201,-146.06456099077698,-152.07035906416323
3561,-138.18722627780835,-146.00232105693087,-151.99036822290492
3562,-138.1838142296211,-145.95035602340488,-152.00226970247138
3563,-138.15476471968068,-145.90016717785147,-152.00915792517696
3564,-138.07989701844537,-145.88012073900194,-151.99310986730495
3565,-138.0670585446707,-145.9355894890033,-151.9733513404999
3566,-138.04229880233964,-146.02283771559684,-151.95275760352604
3567,-138.0079902095881,-146.1199612004221,-152.0491028300255
3568,-138.02224837614892,-146.11038283013636,-152.03373680748905
3569,-137.95184577245604,-146.07268193406298,-152.07205699846926
3570,-137.8717787436214,-146.06748119681927,-152.0227890740005
3571,-137.8924238753524,-146.08347744451794,-152.01456218831262
3572,-137.97806615278364,-146.01835058120827,-152.02331799034482
3573,-137.96839816040455,-145.96393449795883,-152.0216608402398
3574,-137.93708856132764,-146.01692200343268,-151.98380685669275
3575,-137.84146167052552,-145.9504993825608,-151.9661011907062
3576,-137.64384585985357,-145.96816808636424,-152.00184444612887
3577,-137.62286700125068,-145.78967458378952,-151.94634565108453
3578,-137.57918479975774,-145.92869346833936,-151.81309720039803
3579,-137.39424928957436,-146.0147784824028,-151.70688750112416
3580,-137.25116463180032,-146.04895554305105,-151.58304061566486
3581,-137.1140005657223,-146.14101947195724,-151.6536260428033
3582,-137.02720642429202,-146.16543599141684,-151.64344052837498
3583,-137.01607877603712,-146.15485072069453,-151.64700090128147
3584,-137.00823082153778,-146.028139263448,-151.62574983574007
3585,-136.92692382824097,-145.94900134283483,-151.7069058890148
3586,-136.98625744653336,-145.9649170312643,-151.63810211929757
3587,-137.00246216906422,-145.92677223781652,-151.6846726468059
3588,-136.9696175314435,-145.87418543001326,-151.65386326159918
3589,-136.98489835388034,-145.85054048542298,-151.6989130879796
3590,-137.00655442392895,-145.83993117509164,-151.7417554346487
3591,-136.83511959081878,-145.84047271783066,-151.70132198232818
3592,-136.88088499245282,-145.88102066511726,-151.71350148065613
3593,-136.80608075755183,-145.8539960764702,-151.70096505293188
3594,-136.7430950877831,-145.87466441856688,-151.72268136138953
3595,-136.9212353270277,-145.90779748154506,-151.7351465460541
3596,-136.90807863390293,-145.99464461530417,-151.8092376821092
3597,-136.7972271382511,-146.00102517311228,-151.72052292065212
3598,-136.87950709321905,-146.02493433910587,-151.72356436975298
3599,-136.82783962977254,-146.05745459885907,-151.7214652665437
3600,-136.65616257870974,-146.0801968770312,-151.69216462094607
3601,-136.69649228235548,-146.09215274531348,-151.64847940706767
3602,-136.74691710139888,-146.0939838469402,-151.5687177020664
3603,-136.65035617065877,-146.20721012660948,-151.41822452095136
3604,-136.65046282400522,-146.21858068279704,-151.51534012630364
3605,-136.63759098548374,-146.23968690217748,-151.5459337862519
3606,-136.66653788212335,-146.23735721670204,-151.5013598130406
3607,-136.71138248673094,-146.15820332097678,-151.46070630052992
3608,-136.71786627896154,-146.12834694256287,-151.45059457447366
3609,-136.87753455862799,-146.24584483467888,-151.41494984899322
3610,-136.84037040961852,-146.32715506268528,-151.38788883217399
3611,-136.97087405896477,-146.29637067086327,-151.49951726335217
3612,-136.96650114048626,-146.3404601568205,-151.41617758979015
3613,-136.94689579986812,-146.3984772887542,-151.38129119569462
3614,-136.86829089368894,-146.42826116260227,-151.3562868905318
3615,-136.91907056424827,-146.39632998874038,-151.41609776083868
3616,-136.96108649463895,-146.34006039442144,-151.5051904728484
3617,-136.9887976300238,-146.35604441561003,-151.50435025344117
3618,-136.85224232423963,-146.25531210663812,-151.49107397728147
3619,-136.7013919026823,-146.33266994212886,-151.42299859471
3620,-136.65221440884636,-146.29572923377964,-151.37549166633625
3621,-136.65341757983563,-146.23163916617227,-151.41371880742037
3622,-136.58883761167004,-146.24441076515743,-151.45166043264172
3623,-136.60840200027394,-146.33762301667022,-151.4267831332507
3624,-136.6129508118006,-146.3403931228643,-151.38867197584398
3625,-136.72789779232312,-146.26993793546117,-151.47325491409316
3626,-136.76409391214105,-146.36301678210265,-151.40614712385207
3627,-136.92340805958492,-146.2340609102843,-151.38819745889023
3628,-137.00748630806518,-146.22015513768855,-151.49557688286995
3629,-137.06437183174276,-146.20636025651925,-151.53574202308047
3630,-136.9475071878805,-146.20684237177142,-151.5240070214375
3631,-137.03333201666706,-146.11295882166422,-151.62811210985063
3632,-137.1706708430914,-146.10862236333978,-151.5600308351893
3633,-137.299649658355,-146.08414705067992,-151.50341622152501
3634,-137.33271645863923,-146.10811432360651,-151.51095786057147
3635,-137.29298909620144,-146.15048139791423,-151.55411389972284
3636,-137.30946357914394,-146.1655381465735,-151.57799494260405
3637,-137.34503916213566,-146.11832489882886,-151.5509224699822
3638,-137.2991723276245,-146.12227021081014,-151.5009321201366
3639,-137.27720641425697,-146.0690595038624,-151.48232342326105
3640,-137.31613415602766,-146.10470240907358,-151.47541300283507
3641,-137.29194252962378,-146.10137221804163,-151.46593174866217
3642,-137.27751469647563,-145.99949015245613,-151.53811631313744
3643,-137.2756875989366,-145.8709749535868,-151.51168998646492
3644,-137.2142171069354,-145.74416908202588,-151.38342174033085
3645,-137.2911614829985,-145.82454284869962,-151.3227010774346
3646,-137.12777322185883,-145.89615222563532,-151.34494823055087
3647,-137.1224711398466,-145.83431761202422,-151.3400233865836
3648,-137.06230355688294,-145.8930641065682,-151.2955763896226
3649,-137.04419435051727,-145.87131197854666,-151.31929132955977
3650,-137.07596556519215,-145.84465008298412,-151.33177128080743
3651,-137.01933175365713,-145.7523043909486,-151.27971232593814
3652,-136.9321649910058,-145.76809282689544,-151.24649741263113
3653,-136.95127426350075,-145.75039092731203,-151.2466607422379
3654,-137.0342981642179,-145.82757659650707,-151.28993282935147
3655,-137.08827474899925,-145.77810230264762,-151.3260423410426
3656,-137.12869862819096,-145.81556087378783,-151.39418978151497
3657,-137.0841536957294,-145.77892680477376,-151.38021317017186
3658,-137.1931325272916,-145.65419712874228,-151.39019089486604
3659,-137.19028918147342,-145.55627139780916,-151.32980339133746
3660,-137.09700695018174,-145.4748353339669,-151.35303948875818
3661,-137.12123050682078,-145.51864302182744,-151.29383435330453
3662,-136.91762744262545,-145.49165067061114,-151.30112760611235
3663,-136.84894527851074,-145.54680187970763,-151.29277415206707
3664,-136.7531441544205,-145.50934758448324,-151.36621637482313
3665,-136.8436944647736,-145.5152645281592,-151.38216395765085
3666,-136.96155430177623,-145.56167528436043,-151.3420590318379
3667,-137.12856850949555,-145.65693261189415,-151.32350198672395
3668,-137.12063997087995,-145.68482588673297,-151.3320217889384
3669,-137.22402382396803,-145.64346206434118,-151.40622952035224
3670,-137.32959460025324,-145.63107006723817,-151.3609122878048
3671,-137.27845336616434,-145.65772327216416,-151.3752285118702
3672,-137.27696202893304,-145.67689130633903,-151.37409116196486
3673,-137.31994985061993,-145.7185995088953,-151.37420133460878
3674,-137.31634894023153,-145.69973938286853,-151.4387668948863
3675,-137.31680373091814,-145.47882167272053,-151.34173289518785
3676,-137.21653235195419,-145.39351577254354,-151.31166487100415
3677,-137.3882330793563,-145.45744102862832,-151.2493848721518
3678,-137.48869538768443,-145.39826921085705,-151.31343841913645
3679,-137.63768154760163,-145.40705149846985,-151.33866949191474
3680,-137.59624792919604,-145.47222165395294,-151.3364193990725
3681,-137.50323355698185,-145.5966730021272,-151.31942844645795
3682,-137.57190634824957,-145.5400507924029,-151.3147085797976
3683,-137.52536436449594,-145.53933090403564,-151.3468454359275
3684,-137.48620651379895,-145.46329296056314,-151.26817231652655
3685,-137.38113733854823,-145.48285689568118,-151.27075956763724
3686,-137.4751496890519,-145.42893997556627,-151.2879403739402
3687,-137.48463540314162,-145.4095183334261,-151.29223845055458
3688,-137.49470154410182,-145.40692666051987,-151.2544407269856
3689,-137.70090509047643,-145.32219204639097,-151.32709088321212
3690,-137.60083606178128,-145.21631556795364,-151.26616000443636
3691,-137.72310539502223,-145.22721156900508,-151.25431966939215
3692,-137.7660280623154,-145.19308904222876,-151.26344242896482
3693,-137.66337327973943,-145.20055110017583,-151.27541404578392
3694,-137.7759988520039,-145.14189646920943,-151.2725584070402
3695,-137.8966740398447,-145.16618549807598,-151.22961488323227
3696,-137.90289352652192,-145.1786112696034,-151.2693722454394
3697,-137.99315815738194,-145.16127977477666,-151.20121551334634
3698,-137.93291955272895,-145.13235547733592,-151.21995630450886
3699,-137.94143717941304,-145.07527073072953,-151.23987684505454
3700,-137.71447893404894,-145.09604522550762,-151.2362034570515
3701,-137.7422281608292,-144.98815669105173,-151.20547189508983
3702,-137.70736636757636,-145.082617351475,-151.24467475418916
3703,-137.7267239676096,-144.9547948101557,-151.21290662401555
3704,-137.57102403855515,-144.99295207190713,-151.27230406999058
3705,-137.5461053343235,-144.93983280403228,-151.20412678098717
3706,-137.52588989646054,-144.9071614888573,-151.29426843368628
3707,-137.41938398985127,-144.88159617587803,-151.2395960227722
3708,-137.4637992979468,-144.902983948217,-151.20768236198788
3709,-137.56838057026673,-144.81043207450722,-151.26467042042432
3710,-137.44605722118663,-144.8326658003689,-151.31194161542996
3711,-137.4204411283534,-144.73235006411085,-151.29160631788116
3712,-137.35120693767698,-144.68456895449236,-151.2835809154656
3713,-137.3135772269364,-144.59615229092867,-151.32648437854633
3714,-137.29058077694452,-144.56247814100266,-151.24658480624203
3715,-137.22962925764568,-144.59623849915198,-151.21945044518063
3716,-137.28957240283438,-144.56963378968297,-151.34153906770354
3717,-137.2139063184759,-144.45137131793516,-151.34522955758428
3718,-137.42700889369118,-144.38114070001484,-151.36147928179736
3719,-137.37796733334156,-144.37292059911772,-151.46923375019298
3720,-137.44342928824403,-144.28374190902065,-151.4640295721269
3721,-137.5423206253258,-144.30884096648003,-151.48582869796576
3722,-137.4291608833172,-144.22203218979035,-151.4868100039813
3723,-137.41785065716124,-144.25239250037762,-151.43764566195688
3724,-137.26213034213714,-144.25494271084273,-151.45955591427645
3725,-137.3948605621047,-144.15203795849774,-151.4882600029048
3726,-137.3856353874449,-143.99634723103884,-151.5649800694311
3727,-137.41345448808812,-143.94329327770117,-151.50967701771188
3728,-137.3830627291161,-143.91068120866566,-151.48657356190904
3729,-137.34674431673625,-143.88324525865846,-151.49267850073895
3730,-137.36025551169612,-143.78821163682892,-151.46651726087538
3731,-137.2898020581966,-143.77791297799695,-151.42707787128597
3732,-137.23381720021763,-143.8638282471752,-151.37309141719993
3733,-137.1705251325529,-143.88366595660872,-151.37021233355145
3734,-137.2643763975998,-143.77649046074345,-151.33870901277052
3735,-137.22718978983235,-143.92686571304378,-151.2730416007046
3736,-137.42082779884396,-143.8851660706212,-151.2449403093681
3737,-137.4783869983604,-143.9515233587042,-151.19036340274255
3738,-137.56054613359427,-143.84783547183878,-151.218760584439
3739,-137.52890567515388,-143.75817235385944,-151.21091303983565
3740,-137.59516070125218,-143.6851228213617,-151.20688321137968
3741,-137.6811022630335,-143.62107361010163,-151.13696941288174
3742,-137.61805787432127,-143.5303109701734,-151.0732094211697
3743,-137.63000763557315,-143.56708779776392,-151.14315877435206
3744,-137.58737990848127,-143.62379691441177,-151.1642512970998
3745,-137.5622718741116,-143.5707328275191,-151.1552234830581
3746,-137.52193374513413,-143.62752908597412,-151.08214012099933
3747,-137.42367818536087,-143.65116855951487,-150.99440391799027
3748,-137.41635975981958,-143.59536505010655,-150.91334372912604
3749,-137.36005560972137,-143.689455044125,-150.8150754495204
3750,-137.39720206187494,-143.69835127431844,-150.80207371395426
3751,-137.52837688477143,-143.61162447088003,-150.71476818214717
3752,-137.5382757254198,-143.55433196063507,-150.62214256142866
3753,-137.60316410857837,-143.55910802720712,-150.61982428805936
3754,-137.5196562852582,-143.46753544136425,-150.58764793738334
3755,-137.37127391276263,-143.43159494003876,-150.54625202468404
3756,-137.24130088662864,-143.34916055431822,-150.51640184455175
3757,-137.27935123764732,-143.3040839556289,-150.5650907788978
3758,-137.19752975329195,-143.24557134720519,-150.58527178173017
3759,-137.31148257744894,-143.31345010836608,-150.65486282220738
3760,-137.36835104301065,-143.31237507720687,-150.5501470723151
3761,-137.37902634070434,-143.36016592312612,-150.57007293707596
3762,-137.2157298187428,-143.34012221821504,-150.66398903459964
3763,-137.2432784741911,-143.27599881775402,-150.75501026339631
3764,-137.1641634059741,-143.2270388290817,-150.7098391900553
3765,-137.12201059982368,-143.16227476578172,-150.68555746943323
3766,-136.9144860616077,-143.13770072469657,-150.67221626434542
3767,-136.89485173454682,-143.06342337031123,-150.6869471783788
3768,-136.72463511569072,-143.07809214194114,-150.71005985289935
3769,-136.45805600126934,-142.9498001400262,-150.69334681994633
3770,-136.3978375815301,-142.92736896054487,-150.7047538484218
3771,-136.3279335300087,-143.0689624260151,-150.63171227359834
3772,-136.342823021142,-143.03212588664053,-150.71994323416314
3773,-136.2771174798716,-142.9400556503974,-150.66560808315154
3774,-136.28725250262295,-142.9394160345394,-150.70086990173363
3775,-136.2511906037301,-142.9330483147354,-150.69373073081607
3776,-136.2201555267215,-142.93616067081717,-150.70290969507428
3777,-136.2260915477438,-142.98472236922993,-150.67020247108627
3778,-136.28617002254663,-142.83938070773843,-150.59358009976785
3779,-136.28909479210978,-142.87033936536847,-150.65760410822617
3780,-136.33890634261698,-142.91682564630895,-150.68036564635247
3781,-136.32236026411425,-142.85268146978018,-150.63403864230105
3782,-136.36565974542623,-142.79638495726977,-150.60791261812926
3783,-136.35988785402077,-142.79611030299725,-150.6496394702048
3784,-136.380878712335,-142.7933090562263,-150.6640009444093
3785,-136.26968584329998,-142.89167685739068,-150.4595487870614
3786,-136.3101496424416,-142.908507006515,-150.48513764617968
3787,-136.31943597883952,-143.01423823433794,-150.46041741652363
3788,-136.16872363595334,-143.01260615893693,-150.39585975174745
3789,-136.1427226941163,-142.9714337054716,-150.45123952840385
3790,-136.24864823565667,-143.01116842774843,-150.41885546559325
3791,-136.1990933580887,-143.05518757970347,-150.34936433559352
3792,-135.9618223298487,-143.10022486493938,-150.37652971895406
3793,-135.92396948790952,-143.11153918290535,-150.41556941123102
3794,-135.98291036532828,-143.06508501902994,-150.39019642091594
3795,-135.93315619513206,-143.0619277078963,-150.39845018493594
3796,-135.92069590616282,-142.9807980251353,-150.39911653898002
3797,-135.87509570395758,-143.04140282681263,-150.43666949542984
3798,-135.86704720878836,-142.94605138885106,-150.4582427853623
3799,-135.89155052037566,-142.88551916503513,-150.38951781909952
3800,-135.8743710746079,-142.8460772448517,-150.39548475642152
3801,-135.90458621640687,-142.79728027765987,-150.42336350963868
3802,-136.03320588344474,-142.88758754553407,-150.40254368228221
3803,-136.10389546206727,-142.96556938591374,-150.39438806184688
3804,-136.10320830862614,-142.971611929306,-150.40660932613275
3805,-135.98854539695304,-142.9824032248279,-150.42646737300294
3806,-136.14634753672271,-142.87403491584894,-150.50307254128342
3807,-136.1280501475086,-142.9210782555402,-150.4595092994676
3808,-136.13269501103275,-142.92658254199972,-150.42501034641276
3809,-136.10366318154152,-142.89956548102094,-150.35638296652917
3810,-136.0464105144928,-142.82939980804574,-150.29785244861856
3811,-136.10595719391011,-142.84380989561544,-150.31506975534163
3812,-136.038016097748,-142.7683614896324,-150.26894326670728
3813,-135.93018555972384,-142.7827788214151,-150.3005619399429
3814,-135.82452412685305,-142.73468620263395,-150.28355994951258
3815,-135.7957163535122,-142.7968012331936,-150.18440516728276
3816,-135.67769360755955,-142.76436141411892,-150.12440013535726
3817,-135.70131100827686,-142.8335218374092,-150.0893910110704
3818,-135.67310845279394,-143.01713195652755,-150.07087823502656
3819,-135.74479091063407,-143.06461312665328,-150.1149455709029
3820,-135.72175528645406,-143.20033669047245,-150.13488466252414
3821,-135.68037727354556,-143.17579898585612,-150.14196499362146
3822,-135.7204926371802,-143.0673981568445,-150.1386995462982
3823,-135.72389441805228,-143.0133808935633,-150.09639565229872
3824,-135.77709856492393,-143.06267752673097,-150.0062762528278
3825,-135.78760023777494,-143.02539325719215,-150.07086042027996
3826,-135.71806816370412,-142.94545158874325,-150.087236347453
3827,-135.51558144628427,-142.9463468221731,-150.0417862270537
3828,-135.55296830072223,-143.0616716619507,-149.98110118955447
3829,-135.5758265343974,-142.97613385833313,-149.92409892322377
3830,-135.47741064594766,-142.90127969134414,-149.92166166050697
3831,-135.3625327028349,-142.8787286099551,-149.9377169782602
3832,-135.2904176358278,-142.94725722434038,-149.95195098094496
3833,-135.10491240326616,-142.84020508093442,-149.87851837562278
3834,-135.1210998898014,-142.742653224413,-149.82305029200552
3835,-135.23072373292766,-142.65436218273936,-149.92049811437414
3836,-135.3119237080887,-142.65314566809036,-149.8959618218643
3837,-135.17136060206866,-142.54246519040575,-149.85427040175273
3838,-135.11819916697465,-142.66396353537652,-149.72970057617488
3839,-135.0417020894629,-142.60409411537228,-149.61906422752958
3840,-134.96035739972325,-142.49790930840058,-149.59858563814754
3841,-135.06709004337418,-142.4354707974922,-149.62520515152602
3842,-135.06692229010852,-142.37539715337857,-149.62856927045408
3843,-135.09655108196645,-142.29636891119387,-149.51527300331338
3844,-135.02697742178142,-142.31416539503329,-149.55214354582733
3845,-135.10108643216282,-142.3566763431925,-149.6353885955202
3846,-134.89893529677926,-142.33476343304636,-149.5977928657813
3847,-134.7692290347726,-142.32416234852676,-149.55477572058263
3848,-134.7770654885943,-142.26058530508152,-149.53395002171277
3849,-134.66754281655898,-142.28449551273843,-149.4752879629625
3850,-134.7297146108574,-142.25931823963782,-149.4744924386357
3851,-134.70335610803454,-142.22382354293535,-149.50817524459544
3852,-134.69585113181054,-142.16976578617937,-149.54882022711996
3853,-134.5919340539299,-142.19930157491385,-149.5788434409125
3854,-134.5739224393162,-142.23927623749285,-149.49647534395058
3855,-134.5099556075126,-142.31124648646545,-149.6436372124017
3856,-134.49206587276632,-142.22239927996333,-149.6214049806637
3857,-134.38658151452876,-142.23094699483187,-149.68631300021036
3858,-134.43786171908812,-142.13745759765246,-149.63014552543814
3859,-134.44837063506748,-142.14308299384066,-149.6763184026205
3860,-134.67490929072937,-142.07277615736382,-149.76771232572105
3861,-134.63757084999386,-142.17250700240882,-149.73742352302818
3862,-134.6469506686766,-142.14562989669275,-149.7084688900875
3863,-134.56567476182175,-142.21364620986122,-149.7344155163287
3864,-134.75569523844933,-142.11832485273297,-149.72628713752545
3865,-134.76197372348406,-142.1233794690266,-149.73632711203157
3866,-134.69066033103195,-142.17392002759658,-149.69542467589298
3867,-134.74109038726246,-142.10833252272866,-149.66707762522827
3868,-134.69063891293115,-142.0431433657261,-149.7403190432301
3869,-134.67428042243571,-142.05787806086516,-149.574247326999
3870,-134.7150185415562,-141.97323114041393,-149.5839832289913
3871,-134.6792676595251,-142.07520313982855,-149.57589737314836
3872,-134.78163500527444,-142.10902332929217,-149.54575436915115
3873,-134.76867366152425,-142.12880574078594,-149.48329913523878
3874,-134.75844885134077,-142.08698516887293,-149.48062937133506
3875,-134.74843404638656,-142.0478748479414,-149.49231569481123
3876,-134.68249179384554,-142.04715110530663,-149.42512937695562
3877,-134.61680886175847,-142.06369247335877,-149.36412923766204
3878,-134.44485813438837,-142.05052604891486,-149.3667351108197
3879,-134.46851900451736,-142.02157811896052,-149.2718616082548
3880,-134.40867296032343,-142.12344313791584,-149.27702703947278
3881,-134.31804085192874,-142.17876658209553,-149.30815620515057
3882,-134.26947150725294,-142.2601905503724,-149.37386842595487
3883,-134.35566991882334,-142.26586506809664,-149.47868942298032
3884,-134.4667717015821,-142.24116496629065,-149.4388762204686
3885,-134.3377741177756,-142.272670996962,-149.41232600479418
3886,-134.19654392723376,-142.2961574419301,-149.39094379376508
3887,-134.25492590946607,-142.27217576938602,-149.4662160630027
3888,-134.17254578954095,-142.21323834023184,-149.48983524042478
3889,-134.22792591641223,-142.24130024742334,-149.49340841929393
3890,-134.19648985663633,-142.37942790769483,-149.58296270861214
3891,-134.29547154966963,-142.40289985890058,-149.49596346665692
3892,-134.27104976889564,-142.26959439872036,-149.5207986529713
3893,-134.27256727803157,-142.1586554124647,-149.52248281845903
3894,-134.2621100220022,-142.2136614046237,-149.47265126237733
3895,-134.27841313390718,-142.08072048785633,-149.45140867060937
3896,-134.25849004067044,-141.97958376840742,-149.39268366769937
3897,-134.17726529864206,-141.98006764669788,-149.38517645029032
3898,-134.22279725332112,-141.8986475698167,-149.42086625762
3899,-134.2709900048886,-141.88262571849108,-149.44187761288063
3900,-134.26320096575716,-141.86540287972812,-149.48567013238852
3901,-134.14343427369383,-141.8564823692343,-149.4645876448879
3902,-134.1942951819841,-141.93027542862944,-149.4692064920785
3903,-134.15744387975678,-141.89672764647173,-149.4869867596561
3904,-134.13616647651799,-141.80352950822115,-149.51057582116084
3905,-134.1065453192258,-141.8511247068206,-149.49208737198293
3906,-134.00403124951686,-141.75965121684115,-149.60333395758144
3907,-134.11668620630658,-141.73703493582002,-149.62982986486293
3908,-134.1087381627498,-141.86484259735053,-149.64326921451539
3909,-134.24005422919237,-141.68977695304898,-149.60083270021227
3910,-134.2904369140524,-141.6874164673486,-149.60673271326516
3911,-134.21384064557412,-141.74104473536852,-149.71665552058812
3912,-134.14712373922046,-141.755683252297,-149.73735477108934
3913,-134.11392336970118,-141.74283947415654,-149.7163440782017
3914,-134.19739015833457,-141.74291608666502,-149.7536950951079
3915,-134.0926801833918,-141.8109156752481,-149.78347225085477
3916,-134.18821248108446,-141.84514294421166,-149.7654585700059
3917,-134.27926727677692,-141.8786947823596,-149.7124442162565
3918,-134.33298896173827,-141.84063929841406,-149.60303457812606
3919,-134.25107805748675,-141.74143501484076,-149.5422251423304
3920,-134.19628054980427,-141.66085622644016,-149.63449232958345
3921,-134.15943230830794,-141.5920420349825,-149.5724192817636
3922,-134.24125555269535,-141.60680597559517,-149.5676283522479
3923,-134.13940091443044,-141.6231757564546,-149.54612349882325
3924,-134.13018671630027,-141.58357887327918,-149.5687031557669
3925,-134.1751028410278,-141.52193388063955,-149.58594652260598
3926,-134.2921007214576,-141.5379461517253,-149.62943052860612
3927,-134.31768007552736,-141.57430999683623,-149.598483304704
3928,-134.4729550767305,-141.55504948507922,-149.63599068722598
3929,-134.6355638935049,-141.5885680854321,-149.6876706872161
3930,-134.63958810132846,-141.5437041041663,-149.63196962621714
3931,-134.49621050961588,-141.47229326668156,-149.66805578133145
3932,-134.42485344552426,-141.50161493786865,-149.6040807204957
3933,-134.44509282646106,-141.48789089211465,-149.60658224755673
3934,-134.3836196932236,-141.39403733757547,-149.545487823481
3935,-134.4294908266006,-141.4254694649967,-149.4491585336814
3936,-134.28404972326544,-141.35025286371797,-149.34533859950153
3937,-134.22045314018837,-141.2474908819979,-149.3968768349674
3938,-134.2704754377737,-141.37731276363496,-149.48958969361155
3939,-134.18755999565263,-141.2743657891071,-149.50300227724534
3940,-134.09054173956338,-141.26163296313098,-149.47658059527242
3941,-134.07086704903216,-141.27450477744765,-149.45639790053906
3942,-133.98536999798188,-141.2517648802337,-149.5186035831909
3943,-133.96126509816668,-141.2229369712673,-149.5624173623238
3944,-133.93851737024937,-141.2130469490831,-149.6171827650506
3945,-133.96890169475,-141.2009357424119,-149.71352693102335
3946,-133.93617414265384,-141.10331806810564,-149.7055324277989
3947,-133.87897320126382,-141.13901289315442,-149.6638094727437
3948,-133.97771200171744,-141.08933482130482,-149.6771779790921
3949,-133.9749440984421,-141.02803117403406,-149.53582636667915
3950,-134.0066493299953,-140.99061565216067,-149.53226360582644
3951,-134.01808993504545,-140.95630554823083,-149.5119198703828
3952,-134.02845163644838,-140.88546712192172,-149.51503038739898
3953,-134.01273954518985,-140.85281620890035,-149.5261210286595
3954,-133.93219625234462,-140.86627125125682,-149.5361949798114
3955,-133.99119013011224,-140.88295631177948,-149.51763897770383
3956,-134.0505551288301,-140.85923688773147,-149.4663893437787
3957,-134.13470411099235,-140.82921557796539,-149.4377332016506
3958,-134.07302895534906,-140.88201722932806,-149.42674954990736
3959,-133.9939329864895,-141.05378913569865,-149.49246536465074
3960,-133.87748385674206,-141.0152184466347,-149.39842493727122
3961,-133.76789541790163,-141.02245592308935,-149.38034292344045
3962,-133.72680444098097,-140.9939895632632,-149.40710796152152
3963,-133.69527097051613,-140.99759288657643,-149.37392636817037
3964,-133.78032731274186,-141.039190667597,-149.39692725054067
3965,-133.88685845405746,-140.97876690302974,-149.28735137719104
3966,-133.777650414316,-141.01921738656614,-149.17371589397618
3967,-133.86068170095086,-140.9894981642302,-149.1576102984628
3968,-133.92573636520535,-140.88425498017284,-149.1798360648773
3969,-133.97984278951822,-140.86855703978762,-149.1470776465387
3970,-134.01996516993438,-140.86605530334248,-149.12398689180884
3971,-134.03493570966822,-140.83446908021182,-149.086209875343
3972,-134.12783360708607,-140.87922189033014,-149.11822937780215
3973,-134.0377692916322,-140.8072472148,-149.14399066438673
3974,-134.1743102656328,-140.82178731782415,-149.1396324698616
3975,-134.0424573184406,-140.83587941761346,-149.26807466725685
3976,-134.0357016292971,-140.82439644778873,-149.33038677508623
3977,-134.00427906841992,-140.8959226479968,-149.31102615677804
3978,-133.90028254432053,-140.76030812430582,-149.2291636403803
3979,-133.7801936584568,-140.81116306404397,-149.20426066698167
3980,-133.7776496312287,-140.7045115362542,-149.08810945081348
3981,-133.83689496978712,-140.65421009803399,-149.0414835642165
3982,-133.9311083578442,-140.72896645764536,-149.0898079568482
3983,-133.88837128077665,-140.72449821101597,-149.00954198317618
3984,-133.82083002078616,-140.62831887383237,-148.9813581209399
3985,-133.69972828353582,-140.67887038234318,-148.97324719570452
3986,-133.5644470421817,-140.7299651664045,-148.8935218808693
3987,-133.728167431582,-140.64102341948177,-148.85581369923563
3988,-133.56373406553192,-140.55588601390474,-148.9991975758171
3989,-133.4628012496387,-140.61383053018994,-149.04081143701416
3990,-133.5225061630198,-140.63755828451102,-148.9656114476822
3991,-133.63125702531133,-140.58164350413057,-148.92219659391293
3992,-133.65567622295984,-140.54239627389697,-148.84417829659694
3993,-133.77928859205633,-140.5658347609288,-148.84761522537013
3994,-133.80539503032128,-140.53925856271604,-148.82704138983965
3995,-133.77686097101127,-140.5832441517975,-148.72809056788947
3996,-133.77140930527088,-140.57140871954817,-148.76360952476733
3997,-133.80227638903014,-140.57065108537856,-148.82024798203292
3998,-133.72293264654542,-140.43665674868166,-148.78276697924315
3999,-133.83802549968192,-140.44799374661432,-148.83701878864179
4000,-133.85425391624642,-140.41610809322296,-148.81721375770928
4001,-133.77375365950354,-140.37046009366654,-148.76777241152038
4002,-133.76502677340514,-140.4793875004984,-148.7574523704361
4003,-133.69958310923175,-140.5059759883698,-148.8509260606515
4004,-133.71963422458907,-140.50970538823955,-148.80865894925446
4005,-133.71921447819452,-140.57662100496702,-148.67986002620012
4006,-133.73260032408422,-140.55510338279197,-148.67547449529565
4007,-133.77665332796732,-140.6662818593128,-148.69698533618433
4008,-133.7317788603675,-140.68368285842234,-148.72825406264326
4009,-133.80702312227044,-140.72544381425257,-148.74005033407053
4010,-133.7754865405526,-140.81415553347807,-148.69344325976584
4011,-133.71528737867018,-140.73153024748322,-148.70024525508012
4012,-133.7045722408895,-140.81089387073195,-148.60734902363714
4013,-133.76943780071934,-140.6888200155852,-148.5841438551391
4014,-133.74763736108258,-140.63158394973743,-148.64395476766487
4015,-133.67476204707768,-140.59229284681228,-148.48185312274384
4016,-133.51981041989404,-140.72340332218891,-148.39857059955577
4017,-133.52184291723458,-140.72319982796625,-148.31306821470443
4018,-133.41838706629682,-140.70144042381747,-148.33185399096274
4019,-133.38616852027644,-140.6639668099451,-148.22243927467073
4020,-133.24266286592535,-140.7042776254342,-148.16115377019872
4021,-133.23461010046344,-140.691918210459,-148.1066551942909
4022,-133.20954929145896,-140.62446596117218,-148.10818725187502
4023,-133.20013297361086,-140.59370547463112,-148.05031369862215
4024,-133.08109702819576,-140.58541306311125,-148.00228012378847
4025,-133.12703650437754,-140.48571352946027,-148.0234347592234
4026,-133.25322018426186,-140.39677180649045,-147.9720695038458
4027,-133.18531766877746,-140.36901645455953,-147.99218303229344
4028,-133.24091156070665,-140.45064870786584,-147.9021144510263
4029,-133.16863639520722,-140.48355508524128,-147.9761831628761
4030,-133.0610557613893,-140.49261343081622,-147.90355561295286
4031,-133.12850507722501,-140.4207097256665,-147.85554391858952
4032,-132.96969103803983,-140.362473158266,-147.87909629981607
4033,-132.94169184129183,-140.2943438419568,-147.8406325853311
4034,-132.94379360795887,-140.30962103857829,-147.88766732678968
4035,-132.98186641781706,-140.27945249857694,-147.77201141277612
4036,-133.01114812421986,-140.31059782570043,-147.77780463985314
4037,-133.1089812467629,-140.3039238490523,-147.81681402636428
4038,-133.1878000318125,-140.3256801911246,-147.8541822915198
4039,-133.22517952367926,-140.34324324741038,-147.8975740787316
4040,-133.0988365217966,-140.2650544381155,-147.84718558832498
4041,-133.2091243788777,-140.19594014523875,-147.8430347451399
4042,-133.2952077532873,-140.24734110976846,-147.7457851081236
4043,-133.267347406887,-140.1834790184057,-147.6858066507271
4044,-133.31166807730852,-140.13017455908874,-147.70567183746408
4045,-133.31637374881583,-140.08607950369628,-147.69770060295744
4046,-133.42245748857525,-140.07080067625805,-147.71338555196752
4047,-133.3663380985211,-140.1068203242442,-147.61671749783358
4048,-133.4338652550228,-140.20813861295807,-147.66813648806388
4049,-133.43048718078296,-140.13877488284044,-147.57329845050532
4050,-133.43409906304183,-140.08990065296757,-147.54379555106053
4051,-133.37075079781476,-139.95211411621375,-147.57116655810688
4052,-133.24805135736602,-139.98099763373253,-147.53968257963783
4053,-133.25705178413733,-140.02095195453205,-147.5412719446913
4054,-133.203759547201,-139.92640555112365,-147.50752534218827
4055,-133.4151900542152,-139.8881477743338,-147.51090145383242
4056,-133.3043192453881,-139.93040584107618,-147.58811456025444
4057,-133.4351469013992,-139.95585313349613,-147.5110207838083
4058,-133.25700992097777,-140.00505144434499,-147.4599801535684
4059,-133.22415574377465,-140.04101668284073,-147.43863986124848
4060,-133.1957572576593,-140.10482448194574,-147.31619018953586
4061,-133.2610369330253,-140.11815244541668,-147.37789242273516
4062,-133.24310381409776,-140.08057949042922,-147.40807441326598
4063,-133.18101635567047,-139.9975493923904,-147.38713603240706
4064,-133.2547418997737,-139.9458921859631,-147.34784960441047
4065,-133.2634260606455,-139.9452010647583,-147.37767429440817
4066,-133.29881776241794,-139.92403871221416,-147.33323212849854
4067,-133.2233276702995,-140.02649424624596,-147.3132748517182
4068,-133.11278472048627,-139.90876318380856,-147.31762451666407
4069,-132.94993861357432,-139.98609892680676,-147.44035719504234
4070,-132.9567317445526,-139.93517058022968,-147.38199519109907
4071,-132.85105932801252,-139.90481665873895,-147.35929979100874
4072,-132.92628686604468,-139.865699826761,-147.26402585589398
4073,-132.84392306599526,-139.927723433304,-147.26901399627604
4074,-132.8006054110474,-139.9488030759887,-147.22365156382136
4075,-132.95564415539934,-139.91707180880684,-147.17446680332816
4076,-132.87346948549427,-139.8497900003041,-147.19677198949805
4077,-132.7633091936084,-139.7736091374909,-147.16907596319726
4078,-132.73677079412568,-139.81703859769078,-147.23478200305402
4079,-132.74330882841937,-139.87095772881352,-147.2150052826749
4080,-132.71486951344434,-139.8761635804646,-147.14347874347166
4081,-132.7446697063378,-139.84033763292413,-147.154838482508
4082,-132.6970553948418,-139.71725142110012,-147.11722579320298
4083,-132.8241465212597,-139.65340931434514,-147.1685404839085
4084,-132.8601454605125,-139.7731120181038,-147.1118732527583
4085,-132.815992184425,-139.79972729773957,-147.13864240254824
4086,-132.69956574889324,-139.73475549014321,-147.17468965258433
4087,-132.60879137313162,-139.63328169121235,-147.18958880028305
4088,-132.54524713459446,-139.6328127322513,-147.12635372610032
4089,-132.50534150792697,-139.55776792244257,-147.1073357376793
4090,-132.56931830686568,-139.53595634540582,-147.10752435589174
4091,-132.7036839587308,-139.50524132175013,-147.09839648445404
4092,-132.7593132372458,-139.506421567502,-147.14651278092146
4093,-132.80752360776864,-139.5936562284781,-147.18184836204512
4094,-132.74981126393902,-139.61077973696212,-147.17501791540968
4095,-132.78956634415198,-139.58610581642034,-147.18659651428763
4096,-132.77451888062242,-139.71290526852295,-147.2247330544049
4097,-132.8881692838603,-139.65847628025102,-147.06671038781047
4098,-132.9386384276765,-139.74283098180842,-146.97381204611355
4099,-133.10448581518912,-139.80178432425828,-146.97441243053277
4100,-133.21934573348784,-139.82513065757544,-147.02431733254656
4101,-133.159656195477,-139.7869919071412,-146.9999386358828
4102,-133.10815193145055,-139.80804627568472,-146.8525443092235
4103,-133.08661645205606,-139.77425779853687,-146.72399924517748
4104,-132.91665329283384,-139.7249559182481,-146.64918841756037
4105,-132.90155177962006,-139.63498169587197,-146.60900552415754
4106,-132.86990014205114,-139.6395875468228,-146.66290312918179
4107,-132.88612316322116,-139.58043573308396,-146.70369123937832
4108,-132.85400736035638,-139.59631987693686,-146.66396212131335
4109,-132.84173682851707,-139.54466834148212,-146.76827831237551
4110,-132.69368481893434,-139.55430556928297,-146.73850458659297
4111,-132.6745785561323,-139.57730979510677,-146.75059113887616
4112,-132.59619700397513,-139.66221096426648,-146.7315994662251
4113,-132.61935255612906,-139.57899138520906,-146.66772931762318
4114,-132.62576271786065,-139.6055860504802,-146.610066924143
4115,-132.5497269184858,-139.47739221936448,-146.60597144057414
4116,-132.47504621789193,-139.41279535059357,-146.65213900745542
4117,-132.43004665749544,-139.3779894723611,-146.58604674320696
4118,-132.53575542645416,-139.3504251618391,-146.49935910677638
4119,-132.52922926696198,-139.30772871919515,-146.44166697985366
4120,-132.54466430837934,-139.25039903405434,-146.47942139576327
4121,-132.65821066374315,-139.27130146055995,-146.38499444646288
4122,-132.58983295278182,-139.18544353557803,-146.33663249631402
4123,-132.47212097782293,-139.15686256273028,-146.36927436216874
4124,-132.3812360137658,-139.18068102846155,-146.35139250263245
4125,-132.39017026783876,-139.01457205207217,-146.37478285765437
4126,-132.43556177549186,-139.01586875947822,-146.41852236582895
4127,-132.34745857419134,-138.9747247660892,-146.40868799817798
4128,-132.30172156888813,-139.1486266884683,-146.4910485600464
4129,-132.2888734711583,-139.16310964029216,-146.50433763538382
4130,-132.32980158176784,-139.18218242515303,-146.5246899488087
4131,-132.29457257198823,-139.16969488894114,-146.53723808141444
4132,-132.25335480251562,-139.1205171463636,-146.58315325363816
4133,-132.39077897803446,-139.20094458766965,-146.5191419191375
4134,-132.20784927741317,-139.1341479760988,-146.46452955962775
4135,-132.20585302006256,-139.11128518938426,-146.32128708386932
4136,-132.1683196144633,-139.12165814655748,-146.2239700953196
4137,-132.26646911748838,-138.96883687920968,-146.1930224710255
4138,-132.31721949490253,-139.0233291626747,-146.13356867215217
4139,-132.22907220572603,-138.99500263199445,-146.14122025473267
4140,-132.2302404233165,-139.06023244660045,-146.21914473682418
4141,-132.17723765357053,-139.07978893795706,-146.22099051585775
4142,-132.179235535435,-139.0519889025494,-146.1137073340522
4143,-132.20955808599174,-139.0666448006125,-146.1174705081215
4144,-132.281774893651,-139.0900255559427,-146.2302753599423
4145,-132.1545645234616,-139.03998393681542,-146.1884240280462
4146,-132.3432672827101,-139.0605515265637,-146.1717757728667
4147,-132.36378639129154,-139.09445045304813,-146.2441741405163
4148,-132.38450627269282,-139.0767610061579,-146.15355806939365
4149,-132.42772771597578,-139.1585628172787,-146.08462268408016
4150,-132.36383008575177,-139.10884395296839,-146.0870712740436
4151,-132.32300518102483,-139.10421788399503,-146.0331439830399
4152,-132.2613220934291,-139.11857267118546,-146.02610504663315
4153,-132.2195101710094,-139.04396341214388,-146.02313130390613
4154,-132.09899063025657,-139.07761532106366,-146.08571286626642
4155,-132.12392937384487,-139.1638291707093,-146.0929844812515
4156,-132.11732507821256,-139.14974083294203,-146.0071953416092
4157,-132.03074411508413,-139.16849728300332,-145.9640667115321
4158,-131.9788545086341,-139.1357809981943,-145.9741843506011
4159,-131.88517856829844,-139.19033110781191,-145.93764693618812
4160,-131.94554340738696,-139.14445535039454,-145.96895771869217
4161,-131.9459608068445,-139.13222491301804,-145.9788190397882
4162,-131.8787179385732,-139.1138923607562,-145.85932100214717
4163,-131.89599599009975,-138.9513695462808,-145.84703220077535
4164,-131.9351066681478,-138.88072361724858,-145.8534841999412
4165,-131.94957972137246,-138.79000128665328,-145.90128979662205
4166,-131.94747315373027,-138.8089036026572,-145.95521890859078
4167,-131.98839525629634,-138.68450109028794,-145.91700774963758
4168,-131.878699353411,-138.69508782715536,-145.8407982239366
4169,-131.7916597734078,-138.6041802765436,-145.81726028216173
4170,-131.75704869698313,-138.53914055524092,-145.83313489587835
4171,-131.69438899318988,-138.54539453227062,-145.76459890319487
4172,-131.67735524586018,-138.51383275870052,-145.77626424366102
4173,-131.63301130607965,-138.63952635438068,-145.7179900447294
4174,-131.66696475320953,-138.6649484643395,-145.63502417562208
4175,-131.70531366424828,-138.67164057145317,-145.74128577652664
4176,-131.8599048943614,-138.55527537897083,-145.74929937923073
4177,-131.8669876031251,-138.50925895582398,-145.70262381613142
4178,-131.89712343273104,-138.5366379949139,-145.6184488079817
4179,-131.96168826099486,-138.56623992797608,-145.59573180728935
4180,-132.00978361435727,-138.58725921559912,-145.5593712726464
4181,-132.02493589406555,-138.470560136416,-145.60053231347
4182,-132.1282620126097,-138.5011114964381,-145.58205974777627
4183,-132.11009270859046,-138.5331120365634,-145.62207706035338
4184,-132.11601508843688,-138.51855680230926,-145.6024159625578
4185,-132.09820532278755,-138.57704299452087,-145.5083906020186
4186,-132.0725221420653,-138.6294587392432,-145.51490898621736
4187,-132.070856774993,-138.51844435460646,-145.55862086623125
4188,-131.9814244952314,-138.47950743811361,-145.5999300888932
4189,-132.05327216671756,-138.49000933567942,-145.56939313838927
4190,-132.1249923932734,-138.39280155787216,-145.56805713999233
4191,-132.16611751620283,-138.39797459632666,-145.5870708085667
4192,-132.23881482664004,-138.44243137941083,-145.58511043767018
4193,-132.16040792562606,-138.49788195559236,-145.62982061024826
4194,-132.03205280294645,-138.58742006912757,-145.6256296752419
4195,-132.038096657891,-138.5489044642972,-145.74019780416126
4196,-131.95710877875518,-138.49354261487622,-145.71763953478927
4197,-131.87115911965248,-138.37388143513994,-145.64171852219806
4198,-131.86553629394342,-138.37444713342032,-145.59763612134668
4199,-131.87902908295274,-138.26038387321233,-145.52176628756848
4200,-132.11967869962768,-138.19485699019523,-145.58258770829198
4201,-132.00047422003237,-138.18584314464414,-145.5441722238358
4202,-131.81492768536054,-138.09511246112243,-145.55079333241173
4203,-131.69972531499405,-138.13851707104402,-145.55769165822142
4204,-131.6446170624959,-138.1128878538517,-145.48377395760377
4205,-131.65526672207199,-138.10718387748,-145.46936833145762
4206,-131.63074990827425,-138.06352402936903,-145.4259386109244
4207,-131.55005772158432,-138.01729362643945,-145.53326154246355
4208,-131.48022702324948,-137.94511943012714,-145.43591268109947
4209,-131.4400706433096,-137.95934887468553,-145.3791100359459
4210,-131.48886542059734,-137.94145461148992,-145.35649323717035
4211,-131.43758202869586,-137.94192783970257,-145.3221062788845
4212,-131.54753632388602,-137.98520792499167,-145.35648228353682
4213,-131.51372483415832,-137.94206978492664,-145.31083808718643
4214,-131.43583610814284,-138.1176849300225,-145.35471285132786
4215,-131.3774549292379,-138.13465061650575,-145.33881677403943
4216,-131.39769366806303,-138.05379078713514,-145.28973779351412
4217,-131.3014985033489,-137.98257893027161,-145.33304762985193
4218,-131.3523961537618,-137.90151062087494,-145.33147337459854
4219,-131.41335849177452,-137.9190931446972,-145.3694683903466
4220,-131.48929338826156,-137.8506424691376,-145.49694129616697
4221,-131.50552851024236,-137.8584675477112,-145.4120045002315
4222,-131.45078247113432,-137.85179240470535,-145.4237307008292
4223,-131.457706177869,-137.91985087555636,-145.36797829207774
4224,-131.3782349708385,-137.99941358684273,-145.32814457611062
4225,-131.51109092489952,-137.9276200719935,-145.30590682012686
4226,-131.42336074813892,-137.86366808711128,-145.33372043259553
4227,-131.42891082812827,-137.82627665215796,-145.25995375866472
4228,-131.4097282914395,-137.79742610795887,-145.26059584218513
4229,-131.38675369142257,-137.67383009292172,-145.12380434307818
4230,-131.29578167413584,-137.66218028700348,-145.0451154019803
4231,-131.22663691156126,-137.5857889456065,-145.01406975185358
4232,-131.14787870757743,-137.58319118662814,-145.13155987042688
4233,-131.19577195003984,-137.5270223623277,-145.0958085185459
4234,-131.22457788992688,-137.50471927188892,-145.06572582641826
4235,-131.008119400164,-137.41580742390857,-145.05597760569398
4236,-131.06251240603166,-137.38181975101907,-144.96956107275554
4237,-131.06153297217907,-137.46010519958503,-144.97110668517254
4238,-131.05946568126356,-137.46418817183087,-144.99806559524237
4239,-131.06842397592098,-137.42190056765284,-144.9092770295619
4240,-131.14206789643134,-137.48146987644768,-144.91749516892978
4241,-130.98075523590626,-137.45476723507932,-144.9358260682621
4242,-130.97691439078793,-137.48333319551654,-144.90440407330073
4243,-130.86841389240013,-137.4744060677878,-144.88169028787098
4244,-130.90606422608838,-137.23404822672308,-144.94464711436422
4245,-130.97075328378196,-137.2418656404116,-144.85515330764238
4246,-131.02367341680738,-137.18390117046926,-144.7768443400721
4247,-130.9236311975558,-137.2424132738446,-144.7208156495438
4248,-130.88587077389283,-137.23550300809958,-144.7273877662445
4249,-130.80312464934912,-137.27065790652483,-144.69639618185067
4250,-130.71336612051255,-137.23558576738657,-144.6958671831204
4251,-130.71486129046855,-137.2443471812606,-144.65756651157807
4252,-130.64526544233559,-137.2349964855397,-144.55760524911125
4253,-130.632736582193,-137.20584014953985,-144.51654601258448
4254,-130.65721603662564,-137.1828487963099,-144.51554003039465
4255,-130.59287035452127,-137.1332829820266,-144.58395588451555
4256,-130.67861497868356,-136.9792385997477,-144.53375813644078
4257,-130.55359003538064,-137.0252032428028,-144.70211769384207
4258,-130.52564907616772,-136.90913124967904,-144.79954940938575
4259,-130.46983372951615,-136.9144166586309,-144.76987886480433
4260,-130.54602038856527,-136.77645625082616,-144.67359336512072
4261,-130.60636169570844,-136.86387354331256,-144.7205925615781
4262,-130.59631669577215,-136.83438754463043,-144.6791763765215
4263,-130.60876007129042,-136.81279803075364,-144.77560963180747
4264,-130.71988516639954,-136.88974317461017,-144.78913948753473
4265,-130.71015263119153,-136.88062769780404,-144.856469800606
4266,-130.6426331691129,-136.8552787192892,-144.8217435751058
4267,-130.63571562380588,-136.86927054622302,-144.83982273184603
4268,-130.59434719645446,-136.85030516719996,-144.7498965498259
4269,-130.63734205982044,-136.8812224184921,-144.67036999992615
4270,-130.68074917505697,-136.77428336868718,-144.6850359211152
4271,-130.72690906569778,-136.74236133086734,-144.67983101047196
4272,-130.7358243671937,-136.66069573840642,-144.67105769939036
4273,-130.72095941222435,-136.7608908313424,-144.6082591661387
4274,-130.76828703270564,-136.83495392717157,-144.6420480127654
4275,-130.81378745771326,-136.8391320087303,-144.60233238326768
4276,-130.82702374181196,-136.85389208450587,-144.57048621782872
4277,-130.65692654157067,-136.89370816119424,-144.64151970825728
4278,-130.78559219174554,-136.80143601809402,-144.64856957856438
4279,-130.80896028832586,-136.72035376760653,-144.67692976196955
4280,-130.7823534438245,-136.79472335601258,-144.67735674504962
4281,-130.76687607295827,-136.7194968056168,-144.66809490957132
4282,-130.76185342435284,-136.7391882084318,-144.66915599475135
4283,-130.75345726082853,-136.68684830487706,-144.58081452230368
4284,-130.7390110483538,-136.63774889706372,-144.6356397233489
4285,-130.68515871843232,-136.68755018993704,-144.6175774128989
4286,-130.54901851063656,-136.60465929989974,-144.57581481990928
4287,-130.47348068186255,-136.64406198908313,-144.6289025305172
4288,-130.44228558195084,-136.58043763239465,-144.59584592690388
4289,-130.39625868614684,-136.52206178441136,-144.56833742600298
4290,-130.33174254537994,-136.51040421254373,-144.58749124048967
4291,-130.3098006044553,-136.4671010003046,-144.56095126010558
4292,-130.32122525408252,-136.44983480048722,-144.5045105566773
4293,-130.239446302714,-136.3843117731666,-144.55804606499112
4294,-130.32697136279742,-136.44522275588344,-144.54349107348742
4295,-130.30343739233916,-136.3828320862031,-144.5742975135348
4296,-130.40059823687812,-136.41031697606297,-144.685442465971
4297,-130.36130201360666,-136.4128211251093,-144.65095500112028
4298,-130.3020028638594,-136.33502420611669,-144.72837118190193
4299,-130.3925124444708,-136.3086815707917,-144.705108460147
4300,-130.3226841879004,-136.22617376416656,-144.68155088939926
4301,-130.26308582576075,-136.24098874337017,-144.6210253984206
4302,-130.1373975366065,-136.19351316807916,-144.62914310470177
4303,-130.05452468806624,-136.06107445746989,-144.5902404354594
4304,-129.9888220085911,-136.00582126942942,-144.47265783661504
4305,-130.12769919964168,-136.07921842342813,-144.41676524287465
4306,-129.99328432080296,-136.03505244745202,-144.46301042641915
4307,-129.81476033358172,-135.99779351280384,-144.41284956360556
4308,-129.8339813785396,-135.89873334399763,-144.35881776394277
4309,-129.79387699548832,-135.80712460971114,-144.35832476575
4310,-129.77555423485182,-135.88889749281117,-144.29293647540413
4311,-129.7776300553539,-135.89529358425978,-144.27607291461266
4312,-129.88997828952463,-135.80371402335277,-144.35776941544046
4313,-129.88660585116844,-135.87914367619126,-144.3887731681756
4314,-129.9858831027775,-135.8997231669711,-144.3065948658314
4315,-129.93046982942724,-135.9037749607778,-144.37495129304915
4316,-129.84164089674732,-135.87556724864976,-144.40899153119994
4317,-129.85848825890088,-135.8463105000847,-144.45008238087604
4318,-130.0017048728282,-135.85418837240235,-144.48603440854924
4319,-129.94635375819877,-135.8103674550901,-144.51873308146733
4320,-129.88649061339618,-135.89780281238518,-144.46358734161487
4321,-129.8932367088829,-135.96304300258276,-144.44004132401525
4322,-129.97151257213028,-135.9071530991286,-144.48053072440854
4323,-129.98299762603438,-136.02650935495927,-144.48646823006658
4324,-129.98615819529567,-136.0019363351395,-144.4868460523906
4325,-129.9983746626604,-135.9864338816006,-144.51060315332631
4326,-130.05887178539106,-136.1009573176239,-144.40495674247936
4327,-130.08885050882944,-136.20822552535316,-144.45644360953918
4328,-130.10226167525832,-136.11365839393017,-144.46757039035867
4329,-129.98164863958786,-136.14444142817058,-144.4526697027191
4330,-129.95958330240927,-136.11471209158123,-144.44628493853236
4331,-129.99759376958366,-136.14263126198566,-144.50157645565156
4332,-129.95361069661385,-136.1030187933261,-144.4739806517261
4333,-129.99475918440788,-135.97368468243732,-144.55363820916364
4334,-129.9510865454506,-135.97199549101236,-144.54633803435183
4335,-129.83599002711946,-135.92947347929191,-144.44899399627184
4336,-129.69036368170538,-135.95313738166155,-144.5310225403772
4337,-129.78507766889243,-136.03425794206913,-144.6191225630219
4338,-129.73011473468017,-136.0705365462817,-144.65116071752772
4339,-129.70807524160355,-136.01373273295974,-144.69996450339764
4340,-129.65962554318747,-135.9120852644933,-144.8078481905684
4341,-129.6387236478666,-135.89863334307645,-144.7697971118356
4342,-129.45575771269048,-135.9428133065043,-144.7394512329326
4343,-129.48721436446604,-135.93570540369743,-144.71427668704462
4344,-129.44201289846097,-135.91103134015006,-144.6708459092079
4345,-129.31881776517588,-135.8845393705731,-144.66122494087168
4346,-129.18563852354873,-135.79400361795223,-144.58365635379033
4347,-129.1651016542948,-135.91339633698854,-144.60432370914634
4348,-129.11457211468954,-135.76296710801776,-144.65964772519717
4349,-129.09558688930127,-135.68261781737223,-144.64151890922204
4350,-129.1773575513194,-135.65345532209432,-144.64633167604086
4351,-129.0017986583993,-135.73819262153924,-144.67826202184892
4352,-129.036251302691,-135.72004702232925,-144.63220420771503
4353,-129.13990166948457,-135.73856939104036,-144.52030700379402
4354,-129.26902002904401,-135.7443866460524,-144.48848166870135
4355,-129.27608177879472,-135.7882741636527,-144.4312829459505
4356,-129.3318518023427,-135.80968775484897,-144.3322547575993
4357,-129.31848075216914,-135.91276687368878,-144.34522549256468
4358,-129.18563747674358,-135.85085116694455,-144.2531363211457
4359,-129.07673054215746,-135.91972275790482,-144.25407291119808
4360,-128.90578074813354,-135.97461894518878,-144.20829540597546
4361,-128.9451305835427,-135.9340305801578,-144.19798682270627
4362,-129.06874397311145,-135.80447605451673,-144.14158601744583
4363,-129.0564009537039,-135.76733358869035,-144.11989884222538
4364,-129.0788938517749,-135.82302733782484,-144.17030263799342
4365,-129.09457752844287,-135.8014448664191,-144.11490532820332
4366,-129.01314160648184,-135.8173878710187,-144.2053353951847
4367,-129.06446592806697,-135.8746530742775,-144.04629564682546
4368,-129.09568289093033,-135.85410058741897,-144.05758337993362
4369,-129.1177545363097,-135.80852883250813,-144.11700047138913
4370,-128.98315898396584,-135.697406603677,-144.08470931196442
4371,-128.97469270180108,-135.73793424871027,-144.04884941325287
4372,-128.9436415308013,-135.73074937744963,-144.0007005092622
4373,-129.0222717646119,-135.7564691790255,-144.02778239285152
4374,-129.0556232350186,-135.60335530095176,-144.07223704549568
4375,-128.96633229826134,-135.63568676892794,-144.07453583354814
4376,-128.99173423562536,-135.73132185601594,-144.02352852599827
4377,-128.99149771163434,-135.62999975602236,-144.02866894444804
4378,-128.9133086398008,-135.7179369048306,-143.95623005038715
4379,-128.77131292392107,-135.7482458633405,-143.92990641472602
4380,-128.7805882616733,-135.74522307629744,-143.90517418552906
4381,-128.7619070275682,-135.64456787480194,-143.9052939470933
4382,-128.75998960377024,-135.6198539251492,-143.86918665496302
4383,-128.79496621205277,-135.5313155577216,-143.90476247053212
4384,-128.7719367759488,-135.52547119381632,-143.93559051618962
4385,-128.67805500556673,-135.586829807049,-143.8533835969756
4386,-128.7459620836252,-135.6849667207158,-143.8541767993323
4387,-128.79099888606294,-135.60825194542977,-143.94700431489625
4388,-128.84898228609796,-135.63103466123763,-143.94817632825266
4389,-128.99995431163043,-135.6439300196996,-144.00225413280384
4390,-128.92562847180233,-135.69105248707712,-144.05586660958926
4391,-129.03323066369052,-135.80294681551408,-144.07498882612845
4392,-129.0310883931397,-135.73183739861142,-143.97082024559705
4393,-128.99567148576972,-135.72237496624928,-144.00403526046173
4394,-129.06039497565385,-135.73450033686137,-143.9726151563839
4395,-129.0323308935421,-135.84452783026288,-143.96598141242862
4396,-128.9741134818392,-135.7638368603773,-143.98209891399662
4397,-128.9010553664294,-135.7072039776557,-144.094953108216
4398,-128.90321611884744,-135.64017248447578,-144.0502807529823
4399,-128.8379542947166,-135.60957479140785,-144.090538052902
4400,-128.86336260905395,-135.54965862577092,-144.16401681635872
4401,-128.94546313552672,-135.57193269609945,-144.2414871401968
4402,-129.04578721891454,-135.621106300055,-144.3046837337095
4403,-128.76816838004987,-135.7024104536926,-144.24200939528401
4404,-128.6941359019525,-135.9114864908314,-144.17583891471827
4405,-128.5790682992934,-135.81534928591395,-144.25080814671767
4406,-128.5632965521597,-135.8829050543764,-144.25024881764838
4407,-128.6322962953991,-135.9019065669973,-144.2825279941998
4408,-128.5885533387784,-135.91627940852425,-144.19648955338977
4409,-128.68176711623454,-135.86254631710364,-144.1485685423014
4410,-128.7216661403292,-135.85344653494684,-144.11831143982974
4411,-128.60797497445589,-135.8780128441125,-144.14314642252032
4412,-128.61684223617584,-135.831391964538,-144.15766687135653
4413,-128.58921886847094,-135.76078362122786,-144.16162673744142
4414,-128.68278845761512,-135.82192313098682,-144.15986788315652
4415,-128.70028585195354,-135.8127176306138,-144.12808127131655
4416,-128.76917692947836,-135.78643436601658,-144.0958526780774
4417,-128.90117587793935,-135.77771124945747,-143.98001416066688
4418,-128.85017855670796,-135.75819651418345,-143.89053643311502
4419,-128.79093563786813,-135.7331459772621,-143.8287569411815
4420,-128.49173629475771,-135.77975654642756,-143.86829800738917
4421,-128.46678241092474,-135.8197517438952,-143.90560001315419
4422,-128.56307697261036,-135.756698374398,-143.93718055794164
4423,-128.5203143176214,-135.82384739318113,-143.8488616395441
4424,-128.50310884656125,-135.77828617656812,-143.78619147924812
4425,-128.43513074584428,-135.8007105286699,-143.61051581006615
4426,-128.43471543846786,-135.77342744498847,-143.5781819574022
4427,-128.35203963851734,-135.81638571414823,-143.55569637083786
4428,-128.32398112000192,-135.81101111559008,-143.59232242765512
4429,-128.1907598156524,-135.78568648417559,-143.63962925317813
4430,-128.24312270143616,-135.87275197083414,-143.64682175763295
4431,-128.32326927119317,-135.87085337115923,-143.58587971386225
4432,-128.2504333648109,-135.93441885715544,-143.6282905050641
4433,-128.2088433345581,-135.91692835836545,-143.6872004409356
4434,-128.1458867624835,-135.71800558854352,-143.63074745218807
4435,-128.25641950669183,-135.72112719707417,-143.64917934998118
4436,-128.16196387485712,-135.73176297135564,-143.62553603602893
4437,-128.1997208274248,-135.72819061427504,-143.55499816945792
4438,-128.08196351731468,-135.8270418441362,-143.56637907922573
4439,-128.0880494267648,-135.90622773595058,-143.50385097149302
4440,-128.130064432328,-135.8957771851576,-143.4884714833267
4441,-128.16314328614772,-135.95271133911848,-143.53577198180764
4442,-128.15623213086786,-135.9808825288837,-143.50633859816168
4443,-128.15458441714208,-135.99382846270035,-143.5548497408475
4444,-128.11175801575303,-135.93013105577282,-143.4303316526125
4445,-128.154099413071,-136.00145699540607,-143.42206050802093
4446,-128.25598399128293,-135.99064496439257,-143.34736597268449
4447,-128.2817674997877,-135.8996263466396,-143.31051464007845
4448,-128.2832563600599,-135.6976992024724,-143.21051260447058
4449,-128.32149703127146,-135.718354469237,-143.20079817352504
4450,-128.38136807654303,-135.6687799479831,-143.12864811350724
4451,-128.47083058468223,-135.6525006156075,-143.2041072324466
4452,-128.43366716745464,-135.63576005577585,-143.1046799681716
4453,-128.4187489877362,-135.72796217197265,-143.0169472205946
4454,-128.354365007166,-135.64542192962563,-142.97294151049638
4455,-128.38800001561435,-135.61546859195636,-142.93180816905038
4456,-128.3369792547,-135.47264585882428,-142.93049127551643
4457,-128.35473418549367,-135.48224296376088,-142.8874469601801
4458,-128.44614055017897,-135.42060062700824,-142.87454969402907
4459,-128.2909237610044,-135.44862028681425,-142.82382518304752
4460,-128.33209002618722,-135.44751318987772,-142.77834054194187
4461,-128.42720551414254,-135.5165497933077,-142.8218457338084
4462,-128.4943974121312,-135.51916186026932,-142.83852028321502
4463,-128.63711692116038,-135.52985506010674,-142.85369567333385
4464,-128.6050245000465,-135.5005918357469,-142.89229143554965
4465,-128.60102737175816,-135.4265140200153,-142.8895876518354
4466,-128.63757968688225,-135.50674649318665,-142.7981719720031
4467,-128.79525999888008,-135.52929220207136,-142.8393746506263
4468,-128.7594154184938,-135.58124438464267,-142.87467926005684
4469,-128.74735443264404,-135.5264189602564,-142.8234818417763
4470,-128.83661468757452,-135.56285817851213,-142.91633893934176
4471,-128.77055744913082,-135.59701041556409,-143.0156912420963
4472,-128.75065963526947,-135.63482729948788,-143.0346462813718
4473,-128.79432202686758,-135.52787193963684,-143.0236662648475
4474,-128.65201271775578,-135.6152208326153,-142.97533442228703
4475,-128.53388097955488,-135.4917010493016,-142.93625495170159
4476,-128.59382083767278,-135.49725169529938,-142.93226763880506
4477,-128.65680996649957,-135.56906141793314,-142.88488656666652
4478,-128.6573148301574,-135.50552049194488,-142.8345204664372
4479,-128.6645367486061,-135.4227301296965,-142.75729815221865
4480,-128.57335440371253,-135.35591178075933,-142.79214670921056
4481,-128.49454776476915,-135.32031875464003,-142.74016761872883
4482,-128.39151304312375,-135.32998017762944,-142.71490398314995
4483,-128.28464009406116,-135.26409157393158,-142.7102025240407
4484,-128.20641779221873,-135.27700458255367,-142.70251112206074
4485,-128.19599848312617,-135.29060424587732,-142.68916023330848
4486,-128.23084397734843,-135.22770363823884,-142.7507693671754
4487,-128.14557999239258,-135.12040673392016,-142.68696420270157
4488,-128.12902918328444,-135.15001806534008,-142.71831812331823
4489,-128.25235061459506,-135.0947275615053,-142.6345296855708
4490,-128.22309508220465,-135.0125445880092,-142.57144563913556
4491,-128.20405109776033,-134.96242349402843,-142.53798100581452
4492,-128.20227379184365,-135.02943240804888,-142.5394994738282
4493,-128.20208719242862,-135.09194019448347,-142.50497836358176
4494,-128.08940733222315,-135.0848212882692,-142.6002239511178
4495,-128.12733070498354,-135.05145703576716,-142.59918776080013
4496,-128.2346437843251,-134.97461703866563,-142.48447572789516
4497,-128.13877438477186,-134.8951920891579,-142.5169508571117
4498,-128.27779579787148,-134.93059022775873,-142.4820243509124
4499,-128.36131864159887,-134.899507014549,-142.4479953174747
4500,-128.3675971697558,-134.92352709745114,-142.3558710454035
4501,-128.38555214750147,-134.98076679122758,-142.3381591338131
4502,-128.43386868726486,-134.94960893225772,-142.32731725111466
4503,-128.45001196330404,-134.81258284893872,-142.28455264997606
4504,-128.4907572625216,-134.8224212962498,-142.29736459203428
4505,-128.69571444599728,-134.81673718455116,-142.3037871375481
4506,-128.71409507110968,-134.86291305295885,-142.30403669233584
4507,-128.7221380880627,-134.8502062794369,-142.162175702129
4508,-128.72475004579786,-134.9946142712974,-142.1176650062097
4509,-128.68075359805664,-134.97344129601288,-142.12095240183478
4510,-128.50984983726534,-135.10798847887366,-142.15801532231526
4511,-128.63464866022684,-134.98054402854362,-142.02144999902342
4512,-128.5697388583033,-135.06823546433998,-141.97031005738503
4513,-128.5173634626965,-135.1605272561352,-142.07720318575144
4514,-128.452781819401,-135.02387264878183,-142.085109227443
4515,-128.39220369523775,-135.06511026882504,-142.0884485482881
4516,-128.31568570563581,-134.97696209894775,-142.09497326937873
4517,-128.3178376966058,-134.93489475917463,-142.09536652367655
4518,-128.34655156313212,-134.93254732797743,-142.09194682000657
4519,-128.32192928439844,-134.94641492421204,-142.1298635691254
4520,-128.43865748541296,-134.95949633386115,-142.08281024477623
4521,-128.44181821206848,-134.9878694024435,-142.00898471109076
4522,-128.3199587353188,-135.04418673819794,-142.01339459491527
4523,-128.41196214441678,-135.06922775069,-142.09494445254455
4524,-128.37824953118513,-135.07639549745176,-142.052553210199
4525,-128.26096285049312,-135.0514710755121,-142.12252625469822
4526,-128.3115660560781,-135.0696317501198,-141.98002327596916
4527,-128.3486559405692,-135.06960703907777,-142.02630262534288
4528,-128.24407088458577,-135.142032249906,-141.944849823094
4529,-128.22370395028412,-135.14331148296876,-141.9473458533257
4530,-128.29059675512065,-135.20261058417088,-141.93746438328037
4531,-128.4261989104948,-135.211502816289,-141.98172378589354
4532,-128.43791316276673,-135.1753133621491,-141.95104528575786
4533,-128.3251390560323,-135.09409283893385,-141.97637416768913
4534,-128.3541717502372,-135.26538394411358,-141.96791356297354
4535,-128.4055342775454,-135.25116176589225,-141.9520263782768
4536,-128.37249479997809,-135.18409526411733,-141.94392858272818
4537,-128.36452353830327,-135.27890025108564,-141.90306858640463
4538,-128.40921573585467,-135.18399385839982,-141.95958284877838
4539,-128.49948680496385,-135.06194642369366,-141.89660529026432
4540,-128.3376479509623,-135.07733937231058,-141.82405104264137
4541,-128.25953321254644,-135.16600014869584,-141.82721739749823
4542,-128.3877451351681,-135.06019494288773,-141.81683300741057
4543,-128.35198964709986,-135.09196540555726,-141.73306668970275
4544,-128.37661584841737,-135.0705994691931,-141.63154384381363
4545,-128.27694282174116,-134.994842809039,-141.61070079057083
4546,-128.30946766795887,-134.97672821546703,-141.50586598101899
4547,-128.2338834653475,-134.91291414335168,-141.37652554551784
4548,-128.15128954306755,-134.94301263298195,-141.36518113587974
4549,-128.08463166910894,-134.89010738629833,-141.3021278870332
4550,-128.0831180773309,-134.81701173564517,-141.26704979587856
4551,-128.06892059019646,-134.7805915633618,-141.20080530172896
4552,-128.11322642651368,-134.71020860252656,-141.27424643290146
4553,-128.1543375281516,-134.6475150774106,-141.25481484694802
4554,-127.97329629264863,-134.62022102062738,-141.19706155197855
4555,-128.01533015872272,-134.58980304131939,-141.16977563686115
4556,-127.99165890380388,-134.61342639424188,-141.1482469623142
4557,-127.9754826032628,-134.55182352061541,-141.04500986054717
4558,-127.90262785866105,-134.54960695854504,-140.9370442244209
4559,-127.96718874345845,-134.54499916111138,-140.88405489425665
4560,-127.97325599999957,-134.47226483300375,-140.80699423268902
4561,-127.88638836210006,-134.4334957725676,-140.65302303508554
4562,-127.81318361072407,-134.4514092816849,-140.58986634506726
4563,-128.0817319682954,-134.42481447228943,-140.5596515981465
4564,-128.00561787044677,-134.30639514718638,-140.51652252008105
4565,-128.1317055261655,-134.37850035574354,-140.41410998398953
4566,-128.25097228314343,-134.31966448824812,-140.46111295263609
4567,-128.36667955815548,-134.27226010917218,-140.44758036078633
4568,-128.43883450032445,-134.19323424482118,-140.4316862154585
4569,-128.36327076899823,-134.2165066346406,-140.4967201305015
4570,-128.23853138367815,-134.1684856904813,-140.44614606599612
4571,-128.2371802804026,-134.08344923869865,-140.39249939502682
4572,-128.3603941291839,-134.07172936724683,-140.3445636925161
4573,-128.15218231753454,-134.085555108895,-140.30118538943418
4574,-128.13116911376784,-134.04265509651572,-140.33334121971112
4575,-127.98473077994149,-134.06601838600102,-140.23425602991966
4576,-127.83519755924397,-134.09439302388822,-140.25966936831313
4577,-127.73088586573287,-134.0550956463718,-140.2825670553318
4578,-127.73819052295588,-134.0988799120063,-140.24418315396767
4579,-127.82994260029598,-134.10580416393606,-140.32988220895828
4580,-128.0354813971603,-134.1002429683199,-140.32647633388922
4581,-128.033913964433,-133.96494465192447,-140.2056388061965
4582,-128.03141501821275,-134.04090370608327,-140.18583736555723
4583,-127.92853509882968,-133.93826807149676,-140.2216251392646
4584,-127.95404106512251,-133.92686494773056,-140.24908112778303
4585,-127.88569631316614,-133.91379165951673,-140.32575979672455
4586,-127.95411370585887,-133.9493713515319,-140.2797299490844
4587,-128.0109784336274,-133.953366158929,-140.270709966268
4588,-127.97453504294174,-133.91652029237179,-140.26783764380332
4589,-128.0220012511327,-133.8450030355751,-140.23186901732748
4590,-127.89205840153932,-133.8132388859453,-140.22130461886707
4591,-127.68964172967986,-133.79446681472822,-140.26222248829382
4592,-127.73700587512874,-133.69849712426088,-140.26720884292376
4593,-127.64906161347318,-133.65997841943908,-140.2316169569917
4594,-127.62455662879138,-133.70699694170014,-140.24015688871296
4595,-127.48929827266008,-133.7381974248336,-140.2109488532195
4596,-127.50353982469126,-133.78134385424218,-140.18245062633065
4597,-127.52077955263408,-133.70310198016443,-140.11841913712863
4598,-127.45892705700636,-133.73401745541383,-140.12470373258725
4599,-127.46016128308086,-133.6382441312191,-140.12389487872815
4600,-127.47177312725297,-133.58663954167486,-140.06605525689957
4601,-127.32964002110994,-133.53883548371596,-140.04932207567037
4602,-127.34203407766863,-133.54981564227037,-139.99973287457016
4603,-127.39265028772238,-133.51891008575024,-140.05976167037676
4604,-127.41132425482903,-133.54458520914324,-140.11997477147406
4605,-127.33458846202888,-133.5140507131543,-140.16532972577184
4606,-127.33323497763138,-133.45271488595628,-140.14515893187865
4607,-127.27303508676576,-133.53807164112538,-140.07382247800052
4608,-127.30772443009965,-133.6085049023626,-140.15132438468893
4609,-127.28252640040213,-133.54138922528296,-140.1776600873026
4610,-127.28214258809044,-133.58301182336797,-140.2400037148852
4611,-127.12906853945032,-133.64813726116742,-140.1414126704258
4612,-127.18513584160979,-133.67342734413944,-140.1804096445917
4613,-127.26853480982385,-133.67238596423377,-140.19805858618327
4614,-127.2337876741424,-133.7004989134166,-140.28611344010517
4615,-127.295942387237,-133.69616354434623,-140.31427117619188
4616,-127.26278490861307,-133.7822325769272,-140.12616463686058
4617,-127.1485136261515,-133.74072738161993,-140.1829192922529
4618,-127.1238740713514,-133.78251064388422,-140.132349141124
4619,-127.20802062331457,-133.81860482781792,-140.1529703705474
4620,-127.22265846723347,-133.74953297766598,-140.12229507235037
4621,-127.11339760566261,-133.70374893877857,-140.08134217302825
4622,-127.10714955337427,-133.69462845841844,-140.05278726049653
4623,-126.92968477847798,-133.7104546567736,-140.04067475582735
4624,-126.97010130131036,-133.76805638823691,-139.94992364495843
4625,-126.89802475960147,-133.6962732783427,-139.93385737755273
4626,-126.76883633033859,-133.59624291478917,-139.97863083098218
4627,-126.69311967003642,-133.5764847495284,-139.89337435478924
4628,-126.76076530024784,-133.65914320062893,-139.810182237893
4629,-126.74997475431289,-133.74806589111734,-139.8915567600606
4630,-126.63934875788345,-133.5124297124362,-139.89383357208942
4631,-126.59894515211506,-133.46162472706186,-139.75466548115082
4632,-126.54345952583093,-133.34266165326645,-139.68608781950837
4633,-126.3831092998478,-133.28108636154576,-139.60722666622755
4634,-126.44484853797084,-133.17696964647695,-139.68109396081655
4635,-126.49345824452652,-133.21938026071962,-139.65551136923182
4636,-126.48132891727016,-133.27757472648972,-139.59116605504352
4637,-126.41715570002191,-133.18352987362354,-139.55109392021174
4638,-126.30753330914825,-133.2652955635975,-139.62056458600662
4639,-126.31561951874853,-133.33523639949203,-139.61578662876437
4640,-126.32164788271196,-133.3328708580098,-139.6205533602568
4641,-126.30504771806906,-133.29201890280694,-139.61215775565336
4642,-126.33928299774004,-133.20571913425272,-139.63512010588002
4643,-126.2995157905545,-133.25427267326376,-139.56529451453392
4644,-126.22039091236782,-133.26685417594976,-139.55976102593263
4645,-126.11401994723558,-133.21366293643754,-139.56284723753316
4646,-126.05701152011946,-133.07423462487088,-139.5447140125985
4647,-126.07351726779785,-133.08022833964344,-139.52849856422563
4648,-126.12258473934256,-133.0854146021324,-139.45183197180427
4649,-125.96789141500781,-133.0662391081616,-139.5551150511164
4650,-126.02689019229092,-133.13809659837352,-139.52377433345998
4651,-126.00718537606221,-133.14456593616055,-139.4734736456357
4652,-126.06810859867323,-133.05827271671424,-139.430551226534
4653,-126.10198448461219,-133.07041174670445,-139.40623598496234
4654,-126.20166632342242,-133.10933145936207,-139.26825543164412
4655,-126.2007044503037,-133.13939605325874,-139.22068786313633
4656,-126.26917849069117,-133.19056468441136,-139.19693604002583
4657,-126.30260019106234,-133.2487376482492,-139.1525599075302
4658,-126.33206561881099,-133.18259109221867,-139.25210392157865
4659,-126.11924085865543,-133.19380420749852,-139.26525042820043
4660,-126.07502599303042,-133.23699232672524,-139.21980665178563
4661,-126.0383220868852,-133.2802245323206,-139.24955726991558
4662,-126.12119076332077,-133.21496499258978,-139.20727662167354
4663,-126.03836935403342,-133.22194275137156,-139.26021750243183
4664,-125.91910853276795,-133.17644879305715,-139.22223400655326
4665,-125.74122638128496,-133.10678339165602,-139.21716350883602
4666,-125.78951709937118,-133.12341938028493,-139.2621857256589
4667,-125.76201234353776,-133.0884644590614,-139.2887336723228
4668,-125.75815085376527,-133.02495309004985,-139.29481718992508
4669,-125.70242354221787,-133.06368438046798,-139.1986659204795
4670,-125.72128940695606,-132.97716801256593,-139.12691489424878
4671,-125.62779925662252,-133.01337865693597,-139.24066605343157
4672,-125.6561837327101,-132.96433103314044,-139.28771693420697
4673,-125.61012578653458,-132.8749195861954,-139.1998678057942
4674,-125.66448218567447,-132.91023154287328,-139.15348616810297
4675,-125.82080352152303,-132.85059399193125,-139.20053224827103
4676,-125.86542857305943,-132.95852168955167,-139.14037356886763
4677,-125.90342685569877,-133.00088270771738,-139.22251785513743
4678,-125.87075315365495,-132.92485565206675,-139.24727289811742
4679,-125.8660395983462,-132.88660293908646,-139.20453961527144
4680,-125.75274447525463,-132.844875587352,-139.23905501265088
4681,-125.59610236202259,-132.7853357916935,-139.24063519952009
4682,-125.7069135314359,-132.8254345990976,-139.23580424250594
4683,-125.77262952387785,-132.8349188330488,-139.12313903380317
4684,-125.744339557729,-132.83979191152844,-139.1049022147146
4685,-125.8447978424328,-132.77364399847093,-139.02988681965746
4686,-125.89052425624412,-132.7602540628809,-139.0477137370658
4687,-125.85210742762584,-132.58633662196286,-139.091821108207
4688,-125.9553381090866,-132.54682519979846,-139.10452784505964
4689,-125.96934120095877,-132.60203201037484,-139.0112388012135
4690,-125.86302890467334,-132.5930801072833,-138.99560563725274
4691,-125.73640564255234,-132.60579104818567,-138.9718494723249
4692,-125.73593793762512,-132.6544123662071,-138.9849384284002
4693,-125.6762610268491,-132.7296708885393,-138.98272459461947
4694,-125.66042112309827,-132.69217576161228,-138.95039347523368
4695,-125.64931804917371,-132.65987676317485,-138.88419454233707
4696,-125.68868662021245,-132.64152552005731,-138.881359426542
4697,-125.65036544997066,-132.59721006207872,-138.84070824079697
4698,-125.72026271592672,-132.64875930215965,-138.7939352260334
4699,-125.74888913926614,-132.64360337878105,-138.81609901786362
4700,-125.8557614674846,-132.60407184450315,-138.79455256923202
4701,-125.8008943451271,-132.5096902781588,-138.78444061469733
4702,-125.6221430920144,-132.5253918153576,-138.82775633135788
4703,-125.58086287715092,-132.49382749280065,-138.80173982066464
4704,-125.57064004665996,-132.51047255392456,-138.83913165626763
4705,-125.66172426700443,-132.48843268997092,-138.75046329763143
4706,-125.62291625338702,-132.43688782986803,-138.80025622376496
4707,-125.5041050469309,-132.40486360277845,-138.83376165496816
4708,-125.59276310266833,-132.46825771836274,-138.81990683062236
4709,-125.55045193302917,-132.5589030194857,-138.8632857019102
4710,-125.59601578128671,-132.5850384993505,-138.81501843313777
4711,-125.60643964596156,-132.63271633549127,-138.9121441126672
4712,-125.53923041849862,-132.71796927224244,-138.87573037875796
4713,-125.53756547922706,-132.754458539386,-138.76529167893005
4714,-125.5829630198474,-132.81044684561527,-138.8692293249743
4715,-125.5690185510096,-132.77123863038634,-138.8887520498678
4716,-125.57532292571764,-132.72978682927445,-138.85103632959334
4717,-125.67832126806456,-132.7429075164906,-138.8817541681691
4718,-125.69781178879596,-132.78525487549666,-138.91093191308383
4719,-125.65961714098077,-132.8263001990622,-138.96201682207703
4720,-125.56721916391795,-132.8498560468684,-138.88976252054573
4721,-125.68318088947979,-132.96089023218718,-138.8600036396117
4722,-125.61680681618427,-132.89308082354916,-138.8696013433762
4723,-125.60261915871007,-132.94097576976588,-138.994913236305
4724,-125.78701631699408,-132.88090933741523,-139.01135995659504
4725,-125.79381517371203,-132.8644480730227,-139.00430125866944
4726,-125.57597707637754,-132.99275138206548,-138.90486068731917
4727,-125.47608482087402,-133.01873448298045,-138.8941654550793
4728,-125.46003069762781,-133.02660161710378,-138.92462657706875
4729,-125.39502625559314,-133.12692950291319,-138.89545802785668
4730,-125.47371710344538,-133.16504683371735,-138.9837504463119
4731,-125.5802652170417,-133.16831359174543,-138.99073266909943
4732,-125.49148988270127,-133.24404874401486,-139.02088233653132
4733,-125.60562871314306,-133.1911307079823,-139.01656687328952
4734,-125.46027949112624,-133.20304989704135,-138.98380987842833
4735,-125.47402156479075,-133.15621976626608,-139.0230917623684
4736,-125.51812275414872,-133.219711210881,-139.02446609384359
4737,-125.52308628251822,-133.27009357763578,-139.02229788736147
4738,-125.49893838114204,-133.24839936392405,-139.12163083050552
4739,-125.54190707573018,-133.1985273465698,-139.01276980273576
4740,-125.4600637751485,-133.18707259507005,-139.02517084970754
4741,-125.40978013394897,-133.16193840321853,-139.05909265957064
4742,-125.22389190748072,-133.13194696421672,-139.06340006345206
4743,-125.2471617539901,-133.22653356420815,-138.9764111427435
4744,-125.13598860256464,-133.20295757504016,-138.84971751624332
4745,-125.15110585240964,-133.27276816667165,-138.78073814019146
4746,-125.04008887004011,-133.26672019810638,-138.80845911542426
4747,-124.99733927002977,-133.17687456100296,-138.79328143856014
4748,-125.00312154795847,-133.15118027076872,-138.76903955501638
4749,-125.074431278784,-133.23202264266698,-138.76515808534094
4750,-125.1137853814318,-133.24650292551505,-138.73764918936462
4751,-125.15479191834429,-133.26496566424225,-138.6652285613198
4752,-125.22451462962451,-133.27206587446722,-138.60766527529023
4753,-125.37993974194433,-133.29112652642868,-138.56382612291165
4754,-125.32885894674817,-133.2077510251483,-138.5959786540515
4755,-125.26709914826941,-133.21336553956607,-138.53430821524407
4756,-125.22640168088286,-133.13564129675964,-138.5992083353588
4757,-125.21586634000936,-133.18305075135038,-138.59300836603975
4758,-125.09611918299188,-133.1577837770767,-138.594001220513
4759,-124.99505966291562,-133.22606768003072,-138.65354862391422
4760,-125.02009393874044,-133.29811222211367,-138.69273152526245
4761,-125.10322848696111,-133.22039595623804,-138.6653434890988
4762,-125.12588932476817,-133.14445162415979,-138.73701309540314
4763,-125.17191960279298,-133.16609543114754,-138.67534755141924
4764,-125.05567283699409,-133.1778339022045,-138.6553835445905
4765,-125.02541590816342,-133.08325880704632,-138.57455028694642
4766,-124.92609772792144,-133.21014436245156,-138.69464806327724
4767,-125.037702241418,-133.2388653310896,-138.69288671456047
4768,-124.92643331325597,-133.23076950286446,-138.64882430571464
4769,-124.9452778347437,-133.3367219490342,-138.5637662965335
4770,-124.84336216449267,-133.40582256659292,-138.4890246415419
4771,-124.91703806158671,-133.41919251589187,-138.44205432469596
4772,-124.81489964797726,-133.3648991045419,-138.42564584343003
4773,-124.69739626733644,-133.29530574873573,-138.44696616260893
4774,-124.77126414893385,-133.33683980424294,-138.3897353608241
4775,-124.63707588425825,-133.31194452309728,-138.36184617906474
4776,-124.5731869119661,-133.32999555662346,-138.47641959094227
4777,-124.60932980184187,-133.46442209341546,-138.47433572181842
4778,-124.61618706212806,-133.51499516157347,-138.599508228768
4779,-124.55739756003373,-133.43232678074472,-138.5528440700024
4780,-124.52147314750854,-133.53116475185067,-138.58671387755967
4781,-124.51813697884396,-133.46342288404185,-138.62308451183227
4782,-124.50218156452898,-133.42797532035598,-138.65200692794912
4783,-124.54770010738716,-133.48035252141787,-138.68706627102176
4784,-124.55353078348801,-133.34460891077507,-138.70810451013529
4785,-124.70250059741707,-133.368407725978,-138.69642625349496
4786,-124.88166992255051,-133.37328936257282,-138.69475686358055
4787,-124.87132653235821,-133.41202420081558,-138.75827720221784
4788,-124.95528738365137,-133.3236727821213,-138.82499808981234
4789,-124.90419505855077,-133.2471878625874,-138.7969678798317
4790,-124.86077191158817,-133.33371184152543,-138.75059827708805
4791,-124.96957208348394,-133.38917911389197,-138.77338527826458
4792,-124.89810584394218,-133.42088417128923,-138.76640798832972
4793,-124.9825995250165,-133.5299432824196,-138.7435400208236
4794,-124.95740962200905,-133.46057231910822,-138.73290835493904
4795,-125.06222317974047,-133.39790347626786,-138.77293796643514
4796,-125.16048222342017,-133.29826009170898,-138.81363846736133
4797,-125.1511274075189,-133.24216994452092,-138.85719640372645
4798,-125.16948572779481,-133.16804429930457,-138.68008982906514
4799,-125.06703768621566,-133.11789133168625,-138.7132636362433
4800,-125.12309744792253,-133.14751885269908,-138.73899867208928
4801,-125.18238375799493,-133.15524949118915,-138.7488583965108
4802,-125.09697730168197,-133.11622442190446,-138.75233673205187
4803,-125.16422487127272,-133.04715086320743,-138.78470835478456
4804,-125.1822706806234,-133.0077092059146,-138.74317206762404
4805,-125.28677810960572,-133.04889444983556,-138.65437964540402
4806,-125.33629561225086,-133.05948311023076,-138.6227792274375
4807,-125.35173358816145,-133.03726511165425,-138.65393862678008
4808,-125.29348839911577,-133.0391641827019,-138.67997188520002
4809,-125.44321613958165,-133.0867715255908,-138.6672397922291
4810,-125.39817605558898,-133.0782921390265,-138.751922049958
4811,-125.43777030626836,-133.09348522281886,-138.70519531727683
4812,-125.39810528212459,-133.09769224768212,-138.63236447078194
4813,-125.32196659669948,-133.07593401569733,-138.62747432603624
4814,-125.31317161651246,-133.11136524886084,-138.71335616503978
4815,-125.3536559219216,-133.01783406833937,-138.76763589781615
4816,-125.41242782316652,-132.9761901075384,-138.78766710697
4817,-125.31991957658752,-132.88437239136454,-138.79796689519515
4818,-125.21406827762742,-132.91157705656371,-138.6990901322023
4819,-125.33826111953368,-132.8868829524059,-138.6435587599974
4820,-125.23332660834893,-132.84094351257812,-138.68432859280722
4821,-125.28734312062716,-132.8072946324431,-138.58695746399587
4822,-125.24720051986435,-132.83292095904113,-138.6520394916577
4823,-125.35879680142375,-132.8475419374404,-138.62082193552368
4824,-125.37343300583734,-132.87705369062994,-138.67703988538446
4825,-125.28872579691574,-132.92613275871773,-138.77343758087574
4826,-125.17892591601691,-132.9234279688288,-138.71810409721073
4827,-125.1276795582988,-132.94908557664706,-138.72593916523505
4828,-125.19479873618204,-132.88338572657028,-138.64166840599017
4829,-125.14187210234996,-132.8834681115678,-138.72439470362752
4830,-125.18241289770481,-132.8524146496115,-138.74391773497044
4831,-125.31560796383327,-132.76978577220376,-138.67129507250917
4832,-125.29283704029129,-132.7159224281486,-138.63666000865223
4833,-125.31800014092507,-132.69513519578476,-138.71315519893284
4834,-125.3209513934791,-132.73991720453017,-138.74142491379882
4835,-125.16371402837294,-132.69858506435304,-138.70495742067203
4836,-125.09970014859431,-132.6676804058317,-138.7974178041792
4837,-125.0376612248003,-132.60734302172708,-138.64694559811807
4838,-125.0065864674764,-132.6697256590298,-138.65277704899728
4839,-125.05607231311241,-132.6245020409059,-138.6531793839835
4840,-125.10005179446776,-132.6839991821088,-138.61461014890784
4841,-125.2879619487792,-132.739008856793,-138.67235015511795
4842,-125.25560915116719,-132.7000757506191,-138.67309319569267
4843,-125.16625261220676,-132.65789863032288,-138.63310857045624
4844,-125.18078686421453,-132.71788189887909,-138.61162536019415
4845,-125.25884861809044,-132.80118269117241,-138.62962477344328
4846,-125.27543287346488,-132.6826598423246,-138.6492756679948
4847,-125.22225528936217,-132.72886191902637,-138.59302804269277
4848,-125.26243220416981,-132.75618689509898,-138.65352157929726
4849,-125.22685330741109,-132.71042985602858,-138.73713289850733
4850,-125.35148037710232,-132.6591677673411,-138.74086747382796
4851,-125.40103652149396,-132.72300049821922,-138.74860683926
4852,-125.3735713362292,-132.68370953134797,-138.7045305380177
4853,-125.45409353241277,-132.61335957658602,-138.67316462830476
4854,-125.39901066244701,-132.60703459658077,-138.6342299614856
4855,-125.38407257431774,-132.62847667208337,-138.6775451430098
4856,-125.35148188838244,-132.64034069769258,-138.71729425708466
4857,-125.27607518843081,-132.68520724161723,-138.75499204469378
4858,-125.18861187445697,-132.58867091606572,-138.76340205769063
4859,-125.09436062997744,-132.55723314194137,-138.7667653631055
4860,-125.09316167919593,-132.58285046802516,-138.9053987033379
4861,-125.12351237227085,-132.62776013102302,-138.85218090718809
4862,-125.32845867606761,-132.6520245278702,-138.75752751559605
4863,-125.29309006128874,-132.62903027069672,-138.74971599437538
4864,-125.31077754555648,-132.59933741858976,-138.71973274187286
4865,-125.34124254052821,-132.63191800071795,-138.82577079855375
4866,-125.4151546212284,-132.61675031072417,-138.81757757786073
4867,-125.52252147371388,-132.732399244766,-138.90860395565824
4868,-125.52899332953379,-132.6645652292377,-138.87208388489577
4869,-125.48737404599726,-132.64148762840705,-138.85275234080945
4870,-125.53790540039893,-132.70941958996374,-138.96588438992563
4871,-125.466216856366,-132.6282468819628,-138.93583556906816
4872,-125.51889424076327,-132.66445015208228,-138.96932970998824
4873,-125.50056494259535,-132.63027963553571,-139.08127362878815
4874,-125.52846544857897,-132.5806605558825,-138.9822593853532
4875,-125.51546835472551,-132.51590857519597,-138.91741287768934
4876,-125.52905893739378,-132.56176138725525,-138.9753525739415
4877,-125.49079858248618,-132.60043175203043,-138.8803770746477
4878,-125.49293823613499,-132.53637885882648,-138.88491521581705
4879,-125.38706829595694,-132.4651893364486,-138.79624594379936
4880,-125.31589221883196,-132.5080016425918,-138.82010615673423
4881,-125.25016269384331,-132.4055167412257,-138.84129325042193
4882,-125.30409013075854,-132.45646733652632,-138.8101514925151
4883,-125.17681385455768,-132.39427964909862,-138.72556509661058
4884,-125.0520755112174,-132.38847979935224,-138.79045981250408
4885,-124.95947713670127,-132.4201446448061,-138.81717735279773
4886,-125.03097240299581,-132.32557947629468,-138.8364605928785
4887,-124.99313633694234,-132.30269104634658,-138.749926278519
4888,-125.13487131770273,-132.29147987065198,-138.72784867732634
4889,-125.13291202870927,-132.21517619529007,-138.74272883350278
4890,-125.18829843277457,-132.22546151326577,-138.71320141804162
4891,-125.15383955724171,-132.19545378819544,-138.72431755273504
4892,-125.1615481343282,-132.1595517054751,-138.71259964115336
4893,-125.23065004748972,-132.17710918555508,-138.78302362083033
4894,-125.35633450942962,-132.20109065455696,-138.7123568962231
4895,-125.34592095485417,-132.32958944359274,-138.706253595626
4896,-125.2443196177376,-132.3137565291387,-138.67987183125723
4897,-125.11477231320205,-132.30967636381774,-138.66891742721532
4898,-125.10414387815833,-132.3094081280721,-138.62641861670335
4899,-124.9952415583943,-132.16446249970446,-138.62302689054482
4900,-124.94511250150975,-132.12156919397256,-138.64637971631237
4901,-125.0184176318349,-132.13625353383713,-138.61099978602113
4902,-125.16488182318523,-132.11702728106903,-138.57047893517606
4903,-125.23930165338398,-132.09123525805865,-138.5639902936684
4904,-125.34217664703613,-132.06890764464225,-138.67134241161972
4905,-125.54538609284967,-132.00548987329176,-138.704018928272
4906,-125.5562407103551,-132.1034744746339,-138.68880967162232
4907,-125.53663229022285,-132.03807262136831,-138.7279298291508
4908,-125.50355668739161,-132.06882038935828,-138.7304658959801
4909,-125.4903771645784,-132.08506663546973,-138.77730028151475
4910,-125.52755004785939,-132.0378813039602,-138.75510511216774
4911,-125.59209260467159,-132.06995860926813,-138.76564677873301
4912,-125.57999432413003,-132.1010372018555,-138.71655248028534
4913,-125.48760460194163,-131.99654817216685,-138.72608055695233
4914,-125.52016531635229,-132.08776396302477,-138.69360615531994
4915,-125.52989675083745,-132.06286205168192,-138.71313335641412
4916,-125.66083120622943,-132.04462329314975,-138.6401173209265
4917,-125.57197059232124,-132.00897340557157,-138.62152435519172
4918,-125.65633771630826,-131.9914747903087,-138.55357310201262
4919,-125.76522695580913,-131.81685402745237,-138.49919932693675
4920,-125.82550898081354,-131.79479740041688,-138.44609835122336
4921,-125.78425646435679,-131.9158789839273,-138.4774519094678
4922,-125.71377006477086,-131.9097990312519,-138.40880343440563
4923,-125.71600417392189,-131.9455716979923,-138.3831152507368
4924,-125.77260776356945,-131.85835608645402,-138.35329517904168
4925,-125.76275484249334,-131.91712024295555,-138.40954586577448
4926,-125.88083129701417,-131.8633361998682,-138.38151045102018
4927,-125.76324605383688,-131.76108443447094,-138.4396150378841
4928,-125.81668338094694,-131.79071756395746,-138.40238959478802
4929,-125.84948108332088,-131.69579837639787,-138.47854604006153
4930,-125.85907370587591,-131.59662556182673,-138.50057060426167
4931,-125.7602559828581,-131.5126604017148,-138.51233738645368
4932,-125.89223237356018,-131.59455003237815,-138.4799156745674
4933,-125.92114629894746,-131.59746245387325,-138.46539170777336
4934,-125.87601731186734,-131.54799111947708,-138.565678526033
4935,-125.95209446673564,-131.48000787015968,-138.60845257637283
4936,-126.03822619118748,-131.49896314010562,-138.56891609125842
4937,-126.06662562043877,-131.4436738758683,-138.5173674121158
4938,-125.95045558247438,-131.323138484737,-138.46525371069382
4939,-125.9649617951755,-131.3596468689326,-138.55286643952434
4940,-126.06963493822624,-131.34522064300873,-138.57529128567805
4941,-126.18550079833997,-131.2631648486847,-138.56690404314247
4942,-126.28663958074932,-131.28964290732515,-138.4443548065482
4943,-126.35387088391651,-131.21137761833708,-138.4150299638507
4944,-126.34018696188599,-131.2939777671477,-138.4004984049868
4945,-126.27294433519788,-131.2929259792473,-138.35934234828423
4946,-126.17232089750658,-131.271866577141,-138.3569686311896
4947,-126.18359994863447,-131.15923454451786,-138.30051815288795
4948,-126.04253507861883,-131.17409656922842,-138.27136187628275
4949,-126.01159927980694,-131.0726638275164,-138.21041195612003
4950,-126.12693153196577,-131.12481321478782,-138.19998282385055
4951,-126.08366722080017,-131.0404342226645,-138.17700377546964
4952,-126.11544950397084,-131.02849559265036,-138.10820889484512
4953,-126.16440127972103,-131.04763332570542,-138.17429408510685
4954,-126.15047797392566,-131.06217133613075,-138.11711693560613
4955,-126.01193420183509,-131.09710031390455,-138.0308464134992
4956,-125.88082808354908,-131.1870175353236,-137.91525782132274
4957,-125.99615248073326,-131.21846372668716,-137.8515461465399
4958,-125.95829438421372,-131.32118889557296,-137.95757576433073
4959,-125.99156742029825,-131.31411475405966,-137.9540729127595
4960,-125.95147003027628,-131.32529976723566,-137.9280256969235
4961,-126.14864531973029,-131.29488444530352,-137.90067347934087
4962,-126.2153496736347,-131.39462787035197,-137.94950985285527
4963,-126.2813916337366,-131.45218993185128,-137.83579967884532
4964,-126.23425618573458,-131.5283469811994,-137.91741239551368
4965,-126.22550715040465,-131.39349655519123,-137.96814125331636
4966,-126.04171613015633,-131.31341313583272,-137.92458885124012
4967,-125.9506833049529,-131.23222117309228,-137.90682123397013
4968,-125.974409758485,-131.27977791746696,-137.87705849421135
4969,-125.86314833258625,-131.3325908068773,-137.87037775587135
4970,-125.9454830823521,-131.36383770795618,-137.81802847915904
4971,-125.9233680860342,-131.31934235347637,-137.8389768150422
4972,-125.831327849486,-131.22193127998548,-137.95251813710863
4973,-125.89041899413363,-131.1618604776334,-137.9147594198503
4974,-125.92006851146266,-131.07008476543322,-137.8828897211543
4975,-125.9027489043682,-131.18816552979814,-137.84341230336565
4976,-125.79826645672502,-131.20561160105535,-137.8395873557023
4977,-125.73316936142382,-131.20574665923994,-137.7752263878678
4978,-125.67551031064446,-131.15369904202004,-137.7962780156909
4979,-125.64736370559089,-131.21123881056505,-137.8672395695415
4980,-125.79940636582182,-131.18627723192134,-137.8081173193567
4981,-125.72860230044182,-131.15039430275027,-137.88469801239856
4982,-125.62544128936254,-131.1257021165879,-137.79592544155904
4983,-125.54761743750927,-131.19448659260357,-137.8186428729064
4984,-125.65584297976818,-131.1898985235121,-137.75443669760594
4985,-125.80995415618557,-131.18434479994662,-137.62999379743968
4986,-125.8989019434616,-131.19218233381528,-137.66807664134853
4987,-125.94828191150387,-131.1272990620481,-137.62415168882757
4988,-125.93380236686602,-131.09574691938752,-137.6690759745578
4989,-125.96384984246893,-131.03642853003572,-137.57598469743317
4990,-125.9158536171556,-131.0615879717255,-137.5552874657178
4991,-125.80839222484875,-131.0507576663054,-137.55834912267028
4992,-125.74852423351086,-131.04379655271362,-137.5199352826978
4993,-125.83766717173874,-130.9730610562687,-137.40787798066992
4994,-125.82209250983755,-130.89022821402824,-137.3515391918342
4995,-125.88154352695832,-130.88550815962662,-137.30001483705806
4996,-125.88278187493637,-130.72111050694303,-137.3435389744634
4997,-125.95621549047236,-130.66113796937452,-137.33308573645553
4998,-125.98114032156877,-130.66256414405,-137.28372673592912
4999,-125.97295176329867,-130.63950966559725,-137.2876839923784
5000,-125.89098073840803,-130.63921483476892,-137.27537962553782
5001,-125.86828730462138,-130.5959712191039,-137.1844346721801
5002,-125.83061932470356,-130.57360004174092,-137.16306781579192
5003,-125.85325482945336,-130.48553119971467,-137.12151510372564
5004,-125.89353625801101,-130.41785153374943,-137.09448721386156
5005,-125.77778891877526,-130.41049291784677,-137.15596057223337
5006,-125.61790093102837,-130.48674298011065,-137.0681468929842
5007,-125.68663524960013,-130.508438185732,-137.12007712893376
5008,-125.68735171219762,-130.50153213174937,-137.0321972606358
5009,-125.72254740263884,-130.49173910210143,-136.9680209635738
5010,-125.69019677383353,-130.5892670017197,-136.89146085511416
5011,-125.52747607411241,-130.44674057357207,-136.8580664907059
5012,-125.50315287766084,-130.3616652644575,-136.87709708660782
5013,-125.5398544462335,-130.44418426788366,-136.79962473964224
5014,-125.57125656810597,-130.42390157424083,-136.84935652959444
5015,-125.41363206438369,-130.4039672321521,-136.8214530005322
5016,-125.37013558421711,-130.4099339220653,-136.78694874001962
5017,-125.43889926913057,-130.39196844999793,-136.81683793018658
5018,-125.44180823685346,-130.44385616964155,-136.84498503074937
5019,-125.41597724979393,-130.53644583088948,-136.80759318126036
5020,-125.41031212180863,-130.43619192088983,-136.6545054221251
5021,-125.37960054129094,-130.41026438703472,-136.63179902270076
5022,-125.17257730513231,-130.41778382824367,-136.662670729536
5023,-125.19558747190352,-130.48752035296485,-136.71078634096892
5024,-125.17534456710435,-130.4755589388623,-136.85291873223247
5025,-125.17651483593181,-130.47685481407404,-136.78960658771018
5026,-125.12210891428543,-130.49255789032023,-136.8159741989674
5027,-125.13765304404214,-130.45517744124936,-136.72183457038898
5028,-125.16802967066299,-130.4421571359577,-136.70700961827265
5029,-125.1822055665451,-130.4532059076988,-136.64408556628877
5030,-125.08093395763484,-130.38594721502778,-136.63878042528802
5031,-125.15774528032159,-130.34599509861107,-136.55736591214787
5032,-125.19836568531389,-130.21473793365774,-136.44873274458035
5033,-125.2127704486423,-130.19765724314158,-136.38061639846939
5034,-125.09774410368281,-130.10867068010774,-136.4417849331537
5035,-125.0969477127493,-130.06980011581865,-136.52972042775207
5036,-125.14170209183841,-130.09310805245346,-136.43713184321507
5037,-125.03148029227688,-130.1646502040243,-136.49060953754838
5038,-125.0195617232952,-130.1782462231969,-136.49456843630438
5039,-124.95279736041934,-130.15767903515223,-136.44589834840352
5040,-124.99022140838898,-130.04403973834246,-136.42474849501986
5041,-124.97179202816027,-130.08339506118503,-136.396586960776
5042,-124.92585919343013,-129.991780889235,-136.3353115640694
5043,-124.96522147230343,-129.93893999525648,-136.35784511239612
5044,-125.00879915860283,-130.02301014566274,-136.2418830424356
5045,-124.93304733025485,-130.05431814468275,-136.1780113222164
5046,-124.94958490001095,-130.07290017731128,-136.18227318478242
5047,-124.98280583043783,-130.0341727010546,-136.24266194397188
5048,-124.80383048813692,-129.9860372578823,-136.22552928164066
5049,-124.80268999150057,-130.0800069503651,-136.21151825365013
5050,-124.74255489080201,-130.02676693810866,-136.16517588534498
5051,-124.60214011594317,-130.08934839134002,-136.1663029566005
5052,-124.44160000164334,-130.03391680770915,-136.05874801228038
5053,-124.39078511723852,-130.0149347589371,-135.99462971093766
5054,-124.41882078159105,-129.87818519204615,-135.99852203741796
5055,-124.40537512007255,-129.80944670967665,-136.03586480256192
5056,-124.5886081675209,-129.80191127733494,-136.0366830759078
5057,-124.64894426709498,-129.81343768148045,-135.9594318024756
5058,-124.69388450594589,-129.72217592471654,-135.96920876959604
5059,-124.60374960595888,-129.86799339369966,-136.0021800236128
5060,-124.71840733567703,-129.81132463819,-135.94231143872256
5061,-124.70046794076917,-129.8127962272634,-136.01376137871975
5062,-124.61435376710955,-129.81538064389326,-136.10860217011952
5063,-124.55272060220406,-129.76416239661242,-136.1155425864781
5064,-124.57890108579389,-129.7311173225813,-136.12787153317686
5065,-124.47419123697102,-129.67388320607304,-136.19722697315996
5066,-124.47349283338795,-129.63028650930178,-136.19160434338954
5067,-124.42323898528795,-129.71303627904194,-136.12514954019537
5068,-124.48080113060558,-129.70078903849557,-136.09787497534603
5069,-124.41949215060203,-129.643650528364,-136.06769202019362
5070,-124.45197184799274,-129.58003728822433,-136.10339661540308
5071,-124.39032751270831,-129.57406328822424,-136.10498464565927
5072,-124.32610074204723,-129.4771222981238,-136.11065759732878
5073,-124.30858970502814,-129.52389599608017,-136.07441603879866
5074,-124.40242835588514,-129.51470376693783,-136.03209695122985
5075,-124.30038793707762,-129.46789611884265,-136.0783552716
5076,-124.36990123543507,-129.48254724176908,-136.1069602975228
5077,-124.43646146822957,-129.5511846041662,-136.10597700722778
5078,-124.40223746712249,-129.67874039605329,-136.08601042111948
5079,-124.3177726443019,-129.83397230198614,-136.07733261900583
5080,-124.24890178374524,-129.81659683988534,-136.11196902125806
5081,-124.25547323495971,-129.75850105200652,-136.12134666967577
5082,-124.2707431438137,-129.74535770122216,-136.07563974726378
5083,-124.20436510446498,-129.6890833177062,-136.09342082081878
5084,-124.33334062850075,-129.79491365637762,-136.0202039674471
5085,-124.23464062992772,-129.79518885092816,-135.98364770327797
5086,-124.09124111246983,-129.8033351762357,-135.95383477520704
5087,-124.11741891553032,-129.72760979175956,-135.9651740319284
5088,-124.08986753663805,-129.6774636697637,-135.98839145142927
5089,-123.92474787090148,-129.78990844070577,-135.94255333972603
5090,-124.01328903816858,-129.82701048750044,-135.93292855113324
5091,-124.11344673722164,-129.81045101499313,-135.95734657375567
5092,-123.99400907132524,-129.73036639119744,-135.93861897911518
5093,-123.97743465632368,-129.78202363198452,-135.8699072038757
5094,-124.03862268715616,-129.73033224501495,-135.76381421005536
5095,-123.96651432576726,-129.78663972072715,-135.6820940165895
5096,-123.9138705401498,-129.71961043810919,-135.71520390993598
5097,-123.94898788271385,-129.71938971470186,-135.70485329685016
5098,-123.96715665396391,-129.7144876497277,-135.6258084137807
5099,-123.963968781685,-129.74741479410912,-135.49455585472126
5100,-123.85344282114163,-129.78134655040972,-135.5031511750007
5101,-123.70422251731134,-129.88616553253803,-135.50740532353169
5102,-123.55750619529843,-129.8810528652491,-135.60731589303904
5103,-123.42265564180438,-129.97712298761633,-135.58474896038052
5104,-123.36711679970897,-130.0284402330372,-135.5919221160622
5105,-123.3498520027184,-130.04184670569379,-135.6031377628179
5106,-123.32569737122296,-130.0219667130516,-135.6565411868072
5107,-123.24979000857198,-130.06842605282148,-135.5963572778315
5108,-123.20460792975268,-130.0334483825393,-135.58829042271532
5109,-123.28030395958757,-130.13974255422823,-135.58156684489154
5110,-123.17585041210285,-130.0555898999224,-135.55412142859865
5111,-123.09393589690882,-130.0645539267541,-135.60807943019705
5112,-123.06329653660602,-130.05096281597417,-135.62130297017026
5113,-122.97673030433977,-130.05371279050084,-135.5990865310758
5114,-122.93561127606739,-130.09234853095978,-135.6164647071185
5115,-122.98012182298133,-130.06793504732843,-135.60384102652586
5116,-122.95219517108714,-130.00465818944463,-135.69878097136706
5117,-122.70370609484327,-130.03597053201452,-135.7746944328572
5118,-122.7141694545418,-129.95585420002936,-135.78726781070014
5119,-122.62876307919505,-130.03290284207412,-135.6962665007615
5120,-122.64919383750971,-130.02804105424568,-135.6695146755006
5121,-122.47827279075611,-130.01930378024488,-135.67706714352653
5122,-122.3761360834925,-129.97179364058624,-135.57301099184838
5123,-122.39135993166215,-129.95209574219797,-135.54572896531562
5124,-122.44700795523207,-129.87146002592783,-135.46939006833915
5125,-122.3198951544503,-129.98629315383994,-135.46811564125522
5126,-122.36449668781177,-130.08060953912377,-135.4716990416215
5127,-122.52939688386684,-130.142529562923,-135.49213575190993
5128,-122.61059948416163,-130.0785847997337,-135.4792319934104
5129,-122.67394142099117,-130.04117111375842,-135.42203478113873
5130,-122.58715155750352,-130.02303604725205,-135.42653800897267
5131,-122.50823304385663,-129.9299178319731,-135.45371267013553
5132,-122.55351277619062,-130.12811921270105,-135.3830988994536
5133,-122.4526251055457,-130.24503390103803,-135.32361762973363
5134,-122.34652807323644,-130.19425160665202,-135.31347961429503
5135,-122.32874768046376,-130.10135118683814,-135.28832607403606
5136,-122.24194810873561,-130.0630672153299,-135.3499567585111
5137,-122.3763595852152,-130.15259320490995,-135.35408656783648
5138,-122.37721851372933,-130.16071344466053,-135.35618118294678
5139,-122.38552647803004,-130.17524641800117,-135.2805900903369
5140,-122.29485224181624,-130.19069200599938,-135.26306166343625
5141,-122.28094067320365,-130.1765244854809,-135.2619905431255
5142,-122.35762853450096,-130.14949427565716,-135.27585769673726
5143,-122.3313557450547,-130.15347361630427,-135.22821622843608
5144,-122.18416576106698,-130.09093044368979,-135.23010242447435
5145,-122.15381185329167,-130.04035107069473,-135.27787515765186
5146,-122.07195814006838,-130.0407322733949,-135.2513703129186
5147,-122.02169989971883,-130.09670878832958,-135.1729911533997
5148,-121.99998628682613,-130.19811211212368,-135.24928536163537
5149,-122.0047148661647,-130.20105253198327,-135.38481953539053
5150,-122.0417861505813,-130.16143706176342,-135.39039161378008
5151,-121.97757639943048,-130.27579149902652,-135.36512608634013
5152,-122.15328978163845,-130.3695234268866,-135.33041691719905
5153,-121.98698123160241,-130.45402123121727,-135.3472885137146
5154,-122.01463014866894,-130.3876420890493,-135.4146482992577
5155,-121.94416680001365,-130.39602906866412,-135.38979414650407
5156,-122.0046873014694,-130.39540453806165,-135.33383980457725
5157,-121.8559684151939,-130.4541796691758,-135.33534286346566
5158,-121.86658124034024,-130.47835247328172,-135.36674807166145
5159,-121.88094279217218,-130.59968311509726,-135.39887172675117
5160,-121.84480689585035,-130.58055562172862,-135.4194215622081
5161,-121.72943870913647,-130.59226770958745,-135.44455241355286
5162,-121.76674711724962,-130.7370867473853,-135.44839499771615
5163,-121.75547596584046,-130.8402877390728,-135.5129732933855
5164,-121.75771939630656,-130.83697086116257,-135.560088661442
5165,-121.67111352922016,-130.82674268103844,-135.48408118520754
5166,-121.7078702379056,-130.82093519974703,-135.46719879089187
5167,-121.64391887869853,-130.79368939386802,-135.297523614682
5168,-121.50937504173308,-130.80482395229524,-135.32362769546532
5169,-121.55896352155273,-130.87358150366302,-135.30978084645483
5170,-121.5487037381531,-130.76246861053278,-135.3914638522363
5171,-121.6637519323053,-130.82003308157627,-135.34873457941598
5172,-121.62354882485879,-130.83569440673804,-135.36397526771458
5173,-121.65697368723491,-130.80447591564578,-135.4493439605876
5174,-121.58292098453659,-130.72830825448153,-135.35342065977625
5175,-121.56351582811931,-130.6941138669693,-135.342990484401
5176,-121.63986031672036,-130.68792726458233,-135.2735206647058
5177,-121.6192468649092,-130.70147196966406,-135.21785091343008
5178,-121.5615250545045,-130.72974280588545,-135.23638857873956
5179,-121.54474388160526,-130.6818989053414,-135.22682213810398
5180,-121.63012240736226,-130.72486157277126,-135.27882015602978
5181,-121.65337747439003,-130.7059795357069,-135.278636060321
5182,-121.71864512339017,-130.68779825320277,-135.25616004015046
5183,-121.76227336423429,-130.55618998670514,-135.2585014783798
5184,-121.62646522156473,-130.592365676597,-135.2202875613861
5185,-121.55311698856487,-130.5498886197249,-135.22291796224582
5186,-121.50840707460458,-130.54921064915595,-135.1762873529148
5187,-121.47076414176726,-130.51158746702475,-135.19556936743197
5188,-121.4065734966211,-130.48688622287648,-135.17984855477968
5189,-121.35522405849719,-130.40280438669836,-135.24160648398743
5190,-121.3251341800329,-130.3470082647326,-135.25700847541236
5191,-121.32701182147837,-130.3710554800527,-135.26275860935723
5192,-121.23430209550224,-130.468601614187,-135.35020117109218
5193,-121.16301103076877,-130.5338963690013,-135.35326355962997
5194,-121.34400918689188,-130.58076362424538,-135.34432391684368
5195,-121.42173588014563,-130.5664398626485,-135.33174318044212
5196,-121.31096802848782,-130.4866828751587,-135.44060004574715
5197,-121.40266295959202,-130.424261315952,-135.41181496178126
5198,-121.23546445047302,-130.46802395155282,-135.3531508198729
5199,-121.30265765952427,-130.4556441148735,-135.40277266848886
5200,-121.28521120390414,-130.5219220827537,-135.42792989400405
5201,-121.22529398401832,-130.5607651711006,-135.4089450879577
5202,-121.2221605455299,-130.4694962993138,-135.48207588945866
5203,-121.28862120927846,-130.47335356810123,-135.38435729213762
5204,-121.33671390960642,-130.3675327723112,-135.45185197643985
5205,-121.37125608897962,-130.30250999900537,-135.53322267548754
5206,-121.2508477842897,-130.3161002933274,-135.47762449734398
5207,-121.25711322186262,-130.3260553891086,-135.48109664839149
5208,-121.35357930468527,-130.4443454320785,-135.48526879926195
5209,-121.45875388653434,-130.3147329002648,-135.50604473517583
5210,-121.33448938841867,-130.38194240829907,-135.49325446295418
5211,-121.41608940012003,-130.35682810845992,-135.43554472718702
5212,-121.4018510263769,-130.314884877675,-135.53935993391897
5213,-121.39627041093343,-130.31274966640626,-135.51507084409678
5214,-121.36312526383952,-130.46342607584268,-135.48674180822158
5215,-121.29263575383686,-130.45220076925125,-135.4448195504081
5216,-121.18893121585371,-130.53250980315238,-135.47853813068662
5217,-121.2379128432145,-130.42176030638393,-135.52662579023337
5218,-121.15894020842556,-130.42501431256665,-135.5679032450539
5219,-121.23920202755434,-130.43995104004188,-135.52746419159126
5220,-121.11075931729232,-130.44013815350627,-135.4581766500956
5221,-121.04171105702983,-130.42737156156477,-135.38504482157023
5222,-121.03233240177858,-130.41124371655815,-135.31002830252913
5223,-121.09414848372815,-130.41269815574722,-135.30177788487742
5224,-121.145732163617,-130.4519010448409,-135.2496092192588
5225,-121.16715505190754,-130.513515003514,-135.23319762822476
5226,-121.2558879494412,-130.39592268764648,-135.19992880996628
5227,-121.28935917948273,-130.36831996360243,-135.14455087796074
5228,-121.30872311670706,-130.40959709967595,-135.14431230211432
5229,-121.35029969253591,-130.35096375567625,-135.1165296655922
5230,-121.3310955330413,-130.40864835222723,-135.05661465525168
5231,-121.31686898378227,-130.3771442519705,-135.05397181399252
5232,-121.31722447337363,-130.3215943903396,-135.0875375885164
5233,-121.3475516765443,-130.38224704793157,-135.12126009010856
5234,-121.31134219017562,-130.38984180770228,-135.14270354392988
5235,-121.3706178503454,-130.41987558207444,-135.04904366329401
5236,-121.23631536917708,-130.3790637597364,-135.04153440755607
5237,-121.21232428267008,-130.32165386293366,-135.06775105110074
5238,-121.22671049235294,-130.2565831591386,-135.09312670350303
5239,-121.29317243246163,-130.19030008216805,-135.0724872481831
5240,-121.18113557468516,-130.20608291447206,-135.04812511375434
5241,-121.18340797939234,-130.22322597223166,-134.99953925264555
5242,-121.23761427107326,-130.28147061988403,-135.0243317763616
5243,-121.17590667474235,-130.31243777727985,-134.9896972492168
5244,-120.98683052138837,-130.25110091139663,-135.0597395254511
5245,-121.06619686282917,-130.25516815425743,-135.08204994146143
5246,-121.15260976214375,-130.27659094349968,-135.0515119564377
5247,-121.06157495763266,-130.30505433349578,-135.0514056811587
5248,-121.03931168895026,-130.37007467117155,-135.03178557755052
5249,-121.115017704803,-130.2965474269986,-134.9955453367828
5250,-121.08932115961017,-130.27582336109006,-134.97769977629002
5251,-120.96466639546091,-130.3800074237123,-134.93494265703788
5252,-121.06819805240437,-130.42567513495223,-134.92842784702833
5253,-121.15530022287368,-130.34370790326273,-134.9438403396769
5254,-120.98529688423847,-130.3779758742122,-134.98011958067042
5255,-121.08841789753347,-130.42425678148464,-134.97361114439354
5256,-121.04440095310565,-130.41041883709167,-134.89751562905724
5257,-120.90973015465572,-130.35237599240418,-134.89904415877095
5258,-120.91886809000422,-130.36467424638641,-134.93636494692015
5259,-120.98097080979392,-130.24071231939124,-134.97004861359306
5260,-120.93397730901577,-130.103491119997,-134.92194914869296
5261,-120.87069401729806,-130.0563139447467,-134.90860338164634
5262,-120.88004161302268,-130.1279043862387,-134.85637875470047
5263,-120.96684456436195,-130.0701439081277,-134.9024316138786
5264,-120.94905780597153,-130.09641783363952,-134.87411516875275
5265,-121.00511762757742,-130.03312847456147,-134.87647910564723
5266,-121.06673272834115,-129.9771758954926,-134.79328596407868
5267,-121.14167009004113,-129.95681592871495,-134.84168921529667
5268,-121.167047423427,-129.8818626838632,-134.8823844655767
5269,-121.2096901408801,-129.78982964191772,-134.93274013448982
5270,-121.19218237340016,-129.81897888170195,-134.87328894756433
5271,-121.24994439972147,-129.81755528430534,-134.84705018759615
5272,-121.29758481983424,-129.79466520001884,-134.9115229811252
5273,-121.42093998704065,-129.8159764949691,-134.87158707073687
5274,-121.47263021241601,-129.7726775915675,-134.9040126661412
5275,-121.33341758051424,-129.7613845946669,-134.89253928747954
5276,-121.31959620776314,-129.79343818484915,-134.82506998426794
5277,-121.41764822922394,-129.6527255304434,-134.77384495821428
5278,-121.46879034304581,-129.60740235558956,-134.71528481390587
5279,-121.52093248842768,-129.48685743633905,-134.74036832232844
5280,-121.49793085218712,-129.450234424244,-134.65228327231557
5281,-121.42479536104692,-129.52888725915915,-134.6256609619999
5282,-121.54516621976781,-129.58752235504275,-134.6684447260634
5283,-121.428940545357,-129.53545767138183,-134.81770427375898
5284,-121.45846330763149,-129.5173192741882,-134.82949172702928
5285,-121.48899522452183,-129.45609095293216,-134.79398364273413
5286,-121.62352488051079,-129.40793870826423,-134.77365841580834
5287,-121.52080272805912,-129.43874708836762,-134.6893497792976
5288,-121.40803253178532,-129.4317313475679,-134.7332101197335
5289,-121.35547125737007,-129.3885986207916,-134.7017638259921
5290,-121.3773574015895,-129.39537017317508,-134.70447953098056
5291,-121.52126258742794,-129.43874750320654,-134.7172200071342
5292,-121.47830541690087,-129.33545010894517,-134.79151973644866
5293,-121.42374094740367,-129.23345903072536,-134.81152334042008
5294,-121.48896785130066,-129.23936169328923,-134.82684338847167
5295,-121.49916136469886,-129.30859920864495,-134.77562890619092
5296,-121.4775084646985,-129.3048876219348,-134.75923932923985
5297,-121.38769576002997,-129.20427804567038,-134.72791514784478
5298,-121.3552887322391,-129.17621874539876,-134.75039865282352
5299,-121.24405981892616,-129.12230979765087,-134.70636296289433
5300,-121.35115059798066,-129.24400372856843,-134.7468665945462
5301,-121.39763899643427,-129.29929026849214,-134.68536431642536
5302,-121.33908022748665,-129.38575165429273,-134.73459777362143
5303,-121.37313560797546,-129.25733016165225,-134.7491852548276
5304,-121.43282601539416,-129.24367220798916,-134.72126770740718
5305,-121.3762840344402,-129.3749979189394,-134.61259523790847
5306,-121.44797405186898,-129.36978419574356,-134.65416624124381
5307,-121.51619719932407,-129.4046404831676,-134.7400989051904
5308,-121.56114659683377,-129.35136157226734,-134.6592685574015
5309,-121.6403995872864,-129.38566504367083,-134.63436056015982
5310,-121.62335508241085,-129.4200362376066,-134.67662960730925
5311,-121.69027120181119,-129.3902770319513,-134.70809972101256
5312,-121.49779491466138,-129.2695367072339,-134.74991962457253
5313,-121.58862818973326,-129.30169073991632,-134.70551277520747
5314,-121.42532042417783,-129.24020996937838,-134.59880899022696
5315,-121.35472044573616,-129.1732756834082,-134.64442576016526
5316,-121.33071869057231,-129.12332577605946,-134.60072306758275
5317,-121.39729796771434,-129.08005152171896,-134.65564936202554
5318,-121.30972103502332,-128.96005054019807,-134.62380599692614
5319,-121.30879975906866,-128.83207426172245,-134.54597650904776
5320,-121.40740506839485,-128.83275052765336,-134.44169582879624
5321,-121.36903673061211,-128.81359082261753,-134.4417900853644
5322,-121.30491961544257,-128.67249545392144,-134.5033391245846
5323,-121.18230610389591,-128.5715250908443,-134.46783064466644
5324,-121.09475671129078,-128.52446499058917,-134.39402002842002
5325,-121.17436425631537,-128.491958155143,-134.34751924152326
5326,-121.26696005684127,-128.4980486952443,-134.43214080438486
5327,-121.26256869671582,-128.52485644069347,-134.5149583971397
5328,-121.21450619112895,-128.5102487058796,-134.52336646759886
5329,-121.02848772234846,-128.42877363792795,-134.48723254497955
5330,-120.94356285793151,-128.4877299218168,-134.42860953953883
5331,-120.87608307970825,-128.52830039793292,-134.40676413716363
5332,-120.80047813233386,-128.58828108592468,-134.41205570690676
5333,-120.79869335631203,-128.5607789803073,-134.36446684672455
5334,-120.83854021856692,-128.53072790193647,-134.419626632534
5335,-120.98574175009676,-128.55665145860206,-134.3780795830928
5336,-120.79529273981277,-128.47299248075913,-134.37940678614098
5337,-120.82089193520889,-128.36436542743098,-134.3875378116682
5338,-120.78583119990572,-128.3384349042604,-134.32727154562332
5339,-120.85379804736225,-128.28164110876867,-134.31032799398062
5340,-120.70198771469444,-128.3323474024174,-134.32034763633936
5341,-120.72066970545539,-128.36675039512875,-134.37496699247592
5342,-120.70273025387412,-128.4576926874567,-134.3824149847602
5343,-120.66162110344573,-128.57274688592958,-134.3500509683405
5344,-120.71987741933745,-128.5446035567638,-134.2901825429828
5345,-120.7074979795724,-128.4999127353883,-134.3575794919264
5346,-120.67626252517529,-128.51613932646663,-134.39647269018806
5347,-120.60471745766547,-128.54415669488458,-134.36227200477143
5348,-120.63535299242895,-128.52320466577288,-134.42367685634747
5349,-120.55400342266282,-128.63478711595917,-134.34485504887613
5350,-120.55594647225256,-128.6367618220483,-134.2676035079732
5351,-120.5301205949282,-128.58221355468416,-134.23342955173456
5352,-120.49778104686001,-128.48568719042814,-134.22378813658193
5353,-120.44355897186001,-128.36032884187017,-134.14284918596599
5354,-120.31130617045795,-128.30905462226534,-134.0189944852915
5355,-120.23992869688314,-128.36927051993877,-133.95873465005644
5356,-120.47780657529239,-128.4203411078769,-133.8742699281179
5357,-120.49987989911446,-128.3637828764838,-133.8703801355096
5358,-120.60226277461621,-128.30704930284332,-133.8655693917904
5359,-120.70559830847318,-128.34846958623513,-133.86436565908974
5360,-120.69574356947447,-128.4049464173532,-133.92372374031714
5361,-120.72457314345274,-128.2734388084752,-134.00000280446284
5362,-120.76801190013241,-128.38702874700243,-133.95704191118185
5363,-120.871278322653,-128.4155883409804,-133.95058972553795
5364,-120.82681723793316,-128.41812084141372,-133.9183933107397
5365,-120.81936969149643,-128.40907832483708,-133.9466594330811
5366,-120.82087906391894,-128.41961733810797,-133.9480116738903
5367,-120.89827275219605,-128.3769930664754,-133.8876690591419
5368,-120.78466642812253,-128.33230616721923,-133.98924990566815
5369,-120.80072159433163,-128.3381892076721,-133.89007714279126
5370,-120.88823748251245,-128.28852889649494,-133.85183335364337
5371,-120.89524175740547,-128.23106507494114,-133.8337181244433
5372,-120.83824470196242,-128.237980466904,-133.81351561190326
5373,-120.86328853248924,-128.21543378318353,-133.79362300643302
5374,-120.77003227962861,-128.21335544428237,-133.82985929351156
5375,-120.82701967262993,-128.2274398284799,-133.77381928547968
5376,-120.8107513964789,-128.125944464475,-133.73522867630078
5377,-120.78373110471725,-128.18163505210578,-133.71212416735972
5378,-120.80329089758078,-128.19331895690004,-133.64928149126996
5379,-120.82248935042139,-128.0958840251164,-133.67092731995893
5380,-120.90664680506777,-128.19203676999535,-133.63605164125937
5381,-120.94846861695532,-128.24098152579862,-133.6725691220825
5382,-121.03350217025388,-128.22351323185399,-133.7557818000692
5383,-121.02065264233642,-128.29360806725452,-133.65423678355117
5384,-120.93182979445687,-128.20910521946342,-133.65875257905083
5385,-120.86961146876564,-128.15862478614235,-133.6017910273793
5386,-120.79650106654304,-128.2019092611414,-133.61363060630492
5387,-120.81770500690914,-128.23267510468253,-133.65374604669697
5388,-120.80881946163538,-128.1438267672759,-133.6876724993583
5389,-120.69616300905722,-128.20480827755625,-133.60978639761166
5390,-120.58088185069124,-128.13572277932496,-133.63859369766124
5391,-120.62372398309653,-128.16547230179867,-133.6842007296524
5392,-120.71137517819186,-128.24773848006924,-133.77560817316163
5393,-120.70169305411497,-128.1870578129215,-133.73093962842563
5394,-120.68311857105152,-128.1264202053083,-133.72749010905426
5395,-120.64696349794343,-128.05327217616082,-133.728386286071
5396,-120.6109681157478,-128.12494570633558,-133.7214085430938
5397,-120.67159275773886,-128.14766887435877,-133.7221971466794
5398,-120.54953653964708,-128.05323157537305,-133.74775275999093
5399,-120.4984530924038,-128.13611381684208,-133.71407925290535
5400,-120.47376958610505,-127.9716146953696,-133.7091584650123
5401,-120.38129647025741,-127.90368261492196,-133.7458351985779
5402,-120.26594125540066,-127.83411173493613,-133.66773582375257
5403,-120.29183484571298,-127.73927663738743,-133.62991319189442
5404,-120.3605279397396,-127.65986701759564,-133.6523997373343
5405,-120.36428857217837,-127.65171115627894,-133.60347131218361
5406,-120.25372154145748,-127.62192081723528,-133.57063707741227
5407,-120.37819982860007,-127.64380702130674,-133.4692680611959
5408,-120.40793168244998,-127.6134752594269,-133.44867221649073
5409,-120.3202776198329,-127.63778988182905,-133.4545316968337
5410,-120.25624352730188,-127.65352805522093,-133.40956784331843
5411,-120.2598848165363,-127.54906437251667,-133.40878226915703
5412,-120.25998320538878,-127.446626476552,-133.4228329918751
5413,-120.21033827918268,-127.49702254902124,-133.48081976774654
5414,-120.2918907417874,-127.49499143845725,-133.50045847112708
5415,-120.23947926977355,-127.45326462466345,-133.56310627085452
5416,-120.35615676058849,-127.50992061650943,-133.59774375839376
5417,-120.38472924593592,-127.4941200801248,-133.63505484626614
5418,-120.32971969538175,-127.51934007952889,-133.64546007613075
5419,-120.28998988921705,-127.5872692269682,-133.64265698921497
5420,-120.27443386887725,-127.65925189848235,-133.65569236439143
5421,-120.23236601591914,-127.63190733661426,-133.71029840408602
5422,-120.15961478940297,-127.51366502846622,-133.76668913000208
5423,-120.12494615097167,-127.4765893569147,-133.7450518801366
5424,-120.19802410747789,-127.32046089200801,-133.7750752656745
5425,-120.1009833404587,-127.3004981168383,-133.74392830709186
5426,-119.9079907188213,-127.33173060807843,-133.71545013262966
5427,-119.81197225926775,-127.35709906619249,-133.78108511260868
5428,-119.80957398983334,-127.35127670089446,-133.67837170213969
5429,-119.64788375129788,-127.43130598359677,-133.63985688674984
5430,-119.58999422139473,-127.40325570112117,-133.69425119828907
5431,-119.71998585627944,-127.5352304021394,-133.6760548689772
5432,-119.64199823785714,-127.59557401670385,-133.64664231827203
5433,-119.50772909734002,-127.58838262272955,-133.65197180102803
5434,-119.55616224500513,-127.60614771901211,-133.67863581672447
5435,-119.64692987437462,-127.69700196337253,-133.6420223677054
5436,-119.6431911934148,-127.62115646100034,-133.682291779518
5437,-119.68255853482432,-127.68163537235377,-133.65255115611143
5438,-119.6621742558485,-127.75606080796608,-133.66824283354205
5439,-119.70706840992065,-127.81540091396808,-133.70434255411163
5440,-119.6678866848198,-127.81702434948593,-133.70770106053712
5441,-119.71845505095894,-127.76751442036927,-133.74874671529292
5442,-119.74623834035437,-127.63762017124549,-133.7584771474532
5443,-119.77206900697988,-127.65784852809128,-133.66681270003306
5444,-119.79319472687672,-127.65808342774756,-133.68081482083312
5445,-119.88072406110587,-127.6640709388218,-133.67525716439673
5446,-119.69873075053067,-127.8114690336684,-133.69474510669608
5447,-119.62528227975619,-127.78557474871519,-133.70475604320103
5448,-119.7040309143105,-127.76553398834872,-133.6571045605551
5449,-119.80886594509434,-127.7817449993934,-133.72892273572313
5450,-119.80677504338927,-127.63714452233532,-133.70461609469652
5451,-119.75355001441046,-127.64008110413869,-133.69047030403507
5452,-119.79709842902133,-127.65688109149418,-133.63430253866233
5453,-119.87609724519919,-127.63174639769092,-133.6622854949493
5454,-119.80564800684148,-127.6278255550799,-133.66903096442167
5455,-119.75642206147145,-127.57848753522931,-133.75164895967572
5456,-119.83957082764087,-127.63574582471946,-133.77859592407358
5457,-119.87633878333054,-127.67281236005522,-133.7575721596021
5458,-119.85988522216324,-127.68657601019072,-133.67733609067204
5459,-120.02879202767124,-127.65600111919113,-133.75417150642932
5460,-119.91815857045421,-127.52825250096441,-133.7262327416513
5461,-119.95134994558958,-127.41556692317438,-133.72770467639907
5462,-119.90149663654452,-127.26805823683303,-133.75479034645178
5463,-119.84457389901834,-127.28174314679268,-133.77069871594023
5464,-119.81487405012282,-127.27120188948047,-133.78699868256643
5465,-119.8494261374987,-127.16394789190248,-133.81910724761025
5466,-119.80395748892548,-127.17195516135266,-133.7495509171609
5467,-119.76313862887794,-127.11495677413092,-133.7490657564116
5468,-119.82730836890333,-127.12329482004802,-133.70096076098133
5469,-119.77226747732699,-127.10081833811573,-133.64246284775723
5470,-119.7279032937492,-127.09903940064142,-133.60495428598819
5471,-119.79860138064542,-127.08146270517514,-133.53356159006236
5472,-119.79056717136655,-127.06096363429775,-133.50497271998532
5473,-119.76282547388868,-126.89874280771676,-133.53102107055378
5474,-119.77329801586261,-126.89724276170207,-133.6013887429831
5475,-119.85962728607862,-126.94894905261134,-133.5822162717795
5476,-119.81528808670544,-127.06615039174537,-133.57255024860612
5477,-119.80113240275006,-127.08913800155022,-133.5452109651913
5478,-120.0211955821047,-127.09114934534368,-133.5423884779397
5479,-119.99901933350404,-127.06282040880042,-133.58643669827674
5480,-119.94602559359124,-127.01985088588177,-133.6502961451472
5481,-120.14559045996026,-126.93882970900117,-133.69296381453137
5482,-120.1404813987455,-126.94397360365193,-133.61594323278646
5483,-120.18998057084085,-127.02530634467044,-133.67320619620514
5484,-120.1971409473872,-127.02509226948685,-133.71582891220908
5485,-120.13616895805814,-126.96410625774925,-133.68221539599548
5486,-120.07773220559281,-126.90753525212722,-133.62334509223072
5487,-120.07693080418056,-126.90481240736332,-133.63313157288962
5488,-120.09151439506984,-126.78475289714342,-133.59246291056502
5489,-120.15229967052957,-126.76489782236774,-133.67808743774611
5490,-120.31018666386433,-126.74921756739063,-133.73033704727519
5491,-120.3455141252243,-126.7168491225022,-133.80053086140137
5492,-120.46023918529411,-126.73401252610445,-133.72487282876784
5493,-120.3162485588153,-126.81732864666736,-133.66979749008135
5494,-120.34249950295049,-126.87218430103118,-133.66041107526678
5495,-120.3387727169634,-126.86473940428209,-133.69990985442155
5496,-120.47488202720879,-126.8486152247471,-133.71903418337263
5497,-120.35661001298033,-126.8727099236529,-133.6347866321878
5498,-120.39103039655402,-126.84293643110465,-133.639406305881
5499,-120.2814463156636,-126.96929658113552,-133.59538773556255
5500,-120.21263947395155,-126.91705560463693,-133.5263475661902
5501,-120.24232943300427,-126.92611775192363,-133.4710918746586
5502,-120.28164901057892,-126.83378873337978,-133.41284116763973
5503,-120.30157254303084,-126.7438965984726,-133.3978992578135
5504,-120.31271137048805,-126.71388433018052,-133.36668072522662
5505,-120.37937946320551,-126.76140759297635,-133.33477260204805
5506,-120.39791180010177,-126.68222013187102,-133.253872651518
5507,-120.42753461416764,-126.65233807767545,-133.2177078590902
5508,-120.46136244040247,-126.65923235121467,-133.1088438189925
5509,-120.62272427094402,-126.6525140657277,-133.09310760138212
5510,-120.633628224364,-126.66890406042555,-133.11491029192797
5511,-120.48674688342015,-126.7393114380988,-133.16164243377858
5512,-120.53186681468543,-126.84890647918932,-133.15144094031493
5513,-120.56572733203753,-126.937762591016,-133.207745637955
5514,-120.626928126417,-127.0396462196994,-133.24819127466515
5515,-120.61898309447517,-126.9761871370645,-133.26269962710484
5516,-120.45402564402383,-126.95108229066125,-133.276510087921
5517,-120.40818380286115,-126.90869126774734,-133.24397767416468
5518,-120.30260132980365,-126.86183909914187,-133.28599533082968
5519,-120.23505819981733,-126.82712944923333,-133.31506039825663
5520,-120.34596138020675,-126.73902359362575,-133.1988999923762
5521,-120.3535836383072,-126.75632375072031,-133.1592186341438
5522,-120.27774254360008,-126.70204007497532,-133.19316480356065
5523,-120.13450362355782,-126.68342021879369,-133.21077653958588
5524,-120.09702762332279,-126.74710050737261,-133.19233995524706
5525,-120.18117285011958,-126.76290358807007,-133.027008079463
5526,-120.29612302502099,-126.5945432874498,-132.98313114141018
5527,-120.18373355151596,-126.6613982997739,-132.92406837778447
5528,-120.2029447029532,-126.56245203652756,-132.8701351705161
5529,-120.14583192968448,-126.60009994695933,-132.84541102791707
5530,-120.0765947429546,-126.579589843707,-132.84810579400397
5531,-120.00998542672271,-126.62151984586549,-132.8745734735765
5532,-120.06553017046917,-126.65962397377942,-132.8784922319536
5533,-120.07361230296621,-126.71271478759265,-132.87670932185148
5534,-120.17844763200202,-126.60833293475021,-132.8779153842646
5535,-120.22489675884901,-126.56534965113913,-132.93337503258758
5536,-120.18464198753529,-126.60505698927797,-132.98188431079075
5537,-120.1813570604914,-126.52194980677884,-133.034427054802
5538,-120.1559287244888,-126.50633446919728,-132.98935824924604
5539,-120.01899004183522,-126.51874509796305,-132.93905638555606
5540,-119.9786310205804,-126.42282904767907,-133.0287785285687
5541,-119.90423818912893,-126.30887716024395,-132.97964782795236
5542,-119.80513130180225,-126.4141596067713,-132.88068501037156
5543,-119.76568883918205,-126.31250603027587,-132.9917630339974
5544,-119.70595416254518,-126.4313258860617,-132.94215123185614
5545,-119.75232483450438,-126.30262848474527,-132.91625647765434
5546,-119.82586562519867,-126.29291274517522,-132.843455988644
5547,-119.78454814665378,-126.21500615673469,-132.8129243881202
5548,-119.82750385641685,-126.26969479490892,-132.8237674369653
5549,-119.81674727595842,-126.27178439951427,-132.8028864698399
5550,-119.91878085099879,-126.27072413186399,-132.82370004639944
5551,-119.8001522738093,-126.15937949782426,-132.7773702154585
5552,-119.76125665528978,-126.07670366947933,-132.56636061359288
5553,-119.64849911482233,-126.11080666557666,-132.58132926433865
5554,-119.64423585574217,-126.1286253862197,-132.58792566383556
5555,-119.71700115095817,-126.16337740790173,-132.58166471980033
5556,-119.7014144797845,-126.0612564653486,-132.51952024158803
5557,-119.6788487781846,-125.96924593449941,-132.50777777196973
5558,-119.78361504295552,-126.00773287682674,-132.5180443959535
5559,-119.79849208129832,-125.95622545928134,-132.59285880244414
5560,-119.89431513866674,-126.04135203574594,-132.63503122402466
5561,-119.82450697827011,-126.15047203482416,-132.61443878978292
5562,-119.97757545787383,-126.20927577674252,-132.64826444675896
5563,-120.05739493321286,-126.23725137657985,-132.70256715194762
5564,-119.99187677973907,-126.3262391378345,-132.6535921621693
5565,-119.92430304086463,-126.27971118325004,-132.60054711604664
5566,-120.01813361056074,-126.26002265770501,-132.58311195123042
5567,-120.06642918963104,-126.30604817403827,-132.54026851947646
5568,-119.97419264323347,-126.31128621891335,-132.56818690183812
5569,-120.12096709094712,-126.20094692812017,-132.54614134713097
5570,-120.17778515182403,-126.15116258755026,-132.52970717324644
5571,-120.22017703229886,-126.15050691667136,-132.51402182269578
5572,-120.20595347039767,-126.18370701791474,-132.5009581821284
5573,-120.12378585714572,-126.15972315435616,-132.47145384648934
5574,-120.1355231843218,-126.17033499972445,-132.3737226095401
5575,-120.1769436009695,-126.27339038201099,-132.3180091269494
5576,-120.1468169415453,-126.23109481480132,-132.30665420356002
5577,-120.11074158971098,-126.27423938949795,-132.29316703034618
5578,-120.18117251674889,-126.23656506129869,-132.23051113360606
5579,-120.12470546404417,-126.21390546265391,-132.2688245908738
5580,-120.16417713383599,-126.14752218792978,-132.2446010713429
5581,-120.3711592979148,-126.17785470187835,-132.11147259371543
5582,-120.40910361612823,-126.2097993287493,-132.0138008987664
5583,-120.32932322838869,-126.22025067973613,-131.9651959560872
5584,-120.1577724305013,-126.26987069521417,-131.96509452912602
5585,-120.2717876810659,-126.25868964148027,-132.03282111765188
5586,-120.57563152411046,-126.32387848965669,-132.0706908746779
5587,-120.60911445975961,-126.20154462881447,-131.93963334657215
5588,-120.63665149426788,-126.28781172728793,-131.97915942162288
5589,-120.79913616719749,-126.25350537329187,-131.96785888343672
5590,-120.85300011605935,-126.30639313253232,-131.956676523515
5591,-120.76560498680288,-126.11424332668628,-131.92790765833183
5592,-120.89128469470037,-126.13391700372088,-131.9267874727028
5593,-120.89680151444759,-126.02785815513808,-131.95851460720425
5594,-120.81037209759103,-126.11105375637361,-131.8535884058934
5595,-120.79984906009182,-125.99385513984734,-131.88721534929445
5596,-120.80707170254198,-125.99726145846418,-131.84513523545718
5597,-120.73164822353519,-126.02981281593833,-131.8228729222601
5598,-120.81423483919774,-126.02486821210655,-131.8639447212297
5599,-120.79270596118417,-126.0060956866624,-131.9649211527306
5600,-120.81813642434616,-126.02613243149698,-131.99730416882105
5601,-120.81663964961126,-126.0869225464261,-132.00168398712785
5602,-120.76187379505339,-126.18001138791723,-131.93750660374965
5603,-120.77287622468246,-126.10357463123344,-131.87583276880585
5604,-120.73035133899114,-126.14075097146444,-131.85516153842718
5605,-120.6003347309957,-126.18312859761417,-131.802069080175
5606,-120.575032456825,-126.09959940352671,-131.77160195888808
5607,-120.53999945842631,-126.07391233186198,-131.77859203882645
5608,-120.56761369463794,-126.03249242132313,-131.75728534491643
5609,-120.54326261497826,-125.98670225600195,-131.79363531996074
5610,-120.49472372205867,-126.00633604977128,-131.77092881037055
5611,-120.34133222210428,-126.05739983328863,-131.73860037189894
5612,-120.37631907191974,-126.0258552993812,-131.68797424415658
5613,-120.36420041111157,-126.00783124764769,-131.62111937804917
5614,-120.43922104242311,-126.06905332564457,-131.59601297854067
5615,-120.43702957051616,-126.08798005702107,-131.61834999233085
5616,-120.42353777166127,-126.10432728929307,-131.60167177386978
5617,-120.41145023133146,-125.96780714210855,-131.58180372944577
5618,-120.54588013499102,-125.88794810508807,-131.60395750330656
5619,-120.51406081481633,-125.91306251143627,-131.60455245486247
5620,-120.35234237322723,-125.8570524028242,-131.6709611272771
5621,-120.2764032200897,-125.87909395435037,-131.65631495640434
5622,-120.22953866234717,-125.93337834573461,-131.59575154995082
5623,-120.18485751260702,-125.93901409065285,-131.48668549685755
5624,-120.31527324133927,-126.06111595048779,-131.47652988277565
5625,-120.24117065626736,-126.06220338820205,-131.48227067275968
5626,-120.32307802729261,-126.09062117216683,-131.4985526827541
5627,-120.35509799781529,-126.11607009038532,-131.44007448611723
5628,-120.32200091985793,-126.1800632323291,-131.38372955764393
5629,-120.41305171295956,-126.22986626028813,-131.33464891853902
5630,-120.48989163608309,-126.22841322359012,-131.22561435769484
5631,-120.43531313940242,-126.15032519311379,-131.23378941930702
5632,-120.46125670367334,-126.20817863808401,-131.2915493621569
5633,-120.5194158916043,-126.30323931194478,-131.33405154643884
5634,-120.58298405493599,-126.44252039594525,-131.25455144462404
5635,-120.49013301167327,-126.4407623146037,-131.2365610948061
5636,-120.4789942055155,-126.45424423611664,-131.25969835519015
5637,-120.49625450224966,-126.49288575191167,-131.27200556937905
5638,-120.31339242216839,-126.50618252696503,-131.20193628783906
5639,-120.36844665806989,-126.60328253695404,-131.09717355096134
5640,-120.31403411080693,-126.64481988203107,-131.10560273404232
5641,-120.24313348261224,-126.65974820758674,-131.06581684994921
5642,-120.18805382472645,-126.73945415099925,-131.02416864632875
5643,-120.1438193317839,-126.64055522697225,-130.94017381397867
5644,-120.11131791726274,-126.67460789412604,-130.98594978252905
5645,-120.1124239432546,-126.74389111848392,-131.01200224165143
5646,-120.0837175667318,-126.8175528249218,-130.99959852364134
5647,-120.12468732429822,-126.78640475143757,-130.97208040049088
5648,-120.22062460200439,-126.8479795704606,-131.0295975267776
5649,-120.11953266057736,-126.92071806001655,-131.02703774725185
5650,-120.00431456999732,-126.97457848347884,-131.09872927276825
5651,-120.06423736686682,-126.95815149252653,-131.10215127581722
5652,-120.03307867516567,-126.87701676331857,-131.20973734227982
5653,-120.05876098101037,-126.76155685757163,-131.26160073399308
5654,-120.05229371007403,-126.7578013348639,-131.22038347341473
5655,-120.04211345183415,-126.77627609873879,-131.24601424059944
5656,-119.9402304795351,-126.83675067166917,-131.20432189484325
5657,-119.96248326983218,-126.86855908201053,-131.2145257085352
5658,-119.95494212935012,-126.87116074787613,-131.18922870039307
5659,-120.02351690903913,-126.79690397422752,-131.21075221641144
5660,-120.1482679350195,-126.82112105029032,-131.27330108124966
5661,-120.07378222183831,-126.7506998701213,-131.29092412635003
5662,-120.05769251864959,-126.89808843646044,-131.3741317224344
5663,-120.11642066322894,-126.95260559163104,-131.43788859644215
5664,-120.0820021292075,-126.91157966802925,-131.47681165851924
5665,-120.05543423264828,-126.87781367711946,-131.46734206672176
5666,-120.18206545541892,-126.8634643420628,-131.4745303529605
5667,-120.12551496366507,-126.8576349479291,-131.5143196378125
5668,-120.15468033999701,-126.89983121409503,-131.60008088378598
5669,-120.10961868739221,-126.85648062069887,-131.6340162279674
5670,-120.19059921415132,-126.86881118518798,-131.63514207084808
5671,-120.34227135788657,-126.88141061090627,-131.60153328832678
5672,-120.19493497927688,-126.87165131862864,-131.57185531402592
5673,-120.21355209033764,-126.86473175581122,-131.6377591922356
5674,-120.15363375939629,-126.8314364563619,-131.69074959519992
5675,-120.11683133447275,-126.82689389241517,-131.641683669848
5676,-120.11239965470396,-126.80188565033131,-131.59590608179224
5677,-120.03172223653911,-126.85188645414303,-131.658886691062
5678,-120.14270077995855,-126.86486714203818,-131.6680370672106
5679,-120.10069087477515,-126.86719473240043,-131.67021153322875
5680,-120.04784507306215,-126.93209154941988,-131.66061000203288
5681,-120.0534036823575,-126.84812400557763,-131.63645032069667
5682,-120.11180653218442,-126.93861829279098,-131.64998551789336
5683,-120.08063225763246,-126.98620276621071,-131.62769386629384
5684,-120.09546220645768,-126.97099158960742,-131.58891723421613
5685,-119.92393033923548,-126.92475100635697,-131.66727528132796
5686,-119.8490423633687,-127.02674959942081,-131.74585886704557
5687,-119.83979915508527,-126.93208763721309,-131.82632287040667
5688,-119.82717711961367,-126.97728651049498,-131.77199478443603
5689,-119.79055264496965,-126.94515125098121,-131.82608998971784
5690,-119.8886688922862,-126.97099078143144,-131.84339609946235
5691,-119.89737647057868,-126.94882055908718,-131.8372513095344
5692,-119.96371191384368,-126.89050442283923,-131.81207757841923
5693,-119.80443692285318,-126.79579169177418,-131.80003754769075
5694,-119.77141754114291,-126.77355756516191,-131.79917570159085
5695,-119.77695991346341,-126.82458753686872,-131.79221475636567
5696,-119.81913790269735,-126.78057354920821,-131.71944754920602
5697,-119.7124346903442,-126.8742393205278,-131.59751596763456
5698,-119.80767681549236,-126.79819871105934,-131.68413169335844
5699,-119.8859807062637,-126.85268292523773,-131.67438375413937
5700,-119.85050503733638,-126.8877812134211,-131.6291151628483
5701,-119.95377399388445,-126.9862828982697,-131.65986837634938
5702,-119.82864860371583,-126.96520092642996,-131.69456657692734
5703,-119.8807752040648,-127.0123430664087,-131.6662986042325
5704,-119.91612043258459,-126.93876538000927,-131.65889188667794
5705,-119.77262116459433,-127.03323681368467,-131.69846053488257
5706,-119.73363512103356,-127.00875442514132,-131.7296165028789
5707,-119.74433403097686,-127.1100929593349,-131.6941445483356
5708,-119.66601973788514,-127.05935700405288,-131.61354568847156
5709,-119.69222433807755,-126.99152267390852,-131.73769540485844
5710,-119.56236842123083,-127.01237267712385,-131.67004566956325
5711,-119.6659030554736,-127.04682565089342,-131.70882402480868
5712,-119.7873660568879,-127.1165695628657,-131.7889592923737
5713,-119.86540582360058,-127.06366865078786,-131.82797207947695
5714,-119.84445219049408,-126.98132008985925,-131.774646114808
5715,-119.813643373648,-126.91898407980668,-131.80500469705416
5716,-119.86711042277747,-126.91332167041108,-131.85644881345252
5717,-119.92655803131805,-126.92383616416186,-131.84480233852184
5718,-119.93104802262107,-126.85663834776503,-131.81409246889868
5719,-119.80347985685168,-126.80241722515109,-131.72791143054388
5720,-119.77810860785172,-126.80217433900746,-131.69674710199536
5721,-119.86845294140767,-126.74740328898501,-131.71692247651234
5722,-119.8268259991821,-126.6069899094829,-131.73275955072097
5723,-119.77003932642435,-126.63923930539981,-131.62542208191502
5724,-119.88698892229758,-126.5355108390142,-131.6455640085648
5725,-119.87066721918427,-126.64266642112379,-131.67240671174343
5726,-119.90075877869846,-126.64475768097789,-131.7011368954874
5727,-119.77570911930277,-126.61708121598565,-131.6746080526877
5728,-119.82258446754899,-126.56391281200698,-131.66498353589384
5729,-119.74265664634638,-126.63428230147959,-131.6829109267801
5730,-119.8414095280493,-126.58071220500779,-131.79454256039196
5731,-119.95508679831782,-126.59705872236779,-131.7634934349633
5732,-119.88265058656023,-126.64127539370266,-131.8095532699418
5733,-119.98105985737183,-126.63741860360426,-131.70871363555025
5734,-120.01288449916186,-126.62653425242927,-131.75151188557368
5735,-119.98163914471088,-126.47345044385926,-131.76541064811357
5736,-119.99070123876348,-126.39457388359921,-131.78173207106897
5737,-120.1270728930202,-126.41529207110331,-131.78675644631224
5738,-120.10589118718104,-126.4719227749826,-131.80730077642102
5739,-120.24216953493732,-126.48701019626928,-131.76813295605626
5740,-120.26455859208016,-126.5306434595717,-131.75830656741778
5741,-120.19790880636815,-126.4667913408042,-131.84337584785848
5742,-120.23575469419998,-126.45913667261902,-131.86448347721856
5743,-120.15638550178244,-126.4253074700338,-131.94861336369544
5744,-120.30976462522985,-126.41652224666515,-131.93671614322284
5745,-120.17450877851186,-126.49399263570118,-131.9469773365281
5746,-119.97893812260584,-126.50119764475045,-131.87666527320684
5747,-119.97790650106735,-126.6046327031949,-131.87135135723452
5748,-119.95070844100181,-126.51940118189401,-131.84913346706986
5749,-119.78370693892214,-126.4759373433485,-131.8558548365447
5750,-119.74572799446274,-126.44087038233059,-131.8824790147305
5751,-119.67553450697682,-126.46050484791522,-131.9103518938795
5752,-119.67782495055377,-126.39738902739045,-131.86660153630154
5753,-119.66227543037918,-126.44002061376742,-131.8229568466544
5754,-119.71734940153414,-126.40348475828677,-131.824959337981
5755,-119.77018716357045,-126.37548670730939,-131.9030840646699
5756,-119.81022492708881,-126.3644709707652,-131.91243138979874
5757,-119.83284822590667,-126.3615262537587,-131.91892415018617
5758,-119.70655218467537,-126.32736719180674,-131.91199262191776
5759,-119.64299089585465,-126.2474458913079,-131.81582102986965
5760,-119.59845346589499,-126.17773299487027,-131.81387715052603
5761,-119.55527382378716,-126.11818076931661,-131.7606348956322
5762,-119.50003513853653,-126.05283074857115,-131.8137062338913
5763,-119.47086270500736,-126.02619920741715,-131.86387721274053
5764,-119.46283660905152,-125.98450330285448,-131.81106109492595
5765,-119.55271409909257,-125.93525250847183,-131.79584324788198
5766,-119.65727521527256,-126.02888399426067,-131.8253593206992
5767,-119.70637271208943,-125.98686322040798,-131.90709484224325
5768,-119.52649441903316,-126.0590141734246,-131.902661928684
5769,-119.47664039490479,-126.15601796233663,-131.8809211714396
5770,-119.55361723080985,-126.29074178180164,-131.90797923179326
5771,-119.56682690926823,-126.32660942675777,-131.9510366345391
5772,-119.61964622047003,-126.286244019246,-131.9646123695773
5773,-119.56584681711371,-126.26626590904468,-132.03407460963922
5774,-119.57734763731128,-126.21052445039126,-131.97019701995504
5775,-119.55050777180867,-126.10371446877252,-131.93510808473042
5776,-119.53566871844853,-126.04142593194756,-131.94350465653844
5777,-119.52248397359845,-126.13082223323069,-132.00211952581583
5778,-119.33172200264934,-126.30957375821144,-132.04176064636252
5779,-119.28152258128772,-126.32185674332551,-131.93088505910043
5780,-119.50666520173087,-126.44686256920296,-131.89952746304175
5781,-119.50075159869598,-126.53604802502824,-131.85764888712694
5782,-119.52961685140949,-126.50889170282716,-131.86640757030307
5783,-119.59901239389704,-126.63845369469162,-131.90789987798053
5784,-119.49909152001415,-126.64711828302717,-131.91749816300745
5785,-119.50452485126709,-126.71435973113526,-131.83559373213296
5786,-119.48281909579744,-126.57365680935446,-131.8698626690374
5787,-119.45067423458767,-126.44295409831429,-132.00779148477568
5788,-119.36134537031646,-126.36376851491497,-132.0567993983634
5789,-119.19300868087436,-126.22693994155907,-132.12341654709448
5790,-119.09464401011819,-126.25180295612637,-132.1824359930689
5791,-119.13301202753377,-126.20477711565277,-132.19809018369642
5792,-119.1457305320994,-126.20066470288697,-132.15123739632463
5793,-119.05235602129258,-126.13734612677742,-132.12837026863576
5794,-119.11057793095318,-126.09770970384167,-132.13658078008558
5795,-119.22978825422493,-126.18772539650757,-132.13385760148628
5796,-119.26579747854579,-126.1944121542858,-132.13243462934162
5797,-119.23725435925103,-126.13274364444682,-132.11350387744722
5798,-119.19275180941422,-126.25668460826981,-132.09938882323786
5799,-119.0936026220244,-126.19543125214209,-132.10049238567868
5800,-119.00327139963774,-126.195742222933,-132.13990827795374
5801,-118.96859924823143,-126.19862608324772,-132.12438129033396
5802,-119.0088756951292,-126.17702068995129,-132.19554661246565
5803,-119.10924827928292,-126.20741877516255,-132.27426457555953
5804,-119.0445705092236,-126.11459492223548,-132.32583733940686
5805,-118.99649426494707,-126.11978149911431,-132.3563198565277
5806,-118.95100272840477,-126.0704691076124,-132.37703617512688
5807,-118.99907656421826,-125.99499599407577,-132.325991307541
5808,-118.90124184750391,-126.00084398663779,-132.24660574317332
5809,-119.04047723214671,-125.97338994352963,-132.18887412753935
5810,-119.01541726988029,-125.86175056893197,-132.0378158070718
5811,-119.02917390047824,-125.81016916847474,-131.9740700780746
5812,-119.03770195983975,-125.83738492186725,-131.87469516502424
5813,-119.07152816309471,-125.91951744497794,-131.7952966407718
5814,-119.09143216547602,-125.8337636760422,-131.85080214715782
5815,-119.0022402432717,-125.851802656248,-131.8181096538752
5816,-119.04115883218178,-125.7304135867918,-131.8844496333312
5817,-119.10056286058024,-125.78009438936826,-131.97129853509372
5818,-119.07189247021307,-125.8253271503002,-131.9786922304238
5819,-118.96348308425439,-125.78254921751693,-131.9331164572249
5820,-118.89863297539293,-125.73325639955635,-131.83167578882058
5821,-119.02187801429109,-125.75902954990451,-131.78551558782556
5822,-119.06849988847657,-125.56007156618303,-131.72857575528536
5823,-118.98771895909654,-125.51919108755787,-131.66137869210388
5824,-118.98796900594468,-125.56106410972296,-131.585048870774
5825,-118.91713602822367,-125.60187075913308,-131.55589574356912
5826,-118.77633608997057,-125.59385957480467,-131.53102979568334
5827,-118.84795713333995,-125.51624567255548,-131.4342008834035
5828,-118.69039690709363,-125.44507476411583,-131.36143340969815
5829,-118.62847440166757,-125.47272483329994,-131.38777590647408
5830,-118.61888374127963,-125.4896085563388,-131.3809429293438
5831,-118.54766964703711,-125.48348861364371,-131.34704863564923
5832,-118.75423728573523,-125.46305248928437,-131.3024088857423
5833,-118.71801553508026,-125.42072370186521,-131.19095995220806
5834,-118.74884553507383,-125.33892647918378,-131.1388058550951
5835,-118.77896811913578,-125.32345058409982,-131.1910761594387
5836,-118.71905711992441,-125.44280380024512,-131.15775965781057
5837,-118.75839241855459,-125.43461905723476,-131.05406857059901
5838,-118.69451277727902,-125.42452933941394,-131.03273704646054
5839,-118.72970205856346,-125.56411437744578,-130.99508618916371
5840,-118.67301429283972,-125.50209500123931,-131.0249175880674
5841,-118.6178954551549,-125.45207175036275,-131.04931250136846
5842,-118.50540849215095,-125.37341779053185,-131.03765477545696
5843,-118.56466621332478,-125.27442732490402,-131.02743842208946
5844,-118.55779213815512,-125.28844475619158,-131.12384071629631
5845,-118.69283770503503,-125.2976155782356,-131.14715925039206
5846,-118.68125682674292,-125.20504685870527,-131.04678182036037
5847,-118.68037496779492,-125.2732826338106,-131.05585649399262
5848,-118.75987012710507,-125.21944003382333,-131.04130797095291
5849,-118.69103875022552,-125.15285868386275,-131.0358748216023
5850,-118.60453816050159,-125.04242359416226,-131.12080434573267
5851,-118.57227143714343,-124.99198709836905,-131.09801098276623
5852,-118.49072538789136,-124.98052397811804,-131.07521844402658
5853,-118.58406481892327,-125.02519091799572,-131.07058697237738
5854,-118.53976962866096,-125.07265819753587,-131.0594181901504
5855,-118.47109605620697,-124.94703480305436,-131.02427770562912
5856,-118.5097517324675,-124.96044772459847,-131.00806984203052
5857,-118.62945341339355,-124.89051317923057,-131.10652074375076
5858,-118.54621144430294,-124.96161115319461,-130.98363870645952
5859,-118.49436517052695,-124.97251076431722,-131.01005502869094
5860,-118.53701457963521,-124.96531606815014,-130.99327684238506
5861,-118.5083711345305,-124.99777140487936,-130.8796163545668
5862,-118.67604377756807,-124.91970409790206,-130.85848614212532
5863,-118.59203625821377,-124.823258813646,-130.8800353383787
5864,-118.59251796045919,-124.79732263795856,-130.89732173697107
5865,-118.76360589319026,-124.8104789415038,-130.9255538669541
5866,-118.80778167543363,-124.86957898106004,-130.9069654799133
5867,-118.80293833890433,-124.75171350031121,-131.0390157900776
5868,-118.76875134854552,-124.8016182723414,-131.02968616464653
5869,-118.7589682220111,-124.80671167359202,-130.98600015723144
5870,-118.84104534889642,-124.76354502067991,-131.03083555123837
5871,-118.76779628477723,-124.81202061047799,-130.97842627022413
5872,-118.59249954463124,-124.8270167122353,-131.02925239813038
5873,-118.5665808073932,-124.85121579787912,-130.99834754138055
5874,-118.54406071066524,-124.89760254047597,-131.04747054929857
5875,-118.45997713894947,-125.01527060270075,-131.06364166987913
5876,-118.50206120367733,-125.09382534225173,-131.02553207473818
5877,-118.47201031088915,-125.09254023093602,-130.98439913560992
5878,-118.4719238947107,-125.1110872399667,-130.95458397626527
5879,-118.49525790636623,-125.11503597405752,-130.99873005962894
5880,-118.50870421406792,-125.07652289185361,-130.97793031941325
5881,-118.58479583129217,-125.12184615715441,-130.93446730934144
5882,-118.52739195696027,-125.21314427724559,-130.99755236182327
5883,-118.49991090089155,-125.19743475102965,-131.08403264256503
5884,-118.3711256132344,-125.25076749802949,-131.04539238850896
5885,-118.460049757413,-125.16897245252551,-131.083964425459
5886,-118.40600596665486,-125.20510299032945,-131.06750681658207
5887,-118.47293409897199,-125.16451466107392,-131.17121185752984
5888,-118.50627078057656,-125.03904563853041,-131.11476005780952
5889,-118.37239240892131,-125.0204057382184,-131.0820325597866
5890,-118.21378950909136,-125.11313701675141,-130.9407971491155
5891,-118.06115578768612,-125.12968620306003,-130.9416949333041
5892,-118.0625682205978,-125.03135254094707,-130.9491871840421
5893,-117.99772867754238,-125.0209114366015,-131.02309925008979
5894,-117.91214244147926,-124.9315551470817,-130.97776652058207
5895,-117.85142904275764,-125.03596863634127,-131.00102676542696
5896,-117.76737922039914,-125.06313621872279,-130.95588140105133
5897,-117.6923704516422,-124.96942328508375,-130.9267946409031
5898,-117.70700819436618,-124.88991932216484,-130.87441100998717
5899,-117.57074750575784,-124.80126469826811,-130.826753341731
5900,-117.53242364785353,-124.76915962141112,-130.81754669948037
5901,-117.36974310199716,-124.75392582659879,-130.82206691304293
5902,-117.30414634965666,-124.80216228868464,-130.7878044154392
5903,-117.4711870643311,-124.85189518151053,-130.73033183569407
5904,-117.47657528719401,-124.89955137548445,-130.71153404817827
5905,-117.51667064431989,-124.7962620913168,-130.6503881146179
5906,-117.58486161224499,-124.7081220193509,-130.66274148122972
5907,-117.6369773106748,-124.64238294233031,-130.7252840405548
5908,-117.67436149931007,-124.68304078881256,-130.7824299050141
5909,-117.76868431446658,-124.66677589507097,-130.75189002593245
5910,-117.81980532598774,-124.7369999483843,-130.6860929126998
5911,-117.84581914671014,-124.79441374492433,-130.6742059650578
5912,-117.77275593062356,-124.80520002059114,-130.6698924859342
5913,-117.82378258669493,-124.80564998926897,-130.72549580714895
5914,-117.72162044268731,-124.74094523494219,-130.71414993627906
5915,-117.64534269517998,-124.76867938916703,-130.6087387407074
5916,-117.63558949970974,-124.74678054699643,-130.63060716411374
5917,-117.67715000049259,-124.66344688957085,-130.67462373325952
5918,-117.78023789600884,-124.75021008088513,-130.63525633301984
5919,-117.91696985297675,-124.74448564581178,-130.5857758879048
5920,-117.9054941378193,-124.81525712274322,-130.58264734423668
5921,-117.86388045695779,-124.73048293536999,-130.62304317810623
5922,-117.89474506100356,-124.76586439400683,-130.5652327307181
5923,-117.7945181879539,-124.79985425857595,-130.5543473058268
5924,-117.74077317533997,-124.86040899959747,-130.53859426039588
5925,-117.68032577660318,-124.91686977399434,-130.56891468478005
5926,-117.60261991262732,-124.78544406138454,-130.50965345805457
5927,-117.58261528515973,-124.9625160908732,-130.42671146956258
5928,-117.65549880968675,-124.96507648287852,-130.3768891168253
5929,-117.65546408200422,-124.83525186341544,-130.29817265245123
5930,-117.61094864937735,-124.76390461953574,-130.30277904041992
5931,-117.75080669129156,-124.7589820481486,-130.2138271748588
5932,-117.67810274257097,-124.70419005790212,-130.23905150342983
5933,-117.63041367853296,-124.66454476779906,-130.20802296590423
5934,-117.59125597896893,-124.67435384158554,-130.1996198445023
5935,-117.72721742378731,-124.6898150410431,-130.1961032453728
5936,-117.64448819352451,-124.59362407825193,-130.17934214919404
5937,-117.64345549803897,-124.57732995494007,-130.16756875285225
5938,-117.738386235783,-124.50765705478318,-130.09952634535958
5939,-117.69502661822102,-124.47033096335309,-130.10942519257577
5940,-117.5824218797779,-124.43661611222328,-130.07157291329744
5941,-117.49568561897394,-124.34092780132269,-130.1923202526844
5942,-117.60572728822078,-124.37973702406921,-130.21032702078406
5943,-117.57511817861004,-124.2918391677815,-130.26398973354605
5944,-117.50962680129737,-124.20925687507484,-130.30790358104866
5945,-117.54655313389789,-124.16042273571752,-130.39649951865852
5946,-117.40004488988626,-124.19233143185258,-130.3273326942256
5947,-117.34231855949874,-124.32671596750248,-130.1695303771351
5948,-117.38500721674649,-124.33966488844898,-130.15375004210313
5949,-117.36460236041655,-124.42989284629681,-130.1293223609076
5950,-117.47132912700701,-124.41026497237723,-130.08947672784686
5951,-117.43046586160017,-124.56758786483505,-130.0878502980936
5952,-117.37101354573238,-124.54801084298352,-130.05881584869672
5953,-117.33706262811192,-124.55039512463901,-130.0614776423562
5954,-117.27123497032582,-124.53463823631775,-130.07910279541048
5955,-117.24089184749546,-124.38778074308185,-130.07444090821954
5956,-117.22447464194937,-124.38480406693593,-130.1136121929493
5957,-117.26007896358527,-124.40912224060413,-130.0641504499498
5958,-117.26604178244301,-124.27329015512305,-130.11202384301367
5959,-117.2968702217106,-124.28511332842018,-130.12442439749015
5960,-117.46698862081256,-124.20391883682117,-130.0887081741275
5961,-117.5069634962646,-124.12402567332559,-130.05545105267814
5962,-117.57698320172517,-124.06603264476163,-130.07683909718628
5963,-117.51620622911881,-124.10337199995091,-130.00294532989278
5964,-117.66536202770803,-124.18206922012989,-129.85077326053334
5965,-117.83492497203211,-124.18162304285559,-129.8706227527033
5966,-117.81478187267783,-124.12384856938009,-129.81253236542693
5967,-117.76834579800786,-124.16047591270522,-129.7980496904343
5968,-117.87645790746132,-124.0504918961295,-129.8520009306647
5969,-117.73705899586884,-124.0024176503448,-129.80921024245805
5970,-117.7097967669864,-124.13137225870663,-129.89381544652042
5971,-117.56525624999466,-124.11556691553051,-129.9239865573462
5972,-117.54699409661973,-124.0931861759662,-130.0334249462226
5973,-117.44831275144034,-124.03004246403279,-130.0436172523328
5974,-117.34981839082567,-124.01246950569791,-130.04652368234906
5975,-117.3975016946066,-123.96118432565991,-130.09454568481047
5976,-117.44950167355012,-124.03469995466725,-130.05426603646595
5977,-117.50512812654767,-124.02303027654148,-129.987858786461
5978,-117.54943368371862,-124.03629159324458,-129.9904762910962
5979,-117.71338837732986,-124.07428241230711,-130.03972354022716
5980,-117.76874899663737,-124.10863077485368,-130.0003666331388
5981,-117.6707157369284,-124.03119390585519,-130.07502529550732
5982,-117.49941992468194,-124.15587808250552,-130.10204957581556
5983,-117.58325648500895,-124.09460589343962,-130.04986336703593
5984,-117.63431544084884,-124.12216014185832,-130.05628654496596
5985,-117.70727985536713,-124.13829961298836,-130.01220550935187
5986,-117.76234562244184,-124.18842130158014,-130.07012537536627
5987,-117.70173069572198,-124.24374484945565,-130.21730093020233
5988,-117.79856714924593,-124.2255750043862,-130.2862036972026
5989,-117.84306748985041,-124.05373957568862,-130.22334130912415
5990,-117.7727873880687,-124.01692028664857,-130.14508174202183
5991,-117.753540492702,-123.9298624250595,-130.1296605785007
5992,-117.692593755563,-123.89758974433994,-130.1306366489522
5993,-117.64188558147049,-123.8472169131619,-130.11352223215192
5994,-117.64604480018065,-123.83013637956292,-130.14899828001126
5995,-117.62285216386698,-123.86658166152145,-130.1776312710134
5996,-117.64677584527404,-123.83335240756841,-130.28905948999048
5997,-117.61595902689989,-123.84802626713467,-130.38708450252727
5998,-117.57666361427212,-123.90934378611537,-130.43836450243
5999,-117.58921644968628,-123.79262234695514,-130.49630266313548
6000,-117.59576669305906,-123.84653994984586,-130.53115278109448
6001,-117.68989511676733,-123.99274814686389,-130.48764469851767
6002,-117.82457630987325,-124.0422124760012,-130.42631997723245
6003,-117.85794411720808,-124.06904155512322,-130.38447774073097
6004,-117.82521861431508,-124.0639609428044,-130.3681984172216
6005,-117.83793956230724,-124.11232892539407,-130.3250659761115
6006,-117.90032510801811,-124.17660167605486,-130.33309521106054
6007,-118.06198014659307,-124.19658139499326,-130.36105687121557
6008,-117.88071935354955,-124.27456110255932,-130.38531303019332
6009,-117.84646694187134,-124.29263085431504,-130.31564707514562
6010,-117.85088181283199,-124.48385231779912,-130.26363769980512
6011,-117.95958013910564,-124.41207506955254,-130.21862506904762
6012,-118.10130406244178,-124.39032856789649,-130.28608939926121
6013,-118.1950768620497,-124.37516798251636,-130.24835447248597
6014,-118.16882973262423,-124.3789156976829,-130.17968174638077
6015,-118.14933268139164,-124.41427692719111,-130.19342635912545
6016,-118.06669726384465,-124.43729906719986,-130.21949540369354
6017,-117.99367296469728,-124.41362842381457,-130.2120753001953
6018,-117.96037047504781,-124.47746840421107,-130.25428555879046
6019,-118.05065053794567,-124.46805845282509,-130.30013274503722
6020,-117.95863222983924,-124.50565084629952,-130.37109109424284
6021,-117.86044827271365,-124.35735840827128,-130.49786781805238
6022,-117.8869857804583,-124.38198563340933,-130.44200819472582
6023,-117.86306939754651,-124.39160516120498,-130.51020786311432
6024,-117.8626002352136,-124.49020683153961,-130.45307502520564
6025,-117.79074181041963,-124.49020600041555,-130.33779678522052
6026,-117.69332868259136,-124.36233039549941,-130.30455004197245
6027,-117.67585298087653,-124.38204302596075,-130.19718252430215
6028,-117.63049752266997,-124.43167883807928,-130.15697446011364
6029,-117.6749005020185,-124.45674991062667,-130.17805674846244
6030,-117.61168787465962,-124.53338678956405,-130.0922934033963
6031,-117.71632320539824,-124.3981599831688,-129.97003315019464
6032,-117.74221691729514,-124.37780771792424,-129.9234343392433
6033,-117.76244557632661,-124.41595838256765,-129.91454847831574
6034,-117.72380275147984,-124.42915080401181,-129.90124724007342
6035,-117.80822559788764,-124.41157288486387,-129.84365087135447
6036,-117.76043003198338,-124.45221773027136,-129.82172394703963
6037,-117.65162939426064,-124.45188902092912,-129.94946535590282
6038,-117.6519361632166,-124.41939498006059,-129.94684691893224
6039,-117.74427905675302,-124.38869784181699,-129.87809578571958
6040,-117.82390704734294,-124.37686883122984,-129.89825261117488
6041,-117.78663056168666,-124.30823677034192,-129.88706033423716
6042,-117.8286385493489,-124.36730107499896,-129.80372525567745
6043,-117.84372878640363,-124.37284622204213,-129.79255846498205
6044,-117.89263393858383,-124.36885716484883,-129.76787175577414
6045,-117.92742179038572,-124.27840872747248,-129.72301967843669
6046,-117.93015535936534,-124.21693537897008,-129.62645103812844
6047,-117.96405801159466,-124.23559168581338,-129.58624846600276
6048,-117.96848275322216,-124.37062109554996,-129.62922511393887
6049,-118.16093125110132,-124.36032879657039,-129.63718938984834
6050,-118.05694899726845,-124.23077971585184,-129.68449677822295
6051,-118.00111943117163,-124.1945969387699,-129.66763195103488
6052,-117.92074583101933,-124.24481159674878,-129.56711546171127
6053,-117.99642850286872,-124.1959569390379,-129.55550283029743
6054,-118.04577164749047,-124.28262907644438,-129.56916593406794
6055,-118.14022872764956,-124.27313983601302,-129.55525722236277
6056,-118.05133882423766,-124.35777002962445,-129.5900514661865
6057,-118.00062784721275,-124.41698676437437,-129.69263043035318
6058,-118.03515114274096,-124.39141252588946,-129.65695912371314
6059,-118.03337187006996,-124.36321348334307,-129.71083178243222
6060,-118.1166024525412,-124.42205508006931,-129.70936082948592
6061,-118.23938590801555,-124.4776049859876,-129.5301673027262
6062,-118.30349734998619,-124.41905158893833,-129.5853569575478
6063,-118.2191057937344,-124.41690446508531,-129.56260163584744
6064,-118.09289635098905,-124.33073473603284,-129.54500036981122
6065,-118.06449926309512,-124.35862391080414,-129.5204944427157
6066,-118.01131504354862,-124.35763309383265,-129.5514002203681
6067,-118.162667876014,-124.38046031555032,-129.47924037221173
6068,-118.01541132792431,-124.43940713102404,-129.4245730427085
6069,-118.0291585040962,-124.40816420316955,-129.41935029575365
6070,-118.00084218785355,-124.3022810772345,-129.46891764342467
6071,-117.87720353512469,-124.25801037462554,-129.46250470863993
6072,-117.92789099472553,-124.27649478622166,-129.4145305391928
6073,-117.87110091843564,-124.27887135265713,-129.32667483313529
6074,-117.90665322889103,-124.23471635563102,-129.35535955934654
6075,-117.86303465048658,-124.20277136234449,-129.39969119099587
6076,-117.82750608997844,-124.12718299922703,-129.35604402275197
6077,-117.70670297176346,-124.21169929190387,-129.3015277526777
6078,-117.64272104119188,-124.11544656738774,-129.2650382202848
6079,-117.52066842076029,-124.27747623825307,-129.30091834605082
6080,-117.55147648588925,-124.3564839153434,-129.2935134750145
6081,-117.60472377246504,-124.38768965870621,-129.21325022922406
6082,-117.54883960010747,-124.40221789170641,-129.24279765434602
6083,-117.67006069224483,-124.50613813134774,-129.17145769614518
6084,-117.71673371836225,-124.50428212731585,-129.11936205604133
6085,-117.79573661094196,-124.42531351845794,-129.11523242237584
6086,-117.86424317353635,-124.42866774277437,-129.16408080945928
6087,-117.83019541632817,-124.37464790745732,-129.1453056744511
6088,-117.81037988732999,-124.25384276484405,-129.1845863012189
6089,-117.77474662385168,-124.31650721009134,-129.14073969839757
6090,-117.85384600467248,-124.27831412653971,-129.12367964217975
6091,-117.74058848332382,-124.22931623142108,-129.18100317418887
6092,-117.69427437021501,-124.29536005036981,-129.15053299222762
6093,-117.7605014592484,-124.42126333431531,-129.10866984215255
6094,-117.63135039725486,-124.41654747536052,-129.1422970636319
6095,-117.54545406124907,-124.45775380657932,-129.05521741487848
6096,-117.60925803125133,-124.53233630769361,-128.9316059692641
6097,-117.56680273174959,-124.52097107990457,-128.888729579256
6098,-117.61310104821251,-124.43944566962269,-128.87947343596778
6099,-117.59453327109671,-124.45982862823193,-128.9134896811466
6100,-117.75328227244442,-124.35515878552732,-128.90947211524374
6101,-117.85186702046428,-124.38578222104749,-128.86967236223592
6102,-117.74434235712425,-124.29770384026003,-128.87123643808746
6103,-117.75628973855524,-124.36039842223967,-128.7701662742269
6104,-117.76383085838668,-124.29539537437435,-128.62708229448583
6105,-117.67275869498889,-124.27473410787948,-128.66530768726682
6106,-117.67699827435152,-124.16821248502862,-128.65734766165968
6107,-117.75447805895216,-124.07823648251295,-128.74431649517092
6108,-117.6268368950127,-124.00992153347899,-128.6945118135176
6109,-117.58535296484631,-123.95943070929181,-128.66758996045482
6110,-117.51514817661278,-123.8805845927187,-128.6070879576812
6111,-117.54594126517617,-123.73702749193407,-128.6164563867751
6112,-117.61309618015079,-123.717740574542,-128.63122497261455
6113,-117.64056880095433,-123.69883452724648,-128.58479333049306
6114,-117.73482685597479,-123.85887216056378,-128.5351050384055
6115,-117.7375021485474,-123.93403856812361,-128.48228076103038
6116,-117.73666102509421,-123.88254364430864,-128.3873425668897
6117,-117.70443355257643,-123.83074667709352,-128.4131019985586
6118,-117.64594219579303,-123.82234449645796,-128.3758300520031
6119,-117.57966751659949,-123.824302541941,-128.3156542370209
6120,-117.60090319808796,-123.84545040102304,-128.25261052581226
6121,-117.29550428451384,-123.89787559654695,-128.30314292586024
6122,-117.2582590398115,-123.82615843842896,-128.22170735006273
6123,-117.34137722747452,-123.76296268364526,-128.3088317487775
6124,-117.33145576497311,-123.7177720245531,-128.3012436338861
6125,-117.28664737682624,-123.578934186124,-128.31823856769157
6126,-117.41285221326166,-123.6172949246504,-128.32659263539153
6127,-117.32298462133191,-123.62822303913737,-128.3799618103273
6128,-117.39461074090575,-123.6130196450325,-128.31414087867935
6129,-117.42290858643634,-123.55249725232426,-128.36009105519508
6130,-117.42010711835606,-123.40848607465217,-128.23669733277296
6131,-117.4987349756343,-123.47443467823092,-128.20353955032357
6132,-117.47091282361768,-123.4682369231565,-128.0576215379603
6133,-117.60141532727091,-123.43826027286417,-128.10031126281626
6134,-117.69376022667991,-123.39806179754845,-128.0527271987191
6135,-117.63874791025991,-123.2411332091303,-128.0252532644226
6136,-117.58590206649704,-123.29058781245678,-128.07117939083417
6137,-117.54416561547586,-123.19435257338381,-128.09983662624728
6138,-117.5379739893049,-123.15559389839504,-128.075644934806
6139,-117.39720072416965,-123.12758748234239,-128.05911533065975
6140,-117.27561503797492,-123.14775902608548,-128.1444627527211
6141,-117.23836445017588,-123.08941576860373,-128.0958685886541
6142,-117.33227554166362,-123.02103924583794,-128.00200841262256
6143,-117.21326521105104,-123.0721397613141,-128.0198939238848
6144,-117.25874086990879,-123.0187870559961,-128.02024766543633
6145,-117.11788716614687,-122.99123748406723,-128.0563968482746
6146,-117.02842602295011,-122.96676435737584,-127.9546053576406
6147,-116.96737460970343,-123.00713469096955,-127.8744443910124
6148,-116.96007640870549,-123.1016077509358,-127.83359188523798
6149,-116.9926660393268,-123.26409366507866,-127.87264899060534
6150,-116.96488834600576,-123.3055767325411,-127.93153022164535
6151,-117.01503233275989,-123.3053315448511,-127.98648304623181
6152,-116.92330708602333,-123.33392114914184,-127.97115626355277
6153,-116.91541198346339,-123.3282885895225,-127.94782633362064
6154,-116.78989957983802,-123.33228578109703,-127.93383387444496
6155,-116.8091703592288,-123.42286167363571,-127.88666080238326
6156,-116.74427865408589,-123.36632139230161,-127.86713081973681
6157,-116.81034798352063,-123.43883246088804,-127.74136215661943
6158,-116.9074931688087,-123.44093463782444,-127.62602215866477
6159,-116.89020203566191,-123.43720101875003,-127.59401258516297
6160,-116.8906269977742,-123.4370497666536,-127.54751992645151
6161,-116.75905176416985,-123.31865479166686,-127.51113774349355
6162,-116.79690763988495,-123.25854187065767,-127.51803945684033
6163,-116.75317744605604,-123.24971526484276,-127.5357376350039
6164,-116.74443099382864,-123.16329316694497,-127.48858732884128
6165,-116.65986911367095,-123.15972672987087,-127.50714152589849
6166,-116.6749174869372,-123.17129309793089,-127.64930929358748
6167,-116.50900837552445,-123.08325185061912,-127.63880887637018
6168,-116.61575796867481,-123.10173876770875,-127.63570614705097
6169,-116.8302278832745,-123.06154030459577,-127.66149569545183
6170,-116.79666891616458,-122.92107129961781,-127.63227624664772
6171,-116.82553633276584,-123.00456572174508,-127.67209940028928
6172,-116.83998759802326,-122.93918133395732,-127.57431985117137
6173,-116.69402344964922,-122.9270928030488,-127.716188905301
6174,-116.74415674311575,-122.89099778278656,-127.75869751925282
6175,-116.82756745937914,-122.95986744093032,-127.76020056026701
6176,-116.84807702136493,-122.88757516872745,-127.7890784165013
6177,-116.83124682011858,-122.9273319210581,-127.74693946007977
6178,-116.88266150463316,-122.84845773131632,-127.72112493824962
6179,-116.80118088512326,-122.80545433669312,-127.63715087152107
6180,-116.91751027117911,-122.74342211611591,-127.54755606462037
6181,-116.94749108530152,-122.85492136737547,-127.52504001558732
6182,-116.83635922524587,-122.787620493676,-127.56482329804938
6183,-116.79808329361221,-122.84637656400609,-127.43469348342406
6184,-116.87228181057958,-122.82829146025065,-127.4191676957467
6185,-116.8696606152637,-122.83976781964397,-127.45849055721624
6186,-116.79709079335923,-122.89365572389897,-127.49793209526507
6187,-116.76083770259325,-122.9478250549701,-127.53799221877196
6188,-116.81739064895649,-122.83854653434847,-127.55483617190642
6189,-116.76477478411157,-122.85190273079166,-127.40772553970231
6190,-116.77525594948122,-122.87299121270044,-127.47263485502792
6191,-116.7263630706777,-122.89866002486573,-127.53611029490311
6192,-116.68090804478663,-122.9188029041925,-127.49213688123665
6193,-116.64239139637621,-122.8280459208433,-127.48988682968037
6194,-116.75504355249555,-122.88441257062662,-127.47497184507937
6195,-116.77849669037454,-122.8396788541147,-127.3780583310034
6196,-116.78469473096983,-122.70349027789469,-127.34984683841381
6197,-116.87466236495636,-122.67314985283613,-127.21882663936171
6198,-116.83073849285375,-122.62583946236629,-127.2432538373454
6199,-116.7894740147399,-122.60777707155894,-127.27612018704124
6200,-116.71979869062609,-122.63576916316597,-127.28225179493846
6201,-116.62760258032563,-122.5772763563262,-127.23135079706867
6202,-116.56985579200045,-122.51875002000591,-127.27075276857849
6203,-116.46882028982174,-122.44942304287912,-127.26795324319971
6204,-116.39670580688039,-122.44185894867547,-127.32143856663724
6205,-116.39064907954854,-122.40640623717245,-127.23532307770057
6206,-116.36733990177817,-122.3881046093198,-127.32759338083987
6207,-116.29624517925579,-122.43649873211862,-127.30253697306938
6208,-116.24534992939914,-122.40789311008089,-127.32089050144523
6209,-116.14676939981393,-122.4464362478849,-127.33081038797113
6210,-116.25452454993923,-122.49618094073864,-127.38010612928038
6211,-116.36552584934023,-122.45157619799707,-127.4209257881183
6212,-116.3435142182898,-122.46211503251027,-127.50786737285448
6213,-116.29075831995775,-122.50690304065573,-127.44414726571044
6214,-116.23446969869897,-122.46332382465171,-127.49762394234534
6215,-116.16429844106236,-122.42686113954183,-127.48885136055199
6216,-116.26704238015418,-122.37895235821397,-127.40560794311202
6217,-116.27131354951598,-122.36295938395548,-127.21941569045563
6218,-116.1207347771839,-122.38341998162707,-127.27610072192222
6219,-116.11978673726463,-122.50204382330777,-127.25910553048043
6220,-116.05931609520384,-122.47945719446501,-127.2315895485788
6221,-115.96381318260333,-122.3539631708766,-127.25210380544081
6222,-115.9215891264158,-122.26290640813478,-127.23174824484177
6223,-115.94904326603294,-122.16658018065377,-127.21834019205782
6224,-115.94223617910943,-122.22023812848576,-127.26143049907351
6225,-115.92068998122764,-122.21507630065157,-127.29311212455096
6226,-115.76532350440158,-122.24439466855125,-127.24698133053388
6227,-115.57867447458227,-122.36876305545064,-127.24920676827804
6228,-115.59731660121687,-122.31659832382775,-127.23748490201416
6229,-115.53090767287392,-122.39679908276666,-127.2041443663385
6230,-115.50742156584207,-122.41706432444343,-127.20999736904773
6231,-115.65030824358703,-122.40798770743594,-127.2399371257288
6232,-115.59867797644421,-122.29038953497927,-127.24030124327459
6233,-115.56738836502882,-122.25275651594106,-127.28843705516205
6234,-115.63962750742911,-122.31736291102288,-127.30999658708605
6235,-115.72890599767004,-122.37260042152248,-127.26697310282965
6236,-115.72356874826471,-122.41764766570519,-127.29030836530018
6237,-115.71538068849375,-122.38282713078866,-127.30233885573234
6238,-115.68292910912677,-122.40743615062908,-127.26932112503647
6239,-115.70532297771979,-122.27906811469612,-127.1563025602743
6240,-115.78361679609804,-122.21166655668482,-127.11312301223089
6241,-115.67857289554397,-122.27182711391868,-127.12361058497584
6242,-115.62995963473186,-122.20672278836953,-127.03877321869587
6243,-115.50762380884738,-122.14543494323146,-127.09725116710351
6244,-115.56800516480159,-122.1018490808382,-127.15927479082427
6245,-115.47131364999353,-122.11157743522506,-127.16714193285054
6246,-115.49472482980352,-122.12594396023033,-127.18272650310682
6247,-115.51081726140922,-122.0889652212136,-127.15359913149237
6248,-115.51184595801145,-122.12591549423198,-127.20992429214506
6249,-115.49546018166126,-122.1307262422421,-127.27139084220397
6250,-115.44131158848054,-122.06065162793963,-127.24525833926901
6251,-115.51328654258211,-122.07564567642454,-127.25903883613907
6252,-115.54127891318686,-122.04102548719918,-127.27751679670435
6253,-115.54967905197391,-121.9571587743658,-127.2862016410836
6254,-115.63659639650963,-121.96707381827281,-127.23997529838985
6255,-115.59484213633766,-122.0194545412783,-127.28617638361142
6256,-115.63017717833544,-121.97033259813097,-127.32732175752005
6257,-115.67768093584425,-122.03617330670042,-127.40502059525014
6258,-115.56075698848963,-122.14176964495802,-127.45820867663417
6259,-115.54247358211363,-122.08565646595734,-127.51512372089395
6260,-115.40344834897951,-122.120125303711,-127.47488126925666
6261,-115.35895467431774,-122.13783064107321,-127.42959543161055
6262,-115.45665803814353,-122.22241587398818,-127.37035686363318
6263,-115.37924257793392,-122.1882358911561,-127.39158533959406
6264,-115.40525554827634,-122.14154877428574,-127.42068759447491
6265,-115.44458577784232,-122.06333081741741,-127.28791501920574
6266,-115.47734611673468,-122.19540231526884,-127.30362199707699
6267,-115.40041243075109,-122.22490499594446,-127.2667979678904
6268,-115.51899120535836,-122.23123002398953,-127.29607537671052
6269,-115.63776131732256,-122.2638750448373,-127.20050957189699
6270,-115.50606599118295,-122.31642286265168,-127.30887158177939
6271,-115.33423898961578,-122.3567374659491,-127.30848167412684
6272,-115.30227509387187,-122.38582912098737,-127.3788511397386
6273,-115.2831879583938,-122.36471586893904,-127.46502750088942
6274,-115.2036091776193,-122.23511652357448,-127.43936685282222
6275,-115.13637062388511,-122.20483822890154,-127.4699741738973
6276,-115.1391246433709,-122.19483179440175,-127.54284601222007
6277,-115.16756453347139,-122.13846896866116,-127.52793889088552
6278,-115.29743753255005,-122.18254063560951,-127.46103126768868
6279,-115.2370256944823,-122.06499078605412,-127.5379430293308
6280,-115.19692707701621,-122.05815665197376,-127.48987504585692
6281,-115.34578802402514,-122.10382729445132,-127.48802458873364
6282,-115.36467415178299,-122.10835613227167,-127.4429655385346
6283,-115.29640684651596,-122.04750576039845,-127.3842844266628
6284,-115.2116316529673,-122.04720451357251,-127.43317860209339
6285,-115.22214894187414,-122.10319949523317,-127.39958012128281
6286,-115.10447873957888,-122.06167398024684,-127.43236168313877
6287,-115.13653313641947,-122.10196000229034,-127.38795287450262
6288,-115.013043857623,-122.17383348699258,-127.43739818422064
6289,-115.10690033041803,-122.24185072926866,-127.39280887782797
6290,-115.037371218036,-122.31785252090484,-127.46641381550089
6291,-115.0091740167655,-122.26237710368244,-127.48466670570315
6292,-115.06053628027578,-122.25839573599073,-127.53958970592177
6293,-114.9455192036193,-122.25957516362377,-127.45094934760489
6294,-114.94103602833135,-122.3422963133075,-127.40887651602125
6295,-114.90370058866026,-122.50633770441829,-127.33966385977513
6296,-114.88948272536692,-122.35809035818113,-127.301178318733
6297,-114.92771757552725,-122.38238607982748,-127.32038906757415
6298,-114.94673328420652,-122.2777495363111,-127.35431230130418
6299,-115.07807986434284,-122.24586252476612,-127.31353512334152
6300,-115.14107988268512,-122.12906101966117,-127.34196311960747
6301,-115.20525586807032,-122.23818675606138,-127.35565728002828
6302,-115.23166462931948,-122.24800891804485,-127.3667849248467
6303,-115.24012805978099,-122.27727500243743,-127.43960594210178
6304,-115.18471609457993,-122.30090438748758,-127.4281534709478
6305,-115.17802805839429,-122.30051493757773,-127.46526110553393
6306,-115.16154202257164,-122.3258100512704,-127.50464454637003
6307,-115.26231915621523,-122.35510415807624,-127.51122785601304
6308,-115.18467029413131,-122.28469475001806,-127.57004805643831
6309,-115.20731998949657,-122.23508403663652,-127.52076034492462
6310,-115.1947618688793,-122.11281789300747,-127.53113849965285
6311,-115.15184467646029,-122.18430090277822,-127.52411176450431
6312,-115.14997499603265,-122.16459422837119,-127.54556788092313
6313,-115.23690874970033,-122.24023648428752,-127.58899559079859
6314,-115.34501566830666,-122.21112481807361,-127.55064362670407
6315,-115.36027513013777,-122.14518662198395,-127.48090353352666
6316,-115.32469378407347,-122.07144187534215,-127.51955341592654
6317,-115.2752944755778,-121.9686728385478,-127.55994280061145
6318,-115.36725636777896,-121.88661437641147,-127.58952786700422
6319,-115.32360155107166,-121.80633924731022,-127.57849758330134
6320,-115.33925522268706,-121.81291323996822,-127.56766868087134
6321,-115.37644371692598,-121.9073946706156,-127.57951896533916
6322,-115.26624951892026,-121.91729676472268,-127.60376183243645
6323,-115.19179873619832,-121.88719740532619,-127.57729865885608
6324,-115.1319934124075,-122.00942408941344,-127.52222135601234
6325,-115.11105980225872,-121.92564338109342,-127.49102803365544
6326,-114.98113897401619,-121.90238370249249,-127.43133139572272
6327,-114.91408496806126,-121.93094991657736,-127.32911730250343
6328,-114.91521439838529,-121.8835827870976,-127.29211790411175
6329,-114.84848537705983,-122.05939388264628,-127.29984429403635
6330,-114.95619257305538,-122.04210514206815,-127.29872377588961
6331,-114.82802503100424,-122.036664767481,-127.2791955692024
6332,-114.8585294717352,-122.13523178632767,-127.27393280521797
6333,-114.90832086880033,-122.22073255504773,-127.18100153701043
6334,-114.90006290587596,-122.24630062138027,-127.21953071083541
6335,-114.8099551464457,-122.1240358721478,-127.13063722875756
6336,-114.79635587543288,-122.14757669945438,-127.10806276309631
6337,-114.87314616913602,-122.11859129154044,-127.12863163102334
6338,-114.76370990297507,-122.12302496074071,-127.12562021513534
6339,-114.79798336944631,-122.08062035020366,-127.15534119321487
6340,-114.7436807170788,-122.15996007750188,-127.1512324048573
6341,-114.78539927611277,-122.11758003407544,-127.09265319728972
6342,-114.8157446311883,-122.07070828155219,-127.09668772693036
6343,-114.90906510590742,-122.05945036402939,-127.13982698172029
6344,-114.83600882987777,-121.98259607741154,-127.21234715146858
6345,-114.73338531348841,-121.91180292602786,-127.16588327924597
6346,-114.81618600931193,-121.89312966349219,-127.14478295072254
6347,-114.88889796046234,-121.83008748108388,-127.07807060828893
6348,-114.92932448281698,-121.81284961702565,-127.12105644050202
6349,-114.91402034544585,-121.77293824456525,-127.19202722772512
6350,-114.95786315450948,-121.72979635658504,-127.14664069822871
6351,-114.95325297216087,-121.6988496926038,-127.15647763904343
6352,-115.02758168702184,-121.6848749261082,-127.15305655598245
6353,-115.03975188286209,-121.74363824934974,-127.14518410364349
6354,-115.04601385669756,-121.73466021936811,-127.15601100509573
6355,-114.99097720077211,-121.76457710777929,-127.22395699827665
6356,-114.991833550483,-121.81792337777203,-127.22955592048505
6357,-114.93281084365636,-121.86236164933065,-127.30056974412845
6358,-114.916358351479,-121.95391053513455,-127.25470778015688
6359,-114.916324322303,-121.96124164599914,-127.24496239295495
6360,-114.82390886484512,-122.01424158811655,-127.19799262385689
6361,-114.80738889922115,-122.02279907059992,-127.21234869473412
6362,-114.73199016151383,-121.96609335355936,-127.15721822571572
6363,-114.88372620723945,-121.86453186140487,-127.05411085010999
6364,-114.99446154331503,-121.88147697816215,-127.01789498838069
6365,-114.95772158168529,-121.97032587794136,-127.110767030457
6366,-114.88989455058925,-122.01274844815794,-127.07065627837054
6367,-114.89147675656722,-122.002029113379,-127.12855387571042
6368,-114.93636360184192,-122.02821089327841,-127.04524547334103
6369,-115.01420282258702,-122.01462119602529,-127.08280037156065
6370,-115.00133790026696,-122.09889580387895,-127.07678777540501
6371,-114.93033359314936,-122.1174207683214,-127.02632822829972
6372,-115.08707549612713,-122.13375022395205,-127.06413198054997
6373,-115.08702799619047,-122.05320637375851,-127.03888955490643
6374,-115.23104086181755,-122.0139447404676,-126.90713607454319
6375,-115.35917411084941,-122.00673917887701,-126.864551580497
6376,-115.32393895203208,-121.89651697128475,-126.87981762960408
6377,-115.33978937643472,-121.84862684863796,-126.99019228151516
6378,-115.41258172133833,-121.87594687177233,-127.00273926082673
6379,-115.3361678807388,-121.8844017076488,-126.96859364085662
6380,-115.39863067499016,-121.92398351193349,-126.95447299845061
6381,-115.59459183784085,-121.95734987205724,-127.00862191957
6382,-115.68126150574778,-121.98172229675724,-126.98008984157966
6383,-115.80577867111975,-121.95809678189178,-126.9732970279325
6384,-115.89379280198413,-121.8677386663294,-126.9734981846932
6385,-115.87483957740035,-121.83319996811932,-126.9287534513789
6386,-115.99207103688047,-121.79864521173582,-126.98177900195103
6387,-115.93008882486643,-121.64027341398254,-127.02282291242699
6388,-115.96961390994318,-121.64027882784038,-126.97583122993157
6389,-116.01291742680712,-121.60153471903351,-127.05952101606043
6390,-116.06289483757116,-121.56256727750042,-127.02054068122155
6391,-116.01363886322045,-121.54401675791172,-126.94062560891332
6392,-116.0753421672529,-121.62194764511915,-126.94034493913871
6393,-116.27774364805565,-121.71324059077111,-126.90491058618281
6394,-116.202676536996,-121.73180055672367,-126.88014840536222
6395,-116.1528473117094,-121.69497217284169,-126.83248460712038
6396,-116.06116071644448,-121.74352352865594,-126.87549111137719
6397,-116.0874847677753,-121.70175300721951,-126.83627618131624
6398,-116.07035263564407,-121.71581919046314,-126.88394137180543
6399,-116.08727972112513,-121.671259437309,-126.97763485241724
6400,-116.06909109893948,-121.65631868604493,-127.02211313962263
6401,-116.17597190169874,-121.54060239150135,-126.96419805652795
6402,-116.18025667703841,-121.62751379939502,-127.05342936184041
6403,-116.21852141955516,-121.55710733544834,-127.1192422301659
6404,-116.07999822006707,-121.57892804923046,-127.12980088642499
6405,-116.08951114098497,-121.57477476302302,-127.08633250976851
6406,-116.08307591811561,-121.51704356283769,-126.9975101540799
6407,-116.05694146380822,-121.42410211631429,-127.02526896029775
6408,-116.01058994558632,-121.47279187809744,-127.02392752924979
6409,-116.0250857023284,-121.45318794401192,-126.99196701921366
6410,-115.94925211724018,-121.59897978455461,-126.94051675720928
6411,-115.85833285673499,-121.65885942836614,-126.86963305580973
6412,-115.84439142239964,-121.72113910040221,-126.83035375912169
6413,-115.87208896496972,-121.79026980728997,-126.89798550917283
6414,-115.90538810433672,-121.83894364781466,-126.98075593603801
6415,-115.93022474283353,-121.79793765752802,-126.96072231390019
6416,-115.81040020980976,-121.82836397801834,-126.91591384328814
6417,-115.7584835377312,-121.75700841996664,-126.88340696987615
6418,-115.80130651419039,-121.72964696834165,-126.82403662250356
6419,-115.76181021851039,-121.77995253056605,-126.74034423784855
6420,-115.80033789878775,-121.78010257960062,-126.81008225501839
6421,-115.88476758534594,-121.70338074968316,-126.81932664265852
6422,-115.86056430237802,-121.70644419706265,-126.82248930496495
6423,-115.95248971750058,-121.74256083272122,-126.84976453841477
6424,-115.93033380673292,-121.85457455012465,-126.84324534113085
6425,-115.90730581913522,-121.91747799699746,-126.92816228297119
6426,-115.88487788817854,-121.94926586596875,-126.88728536975233
6427,-116.04690706793804,-121.94805013077846,-126.86810943552189
6428,-116.01750934740389,-122.01223079954917,-126.88734186111256
6429,-116.02159858918615,-121.96486797112017,-126.93989736731955
6430,-116.11614535334317,-121.91372761942927,-126.91764334349611
6431,-116.0872305858691,-121.91963480788381,-126.89775769214089
6432,-116.1320037395486,-121.84909559346445,-126.7984898067154
6433,-116.20866818849592,-121.90957137613373,-126.68142603286614
6434,-116.20989654422111,-121.88322021877369,-126.71616751294312
6435,-116.26751800360044,-121.88699002538242,-126.78403757347014
6436,-116.28749223312924,-121.89628820233912,-126.76240558008445
6437,-116.25396757717996,-122.02990233472151,-126.7832320961651
6438,-116.16114016407323,-122.10633582068206,-126.85285772622713
6439,-116.24485329673851,-122.14884534776462,-126.91883495835182
6440,-116.26198464038734,-122.11667237440467,-126.9741078184045
6441,-116.33304588193829,-122.12650552043462,-126.90908587331135
6442,-116.36298646869494,-122.11533416433261,-126.93395614125757
6443,-116.27277328475147,-122.06581915574284,-126.91005849337881
6444,-116.20772910501196,-122.11848775909286,-126.93576260964738
6445,-116.22020759417838,-122.17301217559682,-126.90414455767686
6446,-116.24051969257154,-122.1762181362682,-126.83070070516968
6447,-116.27244539765944,-122.21172788359584,-126.88361579367188
6448,-116.233738916664,-122.27719760449045,-126.7777462263221
6449,-116.19130510623619,-122.22538904187752,-126.78141721783291
6450,-116.37344122811959,-122.17433993744767,-126.75385807330818
6451,-116.29933073223054,-122.20931616394981,-126.73629609417138
6452,-116.29937948541723,-122.28473972438093,-126.69633552018635
6453,-116.37073972749067,-122.2817775350918,-126.77991018293135
6454,-116.31267502446292,-122.34551569152978,-126.80882205967549
6455,-116.42127220009388,-122.3567712291917,-126.73866846474314
6456,-116.42541584975424,-122.51100731342892,-126.66626037681183
6457,-116.44675307507558,-122.53183536796385,-126.65255903298363
6458,-116.54532720305754,-122.63915794701833,-126.63801054459041
6459,-116.53411965535673,-122.6989959598627,-126.74132252592985
6460,-116.56446105894031,-122.7201186584698,-126.59390226402488
6461,-116.61448447830682,-122.67065351914846,-126.53590121629392
6462,-116.58746755530706,-122.66054723891882,-126.51625455190334
6463,-116.62976027236652,-122.61388121749786,-126.46780676661558
6464,-116.63153077050627,-122.63149702210379,-126.49134009227139
6465,-116.66083758384337,-122.62178644994935,-126.48725240208418
6466,-116.6258946127382,-122.5850272321897,-126.60075645413228
6467,-116.6010985206488,-122.56090471898969,-126.62123888060714
6468,-116.68040278975836,-122.51353673568204,-126.51870474358822
6469,-116.55958349053944,-122.47918931437611,-126.52732474712809
6470,-116.51579766353626,-122.50297320245227,-126.50739991723273
6471,-116.59776235220428,-122.35184119547478,-126.45628791717272
6472,-116.7071634592524,-122.31686268353081,-126.47748502808926
6473,-116.76572347423863,-122.31977382294338,-126.4568017631972
6474,-116.77659351371015,-122.34338824657348,-126.4392909697465
6475,-116.73507011040846,-122.31200206659953,-126.43225026014916
6476,-116.72819070241016,-122.40781400826263,-126.33096668942534
6477,-116.68980551005016,-122.4952883386156,-126.37370075254253
6478,-116.5798304904613,-122.51610958523392,-126.41284927764272
6479,-116.60936328746818,-122.51854176707927,-126.46744817113361
6480,-116.55714173368568,-122.41235414204182,-126.44293016196521
6481,-116.58867530125134,-122.38233897776516,-126.53469998989266
6482,-116.54154025360717,-122.32329799732258,-126.50092649186206
6483,-116.60835638747481,-122.31921139783898,-126.53935965940995
6484,-116.64793710223566,-122.2624776855154,-126.61647409141561
6485,-116.71951175771434,-122.28038171999178,-126.62901233661027
6486,-116.77281850447905,-122.3118020942519,-126.56522283543683
6487,-116.8289556421675,-122.37204074614785,-126.6503255835602
6488,-116.85271494628404,-122.40236815686472,-126.6377686934749
6489,-116.73514258804185,-122.27051956616921,-126.65404727259744
6490,-116.60060423194949,-122.25031545876371,-126.66277036783617
6491,-116.6396903877358,-122.34054093696005,-126.71086761182875
6492,-116.49182717621926,-122.36127838982276,-126.74476176177397
6493,-116.43837590355824,-122.24877760497773,-126.73764178651477
6494,-116.42736718719533,-122.23524273341914,-126.71973383013935
6495,-116.48142936547626,-122.28606432139651,-126.7365117344749
6496,-116.4829287595938,-122.27935370089145,-126.79244794541788
6497,-116.48899797946308,-122.18465925438065,-126.7082509121021
6498,-116.52957501870571,-122.13760206702592,-126.75307654067065
6499,-116.49146777457246,-122.13541953243106,-126.69102800869719
6500,-116.42121264756884,-122.05928277836077,-126.67607224018421
6501,-116.38977990088682,-122.02545561022957,-126.65354257523589
6502,-116.46923401534625,-121.98505800656892,-126.67221187186354
6503,-116.3841803848409,-121.95444919364003,-126.67846132787646
6504,-116.40295530044412,-121.92851174428972,-126.64331154522895
6505,-116.5227211407452,-121.97135644394001,-126.65008901760078
6506,-116.5512968711976,-121.9588663143571,-126.63103961361026
6507,-116.62006631243561,-121.89501355290022,-126.62759309349218
6508,-116.57223907384983,-121.93567460055914,-126.59317004682532
6509,-116.54447525922056,-121.92678076613683,-126.57850782582338
6510,-116.53329049784944,-121.90258002260701,-126.56607229514641
6511,-116.43320907116254,-122.01439033254253,-126.58749006453003
6512,-116.30943654107222,-121.94181773333503,-126.56345799038812
6513,-116.2664036366916,-121.81679323099246,-126.55582162867758
6514,-116.29784838579843,-121.70836774555619,-126.57021669195845
6515,-116.23626420843806,-121.70396324839898,-126.53641291379148
6516,-116.2147850568723,-121.73293094782852,-126.52990139877551
6517,-116.15660560764142,-121.66440732395431,-126.48833267417058
6518,-116.21380235574082,-121.65477471884115,-126.50989771209149
6519,-116.22344037287209,-121.71311281117065,-126.4533346647006
6520,-116.26191928859036,-121.65381304017117,-126.43884343679892
6521,-116.39786905731222,-121.63991015252782,-126.38398013615691
6522,-116.55630117395039,-121.68434646170248,-126.39530579136078
6523,-116.61336136669995,-121.80952689728792,-126.46145615979586
6524,-116.4091449091986,-121.78834867986916,-126.5026618176648
6525,-116.47177158371412,-121.81869144273215,-126.48469897336898
6526,-116.59671215876509,-121.79641420954866,-126.45231532336354
6527,-116.53109804611951,-121.81220751470971,-126.41748852954248
6528,-116.5755427362318,-121.75292647798436,-126.4301867612378
6529,-116.62072432483906,-121.58074586948881,-126.31592787888799
6530,-116.7951606342809,-121.51732355273624,-126.32498284208718
6531,-116.81033798310018,-121.46748376664587,-126.36243584994237
6532,-116.79831963309374,-121.42439615854883,-126.25767205126245
6533,-116.72914828951878,-121.50893711535713,-126.287456058414
6534,-116.62276381396691,-121.4384317723692,-126.40396127793456
6535,-116.47936940186244,-121.43244175781525,-126.43928644905469
6536,-116.52808710000642,-121.44850835197593,-126.5343410152924
6537,-116.55729459569758,-121.4520933883361,-126.51884732276983
6538,-116.61327851067209,-121.38793679664599,-126.46286694786806
6539,-116.74350502672254,-121.30261790575278,-126.48280919425937
6540,-116.70679456004204,-121.27177929202034,-126.45856451622655
6541,-116.50058500840481,-121.37156934116426,-126.44068633716736
6542,-116.45563832915131,-121.31808185881506,-126.48928241357362
6543,-116.45976547545621,-121.37299631634613,-126.47785499229627
6544,-116.4066713591993,-121.35290883750571,-126.4856563966811
6545,-116.48063159603608,-121.42949814293559,-126.48269102064528
6546,-116.49578075314348,-121.4021336821719,-126.4183063042354
6547,-116.56470771415755,-121.4834814850694,-126.40729372770443
6548,-116.4977096313145,-121.44493307006627,-126.5167185015095
6549,-116.49253151742496,-121.34683632867544,-126.50798595329007
6550,-116.41301378246163,-121.41345641725334,-126.40212010363753
6551,-116.39362829567588,-121.47659915395468,-126.4055218722213
6552,-116.38040031065881,-121.42685685262205,-126.43407733792208
6553,-116.18707103337736,-121.32127929662326,-126.40369026500622
6554,-116.24765489979032,-121.15639979647662,-126.31725595257717
6555,-116.32480028488216,-121.18494292945499,-126.31516911184778
6556,-116.47681988049598,-121.15296767497851,-126.27067923877868
6557,-116.46577814388478,-121.1642371535345,-126.30333963196327
6558,-116.33048325619626,-121.15254738319518,-126.27338951954462
6559,-116.35421013967502,-121.27218739323682,-126.2468752455372
6560,-116.29243591221774,-121.28832639415123,-126.18149364302585
6561,-116.25519896038139,-121.50754010444366,-126.23936910762244
6562,-116.33472737748497,-121.43374720111974,-126.16019668387402
6563,-116.27762260500326,-121.51794895776143,-126.04938162914549
6564,-116.20258828486817,-121.49450358733512,-126.06833481326852
6565,-116.23820665837363,-121.44122467526401,-126.07252501769722
6566,-116.08604422274918,-121.53097128685526,-126.077026911327
6567,-116.17807735733768,-121.53586285981207,-126.1023981572637
6568,-116.28884598292842,-121.56630963576617,-126.05604808891498
6569,-116.30312026510802,-121.56466443238452,-126.00875397506823
6570,-116.28151378838614,-121.40428932037128,-125.97773164001612
6571,-116.3115589352127,-121.3353069479106,-126.1159880535997
6572,-116.23971636219422,-121.23081790884837,-126.0837335677915
6573,-116.2083487173137,-121.07530861371592,-126.09489684716566
6574,-116.07709086471567,-121.01930220617845,-126.04111689697035
6575,-116.02841270795747,-121.03585404426119,-126.08224534154535
6576,-115.99631589422754,-121.13056759812531,-126.13947050395213
6577,-116.08787815604774,-121.1112390194434,-126.10011812601982
6578,-116.12675096312827,-121.05098305719555,-126.08208031265718
6579,-116.17680747407512,-120.98268670999337,-126.02890219149828
6580,-116.20030727427165,-120.897593834318,-126.03444065636735
6581,-116.18697708531832,-120.97896154185187,-125.95766653341107
6582,-116.15268014022945,-120.85450991541856,-125.96133280462853
6583,-116.10691249064303,-120.78401108254891,-125.95143674564241
6584,-116.13461103270544,-120.74689319032535,-125.91264132925994
6585,-116.099835539555,-120.72459131333227,-125.85947065644373
6586,-116.21476938376614,-120.68002932324933,-125.95002531401744
6587,-116.11945665781171,-120.71249640778403,-125.93359971794419
6588,-116.13696444417523,-120.65614841807819,-125.95674141240204
6589,-116.12001671923021,-120.69268407889426,-125.99724359382695
6590,-116.1155710596317,-120.71768774663168,-125.99236067381955
6591,-116.15393647294125,-120.70685066854348,-125.95322022310964
6592,-116.16121988004993,-120.74278405373013,-125.99191192523764
6593,-116.09638079120646,-120.80777680112249,-126.0279383834593
6594,-115.98782665248515,-120.93883540411076,-126.04939185719161
6595,-115.99827425197087,-120.88001553190526,-125.94877886485777
6596,-116.01389222708532,-120.81317060268736,-125.917904309546
6597,-116.09545775054431,-120.86373092368308,-125.85020243758959
6598,-116.11170633606623,-120.75339775465399,-125.85660843724301
6599,-116.15527487102065,-120.79062629521184,-125.75634862168916
6600,-116.0760739000003,-120.85761813074498,-125.75232967474567
6601,-116.07324521839993,-120.78510647533588,-125.81351468778963
6602,-115.90957520239031,-120.77660662819005,-125.84564907208677
6603,-115.91660635501424,-120.85623178477064,-125.86178079262704
6604,-116.04062752264534,-120.69914333019638,-125.76695686560699
6605,-115.96394971874241,-120.64545564616502,-125.71961326793699
6606,-115.92857243144614,-120.71072162894973,-125.77218593735162
6607,-115.94096839366632,-120.62851391749078,-125.73862938726188
6608,-115.87406898930516,-120.53390955017551,-125.87387896461763
6609,-115.87939348583707,-120.50239440274635,-125.91315231211618
6610,-115.7545212652931,-120.50664910892804,-125.99585710885707
6611,-115.82961390285016,-120.49879984498321,-125.96822158057374
6612,-115.8466130816673,-120.49444976446753,-125.89291942538298
6613,-115.85491418466971,-120.4638486493664,-125.88551613913171
6614,-115.76008006519376,-120.38338030812909,-125.85566255841711
6615,-115.72378054551402,-120.37126936768072,-125.90906342861322
6616,-115.5362384556867,-120.28538565748013,-126.00187396723946
6617,-115.42042277072294,-120.2804833621949,-125.98688925444631
6618,-115.33176767934881,-120.28600479710127,-125.93439615244027
6619,-115.36244939496584,-120.17413685833884,-125.86256997956701
6620,-115.25923743498409,-120.31018223995298,-125.93546382665457
6621,-115.16738358397835,-120.30635454548523,-125.97924700376016
6622,-115.08920617823966,-120.30731488686062,-126.05085194531344
6623,-114.92463969803075,-120.39962477253746,-125.99938711815817
6624,-114.8796395134023,-120.32977792754343,-125.90479012393425
6625,-114.89129885478746,-120.37437133047433,-125.93970078958685
6626,-114.91471221597217,-120.31051149623443,-125.89621418126012
6627,-114.8896590656706,-120.21051589979616,-125.90323043142251
6628,-114.90142275002364,-120.22317376454149,-125.92602935509262
6629,-114.86004353730661,-120.3460758952305,-125.9394503148549
6630,-114.93750641419781,-120.37947740646446,-125.90584823353986
6631,-114.7838851604601,-120.48230192640034,-125.92195330236432
6632,-114.69157554550021,-120.42636248942536,-125.89614768410392
6633,-114.54071449884593,-120.36979745304878,-125.8715083560129
6634,-114.51769585001898,-120.35611483624774,-125.92881215486025
6635,-114.620139022333,-120.30411334341775,-125.91978874018926
6636,-114.66796318522945,-120.17077059284813,-125.84239854213448
6637,-114.65927620687138,-120.00258328149889,-125.86122191162096
6638,-114.7083953079622,-119.96899667956814,-125.88391135673183
6639,-114.71851240128295,-120.0210191533169,-125.78991359625655
6640,-114.86120131781769,-120.04035489399106,-125.7883397608686
6641,-114.89138458230093,-120.05021938873364,-125.71805286416658
6642,-115.03113909148638,-120.08204809781995,-125.78699703755306
6643,-114.99698399565665,-120.11192086128767,-125.85272048136096
6644,-114.9889826665842,-120.05540719116803,-125.82597474511972
6645,-114.96126591584498,-120.05787429004495,-125.80005944847277
6646,-114.88936344361629,-120.00050058240197,-125.81961378377899
6647,-114.85751131361377,-119.99225663868506,-125.79566101905483
6648,-114.77583685682443,-119.95429119795514,-125.80027925663347
6649,-114.80298968282541,-119.9059777312555,-125.74299095706476
6650,-114.91561081060482,-119.95021379638496,-125.77040902374827
6651,-114.85386541352293,-119.98747981215377,-125.7280796576974
6652,-114.92021556226288,-119.99475824939128,-125.66334966295759
6653,-114.94103136056432,-120.01157789999924,-125.68751120968145
6654,-114.86054808232728,-119.91943366971769,-125.67068607846298
6655,-114.92508311816492,-119.91608989925355,-125.67784878921574
6656,-114.98451961932514,-119.91653948997623,-125.61935300969935
6657,-115.00847643650957,-119.95290637594505,-125.69790476349667
6658,-114.93174186051631,-119.97376152394209,-125.65208380151398
6659,-114.99098187526384,-119.9458432852413,-125.69457026481628
6660,-115.10653928769892,-119.96406573128144,-125.68397841506543
6661,-115.08188077573095,-119.99740712448195,-125.74989903117154
6662,-115.16374656766766,-120.04062102698103,-125.70084740715983
6663,-115.27589135229317,-119.98667978248052,-125.64125053391061
6664,-115.15117644273441,-120.00473817197648,-125.60253958327044
6665,-115.158773068655,-120.05391442985517,-125.61704793580603
6666,-115.13966752490643,-120.16961959952896,-125.63579857577032
6667,-115.02119527433541,-120.31672016244298,-125.68850151614467
6668,-114.98852913654994,-120.31394646319819,-125.68984317023515
6669,-115.04947328116018,-120.31546548984723,-125.64521556853583
6670,-114.99050082615332,-120.3969233143482,-125.61646704837231
6671,-114.9805791938777,-120.40177940198734,-125.61238286451163
6672,-115.1082396119786,-120.42468147167824,-125.63672083472386
6673,-115.18166956188192,-120.41955766804074,-125.65575637510288
6674,-115.07490234308509,-120.40207191295431,-125.62153935946296
6675,-115.11234251272981,-120.45389783997092,-125.67624445874993
6676,-115.09330090957963,-120.36706844835943,-125.67798690587139
6677,-115.19102838175056,-120.34744872095003,-125.63967513931641
6678,-115.24036682104511,-120.31519915262177,-125.64127320918931
6679,-115.29240378664602,-120.27550946991292,-125.67563108615181
6680,-115.28277551215467,-120.26482544758183,-125.76942753525607
6681,-115.25540387033664,-120.27159016854759,-125.81435336512935
6682,-115.1796667292035,-120.23329544936283,-125.84965384320968
6683,-115.04445310272244,-120.18479914879194,-125.87730993878205
6684,-115.07500343243076,-120.16458774755554,-125.80552783091936
6685,-115.00530289881063,-120.14612709657254,-125.74904500674197
6686,-114.83037951111868,-120.14437359282367,-125.79320033245132
6687,-114.78482955578332,-120.1002255173098,-125.73325180073567
6688,-114.65570736357787,-120.15146100726062,-125.75702652600694
6689,-114.6090175457864,-120.25098022400165,-125.73197429562782
6690,-114.43580086779428,-120.28517221286795,-125.71896637647825
6691,-114.47041572616098,-120.28600275544308,-125.73202592624871
6692,-114.29309987302324,-120.31522110728235,-125.71899391286902
6693,-114.30237855776308,-120.23773652582113,-125.72787657038211
6694,-114.3062947452004,-120.29924045269215,-125.60673640004757
6695,-114.20689369842881,-120.2337229912495,-125.6503793574919
6696,-114.19740848532379,-120.35987940715938,-125.57070696808137
6697,-114.14706044789199,-120.35892395645092,-125.52502246040872
6698,-114.05341135402031,-120.44432179281124,-125.55517757319947
6699,-113.98506302765043,-120.49832318501717,-125.59654435976806
6700,-113.92565249433405,-120.42848841710762,-125.63257403162443
6701,-113.95990238151967,-120.45104359175629,-125.66828539459787
6702,-113.96925538962222,-120.54499999255748,-125.61141635630247
6703,-113.77541593472435,-120.48690868726331,-125.57096672803387
6704,-113.80200417069753,-120.5699815965717,-125.50169018235492
6705,-113.67774765168544,-120.55884072740784,-125.49071616774091
6706,-113.61259840480955,-120.59501136247609,-125.4538411537292
6707,-113.56274502509065,-120.48716372649807,-125.39511119795417
6708,-113.64785042409315,-120.498064571532,-125.41584296981662
6709,-113.56045675852508,-120.61926807158002,-125.3245484221732
6710,-113.5704489852653,-120.6213656066723,-125.38462816039643
6711,-113.78755813549913,-120.62609882903833,-125.41216303283952
6712,-113.75290072042995,-120.61820808458197,-125.41330244606763
6713,-113.75018638399644,-120.6415487221698,-125.48604421613337
6714,-113.68801386927552,-120.6995932188963,-125.60843055397078
6715,-113.57646868422921,-120.65367789005245,-125.61636440644077
6716,-113.41780144217131,-120.69690869577943,-125.57482425198951
6717,-113.42722328836659,-120.74422493671219,-125.56046190493693
6718,-113.68936174129391,-120.66193513023467,-125.55809856928357
6719,-113.62917085253974,-120.58967596197007,-125.50529842945832
6720,-113.56914404482102,-120.52811283718924,-125.61200377539988
6721,-113.57655683042603,-120.3466147700394,-125.60127334098033
6722,-113.53153060570573,-120.29037258055774,-125.63454807497692
6723,-113.63474089735712,-120.22643077310715,-125.65174069391219
6724,-113.70115779954531,-120.22303598783098,-125.59046272475805
6725,-113.68363710557966,-120.26056325079395,-125.56147715544279
6726,-113.74408395672634,-120.24915377657788,-125.65831795479382
6727,-113.68546262918053,-120.27000814963236,-125.57321735720419
6728,-113.62407425685868,-120.19105792627073,-125.56673364329312
6729,-113.58524621226911,-120.19240465150082,-125.61124917719192
6730,-113.61902552508667,-120.28820491442744,-125.72895800159569
6731,-113.53755696050105,-120.2785647507425,-125.595213355013
6732,-113.53723646213767,-120.29978045160419,-125.63527772535949
6733,-113.48774247286937,-120.44643061762375,-125.54552203098717
6734,-113.60305714794319,-120.4599600167928,-125.56518768001632
6735,-113.6756519869973,-120.44148882029553,-125.55339384690768
6736,-113.75446771568208,-120.30901511717414,-125.50324997251188
6737,-113.66032247724127,-120.28382565463598,-125.56676911479205
6738,-113.61523560594193,-120.28455485337909,-125.55094252042441
6739,-113.65366225890997,-120.2824033023594,-125.53544394644716
6740,-113.55798047685924,-120.2883728672563,-125.39631181644391
6741,-113.53290405779272,-120.22813138182579,-125.47475072105456
6742,-113.51275210319459,-120.34864892109586,-125.43662645985071
6743,-113.53031364661499,-120.3343039753475,-125.44255403618494
6744,-113.54557384265065,-120.4104165458194,-125.45485169431207
6745,-113.63155537094734,-120.38399202973254,-125.4661567883763
6746,-113.55826664749213,-120.36612059093292,-125.40848355347978
6747,-113.52786373874895,-120.2999126736718,-125.43414133173555
6748,-113.51663319810771,-120.30899399231134,-125.41441806528658
6749,-113.486875578057,-120.27699586534182,-125.4178654544977
6750,-113.44552463549911,-120.25134397399378,-125.40830921993435
6751,-113.46886718483205,-120.23312190832297,-125.41912256027024
6752,-113.38119861164442,-120.24094327216503,-125.38730632023776
6753,-113.42373056376296,-120.20331492045284,-125.3976095158942
6754,-113.49353462615443,-120.03342253579049,-125.35374580903199
6755,-113.44086148362065,-120.12455467641885,-125.33635090302727
6756,-113.36060923336906,-120.08843481857944,-125.35931270913294
6757,-113.22127555340424,-119.90327634032425,-125.39099480361095
6758,-113.2587599620274,-119.99265984315926,-125.42757265954897
6759,-113.31758456644187,-119.9686875104671,-125.34687376690457
6760,-113.29578485449093,-119.8485240093724,-125.38535632573814
6761,-113.25756902081898,-119.9133467688878,-125.32722649590102
6762,-113.34672430413067,-119.94550496133644,-125.29096395753935
6763,-113.45338874242117,-119.9962959085736,-125.28531631843663
6764,-113.45128233627095,-120.04139017938597,-125.34051861953239
6765,-113.47082168796535,-120.10446119200297,-125.37741237435392
6766,-113.54426541287918,-120.01322676703614,-125.40126590841213
6767,-113.50801775596236,-120.01603425444414,-125.39413368021832
6768,-113.63728192966815,-120.04423752177696,-125.36125478067675
6769,-113.49847373692542,-120.0803159583343,-125.33562949326469
6770,-113.4557807805694,-120.02160037267043,-125.3137075533813
6771,-113.42545872531909,-120.09675260014399,-125.36880316068097
6772,-113.3941871946092,-120.15063064647893,-125.46263359137448
6773,-113.2490766330334,-120.170821523202,-125.39960890280716
6774,-113.25149027148035,-120.20693954280185,-125.47197819280291
6775,-113.27281591890522,-120.22352708556326,-125.44404778346419
6776,-113.42847532089542,-120.27246049905985,-125.37118730496381
6777,-113.44358476854272,-120.11534314577253,-125.42771663132191
6778,-113.40718886497903,-120.11088120624098,-125.41958224002772
6779,-113.32363669093216,-120.12703744821943,-125.45530133137353
6780,-113.3941123327123,-120.06131207758065,-125.43062133641831
6781,-113.36767525599674,-120.13141636370148,-125.39036882490234
6782,-113.39809429120709,-120.15020097150888,-125.32453059163961
6783,-113.44414169405508,-120.13530722183422,-125.36582061408166
6784,-113.5234697059876,-120.21936099373987,-125.40076777548265
6785,-113.48437341042424,-120.21613358786337,-125.26233070615416
6786,-113.61014378218074,-120.34145704327037,-125.18702202712007
6787,-113.6383754350483,-120.39066805759211,-125.14215399681808
6788,-113.5049818365905,-120.38843479066267,-125.0934872485764
6789,-113.54426108747339,-120.30392793098937,-125.18492097668505
6790,-113.55579886560858,-120.24367577146211,-125.22101829014767
6791,-113.622808728406,-120.24045516360795,-125.18049101464396
6792,-113.55471857167262,-120.29969813212713,-125.1640497432084
6793,-113.65135759365063,-120.40503523977895,-125.21436220453747
6794,-113.60318705917203,-120.41135288528227,-125.20948122129879
6795,-113.45988641032088,-120.34879010413914,-125.2370352563188
6796,-113.50975704541816,-120.38327852848289,-125.32591583642719
6797,-113.46342716342124,-120.45506627964292,-125.33080895550872
6798,-113.31181898909662,-120.53027249373639,-125.20337816279678
6799,-113.23518348844613,-120.4363456114516,-125.23093162029895
6800,-113.04530858278031,-120.45960131222277,-125.25991782286943
6801,-113.13015506292359,-120.48494557007061,-125.32268142163903
6802,-113.13046293634096,-120.54750681485925,-125.2575706879282
6803,-113.16065200087078,-120.41904669832994,-125.15113378871622
6804,-113.21283668365209,-120.46226294931515,-125.09171450727618
6805,-113.17483413488534,-120.43865165226156,-125.10090155152861
6806,-113.4057445331826,-120.46159897491127,-125.10558335826073
6807,-113.38080802361729,-120.40391276928193,-125.10716373456873
6808,-113.39792752452087,-120.40633771433949,-125.08969698869042
6809,-113.4428485332468,-120.35593211484314,-125.17530159651923
6810,-113.29917454877798,-120.3406584611885,-125.11692453030125
6811,-113.36862511177523,-120.29198246369927,-125.08603997945822
6812,-113.40438048803345,-120.21100185121944,-125.13680717118044
6813,-113.39881562348602,-120.22774457067445,-125.10246882169186
6814,-113.44222998755441,-120.2757348578561,-125.10075753455072
6815,-113.3906368896219,-120.2757194964989,-125.08740752654614
6816,-113.17923096375819,-120.2735084291724,-124.98201318161048
6817,-113.10504556385982,-120.27626669097013,-124.88017723098586
6818,-113.14653923239929,-120.18497873128507,-124.88330859676819
6819,-113.0904608209841,-120.30229621562079,-124.88276749873404
6820,-112.94783475201166,-120.27994023812084,-124.85430667959899
6821,-112.98342454656463,-120.28157233573691,-124.79293590103208
6822,-112.88639932915842,-120.35820045861684,-124.76709150637777
6823,-112.78600404534754,-120.48616641607079,-124.87575881553681
6824,-112.84508643129021,-120.44957333824931,-124.88008171843242
6825,-112.74299178474479,-120.41489646457157,-124.88104155190933
6826,-112.75938973288515,-120.35746733087177,-124.87394621150739
6827,-112.74530207083279,-120.22438415201859,-124.86103124933607
6828,-112.84793559698775,-120.21066196240392,-124.80458231390776
6829,-112.84135086989276,-120.24345257522081,-124.89311096312844
6830,-112.90810490871607,-120.22336622669357,-124.86319841569457
6831,-112.95794165569616,-120.18627306220726,-124.85587275563017
6832,-112.92184706916764,-120.13060223416554,-124.86970507747724
6833,-112.96820619225787,-120.17083917101004,-124.86982503771812
6834,-112.99064371663897,-120.15689137574557,-124.84915023690178
6835,-112.9927356515503,-120.10534079515025,-124.83770398822818
6836,-112.98361626303691,-120.10214844113344,-124.83739415359864
6837,-113.01476686393264,-120.0932116831316,-124.83882867693202
6838,-112.87680317214503,-120.03821927811674,-124.83827255721897
6839,-112.72141007686866,-119.94841790178188,-124.8291737411276
6840,-112.67752348584207,-119.94058790988952,-124.68372423593007
6841,-112.77481487585717,-119.95892254685775,-124.64501237855609
6842,-112.73863169195407,-120.08234664663584,-124.59285278272728
6843,-112.73953053094478,-120.09214548911989,-124.52178627272757
6844,-112.98216312513482,-120.06962717729698,-124.57317389206392
6845,-113.02316946220832,-119.98188929506262,-124.61421188000242
6846,-113.05264325373395,-119.9936064030346,-124.64898099877263
6847,-113.11250901305115,-119.95404846074916,-124.63844370558186
6848,-113.14959275127353,-120.00236097198012,-124.60656677908912
6849,-113.13490116876511,-120.09970511705747,-124.6357959439618
6850,-113.0781497931357,-120.03483273031699,-124.52722713072737
6851,-113.12177319830641,-120.02101591752458,-124.50151467285811
6852,-113.28144351305485,-119.9090748841106,-124.54967105719412
6853,-113.31883144865074,-119.89344929633862,-124.62722533611102
6854,-113.3890788838244,-119.83212596380989,-124.65310292404706
6855,-113.53549167064529,-119.86696579176326,-124.57628511494002
6856,-113.4523689808448,-119.73366501288669,-124.53672335507122
6857,-113.52730849875638,-119.79709276218793,-124.49581045163843
6858,-113.51931668137712,-119.90526735195581,-124.46385787711448
6859,-113.4995639003199,-119.86126132457912,-124.38985670096068
6860,-113.4994775636504,-119.87277489036913,-124.43575976512943
6861,-113.62282906905281,-119.79864897077772,-124.37033894303413
6862,-113.58025470198983,-119.81426469489122,-124.42122463435
6863,-113.75806181998786,-119.86098968050285,-124.48131316111588
6864,-113.76841301374355,-119.78899723453794,-124.4925194664538
6865,-113.82641220002284,-119.7389147435837,-124.50213183947173
6866,-113.83278675273549,-119.76269052969513,-124.55589152000996
6867,-113.86865583894432,-119.91873172029653,-124.61596562182957
6868,-113.89421575379228,-119.95023480151515,-124.49109286379954
6869,-113.99137913839817,-119.86089191051491,-124.56557049977113
6870,-114.04628333276214,-119.83626778350342,-124.60541906920605
6871,-113.82668554179554,-119.75797351592945,-124.66885333473937
6872,-113.75743753831824,-119.76525899409467,-124.68496332925685
6873,-113.76460995777708,-119.74051907705606,-124.69588397565387
6874,-113.74134876487193,-119.76604548685853,-124.59021080580294
6875,-113.77754141532074,-119.8224307513812,-124.60972245577258
6876,-113.93619537667612,-119.66865161082956,-124.66339734833356
6877,-114.02809821886406,-119.67162945110329,-124.77425485175056
6878,-113.87345861131311,-119.64158173066406,-124.8527466850799
6879,-113.95831332611655,-119.60466184022397,-124.92699884948955
6880,-114.04458402732358,-119.56288497962149,-124.86783396085184
6881,-114.05373528057059,-119.58558930782529,-124.84342278140014
6882,-114.11976035628807,-119.69785616556342,-124.88293143128601
6883,-114.18222522169641,-119.74529114201272,-124.9444557222115
6884,-114.29815714212201,-119.7503889130692,-125.00895420995415
6885,-114.37654696645214,-119.73400008961096,-125.03238463026204
6886,-114.37195095579068,-119.64998061807677,-125.04903734844638
6887,-114.37016013445614,-119.63740281239797,-125.15917239555026
6888,-114.41240187907823,-119.62077093558779,-125.11652655314667
6889,-114.51300992889333,-119.52911662875897,-125.04901123669711
6890,-114.45521552706265,-119.6035649386144,-124.97531061718051
6891,-114.49876165900199,-119.68727303852583,-124.97787572735191
6892,-114.56822873636742,-119.78964787799373,-124.89019244621858
6893,-114.55640710705356,-119.7007014792119,-124.90143587356557
6894,-114.50216758313422,-119.75240820158922,-124.88795119263258
6895,-114.43425426340679,-119.73081966368866,-124.85701005466143
6896,-114.49286654343484,-119.79539346534048,-124.81946501048978
6897,-114.61678693906971,-119.81767746402016,-124.72879286944635
6898,-114.73147490116585,-119.8320602428602,-124.73383436912013
6899,-114.56852321293604,-119.84930253046042,-124.77981761688349
6900,-114.65545991367449,-119.91796306372,-124.87475794048035
6901,-114.6129583410297,-119.88765889514568,-124.8409312115124
6902,-114.62149101722474,-119.77695435135712,-124.89394855551853
6903,-114.63526410353049,-119.70951553452264,-124.88239854548159
6904,-114.6277621328844,-119.65814923394628,-124.91241300158501
6905,-114.60403012354344,-119.71267815056777,-124.92917565644746
6906,-114.58101176554851,-119.6759408000544,-124.88256419276706
6907,-114.64066066110388,-119.58407762753582,-124.83327655483944
6908,-114.60306154457163,-119.5780710075428,-124.80699758757802
6909,-114.76300464550087,-119.51628437075058,-124.80895428930509
6910,-114.92935711113867,-119.48559418102053,-124.8487367898594
6911,-115.04727378951969,-119.43904002819279,-124.88669513790546
6912,-115.01346655839936,-119.34530880083645,-124.81980925630307
6913,-114.99999379784681,-119.35105838183216,-124.85512854697075
6914,-114.96451562517267,-119.40838548144943,-124.86624315435516
6915,-114.93197044478835,-119.3450991210315,-124.88007874890826
6916,-114.92083267654536,-119.36705096162086,-124.8699693057842
6917,-115.02311455169658,-119.36531536705073,-124.8639818641318
6918,-115.0093265955652,-119.28844481839695,-124.81986495473025
6919,-114.888166980326,-119.2665674304327,-124.95569299549393
6920,-114.80585938076953,-119.3351865934952,-124.94473929371134
6921,-114.84417285056654,-119.34195183262885,-124.95398364358124
6922,-114.80792693486262,-119.41620879432884,-124.96926643148885
6923,-114.74534659645127,-119.41227806806035,-124.99235835458188
6924,-114.7345418003938,-119.45599136080384,-124.95469412214975
6925,-114.64190271438528,-119.38353920096861,-124.93739380647706
6926,-114.49918196097502,-119.40019482976204,-124.86533671176605
6927,-114.45339067326925,-119.38643995921424,-124.87107381942758
6928,-114.42185652371208,-119.36435567661354,-124.85219803577701
6929,-114.51310875277483,-119.40991270164741,-124.82678578473835
6930,-114.57840327664711,-119.53104473709857,-124.70547452630116
6931,-114.465836233668,-119.4724700505943,-124.72502185773497
6932,-114.41871812899603,-119.29498289340471,-124.72684722581049
6933,-114.57049819556482,-119.31300731266708,-124.84162480201674
6934,-114.58665831006964,-119.33898873366317,-124.80638825531399
6935,-114.49795012582658,-119.20850541929909,-124.78681733392749
6936,-114.45579339337249,-119.10689592620248,-124.84989756899041
6937,-114.41703680160842,-119.18241671438591,-124.76358758224599
6938,-114.34169901123119,-119.09572000298333,-124.76651719412396
6939,-114.30413770091684,-119.11934575459418,-124.7516787060508
6940,-114.31016046505138,-119.08033496047062,-124.78828933585251
6941,-114.31099876365772,-119.00013190340437,-124.75788141110726
6942,-114.32622908366416,-118.93750657444166,-124.75040865496842
6943,-114.3844606059638,-118.83325067856666,-124.64324720482954
6944,-114.33114260294874,-118.73399475989632,-124.76280373763376
6945,-114.39976655683515,-118.8491585190241,-124.79869660404754
6946,-114.34605341505431,-118.73962784591494,-124.87537499079028
6947,-114.35612057562241,-118.7189689226666,-124.86895599539062
6948,-114.51153821477853,-118.78604218060359,-124.90223267850874
6949,-114.48246669419626,-118.73531345916908,-124.83682940403045
6950,-114.44164590904721,-118.74618711562215,-124.82109298626992
6951,-114.48860941394292,-118.78423048986497,-124.86849405849622
6952,-114.54484479406273,-118.80269826577575,-124.85627962369395
6953,-114.53669296785225,-118.748399489099,-124.88961484285419
6954,-114.59369593844946,-118.79343021899268,-124.88039497898168
6955,-114.62346156622414,-118.86780927390548,-124.86034680754761
6956,-114.51771672621801,-118.92978998747013,-124.81191539969213
6957,-114.5961438074681,-118.91288119952623,-124.64624235773229
6958,-114.75296257186605,-118.81957422564467,-124.68726592036128
6959,-114.83084935449736,-118.91197273295248,-124.6359453923994
6960,-114.84130851727042,-118.86353599015011,-124.63265376381153
6961,-114.71788900379119,-118.7640044080493,-124.51168654729332
6962,-114.58617880786146,-118.68950418501124,-124.5250910174914
6963,-114.55586023258522,-118.75411615102118,-124.5638294800787
6964,-114.47206701510936,-118.70408647456989,-124.58783089169916
6965,-114.39060764941469,-118.7022574752014,-124.56896898187347
6966,-114.30308109160443,-118.64851181262128,-124.50894527876943
6967,-114.19908957341072,-118.69604068855085,-124.51606020855192
6968,-114.13309650681452,-118.6751836046858,-124.50006691987181
6969,-113.95153702603494,-118.7190431460981,-124.49549737519199
6970,-114.11066353200471,-118.72019232032689,-124.49397025124473
6971,-114.0683958224455,-118.53247318350324,-124.59202757675331
6972,-113.96506321810344,-118.55549450117108,-124.596775460701
6973,-113.93764471778168,-118.62924592812777,-124.50080746217654
6974,-113.92929609893858,-118.6401044087304,-124.46212382074609
6975,-113.89596870365841,-118.58131217003569,-124.48969590251785
6976,-113.98099504640727,-118.59244507385756,-124.52924537496708
6977,-113.99540299440086,-118.63165943017094,-124.58230387764843
6978,-114.07808355210837,-118.71782042134335,-124.60144821509432
6979,-114.06734529572303,-118.62906234532082,-124.65512608120126
6980,-114.1645273021009,-118.65653569014827,-124.70535197769522
6981,-114.1495637197804,-118.57538369041937,-124.73351352502976
6982,-114.16739724971279,-118.42662932687912,-124.76314408900345
6983,-114.20391395498066,-118.36048413247295,-124.66224605142683
6984,-114.2695752055468,-118.4342494720164,-124.64290624740434
6985,-114.31275376892441,-118.42768816063659,-124.6030202875104
6986,-114.33574646900952,-118.33187449635173,-124.62217263407089
6987,-114.36043950253031,-118.39594088909573,-124.58849849153881
6988,-114.21674934577266,-118.35377241293764,-124.60643602948667
6989,-114.21987500087715,-118.36955014957665,-124.53426276805014
6990,-114.22933450383616,-118.21890956725915,-124.58320048953556
6991,-114.20986515795556,-118.18580032647176,-124.59976610205781
6992,-114.12785762177998,-118.23844995364561,-124.54942240719508
6993,-114.02339334018097,-118.30003254298254,-124.46068000445806
6994,-114.01421554139614,-118.39781557986694,-124.40515077331679
6995,-114.079905770537,-118.35418968648989,-124.28198052840295
6996,-114.1025320009745,-118.36184944132957,-124.25377615886397
6997,-114.06055707628852,-118.36613278777767,-124.2258077886377
6998,-114.2014274539325,-118.4680115271502,-124.18878824750787
6999,-114.34139440528278,-118.5822776394595,-124.2086783814425
7000,-114.31876644911105,-118.62894993602244,-124.2919664097665
7001,-114.17391528901243,-118.61884921425734,-124.35534946267302
7002,-114.11485214393895,-118.55705102306874,-124.40214463522955
7003,-114.0463580176313,-118.57667985517122,-124.46107628982222
7004,-113.94604017286233,-118.63048675986312,-124.42690296753487
7005,-113.88679876227852,-118.68625327731438,-124.42945572686884
7006,-113.87399679713425,-118.68094235458368,-124.33894234458765
7007,-113.8383877691464,-118.7224092257569,-124.4171166544856
7008,-113.784003748711,-118.63013977062064,-124.3893349806801
7009,-113.74482062616664,-118.49797649219056,-124.416487722391
7010,-113.79430397427913,-118.47952007683828,-124.44128774924206
7011,-113.73612911939264,-118.4823603107891,-124.4562859110658
7012,-113.68581833877309,-118.48134582899289,-124.34732611805688
7013,-113.70314079292648,-118.50505736499983,-124.28756522062292
7014,-113.618154968606,-118.50889620668154,-124.32371116593893
7015,-113.57419351027607,-118.4506890019438,-124.30784649018051
7016,-113.65634372685386,-118.53295548346945,-124.31787957875916
7017,-113.56098452916721,-118.49816209305543,-124.33048690374423
7018,-113.68086997308205,-118.3393772883941,-124.34965704130977
7019,-113.69424172971823,-118.27117878525297,-124.33404177051514
7020,-113.7332501975021,-118.27189308330438,-124.24414020013913
7021,-113.69776599522157,-118.32405064143163,-124.2878424363405
7022,-113.74084396855508,-118.27391514670265,-124.16669099276832
7023,-113.59226796060135,-118.33885428835563,-124.12072221309081
7024,-113.68615224408143,-118.40183391568955,-124.11352855205138
7025,-113.68699036992365,-118.43004809128917,-124.0624550281858
7026,-113.72999097697844,-118.45273695363686,-124.12145491694223
7027,-113.77267367431901,-118.24730116333785,-124.13767940332829
7028,-113.72487434380523,-118.19176496171622,-124.17029520427653
7029,-113.7510681478254,-118.30596525605196,-124.15940599061463
7030,-113.72383883936695,-118.2757398868317,-124.10861676841614
7031,-113.82596655362593,-118.38430853271434,-123.99602197984532
7032,-113.72698122408889,-118.39305512836845,-123.89107340156079
7033,-113.67394331284383,-118.34574157598695,-123.84899661810275
7034,-113.69217505322337,-118.21068370516504,-123.85012148088396
7035,-113.74259116148582,-118.17061995558876,-123.80401789834407
7036,-113.67966331883648,-118.30157173290576,-123.76247358579057
7037,-113.62704067428908,-118.2427367227986,-123.60043355652778
7038,-113.64393927292363,-118.22343198398906,-123.54185320433669
7039,-113.54089661169608,-118.23456344899662,-123.44622600722963
7040,-113.50348116848046,-118.22003570352715,-123.45613293234464
7041,-113.47447018384538,-118.17446012700191,-123.53762416487479
7042,-113.42256403288006,-118.07703353430969,-123.49277309990762
7043,-113.30615758736863,-118.08460387967862,-123.44030740095374
7044,-113.27262938034018,-118.11222618840019,-123.3559458200178
7045,-113.22732397872242,-118.19926561121389,-123.33403302951103
7046,-113.15445630997111,-118.29282412937339,-123.27418969098791
7047,-113.15008646538676,-118.35395864883752,-123.24033926913529
7048,-113.00243895695971,-118.27463898179738,-123.19192529425706
7049,-112.93765473003612,-118.35231988047633,-123.24914198212528
7050,-112.86433238528865,-118.24535620261895,-123.2642737715143
7051,-112.88130185812602,-118.14902429436368,-123.23544350805933
7052,-112.77858727521682,-118.0630917283603,-123.34839292259717
7053,-112.84019520376206,-118.09888020348414,-123.35054866141739
7054,-112.83534014814913,-118.05925521952149,-123.29632686992794
7055,-112.85639131594237,-118.02646514336196,-123.30916484407655
7056,-112.82218457563346,-118.0113498046896,-123.41019684126908
7057,-112.67844294568523,-118.04775713503295,-123.43865702230212
7058,-112.58731168835811,-118.05117732206648,-123.44367149798062
7059,-112.65445820589352,-118.02068747967863,-123.3992820723119
7060,-112.55375802762995,-118.02695059555882,-123.36430536984872
7061,-112.47455798660322,-118.0515060908632,-123.32775052315733
7062,-112.47341209886042,-118.09692385287458,-123.32484899221585
7063,-112.55392597433647,-118.13987099628345,-123.29790961453841
7064,-112.55995527667363,-118.10911442047316,-123.34540239999161
7065,-112.54813756085825,-118.13006235513151,-123.29866860987346
7066,-112.57113304744632,-118.12899056300277,-123.3196824222123
7067,-112.43518251891263,-118.26017211982767,-123.32639663895992
7068,-112.34318893437074,-118.33588670033873,-123.3094812493542
7069,-112.21845582486625,-118.392599601662,-123.2902653955239
7070,-111.97366855854081,-118.44937194321545,-123.2573912551653
7071,-111.91697846405123,-118.34251518654466,-123.24574747567087
7072,-111.97676381936992,-118.35213489147003,-123.21468534707296
7073,-112.01957745153743,-118.24936082423191,-123.15339756486166
7074,-112.14321670245315,-118.21903889680365,-123.1673055661968
7075,-112.22795396242742,-118.22567072316878,-123.14337013939435
7076,-112.18228199422583,-118.15852149429983,-123.11221278457626
7077,-112.08417840549092,-118.24161743676655,-123.19287049769507
7078,-112.13480542039588,-118.22323360667997,-123.11838084151798
7079,-112.14021505824277,-118.17943580179373,-123.08799422004272
7080,-112.21535396250397,-118.18932259165528,-123.08482498548983
7081,-112.3069838011036,-118.13928955458171,-123.08084356068626
7082,-112.24520138536953,-118.07357150110478,-123.09127285916506
7083,-112.17574635271879,-118.10452900649517,-123.05153580396112
7084,-112.08737293746285,-118.04768709690468,-123.04225050310328
7085,-112.06538812029706,-118.14273491247002,-123.10849948410984
7086,-112.28334843811619,-118.12848148890811,-123.11024084339927
7087,-112.30710432942091,-118.10662350118,-123.06546998391146
7088,-112.19462509223071,-118.06300074618645,-123.1055224399048
7089,-112.21804282851856,-118.0481938832475,-123.10903612112284
7090,-112.18871214769287,-117.9422798376191,-123.17472236388363
7091,-112.22865914547847,-117.83449285123203,-123.13102582445758
7092,-112.22755709623021,-117.9331528254481,-123.08995499083248
7093,-112.18627002603876,-117.9790516927151,-122.9699104231617
7094,-112.22232028686385,-117.88603301003275,-122.91314235492663
7095,-112.35666154997452,-117.9072829428371,-123.01258761221938
7096,-112.37843008513426,-117.97628060255582,-122.96154857970654
7097,-112.35802426609665,-117.98536791515994,-122.95225624531699
7098,-112.4029874980606,-118.01797073884721,-122.9881927820042
7099,-112.35917503569338,-117.96774074841161,-122.98958829678466
7100,-112.32593325493383,-117.96574522624208,-122.96679536101331
7101,-112.3219579478106,-118.00566376622317,-122.98905948312502
7102,-112.20910944147613,-117.96409950536312,-123.0372518782758
7103,-112.27893435035232,-117.95425780155065,-123.10369404171179
7104,-112.20184024272656,-117.99241040146745,-123.04671688108252
7105,-112.10703680467894,-117.85473041791994,-123.0481619907431
7106,-112.04602081314903,-117.8762872584887,-123.01859923332516
7107,-112.065320741946,-117.9283017353766,-122.99697872817208
7108,-111.9426081905321,-117.84541002447507,-122.94703082089802
7109,-112.04222495076262,-117.85836695548925,-122.9016876478212
7110,-112.09016714053416,-117.85824609933795,-122.84946164704542
7111,-112.04513078826832,-117.87513153489027,-122.82038039481246
7112,-112.12484386994763,-117.88329708530746,-122.87975583742238
7113,-112.10614362763675,-117.81533843521643,-122.8723857233839
7114,-112.13630563143835,-117.71613555198043,-122.84963046857123
7115,-112.11741046048778,-117.7447928861699,-122.8660087148009
7116,-112.1026818907996,-117.67753280297576,-122.91364108547762
7117,-111.99160919899072,-117.74712987141578,-123.04933259402625
7118,-112.00286389625327,-117.79851106716328,-123.15403881762185
7119,-112.02809040200279,-117.76083296410286,-123.10631497771664
7120,-112.07542504007591,-117.7959832711382,-123.02526176542112
7121,-112.04867521211449,-117.81953890735983,-123.10082553643012
7122,-112.10458758749141,-117.86702933693515,-123.1111516025141
7123,-112.06287603645472,-117.9025177154516,-123.0453576104181
7124,-112.0666611196063,-117.90771746627178,-123.1255428070358
7125,-112.26969078937188,-117.94720802968443,-123.09659650748094
7126,-112.18086438447007,-118.02533289663461,-123.09910301285781
7127,-112.37632503333334,-117.94431331421512,-123.09586193164179
7128,-112.45116654143563,-117.98178584146886,-123.06837772957928
7129,-112.61237579528945,-117.92946561611286,-123.03135253105071
7130,-112.50576568241931,-118.00809422026009,-123.00056219603682
7131,-112.51934009448556,-118.13516929404253,-122.930417529042
7132,-112.54493373131083,-118.04574456185688,-122.95884275642916
7133,-112.4671590764215,-117.86536957401032,-122.96728403389558
7134,-112.53428726927453,-117.86802948070788,-122.99511111035845
7135,-112.52867167821668,-117.85090832023893,-122.98459909801966
7136,-112.52542025678244,-117.76946109719046,-122.96467774720185
7137,-112.50045244358294,-117.78658506450836,-122.90766812822304
7138,-112.51247369012401,-117.75705785362234,-122.90621765666258
7139,-112.58187796978328,-117.79045718349767,-122.7742916693025
7140,-112.50837244971255,-117.83144174471677,-122.76534158181809
7141,-112.43305450277624,-117.85503196303529,-122.7526233618504
7142,-112.34548138485653,-117.92604236689435,-122.74066646938596
7143,-112.41328532987913,-117.93807063388411,-122.76422279092336
7144,-112.3510276185421,-117.87931157625209,-122.8661862747811
7145,-112.25452027022476,-117.91021640544881,-122.87015439849066
7146,-112.2405845230818,-117.9936101440426,-122.84194854021789
7147,-112.24792702511476,-117.99779198148994,-122.85279467805037
7148,-112.28584015452391,-117.97604996535456,-122.87885865374025
7149,-112.18167984990917,-117.95254608536001,-122.91202083151614
7150,-112.14954263579159,-118.09112936802848,-122.92894004434581
7151,-112.15684977589905,-117.99268025672836,-122.88765127576622
7152,-112.12055184391114,-117.97699600131294,-122.93005682056764
7153,-112.21832311555923,-117.89350881589108,-123.0047023759751
7154,-112.25646974838419,-117.81900503773619,-123.00204396821965
7155,-112.2169049826314,-117.77055121639196,-123.14777912135642
7156,-112.13369878397911,-117.75079538885984,-123.1314834994939
7157,-112.1022361196139,-117.76526546200654,-123.18245085436232
7158,-111.93559761335206,-117.67601627560697,-123.16869003627951
7159,-111.96663380058067,-117.64785600741277,-123.10496631461535
7160,-112.0081341095787,-117.56991333141661,-123.05814535151734
7161,-112.17052967665063,-117.583782078048,-122.99165191564299
7162,-112.15550282868034,-117.5211526951634,-122.93461432898273
7163,-112.13635800244771,-117.49517008035664,-122.87748601962707
7164,-112.1278582935407,-117.43952967396513,-122.83919706549605
7165,-112.23165045633976,-117.4765637250461,-122.84487686028548
7166,-112.2883734808423,-117.42666256189668,-122.82304687156764
7167,-112.25885361813147,-117.42293870880677,-122.7697571042246
7168,-112.28172500357599,-117.42377537551397,-122.82565940031358
7169,-112.16757231578475,-117.43524057253013,-122.84705878526017
7170,-112.18288330322942,-117.3848491306204,-122.82296706997059
7171,-112.04493304336518,-117.4057765261906,-122.84894634344323
7172,-112.14631626336933,-117.41878671132613,-122.85151583716983
7173,-112.14110537107581,-117.45810046744722,-122.76814571159925
7174,-112.20042511492126,-117.51642588110316,-122.78845208859673
7175,-112.14068230494092,-117.60000968110239,-122.75894419577239
7176,-112.17369820775724,-117.49497584778982,-122.80514874193528
7177,-112.15225083600163,-117.50946855158008,-122.83992070313118
7178,-112.02500673822283,-117.55820337071734,-122.85071443050121
7179,-112.02453739774708,-117.55996007714302,-122.8933755235845
7180,-111.96977795381329,-117.46635438915878,-122.88381588294027
7181,-111.97206313304747,-117.36711067189472,-122.86794326407977
7182,-111.88615361318293,-117.41662108002964,-122.9160582693984
7183,-111.93211801282132,-117.4065080981683,-122.92759459584926
7184,-111.75300446811355,-117.43667428990831,-122.93214624827695
7185,-111.66932626234825,-117.42867140627638,-122.99339048751983
7186,-111.68036777784494,-117.3652409547194,-122.87092337530433
7187,-111.54263006438816,-117.49265049815278,-122.83690231655868
7188,-111.53330928652966,-117.42901747338288,-122.77201185211698
7189,-111.42261378634028,-117.30798916259948,-122.74676562230174
7190,-111.48563947871907,-117.21778226458838,-122.77026290129834
7191,-111.4450232493785,-117.2103935039967,-122.78260693057587
7192,-111.59071916833165,-117.26110114880646,-122.79455092334044
7193,-111.55459070003096,-117.28558478527455,-122.73164069894517
7194,-111.57932594536257,-117.4078886249743,-122.73649758983828
7195,-111.48138407389766,-117.42942978595889,-122.77679169942994
7196,-111.46129611772588,-117.43455907430797,-122.81206925557764
7197,-111.45933656829757,-117.48690063317714,-122.85136350735702
7198,-111.54688836141015,-117.45532615337068,-122.75786784917631
7199,-111.6678378113744,-117.54158260336621,-122.83822276475881
7200,-111.69068618843633,-117.64951042668834,-122.82589097022202
7201,-111.71686576749849,-117.73672342362285,-122.81465104484431
7202,-111.7478895612936,-117.74733834379023,-122.82357945334834
7203,-111.75013977079617,-117.69031716983054,-122.85976762387025
7204,-111.59494970586783,-117.59855692427789,-122.91726114117645
7205,-111.44230216704668,-117.5535463983972,-122.91718606538292
7206,-111.5383434781037,-117.48918109312383,-122.85831070198539
7207,-111.5518901539531,-117.43036898564057,-122.80276123667426
7208,-111.61087846344083,-117.4396241010017,-122.89718752373315
7209,-111.57500905086532,-117.31899894790354,-122.95029854622084
7210,-111.66791238127263,-117.32665639046553,-123.00426961220192
7211,-111.65038032498802,-117.27105112860876,-123.05706622657935
7212,-111.70305277050684,-117.26841414064845,-123.05430047906361
7213,-111.73508361764868,-117.23147405321558,-123.03982782173586
7214,-111.71820943779564,-117.15046622243509,-123.05481853440914
7215,-111.83320358517948,-117.13989636307954,-123.02641055434374
7216,-111.784823361587,-117.06395059285869,-122.91228087150179
7217,-111.95047156186068,-117.00651943298243,-122.80757665940362
7218,-111.92927015576933,-116.98165382223235,-122.8164172028464
7219,-112.02527103210252,-116.96660469728036,-122.93488347767271
7220,-111.99846399834416,-116.93955419189018,-122.9629234266927
7221,-112.06723366207231,-116.96677645724529,-122.98742157673627
7222,-112.08506547479297,-117.05442981115408,-122.91848833549395
7223,-111.97148133604293,-117.04245085581206,-122.97074048558635
7224,-111.99630866809181,-117.01539084424503,-122.98477689067909
7225,-111.9260183684561,-117.0263273061546,-123.00442343564808
7226,-111.88193869626247,-117.05696714824799,-123.02433441748809
7227,-111.98131086467582,-116.97480951173208,-123.03863762171699
7228,-112.09899823417044,-116.89497018373413,-123.08573799183588
7229,-112.10875652514493,-116.8666196333774,-123.07763137386458
7230,-112.24840433410347,-116.79544584838114,-123.04712921501995
7231,-112.28669823321837,-116.93520194383528,-123.09674005970018
7232,-112.29424019578113,-116.95887706534799,-123.15807176908574
7233,-112.26297002269956,-117.04224015040143,-123.11889792760387
7234,-112.18354669564415,-117.00258156396171,-123.08543646325266
7235,-112.12499930120035,-117.052589321053,-123.0275891546265
7236,-112.15146158756653,-117.22985220640254,-123.03959293187467
7237,-112.1883207397313,-117.2195779034891,-122.95117541946352
7238,-112.11291308677761,-117.20173891044766,-122.9744331775677
7239,-112.10144303941377,-117.28152911140907,-122.94958325952095
7240,-112.15468138596859,-117.2805434452736,-122.85680351583947
7241,-111.9987566836046,-117.2423745617971,-122.81523798829514
7242,-112.24970700837201,-117.22252550482634,-122.7856569054532
7243,-112.32600818513609,-117.12782118093187,-122.76262101420068
7244,-112.40061459647822,-117.20184616965366,-122.77095336068408
7245,-112.45843357153242,-117.07828026173141,-122.69767404267066
7246,-112.37619620830324,-117.03644455580803,-122.75210930116361
7247,-112.32994489534005,-117.00979650903919,-122.75766184752916
7248,-112.35684833870218,-117.02496937995144,-122.61769445473884
7249,-112.43122440196576,-116.98854788476848,-122.69789920083409
7250,-112.45735077280415,-116.98725698461928,-122.61677113817004
7251,-112.60778479416268,-117.0956808138663,-122.58645705980123
7252,-112.6173074988203,-117.05365654359079,-122.55566205039534
7253,-112.62598033017096,-116.99784420821847,-122.60534888807246
7254,-112.70052821083388,-117.0693717740955,-122.61974882335868
7255,-112.69967562046672,-117.03664981370525,-122.51538174631325
7256,-112.72937282085806,-117.01550891378645,-122.51482197435277
7257,-112.83360818633959,-116.97104688505533,-122.49742690364735
7258,-112.92248075259968,-116.91299477045294,-122.48570675041276
7259,-112.97428957172231,-117.03382805706995,-122.45661585588508
7260,-112.93237676753004,-116.9651259230995,-122.4300292574725
7261,-112.91538937049089,-116.94571498508951,-122.43155867381496
7262,-113.09588755895064,-116.94451239842743,-122.37449300717168
7263,-113.04664108851398,-116.9085507226052,-122.3914911989873
7264,-113.08360596859018,-116.8200544733563,-122.33941866378252
7265,-113.16207244611667,-116.74554299345309,-122.3084169853182
7266,-113.18825056746368,-116.74936849464595,-122.18121567017678
7267,-113.18703521083862,-116.69892727314597,-122.21949775815708
7268,-113.2248947478435,-116.62156496455046,-122.20320183829976
7269,-113.2137014722511,-116.59686637779424,-122.22097289379403
7270,-113.14460292600688,-116.62097281984491,-122.22928816973702
7271,-113.11097042261076,-116.50148956714331,-122.22311135263601
7272,-113.08944375267635,-116.40110332873161,-122.18495081840929
7273,-113.03080741470808,-116.35685197582882,-122.14252800458226
7274,-113.04603793605649,-116.45308898261571,-122.19050644291562
7275,-113.0893426175811,-116.39228774674669,-122.15296797715044
7276,-113.25440075885489,-116.3898320962834,-122.12924548564295
7277,-113.43859881336331,-116.3325660311713,-122.08027114236222
7278,-113.4542374045187,-116.3461734615596,-121.98983866949357
7279,-113.43982636898944,-116.28824755357186,-122.02051313777554
7280,-113.39911224552796,-116.20965244506961,-122.07270985534373
7281,-113.44673567395384,-116.16781084515043,-122.07933747166882
7282,-113.4713657979276,-116.21307381803811,-122.02475881559138
7283,-113.5386988298747,-116.20731214142069,-122.11335805877361
7284,-113.68767179413433,-116.23127858405138,-122.02832928249309
7285,-113.55944320483279,-116.13165855031676,-122.03649597416937
7286,-113.69236812037343,-116.04725646063488,-122.04837613453418
7287,-113.66583097608381,-116.07554051772651,-122.01420549357638
7288,-113.64184581148739,-116.01877624454988,-122.02203161873845
7289,-113.59697382181302,-116.04781524270228,-122.02322126735226
7290,-113.62857975625654,-115.92242491419522,-122.06642084309192
7291,-113.6330514548262,-115.82567669934006,-122.11978482561442
7292,-113.5281904884581,-115.82965824853095,-122.0836260295945
7293,-113.53608255797555,-115.859828592521,-122.17846931908242
7294,-113.4887375449282,-115.88738393174482,-122.12261319442845
7295,-113.51386429195043,-115.96809212548129,-122.08445313751001
7296,-113.56367590720407,-116.04688008628995,-122.05391227018615
7297,-113.61076066691899,-116.00001805450802,-122.11446793009043
7298,-113.54234792934139,-116.03994508770184,-122.04538489267546
7299,-113.42068297740335,-115.96765252151245,-122.06689847156974
7300,-113.59890491405032,-115.85576158979701,-121.97598341596239
7301,-113.6704782490034,-115.86386648031305,-121.95160013722929
7302,-113.5870310232896,-115.84376687261198,-121.94237094934606
7303,-113.4940351966891,-115.81308065183676,-121.9322816223042
7304,-113.47456097923032,-115.87029399496589,-121.85160827118062
7305,-113.65304725821923,-115.84240231699636,-121.81060452207423
7306,-113.56018437221951,-115.77612118363507,-121.82947180614875
7307,-113.48877847780307,-115.66399909361226,-121.83761149733374
7308,-113.4840172119801,-115.62394559940225,-121.7422585113417
7309,-113.58532842419008,-115.60436362706577,-121.77207920089579
7310,-113.53385408800399,-115.49463751240468,-121.73247390843008
7311,-113.62269055037821,-115.63448619545932,-121.72778561528446
7312,-113.76998312776529,-115.57945057534482,-121.70250027733853
7313,-113.64473915467303,-115.59107696141317,-121.71464910212401
7314,-113.51257545120808,-115.57670895065286,-121.63677921008406
7315,-113.55229938979211,-115.70459444040591,-121.58511191448247
7316,-113.67621826171006,-115.697432035446,-121.63912697451647
7317,-113.74754306186323,-115.62677134282474,-121.67136855369016
7318,-113.799822184681,-115.61280179262616,-121.77488486198588
7319,-113.77278621659305,-115.59035676222885,-121.79766854222734
7320,-113.723250150171,-115.63772037703181,-121.82212575520668
7321,-113.59249386456736,-115.65289261898988,-121.86015630120073
7322,-113.64975765930794,-115.6479718527651,-121.90165807663523
7323,-113.76166482621636,-115.71609638677151,-121.88362058709751
7324,-113.71356563646063,-115.7100289619193,-121.88689127811573
7325,-113.54942174466942,-115.60417611258845,-121.84347147956419
7326,-113.63527735231733,-115.62746511962999,-121.87068828993532
7327,-113.73953736766923,-115.55534417720595,-121.89597879139728
7328,-113.77485548071682,-115.560421328676,-121.91437247505644
7329,-113.91162800266235,-115.5721734218496,-121.89894849760752
7330,-113.84915290283709,-115.60758205584038,-121.90811417848545
7331,-114.00016453892263,-115.6089389476025,-121.86482510077663
7332,-113.84941025089805,-115.60282107566866,-122.00116087695616
7333,-113.78264065341504,-115.52109042991901,-122.04325404446011
7334,-113.71903770925815,-115.49957024373266,-122.02989659323218
7335,-113.72108933493868,-115.42617696814047,-122.05335753288044
7336,-113.74263410443115,-115.46073172056401,-121.97618887132637
7337,-113.80591245746548,-115.37205009042353,-122.03372429085057
7338,-113.89124248779763,-115.32336223905818,-121.95491719724731
7339,-113.91057016287556,-115.33137548666673,-121.96160216294543
7340,-113.93375442341016,-115.445623454275,-121.94675738204069
7341,-113.87427164597943,-115.57390428652174,-121.92002756596312
7342,-113.91064764449536,-115.54673058489216,-121.94247140201949
7343,-113.87723587719658,-115.53155582488353,-121.92084374126712
7344,-113.9131986078072,-115.41478502180556,-121.9226567535438
7345,-113.96799227304489,-115.45201780498304,-121.96315810742487
7346,-114.02419109752022,-115.40643124457031,-121.9572597843975
7347,-114.07258767544721,-115.38544092094664,-121.96510426980834
7348,-114.17112815731628,-115.44080808036392,-121.94522081975856
7349,-114.36464819334302,-115.54846703501397,-121.88358697032054
7350,-114.18209903463543,-115.68753323011492,-121.91229480626694
7351,-114.19904855678138,-115.59032107191081,-121.89713802699256
7352,-114.18778023455263,-115.56505602512993,-121.9169785968225
7353,-114.37109401026379,-115.53604387667616,-121.88404917850939
7354,-114.37968433976314,-115.47181921817861,-121.90922792635041
7355,-114.40616622833811,-115.51952187881004,-121.91605556353123
7356,-114.39100281375198,-115.4242549965908,-121.86104907672492
7357,-114.44157621957189,-115.41863878091718,-121.84847125056598
7358,-114.38649482456822,-115.52531894937812,-121.98077922346688
7359,-114.26113178949788,-115.52023487539857,-121.9021017671817
7360,-114.23142712187828,-115.50763335637814,-121.81639820212416
7361,-114.2112031385141,-115.53921374678967,-121.7541436356363
7362,-114.1217687623093,-115.56328070691623,-121.76917166301303
7363,-114.13883261028185,-115.54371042861561,-121.72437302116623
7364,-114.17374705800171,-115.57661187095664,-121.70783228511421
7365,-114.27698680541737,-115.62352352902124,-121.72498611038603
7366,-114.23974896799493,-115.71548658189401,-121.74075516338618
7367,-114.20246260029637,-115.71508898116844,-121.72471123320042
7368,-114.33120050671968,-115.74802565643043,-121.62903872068435
7369,-114.32074870148529,-115.8159074386146,-121.53770536076755
7370,-114.39339221178373,-115.71738089866419,-121.49603033145584
7371,-114.46608834948141,-115.75535111583324,-121.42008709848736
7372,-114.49569100789728,-115.74428588676508,-121.38766742060493
7373,-114.450356359994,-115.77751094216475,-121.37228657801651
7374,-114.55847842705444,-115.82829747531369,-121.37798927095452
7375,-114.42943990713448,-115.86660617510861,-121.35376313894548
7376,-114.45628884575004,-115.86340359993223,-121.3705514772802
7377,-114.28133424049139,-115.83828547974679,-121.43376865499187
7378,-114.3316287209868,-115.82405328823634,-121.46958156937714
7379,-114.20936952643282,-115.79488506821963,-121.4494807164884
7380,-114.2592170045429,-115.76324842888931,-121.40031517157979
7381,-114.26584956669332,-115.71704817169444,-121.36546071139767
7382,-114.19402929210622,-115.5699015663217,-121.33924474279385
7383,-114.1084452471894,-115.61947798760764,-121.28818684944608
7384,-114.07141845201359,-115.58111534596098,-121.21217627980681
7385,-114.17589214333486,-115.54208673975404,-121.19945523069414
7386,-114.19051316196183,-115.52191288160982,-121.23259600367615
7387,-114.23932202891928,-115.63932673147242,-121.26731597759726
7388,-114.25270834112357,-115.6169446498076,-121.20209091028221
7389,-114.15526735878208,-115.55352752343343,-121.16846418914889
7390,-114.11412789396675,-115.6363995608847,-121.12079005351049
7391,-114.09846897388998,-115.64072153313367,-120.95689609724515
7392,-113.89351025294569,-115.66526021887816,-120.96413969366486
7393,-113.93506766120599,-115.62081068290047,-120.9985094070677
7394,-113.88592039884543,-115.682544903722,-121.06151692033552
7395,-113.91688589086824,-115.61416713354937,-121.1164788533417
7396,-113.84124682273047,-115.47592716202375,-121.17262708422635
7397,-113.86996069782315,-115.47194889589126,-121.2009014295424
7398,-113.9056792498657,-115.48302589536192,-121.23245803367332
7399,-114.01851353385798,-115.47121328733238,-121.2545660400469
7400,-113.88749599980096,-115.44890702321092,-121.30816923668837
7401,-113.9578112967718,-115.47314126958202,-121.34194087184883
7402,-113.77354761783116,-115.50208168138047,-121.38441227037077
7403,-113.75019849801423,-115.52764056760222,-121.45683061475074
7404,-113.746217925794,-115.48534165155337,-121.41715602373273
7405,-113.8753410509866,-115.6146197940934,-121.41790526409702
7406,-113.8496034920575,-115.76925504643717,-121.36884721295968
7407,-113.89286422600503,-115.90835753432587,-121.39182845457434
7408,-113.91283752658478,-115.94660695101018,-121.46186290628626
7409,-113.71140993166168,-115.92709491273588,-121.38317509988944
7410,-113.68483513949681,-115.97297363861574,-121.42998325485681
7411,-113.56152479805192,-115.91633879116884,-121.44714316376603
7412,-113.60278015071297,-115.91508468320964,-121.51938827939807
7413,-113.6475184716252,-115.94550825526701,-121.3996725864283
7414,-113.61510065990457,-115.7901241414028,-121.35050343636343
7415,-113.55731460101546,-115.89095610713868,-121.33744247114637
7416,-113.55205866667805,-115.97396035983391,-121.28340075681847
7417,-113.51183203826233,-116.09562431240161,-121.32020640726623
7418,-113.51986782332943,-116.12532481396187,-121.30035350540555
7419,-113.45617688751463,-116.08290344507725,-121.28820858519023
7420,-113.51573347355253,-116.1269345706016,-121.31636550850118
7421,-113.55360553017286,-116.13621336311886,-121.29402138030747
7422,-113.53237597227314,-116.22390894859348,-121.3509377277654
7423,-113.5485438847767,-116.32393083891748,-121.3735634005903
7424,-113.63250840487672,-116.3877501048587,-121.41758350655141
7425,-113.68912125939912,-116.40079357178507,-121.46148499720542
7426,-113.6954032891984,-116.3788859159173,-121.52868710420806
7427,-113.69430369960155,-116.30860202666469,-121.51583969673368
7428,-113.62768186516396,-116.45466980003441,-121.55266126845336
7429,-113.60797602098586,-116.51236146172923,-121.56296745569114
7430,-113.63307333325048,-116.53354401330822,-121.53833774350686
7431,-113.6633226764096,-116.55059839277595,-121.58547353308565
7432,-113.60757915709289,-116.6511248888254,-121.60659169256377
7433,-113.69448722667954,-116.73173567749731,-121.61948928221929
7434,-113.56077739181693,-116.644927494572,-121.55374133021903
7435,-113.61466091610245,-116.6415948460412,-121.54407005003532
7436,-113.53326483262853,-116.63761133629876,-121.53188080969022
7437,-113.53451097610213,-116.60258344235288,-121.58590875515168
7438,-113.46162059172367,-116.59118947638149,-121.54158687363429
7439,-113.37176430703629,-116.653420765551,-121.54675209627442
7440,-113.37251902236345,-116.66780858315563,-121.57089063767205
7441,-113.30570789073818,-116.70657647328534,-121.51681796854199
7442,-113.28706113686005,-116.59999634116949,-121.45423315747655
7443,-113.22331713830155,-116.54180646011339,-121.44325608242681
7444,-113.14373216588696,-116.55604894577489,-121.40343223467458
7445,-113.19882921937378,-116.59297123652487,-121.37701066525487
7446,-113.06223136565313,-116.64482981762498,-121.37307619996722
7447,-112.97178376574556,-116.6026413942592,-121.43088648658357
7448,-112.99528310987374,-116.54893614632184,-121.41695537521943
7449,-112.97839263607989,-116.50576472217823,-121.34734364995174
7450,-112.9759816972948,-116.50914200992577,-121.30576943117015
7451,-112.9513995835984,-116.56565927669413,-121.23568118975422
7452,-113.0786087705203,-116.56509200739647,-121.17349005845749
7453,-113.21073788260273,-116.66028493693193,-121.17781148392487
7454,-113.21355635473459,-116.55290054271745,-121.16563899177216
7455,-113.18609814721935,-116.51003834464495,-121.19044845693662
7456,-113.21968729256565,-116.45334129285527,-121.30504439841769
7457,-113.25515756013183,-116.49052797000525,-121.31936191649041
7458,-113.39342695567595,-116.5197271789819,-121.31453650925326
7459,-113.42015958770006,-116.47488687920628,-121.32941671625798
7460,-113.2241433168304,-116.48685689751463,-121.3941703582147
7461,-113.32480703623868,-116.51193385092273,-121.41972144855391
7462,-113.40144750509015,-116.53426640003543,-121.40546043238676
7463,-113.44194149738837,-116.5174090419334,-121.38217225356962
7464,-113.39392519389457,-116.52566414756807,-121.3065803446051
7465,-113.31286811426374,-116.498553992018,-121.36824518202152
7466,-113.31884563753769,-116.60141404746687,-121.30932073506742
7467,-113.396697623969,-116.67418207927265,-121.25387447331083
7468,-113.4437631825907,-116.66688118647251,-121.34305861351586
7469,-113.36090258871164,-116.6853435887302,-121.34506670637028
7470,-113.32232559841607,-116.69111036770542,-121.32049717331813
7471,-113.33249610763991,-116.65394644677454,-121.32224038337526
7472,-113.19958473931959,-116.72540494226357,-121.35194002755084
7473,-113.29671242799614,-116.78920340976288,-121.33453718887607
7474,-113.48670696242803,-116.79532133602882,-121.42180917256002
7475,-113.44150363565566,-116.64070566779768,-121.45906782694136
7476,-113.34460421977028,-116.65158702769617,-121.45654845247284
7477,-113.37766511237893,-116.71122638377884,-121.4243353416613
7478,-113.49749438814311,-116.69843006789338,-121.34267170114578
7479,-113.45702210455399,-116.70422869749017,-121.34203448871332
7480,-113.5617775016633,-116.62943083777068,-121.31801424981313
7481,-113.45577011542679,-116.61841069793215,-121.31141011878856
7482,-113.47287907811977,-116.69484760158831,-121.28023951780443
7483,-113.38694230697718,-116.67955503968611,-121.3239581715369
7484,-113.40518596144592,-116.67036308677032,-121.35606916069196
7485,-113.35159151134717,-116.73910535778163,-121.39727979081596
7486,-113.30456234311708,-116.71319871076376,-121.41159709796075
7487,-113.26846932427333,-116.74095576552148,-121.31990377614642
7488,-113.34511132548438,-116.72807721524053,-121.31160451856059
7489,-113.26712218525944,-116.69393543439202,-121.29255712017027
7490,-113.25067866845717,-116.6636973918481,-121.31605489834726
7491,-113.16518800706476,-116.72717129935981,-121.32197244961918
7492,-113.20960774426659,-116.72241479182125,-121.26566579305322
7493,-113.3178480564305,-116.73625480077226,-121.2205180481855
7494,-113.31383442995536,-116.83266062969393,-121.26946041652994
7495,-113.3916999068782,-116.82292405388984,-121.30837295422216
7496,-113.25049259747902,-116.75041286956562,-121.29916412826827
7497,-113.26822646338778,-116.81604117679436,-121.15748150411395
7498,-113.24708159468202,-116.82197797274382,-121.14349970614148
7499,-113.11598458467417,-116.91695368788103,-121.08827523134266
7500,-113.0418234161811,-116.87925476992382,-121.10304127590027
7501,-112.98188192916476,-116.78539059491237,-121.19994919445382
7502,-113.00842831714371,-116.69579001101596,-121.18404945317499
7503,-113.0753363731528,-116.70072815210273,-121.17561371007406
7504,-113.0225721195606,-116.7446061523479,-121.16311227483736
7505,-112.96810291496078,-116.6915212049319,-121.09735697219573
7506,-112.96687563538796,-116.62110833233618,-121.08932470157433
7507,-113.0218484653644,-116.5780102778945,-121.00458834062005
7508,-112.98540304375919,-116.57769915087701,-121.0582429420368
7509,-112.79835472838988,-116.48402275202346,-121.08877649125397
7510,-112.84541424006258,-116.40275803562432,-121.0252836648899
7511,-112.81053832075233,-116.37063864677043,-121.05672379325821
7512,-112.80343397280356,-116.32405636301893,-121.03288415875502
7513,-112.80588453555067,-116.42635789700581,-121.11268114401068
7514,-112.83121722942415,-116.45870527138591,-121.06173980031991
7515,-112.7552837922421,-116.35891861810629,-121.04928866568653
7516,-112.73844967503268,-116.44109938669433,-121.08427618370533
7517,-112.61568743651831,-116.3787514523837,-121.0670110607728
7518,-112.60849638259951,-116.44548425236752,-121.02511166564005
7519,-112.64182362149339,-116.3640939829516,-121.02140838365804
7520,-112.65142083713806,-116.26397465221484,-121.11415413556752
7521,-112.63762387865941,-116.12410919509094,-121.10700665584447
7522,-112.60022369560599,-116.06859464272875,-121.08226482018534
7523,-112.62916462773114,-116.10930167578256,-121.02851123553042
7524,-112.71247641189672,-116.15687418241701,-120.9631437454444
7525,-112.73783874892635,-116.02511638142744,-120.95063908991946
7526,-112.8848471717514,-115.91070175567134,-120.95370078926886
7527,-112.87139211224564,-115.88435776354484,-120.91067323034788
7528,-112.67813020589173,-115.83883440550724,-120.93043711037214
7529,-112.6571096107541,-115.92208998942868,-120.97783399817271
7530,-112.60538474117442,-115.92143219286953,-120.89864749216932
7531,-112.44161879694585,-115.94230118369725,-120.94086091929168
7532,-112.38917177736076,-115.91472374868496,-120.91995000009675
7533,-112.35035208759155,-115.91066226946927,-120.98769154455047
7534,-112.25163789582264,-115.88653897126983,-120.95214952006322
7535,-112.23387158270411,-115.94587966268921,-120.97787306425391
7536,-112.22635453645742,-116.01301433935208,-121.01917803270172
7537,-112.2351635800525,-116.02857012036901,-121.08559910787778
7538,-112.25815674158176,-116.02500114106236,-121.02992705773303
7539,-112.29874716431596,-116.05085758946112,-120.96650632202049
7540,-112.36573574584801,-116.10103683785138,-121.03422988227244
7541,-112.3324206271335,-116.07766384764787,-121.04876051728343
7542,-112.26664392410461,-116.14129564965077,-121.1015512636917
7543,-112.33267026814538,-116.07443428203487,-121.04751620922903
7544,-112.25204528604118,-116.1136378866697,-121.0801409496242
7545,-112.15690369486599,-116.08640652039634,-121.07564029485768
7546,-112.30911189450941,-116.05843688254092,-121.06805133913835
7547,-112.23372884378011,-115.94707313950198,-121.00015239769596
7548,-112.13260887105227,-115.91830805147107,-121.00990052147945
7549,-112.32087724827524,-115.90621762405914,-121.00403124188743
7550,-112.36626979308537,-115.88832151741809,-121.05455231858005
7551,-112.31971424309798,-115.9260667737997,-121.05431654440802
7552,-112.5625976282476,-115.8516939978292,-121.05214002207984
7553,-112.53665867322681,-115.89823975892241,-121.0164243686007
7554,-112.49355403287288,-115.79700372380998,-120.97292790249675
7555,-112.64743582203602,-115.83771228965537,-121.01934823213699
7556,-112.72961515356491,-115.93715472957405,-120.98227182180054
7557,-112.63156485689373,-115.91371705390316,-120.9757477109199
7558,-112.61434802469174,-115.9888780234573,-120.96023431137203
7559,-112.43063761385298,-116.04110118888053,-120.88133700063275
7560,-112.56909486217624,-116.09732542579792,-120.8525934867695
7561,-112.5825146728082,-116.0753391446291,-120.85297121414766
7562,-112.6073265399935,-116.0543716383284,-120.83041176195839
7563,-112.62632632589131,-116.06961404055349,-120.74236301468102
7564,-112.62474460181105,-116.06551606998809,-120.80324737133441
7565,-112.5068616906085,-115.99679411981634,-120.75901929074533
7566,-112.53584393131503,-115.93140413340747,-120.75348119010675
7567,-112.56496861635615,-115.78270503671735,-120.78316247898391
7568,-112.64328790615411,-115.84247522609876,-120.71995972999244
7569,-112.7378183988132,-115.94538613369235,-120.76690996779382
7570,-112.82754269101046,-115.84384790344286,-120.75334446603999
7571,-112.94305513388733,-115.81610647601137,-120.70497265420686
7572,-112.98356651895453,-115.87671702868866,-120.63533793093819
7573,-112.89540994491878,-115.81895902042686,-120.74746151825619
7574,-112.83933186434211,-115.99307045100203,-120.79627722098483
7575,-112.75305555930693,-115.89106129460285,-120.88362510474796
7576,-112.73546979231658,-115.78090473493805,-120.91860561187514
7577,-112.67483507213944,-115.63700388913317,-120.8729782875721
7578,-112.58083391750489,-115.65088250370118,-120.93336214330697
7579,-112.62376255302323,-115.67740835250264,-120.90822421484303
7580,-112.58837043267042,-115.71251192877784,-120.90861629880308
7581,-112.60813849186783,-115.69890897115386,-120.94062676027032
7582,-112.60379128556161,-115.64963987226776,-120.94565649745053
7583,-112.4982837404472,-115.69870248425468,-120.92445871213837
7584,-112.4399650649826,-115.69103555192726,-120.79673757188304
7585,-112.31093450787624,-115.76840306745247,-120.79288068177115
7586,-112.37925760720209,-115.82721706585417,-120.77120192468405
7587,-112.372995491841,-115.82473789212932,-120.77791298840737
7588,-112.48983737114698,-115.71258369415627,-120.67980737516586
7589,-112.43051005323028,-115.6260053154911,-120.61422838747593
7590,-112.4688315881061,-115.54948479461846,-120.63848317553996
7591,-112.50216415842412,-115.55809931452765,-120.55844501210905
7592,-112.4110977092838,-115.50625796335964,-120.49677316782348
7593,-112.32360703953017,-115.54404992961676,-120.47470559487603
7594,-112.33469392165028,-115.63034971748748,-120.46995654201649
7595,-112.33324231351264,-115.67094947192655,-120.5555671502373
7596,-112.43742235249786,-115.75230665146316,-120.56209677563422
7597,-112.3123540692846,-115.73138082565222,-120.51649262079594
7598,-112.42889259148653,-115.69903376358317,-120.51835821284575
7599,-112.5045252424845,-115.71036302743016,-120.53948417813808
7600,-112.57873584381257,-115.78866527447892,-120.48762851070776
7601,-112.68763001121683,-115.79493257645309,-120.48592214695117
7602,-112.69268903283289,-115.80101544094082,-120.56689319540351
7603,-112.80051363892858,-115.88322789642268,-120.47428688802864
7604,-112.82729075617252,-115.88882486377967,-120.52043367850838
7605,-112.78447010284708,-115.92374560714075,-120.54273912189677
7606,-112.72912043393956,-115.88729067953673,-120.59413087306112
7607,-112.87191511575449,-115.89713209705906,-120.51479769339205
7608,-112.82744568427401,-115.95582105286636,-120.6207892975297
7609,-112.83341205991292,-115.9918558935846,-120.57813414470296
7610,-112.81862046899792,-116.02249378503228,-120.56865900420321
7611,-112.8473353202289,-116.10282527753202,-120.5704900737078
7612,-112.83017023588118,-116.10159405488783,-120.58810455192703
7613,-112.76318354140612,-116.01153249879917,-120.59939514855922
7614,-112.73638083218346,-116.14025860824394,-120.63476546951668
7615,-112.85924509232804,-116.13442066299359,-120.59040979703812
7616,-112.82358961016705,-116.07632982518346,-120.50169855183546
7617,-112.74512239094047,-116.06585970630732,-120.45996217030662
7618,-112.6840048274246,-115.9711015272352,-120.45892293579925
7619,-112.7369801239991,-115.98443222326927,-120.42237859379173
7620,-112.75976689484142,-115.98720734761913,-120.40753705791326
7621,-112.69059147203538,-115.86585692865663,-120.45987041011813
7622,-112.6790751775472,-115.84821235296486,-120.46372691398024
7623,-112.71085640333209,-115.82405914635304,-120.482135248922
7624,-112.8462125347991,-115.74839075774933,-120.61318073953568
7625,-112.79709411336455,-115.73867198832887,-120.63372374021681
7626,-112.75907861711937,-115.69559517126933,-120.61166115124303
7627,-112.79908153896135,-115.75535544905566,-120.6587912471771
7628,-112.70416373962843,-115.86826038431303,-120.67492824292643
7629,-112.74539328028042,-115.84129614634031,-120.65177671097764
7630,-112.9278986037037,-115.83713602017224,-120.68405980476186
7631,-112.93457989036588,-115.78825579563717,-120.67857808426123
7632,-112.9619703772647,-115.77579752931318,-120.57939189370384
7633,-112.99582942399401,-115.63167521025267,-120.56201188185247
7634,-112.89678996454765,-115.5782469941843,-120.54783120933199
7635,-112.89932093916579,-115.68056411008702,-120.5790843072518
7636,-112.89999530899911,-115.65299262569755,-120.60661063993051
7637,-112.80169526356588,-115.73017784462394,-120.53017222984018
7638,-112.59928248019591,-115.7390713696908,-120.4861342188067
7639,-112.61468957887718,-115.78821312435095,-120.48767903247735
7640,-112.57113769474485,-115.87438027816282,-120.42919356598833
7641,-112.62007091916212,-115.81730225767504,-120.45723432536028
7642,-112.57802998542076,-115.76133346811883,-120.39499559707008
7643,-112.55756842256844,-115.76515120268728,-120.40140994347259
7644,-112.5911351338518,-115.82267878539943,-120.36291076604977
7645,-112.640084564576,-115.8452176795115,-120.23711886612637
7646,-112.63936304033075,-115.82667436609718,-120.27667675411178
7647,-112.63614443662993,-115.75555391492594,-120.28212140997226
7648,-112.51704838154056,-115.76970901185703,-120.19485167936604
7649,-112.50518398201123,-115.76914388875772,-120.2195151957635
7650,-112.53313406583162,-115.86396840131165,-120.12821671836879
7651,-112.57449661449138,-115.81971669615422,-120.1517239865119
7652,-112.56931768405803,-115.77622988036389,-120.13048536546987
7653,-112.45203164780933,-115.79023437162603,-120.14491366631134
7654,-112.32139371221216,-115.67919066143715,-120.05321851174075
7655,-112.23256794132587,-115.7325600996118,-119.88975509800426
7656,-112.26037244682388,-115.81660188568009,-119.97350282910583
7657,-112.31074288017228,-115.81868371446575,-119.95220566695197
7658,-112.33041096361679,-115.80129946128497,-120.09873663032133
7659,-112.46829731510512,-115.71125124201166,-120.21434643276925
7660,-112.4594418795393,-115.6667645910619,-120.22614164230167
7661,-112.57002863279843,-115.69787758030805,-120.12433492203022
7662,-112.50245829832113,-115.79469645793569,-120.06426690583895
7663,-112.43120454037447,-115.69163993794209,-120.02063809501493
7664,-112.4686225241398,-115.78995329676658,-119.99054407658898
7665,-112.56207728931156,-115.9165319463744,-119.96410116450019
7666,-112.52064999713895,-116.04834696329,-119.99690145729137
7667,-112.54369384595601,-116.02442288695411,-119.99001284443185
7668,-112.45524424894384,-116.0145903395906,-120.04143507783508
7669,-112.48402017358623,-116.09556185955043,-120.06016567163982
7670,-112.6031035019191,-116.11159734900849,-120.05110394150822
7671,-112.56720927877328,-116.16911261638502,-119.99348182189703
7672,-112.35115205083507,-116.26527581034122,-119.9778788092436
7673,-112.24980276897006,-116.2085365427512,-119.95655258797309
7674,-112.10046893221664,-116.19457478590859,-119.9990712222179
7675,-112.32806412995706,-116.22745718485645,-119.96765585798495
7676,-112.36837793029217,-116.26017921098082,-119.98128432491507
7677,-112.36416353452516,-116.18932955907955,-119.92798633924399
7678,-112.34013783538916,-116.14630555515572,-119.92785393015177
7679,-112.3583168178782,-116.13727141915174,-119.97123539598964
7680,-112.35824221386633,-116.12670066735222,-119.90149640651832
7681,-112.31846089712394,-116.14838757064908,-119.93288061778084
7682,-112.2726882598875,-116.18860840650058,-119.94425005160188
7683,-112.1723058510699,-116.22868903343911,-119.94178893410327
7684,-112.19032488383522,-116.10152644108817,-120.0034306122114
7685,-112.1562002506627,-116.19681171945366,-119.98773475095065
7686,-112.0555694335793,-116.16670864734152,-119.98208301307133
7687,-112.1535086297427,-116.13423872095305,-120.11220463668549
7688,-112.25792486081903,-116.26678413304684,-120.17565477329921
7689,-112.31378420382666,-116.24589108236273,-120.12974571605486
7690,-112.3916708929655,-116.34532652215321,-120.11429327034799
7691,-112.44618471608466,-116.27235746842027,-120.11750529177405
7692,-112.44572320943907,-116.33553347860945,-120.152202197336
7693,-112.52433566240651,-116.3270082841364,-120.04557907064444
7694,-112.5213572793999,-116.33083347604676,-120.04180821786724
7695,-112.58954054873526,-116.219768704891,-119.97740882829487
7696,-112.61053375284982,-116.21450617343586,-119.95708419385883
7697,-112.61609325326387,-116.26668114220583,-119.92047646867746
7698,-112.52562193095494,-116.32821777716222,-119.89359493525276
7699,-112.57548278760194,-116.41918553198897,-119.89512760547626
7700,-112.50739077315647,-116.33338971911633,-119.81792076149189
7701,-112.53766670531135,-116.38166913000893,-119.83434489911993
7702,-112.72584597005476,-116.42585032462134,-119.82802063426097
7703,-112.77203446548211,-116.53034702892069,-119.84958965538057
7704,-112.8111814289208,-116.56358499454892,-119.89591259756529
7705,-112.84214083946772,-116.57646630117694,-119.85942336666048
7706,-112.80394410094749,-116.63216712824766,-119.80192333690815
7707,-112.78461189935825,-116.68656723713684,-119.90636063174819
7708,-112.80579417004785,-116.71423447208508,-119.90918715964372
7709,-112.79249301926694,-116.8357180314669,-119.93646927357113
7710,-112.81939934235173,-116.81684468001721,-119.96685850007937
7711,-112.78471019436219,-116.7171706611314,-119.95414103290979
7712,-112.63496164627438,-116.79993775899615,-119.90499079630848
7713,-112.67012023306411,-116.78603439472808,-119.92473945747797
7714,-112.68768613969196,-116.78153443008691,-119.90665272731022
7715,-112.5894619692964,-116.73956379181827,-119.86097776783637
7716,-112.52354921768266,-116.71475373419538,-119.87326904528553
7717,-112.5998535769607,-116.68314089484196,-119.73616328701294
7718,-112.63595990796497,-116.61567948627756,-119.75292330861049
7719,-112.69268290655256,-116.56345524639642,-119.73063798529283
7720,-112.72021483982138,-116.55518611154633,-119.78075717026991
7721,-112.63771670896458,-116.62243025981756,-119.74196036678774
7722,-112.6415926713735,-116.53110980040123,-119.75855273090761
7723,-112.83187827876768,-116.57707453866257,-119.86854846101637
7724,-112.84275125438292,-116.56751946679324,-119.79135860140647
7725,-112.81928729162132,-116.48156568310797,-119.81296375964361
7726,-112.71218619348159,-116.42330670064123,-119.84248004584852
7727,-112.64384670938624,-116.45105370384115,-119.92853307932084
7728,-112.51908323857609,-116.40251337909899,-119.99788356739896
7729,-112.59023899094166,-116.36064039330566,-119.9381706141873
7730,-112.49055763332082,-116.43533353260611,-119.97629090268998
7731,-112.37626139964411,-116.42858508805983,-119.99839376166179
7732,-112.40505075706389,-116.27056341360202,-120.04551533919073
7733,-112.35221427047495,-116.27656277934051,-120.06292557517307
7734,-112.3688973651681,-116.22535087894302,-120.0485863807483
7735,-112.42442217219616,-116.28737597545688,-120.0899010330834
7736,-112.45072508222468,-116.30263894340686,-120.0750894051638
7737,-112.53668581991695,-116.38169961340347,-120.09794316316209
7738,-112.49557012397919,-116.37588776927053,-119.99944808287748
7739,-112.50165734341809,-116.3678985104015,-119.97376176112535
7740,-112.49108114225841,-116.28861926981924,-119.96058245727832
7741,-112.44304798547375,-116.27317288275461,-120.05368541025689
7742,-112.36842040536956,-116.27629107407029,-120.0191762394833
7743,-112.45857763862342,-116.21870401173067,-120.03470618366333
7744,-112.40251419084,-116.24792109195701,-120.0514891225449
7745,-112.42502518541028,-116.17360547977,-120.04850576250527
7746,-112.35088502991078,-116.20547522192098,-120.0123463651712
7747,-112.33310012147791,-116.32139477909324,-119.91905168830283
7748,-112.35257108447013,-116.29422921272877,-120.03974954090184
7749,-112.49802271922137,-116.28626526794963,-120.05019214180507
7750,-112.48163570496703,-116.29311839583212,-120.04371827151842
7751,-112.37655557961173,-116.32755314183969,-119.99130180975533
7752,-112.52368096692412,-116.31149614498581,-119.95294017405274
7753,-112.59605966026183,-116.23779481314182,-119.98220214069352
7754,-112.68501149531073,-116.19725028580571,-119.99609976005327
7755,-112.68744288844911,-116.20395346369156,-119.95158459621919
7756,-112.63183474205786,-116.21509903148552,-119.9641471551601
7757,-112.66822777353732,-116.3409963624395,-119.95287768310608
7758,-112.56734113862008,-116.32131205722715,-119.98060457992534
7759,-112.56681537123897,-116.2963556171446,-119.96711621535016
7760,-112.55385895079371,-116.25266989126678,-119.99296942067417
7761,-112.48596039870091,-116.23429339595403,-119.94926108010148
7762,-112.43667557002759,-116.23865652324216,-119.94209886008771
7763,-112.47989638370393,-116.12436663604575,-120.05633940797549
7764,-112.45173474711518,-116.04107186308211,-120.05615836564832
7765,-112.46858685845947,-116.02608133356674,-120.09576019549054
7766,-112.50135510969858,-116.0302847884372,-119.98716809314385
7767,-112.39398501338368,-116.03078385124104,-119.98016978981823
7768,-112.35617770272856,-116.09446588130382,-119.86597731727608
7769,-112.46352821955462,-116.08111488490165,-119.89834757001537
7770,-112.46277093853408,-116.043891292145,-119.99381317977787
7771,-112.3324230650044,-116.0526993165909,-120.01345474522867
7772,-112.29363586347735,-116.03932573751801,-120.0869093186783
7773,-112.32881295201098,-116.10191155589008,-119.97644633263076
7774,-112.31594925303082,-116.03976695678739,-119.93319140567206
7775,-112.2375552890155,-116.05144007933922,-119.94202370943496
7776,-112.27586714851991,-116.117045939408,-119.98067438426119
7777,-112.27321181265744,-115.9871202345319,-119.9933120419486
7778,-112.30221588145366,-116.03211853596346,-120.03323643444858
7779,-112.2637381348504,-116.0959722247524,-120.04522860252234
7780,-112.25712262396861,-116.10422033435982,-120.064292665922
7781,-112.29829164114392,-116.2410341037342,-119.96366779847696
7782,-112.29972020648822,-116.25440759360015,-119.94352023522485
7783,-112.25372868221706,-116.29427654954131,-119.9091042860918
7784,-112.09852865316665,-116.25956520522863,-119.83868323199405
7785,-112.0569719285265,-116.30283403450902,-119.75360647652047
7786,-112.07316411295992,-116.3004955298426,-119.77785848723857
7787,-111.9359755150868,-116.29200406577122,-119.76576503545121
7788,-112.00762480355013,-116.27139446759863,-119.72738717544784
7789,-111.98976910395311,-116.34506178207582,-119.68164952718963
7790,-111.87696280344755,-116.49393730037266,-119.70014296973312
7791,-111.8498378555644,-116.52094185072268,-119.70711753711879
7792,-111.87690443692573,-116.59746775331963,-119.73790497116597
7793,-111.78774238295321,-116.61218971594928,-119.69335502116863
7794,-111.76183260923688,-116.70450635528721,-119.67394635323903
7795,-111.75809303755071,-116.62512226452698,-119.59753893505557
7796,-111.77737962012581,-116.64025956841253,-119.49709383740043
7797,-111.7353309434497,-116.63102727014882,-119.51387734502546
7798,-111.85394647380555,-116.65990593168414,-119.58141046633739
7799,-111.877545222746,-116.55743370959442,-119.60734181092263
7800,-111.84246341637376,-116.49392866617137,-119.67731293388712
7801,-111.81725097353251,-116.47917459186402,-119.67331813866603
7802,-111.83470169135563,-116.48525664268436,-119.63067012197992
7803,-111.95540483940214,-116.40391736188762,-119.5251740869315
7804,-111.93589788350579,-116.39665846194944,-119.48985880676435
7805,-111.95402404338572,-116.30165108642987,-119.5728358865075
7806,-111.95955418617825,-116.27166387929903,-119.55595466575326
7807,-111.99570025629768,-116.38906963401428,-119.64394903878997
7808,-112.02965718875421,-116.36351933598387,-119.68392594698939
7809,-112.01550021109193,-116.4597448722059,-119.68679810537034
7810,-112.03242878427537,-116.39068928553547,-119.734277849906
7811,-112.06724681651761,-116.43545782252247,-119.69026264489617
7812,-112.07164030406483,-116.50058266071633,-119.65265353724081
7813,-112.13750960595746,-116.45424355973299,-119.66349797555395
7814,-112.28135109579696,-116.49787154853104,-119.71919090100903
7815,-112.28631776370042,-116.42035750686517,-119.83810259765247
7816,-112.41330438480756,-116.40229765971623,-119.77226955685688
7817,-112.25985970814105,-116.28526427771365,-119.81851473680757
7818,-112.08674277405264,-116.33665089004933,-119.75035804374403
7819,-112.05689672700353,-116.362505620794,-119.65620248589812
7820,-112.15236182240773,-116.48459019836264,-119.67901166356805
7821,-112.03176638745272,-116.46797907209726,-119.76516130466604
7822,-112.0498001390217,-116.5124158398503,-119.81801659527746
7823,-112.08364985250712,-116.62978035742799,-119.8450000429154
7824,-112.15581583690094,-116.64265878262796,-119.86622883025527
7825,-112.16402989117508,-116.54544911604725,-119.92738149801974
7826,-112.11717090515975,-116.49955730151719,-119.89509567867378
7827,-112.00955958092868,-116.50239048069804,-119.89710785973723
7828,-112.02551174462415,-116.45595196279854,-119.86319079240522
7829,-111.99318896350431,-116.36351348100195,-119.86932664204753
7830,-111.9489050084847,-116.41641095625917,-119.9027601682225
7831,-111.91091359002846,-116.43067724127906,-119.92760433755171
7832,-112.11264196608886,-116.34489942551929,-119.99082537165523
7833,-111.99546273731872,-116.31581850291516,-120.04295449185932
7834,-112.12276637230515,-116.28268233715784,-119.98415097651933
7835,-111.95266839570871,-116.2798026778393,-119.99736319838712
7836,-111.811844804926,-116.16954949743058,-119.89405524851284
7837,-111.80448614071116,-116.25379579073687,-119.95085717203851
7838,-111.76097695044342,-116.18712207299055,-119.87269130774547
7839,-111.70567849791621,-116.18305036677978,-119.86671266427584
7840,-111.6987673730119,-116.21989749655202,-119.91345402963061
7841,-111.76150800705497,-116.28207219662741,-119.90088484409372
7842,-111.91122749588527,-116.25486686323474,-119.78528582333331
7843,-112.05509704847273,-116.13623294638435,-119.83146016129976
7844,-111.98822261303903,-116.18283133923643,-119.72894731595207
7845,-112.05918963205895,-116.25431644147073,-119.75190643491896
7846,-112.00742135617709,-116.30482374183353,-119.80055045912337
7847,-111.97358783592642,-116.32175295111253,-119.69902854940057
7848,-112.01616567598148,-116.30709541299206,-119.67974495989128
7849,-111.91925013591182,-116.1958319960608,-119.6775742629251
7850,-111.93078723859111,-116.20279114087236,-119.71219229886768
7851,-112.01295984284242,-116.25755334390463,-119.67254838596634
7852,-112.06640718226625,-116.21654077593664,-119.57342414683026
7853,-112.01949997800429,-116.2607958540816,-119.583561733885
7854,-112.0598374311553,-116.19118700330786,-119.60507011375887
7855,-111.92092133133616,-116.16542223624369,-119.64932422443412
7856,-111.96455494469792,-116.18390009356553,-119.63335780314424
7857,-111.77099527755804,-116.155482614099,-119.59266618187849
7858,-111.8546118125607,-116.01501174506566,-119.63303698660488
7859,-111.65704248432024,-115.91030952946241,-119.59048777208281
7860,-111.61064485976962,-116.03249523573609,-119.6192542314981
7861,-111.61023206461869,-115.95769556708123,-119.57397499020189
7862,-111.5389561190265,-116.07015679333946,-119.61176508669598
7863,-111.54842314790329,-115.95969501526866,-119.59351631804957
7864,-111.55077288538529,-115.98385920138223,-119.53923672359957
7865,-111.60702211221871,-115.92050411821455,-119.56004672672341
7866,-111.46950330292563,-115.8582431356939,-119.50606210226609
7867,-111.46618160247215,-115.8123655201961,-119.38094012789384
7868,-111.5208454217192,-115.78730498718312,-119.33999405490329
7869,-111.38761473624386,-115.75282039069316,-119.3601264204598
7870,-111.31918298893395,-115.76322833584824,-119.32008246963281
7871,-111.38475248657016,-115.75780903837095,-119.4137335893521
7872,-111.4842834182807,-115.72828927127021,-119.46584492484018
7873,-111.36075528018918,-115.70179889911189,-119.51504405172781
7874,-111.3520662509003,-115.75630277496724,-119.51001249692558
7875,-111.25187712468414,-115.76127533172016,-119.48069861743778
7876,-111.27571919251753,-115.76599451303295,-119.36809828408582
7877,-111.1942289853282,-115.76634350705228,-119.50224936405505
7878,-111.07830007545314,-115.79978107943379,-119.51785825291103
7879,-111.07237125043461,-115.72846850491058,-119.6094048185108
7880,-111.0665389480381,-115.64103378908825,-119.60389624416689
7881,-111.04300974067898,-115.68445143015862,-119.63297671054413
7882,-111.04438935514854,-115.75555982274679,-119.58381044237868
7883,-110.79917242728746,-115.74710735869515,-119.48258179156596
7884,-110.78653978258012,-115.74831782585508,-119.56467347408518
7885,-110.82863797573756,-115.8338214889821,-119.53160293614131
7886,-110.92567060491773,-115.83094795698909,-119.50100211656189
7887,-111.016438392492,-115.8100292903958,-119.35563640150801
7888,-111.10612619912015,-115.75878269582327,-119.31703147037905
7889,-111.11153792315157,-115.63675979563106,-119.30013756317845
7890,-111.11820954632356,-115.65295077375846,-119.24994641358933
7891,-111.21757720632155,-115.60144739607992,-119.28210395618753
7892,-111.16108626439836,-115.59249376991923,-119.19744532069659
7893,-111.2203518874708,-115.5789029578441,-119.12440657916812
7894,-111.13441538913324,-115.52735157049234,-119.14870239921342
7895,-111.15511195544761,-115.4749706188199,-119.09643161251273
7896,-111.21366031840546,-115.51089367575983,-119.03658351322552
7897,-111.22666443582517,-115.54712423097209,-119.04233486465685
7898,-111.30815983427048,-115.55346445925967,-119.08639935385483
7899,-111.35969916758468,-115.48396183603904,-119.14458483929911
7900,-111.26045797323067,-115.55315500062396,-119.11417094455133
7901,-111.20812586583259,-115.5714546786853,-119.02718441046957
7902,-111.23502623345117,-115.62823128913139,-119.00853344231241
7903,-111.11176486956138,-115.63935162164412,-118.87497321235394
7904,-111.20439917632936,-115.63314268565958,-118.98359752080627
7905,-111.25924828281872,-115.68209898857563,-118.98089641920458
7906,-111.29308697326346,-115.61443217929136,-119.0061290531338
7907,-111.22536695875249,-115.59300555457534,-119.12304925625219
7908,-111.12746631243333,-115.63740614643376,-119.0716038727474
7909,-110.92865505484875,-115.58062164447303,-119.03684713223757
7910,-110.88113789129412,-115.5383156639899,-119.08637053768761
7911,-110.89898527883507,-115.53450828109075,-119.16814558090118
7912,-110.95910829618552,-115.55560479277571,-119.2047467456577
7913,-111.0148638530537,-115.60844632605863,-119.13927573243035
7914,-111.0515110591202,-115.57530389099858,-119.01228076870115
7915,-111.00062498892729,-115.55597762932126,-119.01867476935749
7916,-111.03339106962879,-115.47748521199253,-118.96405541739807
7917,-110.9769149869687,-115.42641072322581,-118.95296181845495
7918,-110.95807318720894,-115.46751437697515,-118.94026396579545
7919,-110.89086270435297,-115.42702530175296,-118.93701472951172
7920,-110.88094695267495,-115.41696882991033,-118.91328807072065
7921,-110.84550543621751,-115.49047599638912,-118.95218999702917
7922,-110.97561934192564,-115.57138204024406,-118.90929651981168
7923,-110.8708622710619,-115.6411343143132,-118.84571800690574
7924,-110.79755772217624,-115.69890972788906,-118.85836020275701
7925,-110.75724938982808,-115.75868796148406,-118.80040909480897
7926,-110.79743469254159,-115.77730077735168,-118.81315901136087
7927,-110.8984891648295,-115.8072904416563,-118.80406890422786
7928,-110.88551840837236,-115.75967295454413,-118.82345655561438
7929,-110.82579709657074,-115.8196086957272,-118.88465606682698
7930,-110.86395976767395,-115.83093864951218,-118.84245882743959
7931,-110.85214631073954,-115.74579501111093,-118.77215022035034
7932,-110.84702941461578,-115.75634458253566,-118.75711938445372
7933,-110.87882837459802,-115.72375693696961,-118.83760001058384
7934,-110.93822962568848,-115.67696266976016,-118.78463364734927
7935,-110.86889888703378,-115.72903757214823,-118.77653881395088
7936,-110.8594488476907,-115.71062159009098,-118.74524756250698
7937,-110.83156626530433,-115.8370871854997,-118.7936183432506
7938,-110.67421585224707,-115.78767294808658,-118.78254916160896
7939,-110.69909458413323,-115.757313445739,-118.77158631426471
7940,-110.67292374528692,-115.68115445283306,-118.82711742496099
7941,-110.58422140988222,-115.68182892268587,-118.83405513505598
7942,-110.62970143496457,-115.72561453553661,-118.89760407027185
7943,-110.70879977827886,-115.66789173638216,-118.94798014070284
7944,-110.77409895832183,-115.69421435294583,-119.02237869746835
7945,-110.8287671513483,-115.6863210174719,-119.05616585273503
7946,-110.81855443303536,-115.6380670533722,-119.14370643682511
7947,-110.83452262865546,-115.61094493425126,-119.12359079819875
7948,-110.69533661385427,-115.56165507982438,-119.1140126050019
7949,-110.74028953515577,-115.5543602611656,-119.11414525558506
7950,-110.70371812746095,-115.4502645166727,-119.08560050942015
7951,-110.68395593358687,-115.42458424266735,-119.0725159723795
7952,-110.6339404657997,-115.34142153571572,-119.10971435518573
7953,-110.67904808500558,-115.38670247136082,-119.12859886213869
7954,-110.61392398098705,-115.3781095959526,-119.14854300234038
7955,-110.64967541186299,-115.38711789888941,-119.18702923846504
7956,-110.60763342627806,-115.40164074296578,-119.24103356220363
7957,-110.58736841784291,-115.31423319952755,-119.1898019849038
7958,-110.63956581731284,-115.36337689175016,-119.13743074740984
7959,-110.64102313589632,-115.51695383426545,-119.0732032123539
7960,-110.66360505253905,-115.48663482012901,-119.02461707370593
7961,-110.70222092039762,-115.55067930186107,-119.00762620355346
7962,-110.73644978266353,-115.59653754178294,-119.1155799795053
7963,-110.69684307829917,-115.6282395763164,-119.23951477593741
7964,-110.73521325864567,-115.62098051210921,-119.22735774683173
7965,-110.73028694142465,-115.64785231313724,-119.2066628432733
7966,-110.72210477469869,-115.66750383920566,-119.2137500572522
7967,-110.65617538706854,-115.61945243277236,-119.13958182325722
7968,-110.67790458843722,-115.58563256123878,-119.10246885176909
7969,-110.76588733525402,-115.58783966264085,-119.06861263965088
7970,-110.70783211658868,-115.73361814592388,-119.07357899984531
7971,-110.61960539283083,-115.67060543296242,-119.05395844112414
7972,-110.66200601976142,-115.69461214073218,-119.06770320350273
7973,-110.67129943092853,-115.81484156544093,-119.0671807634399
7974,-110.6020414001022,-115.78622868348745,-118.9966226109438
7975,-110.72099489697732,-115.90302553790978,-119.00748961803964
7976,-110.52887999308845,-115.91884022675337,-118.98401886000211
7977,-110.59291648747379,-115.95312484942458,-118.9160836766473
7978,-110.74625672401008,-115.88624789564018,-118.93334430202425
7979,-110.7524855416349,-115.85565476547222,-118.90974168600272
7980,-110.62685240923278,-115.78470205840318,-118.90537296121072
7981,-110.80983684454475,-115.75970443091708,-118.81817224775475
7982,-110.76541930988384,-115.67703036636854,-118.79715349323678
7983,-110.666319183348,-115.63904238152583,-118.81738717516231
7984,-110.62738045829853,-115.61594630387182,-118.81779304769125
7985,-110.60625900401017,-115.55362647323359,-118.78502500498803
7986,-110.60709776179829,-115.47553706314179,-118.84690767476462
7987,-110.61389098479036,-115.42468973103092,-118.95864092008858
7988,-110.66860739478693,-115.591578985539,-118.89210235223268
7989,-110.69265170824605,-115.57399165358613,-118.82793072875336
7990,-110.6771820076482,-115.54763147493448,-118.77018775597955
7991,-110.68477239173352,-115.42523018731242,-118.7898760942418
7992,-110.52033848300641,-115.47976472749684,-118.75072034629052
7993,-110.66269347653721,-115.53924298092228,-118.71971072678096
7994,-110.61922870449395,-115.60309816232478,-118.7731750083646
7995,-110.68193168592364,-115.60524846622674,-118.70148519852042
7996,-110.83027196272438,-115.65455187729879,-118.7696413828329
7997,-110.94709556724652,-115.60046633443912,-118.73178543445877
7998,-111.07280665137625,-115.55609121947728,-118.77366126329514
7999,-111.02066073925843,-115.61536052825946,-118.81356332220355
8000,-111.00129702810244,-115.53424772761676,-118.79203390664443
8001,-110.98398735154626,-115.54300713599129,-118.75519447287033
8002,-110.999241164016,-115.58113298036028,-118.7930768020394
8003,-110.91476962783297,-115.48935418468216,-118.84914407862374
8004,-111.013546695023,-115.47386784601079,-118.94074428396783
8005,-110.92626396069392,-115.37198661490297,-118.90788965053758
8006,-110.94183106841302,-115.34816591489957,-118.88734036177127
8007,-110.95265136032504,-115.34372864600826,-118.86393384826582
8008,-110.93917725239493,-115.27881815409668,-118.83830930459992
8009,-111.04364073719935,-115.26560015002751,-118.82754628409076
8010,-110.91399811233968,-115.27426915486565,-118.78258670746673
8011,-110.86289001270853,-115.28676323921826,-118.83121502943898
8012,-110.9187716319284,-115.334990329602,-118.87179400200557
8013,-110.88419567958132,-115.3275783863606,-118.87230155280014
8014,-110.81688041266804,-115.36517065027869,-118.86669287689418
8015,-110.88628466235271,-115.47113638376055,-118.85788056234242
8016,-110.71429129317028,-115.40278449584804,-118.86818218323978
8017,-110.94046418814885,-115.36126874955467,-118.99072753685743
8018,-110.85438856151086,-115.50416891499097,-118.92512166933383
8019,-110.99196209207845,-115.58207908942515,-119.00666676011248
8020,-111.0018024432544,-115.52721721840776,-118.92855526657826
8021,-111.0058470359045,-115.58904628776568,-118.9820216856564
8022,-111.05258038971323,-115.4332483223905,-118.96562989002064
8023,-110.97425382462526,-115.41646798935486,-118.98080835802591
8024,-110.93966530040753,-115.32722951581637,-118.93981427184127
8025,-110.82421473182202,-115.38353272138202,-118.9443512768882
8026,-110.83843638869965,-115.35953128415426,-118.97492769645326
8027,-110.93913380246124,-115.29820648341597,-118.99168853094109
8028,-110.87196259435157,-115.26581485615603,-119.04481219025676
8029,-110.89181378173862,-115.22981535654009,-118.97865304229745
8030,-110.84093233118631,-115.20114328750287,-118.99760593619953
8031,-110.73877769276967,-115.30741225973216,-118.96496008457927
8032,-110.67797064101951,-115.3238995072514,-118.99984883816705
8033,-110.82112674069884,-115.36408703599753,-118.92726678040272
8034,-110.9266004106359,-115.29915432955937,-118.92271658808735
8035,-110.93681414575735,-115.29596596738585,-118.95565214788083
8036,-111.00609090950408,-115.28066501326937,-118.93527889465973
8037,-111.06007769957269,-115.32723995513417,-118.83572558761566
8038,-111.04785200603433,-115.34941573783136,-118.77957011225945
8039,-111.02520218050097,-115.38416372556975,-118.7144525153058
8040,-111.02390143123503,-115.36798801971882,-118.67627650100889
8041,-111.11837933918457,-115.23502127428581,-118.6497552082958
8042,-111.15703712324932,-115.32691598294184,-118.63039915596498
8043,-111.18983188910664,-115.21835597546786,-118.59305706309173
8044,-111.10687063423633,-115.21982221768329,-118.53429125985564
8045,-111.01661829753047,-115.17310557041182,-118.54643663445765
8046,-110.99606121970379,-115.3252888087639,-118.54682491882255
8047,-110.92096186295339,-115.33416791542493,-118.54191000359644
8048,-110.79152053007049,-115.34486230309196,-118.5205568309374
8049,-110.81467637000978,-115.44159140344412,-118.56441672194366
8050,-110.80838107631226,-115.40909722462757,-118.56134960273846
8051,-110.71641043927382,-115.49793001227502,-118.52339628014398
8052,-110.69318060100127,-115.6263222773616,-118.61454461749086
8053,-110.69213745988215,-115.69827819213344,-118.58246325914743
8054,-110.76819014401698,-115.71540377939812,-118.57590106718243
8055,-110.74356988690462,-115.69537544634525,-118.48519450135707
8056,-110.69942806364895,-115.62556888556534,-118.60630202272297
8057,-110.66348121161859,-115.5879281851534,-118.65247841712196
8058,-110.50806790512246,-115.58643533544667,-118.63582248778539
8059,-110.49363309518523,-115.50031972567075,-118.59716485508432
8060,-110.60968743605505,-115.44329801582866,-118.59551880261145
8061,-110.61764355588886,-115.37845569162573,-118.52534936663331
8062,-110.60956851809473,-115.3892468590911,-118.55537643873829
8063,-110.70952725306407,-115.32803869926774,-118.60340284664017
8064,-110.64453995871034,-115.35296425211749,-118.60282830579389
8065,-110.6668537670474,-115.2233581514106,-118.62001921331223
8066,-110.7245236701628,-115.26469807766513,-118.62834655520359
8067,-110.8211327248847,-115.2536457386217,-118.59961679122098
8068,-110.71772365580998,-115.30401990655834,-118.59464846283748
8069,-110.83261752453186,-115.41050409767922,-118.64879393998126
8070,-110.84743617421567,-115.43454486965194,-118.55527368842063
8071,-110.97089876050102,-115.38156211966344,-118.51581078289026
8072,-110.79100259760176,-115.36245104446587,-118.54415901677834
8073,-110.71011932748092,-115.2660773157132,-118.57508184314884
8074,-110.63974265400154,-115.34324589536826,-118.67468272991653
8075,-110.62092633167079,-115.31693513951944,-118.5922611114257
8076,-110.39076794040184,-115.31567783237467,-118.6439224234557
8077,-110.4334609600649,-115.29633192400817,-118.72432473541306
8078,-110.42883804794192,-115.25661128628138,-118.72519424022437
8079,-110.62337220364165,-115.29300561206522,-118.75645666790737
8080,-110.51733954195808,-115.43150738370919,-118.8254663958457
8081,-110.60058664952615,-115.3232770079093,-118.82338172277142
8082,-110.53577738147081,-115.20333846380935,-118.87388250509683
8083,-110.57372613680633,-115.25805754976457,-118.85437388743499
8084,-110.51725107357426,-115.28464900749273,-118.860517115025
8085,-110.55029703127335,-115.15781488055558,-118.7769038136921
8086,-110.61581225882071,-115.10912775522146,-118.77186403360344
8087,-110.52882077240001,-115.06509690414617,-118.83232713578366
8088,-110.63025047100868,-115.01404567979424,-118.88271613480937
8089,-110.58573222065169,-114.97336708074631,-118.85692843407742
8090,-110.58806252682561,-115.03305309301814,-118.78975108984208
8091,-110.79893895931438,-115.06063350692804,-118.83707580604153
8092,-110.80678663907196,-115.06963540191468,-118.83166477485884
8093,-110.77856732587512,-115.0450630572312,-118.85656210438202
8094,-110.81429343628282,-115.06639404917816,-118.93393142994455
8095,-110.95861479559771,-115.0316447764639,-118.97633609888402
8096,-110.89432088289496,-114.98931097054609,-118.96788496836594
8097,-110.93666863536518,-115.01408546707151,-118.97436380315553
8098,-111.00850210729244,-114.97552530877181,-118.92766678686934
8099,-110.95936229149638,-115.01836064132135,-118.96724435237488
8100,-111.12175915373581,-115.12997094919265,-118.97360125862075
8101,-111.11227628469155,-115.08180035135109,-118.97131281669505
8102,-111.03411936751783,-115.0354173539483,-118.89698136902919
8103,-110.9485441323108,-115.04378967337774,-118.90003367160352
8104,-111.04146170504362,-115.09664092398783,-118.81298689604819
8105,-111.09307314858665,-115.02958073270206,-118.86397506153313
8106,-111.17145295838431,-114.9981002728326,-118.88246221307989
8107,-111.30783603571066,-114.97561619043924,-118.88189029071151
8108,-111.4010230835439,-115.06614309443671,-118.93530384400468
8109,-111.3659482979711,-114.99329857114414,-118.98572296526284
8110,-111.41992220492622,-115.02958271916603,-118.97795782193
8111,-111.32359845767799,-115.12442136535873,-118.97457668117934
8112,-111.40306714995235,-115.15499100719583,-118.90586475284223
8113,-111.26547581347108,-115.10856361316587,-118.88386685986737
8114,-111.32979174267129,-115.09791104326793,-118.87033457717396
8115,-111.33984794279947,-115.12863220265683,-118.85834692308589
8116,-111.4327534715112,-115.0890340335456,-118.91996440092996
8117,-111.493289037416,-115.09170231784674,-118.91827914333189
8118,-111.46388186321673,-115.08527258464687,-118.91419051474944
8119,-111.3777765567467,-114.87252528127843,-118.8971021621953
8120,-111.41131708713593,-114.91896368791245,-118.9503922710644
8121,-111.44016037687044,-114.8467574831916,-118.88141648614967
8122,-111.42386726493413,-114.79174950450022,-118.85537638996803
8123,-111.33836439352513,-114.8728099886441,-118.74642045835526
8124,-111.31860401892574,-114.85092760953694,-118.77241347501098
8125,-111.32467129620471,-114.91684705972881,-118.81079689456425
8126,-111.24323348932593,-114.88197362556852,-118.76511858223753
8127,-111.32968394688314,-114.92577812349293,-118.80324018002597
8128,-111.26577421121189,-114.96503006435684,-118.79336625496425
8129,-111.19393833877133,-114.87712381591668,-118.82233110765445
8130,-111.20578650478001,-114.74396785829019,-118.8627543900538
8131,-111.31965041609905,-114.77132418748897,-118.88638445230282
8132,-111.31981884062776,-114.83962947059064,-118.87396576590213
8133,-111.27158292694224,-114.8184205730847,-118.87386357306042
8134,-111.31940313725579,-114.87943557613335,-118.88557806102835
8135,-111.23547271306089,-114.86288353387495,-118.82092294837507
8136,-111.33513064720287,-114.85810807722852,-118.82914635313904
8137,-111.33009212941045,-114.92676211379069,-118.91690713003925
8138,-111.4390471311174,-114.99636070548434,-118.91023154572392
8139,-111.40043421952174,-115.06940759508151,-118.91434134367486
8140,-111.39201624736677,-115.1187649923666,-118.90945120897702
8141,-111.30106503841598,-115.12627242669357,-118.95528427701596
8142,-111.34522845015896,-115.1814768597389,-118.93940571390331
8143,-111.31570122200776,-115.14702141912291,-118.8984215363151
8144,-111.29358611682886,-115.09460728654301,-118.87470799248291
8145,-111.27019817200707,-115.13805725854385,-118.8534254371034
8146,-111.17209729773248,-115.19148339239564,-118.84888662491204
8147,-111.09662984121654,-115.3275802665305,-118.82044316875778
8148,-111.11307182822509,-115.17084391997196,-118.83293839223197
8149,-111.13322416848585,-115.20807382090645,-118.9019014963331
8150,-111.07516431624276,-115.18458442998498,-118.96976076805629
8151,-111.08321048745941,-115.30383845398305,-118.97735647270234
8152,-111.19181274391455,-115.25027911621936,-118.97607812094641
8153,-111.29582079913844,-115.17333893077615,-118.94794239614421
8154,-111.40798732164015,-115.23359837858925,-118.94419116663184
8155,-111.26265712263839,-115.18316074344071,-118.96632123799068
8156,-111.18945780249597,-115.08213046838738,-118.88744594526187
8157,-111.10687169581746,-115.12636488627489,-118.9046136327348
8158,-111.0884906409943,-115.12022190565156,-118.90489769832269
8159,-111.17619974068992,-115.05069637462316,-118.86772013949356
8160,-111.16201751516084,-115.11221812885239,-118.85961987339903
8161,-111.24287236522956,-115.08436248169687,-118.91522804397555
8162,-111.23121599868537,-115.06900192157626,-118.90102291652315
8163,-111.20371678632438,-115.230718525409,-118.83520499083218
8164,-111.10333335498214,-115.20081979463723,-118.82104723955416
8165,-111.12905709973762,-115.20190897448116,-118.84138334191873
8166,-111.09041324578826,-115.12867459767854,-118.77587683742213
8167,-111.00430980291185,-115.1381904316601,-118.82746782078809
8168,-111.0604197219212,-115.13252362823407,-118.85092359904465
8169,-110.93843096836544,-115.25157611236332,-118.94378552175587
8170,-110.91649331383451,-115.17681709957918,-118.99156745196308
8171,-110.91405570832404,-115.1534905647066,-118.92820246431157
8172,-110.82923116518725,-115.13519907590431,-118.96020112610998
8173,-110.82336748405567,-115.12400337987975,-118.99129919472446
8174,-110.82174691941263,-115.18117032015337,-119.035961901273
8175,-110.84538978593831,-115.12784123398993,-119.03794781159743
8176,-110.84544757158992,-115.1462906026516,-119.08197602300079
8177,-110.96302312571278,-115.23452525535146,-119.01056087431976
8178,-111.02249893316933,-115.15008610395012,-119.07145542363598
8179,-111.02156317189771,-115.01778190441382,-118.9469835597248
8180,-111.07169660692819,-115.05760733207899,-118.92223712060257
8181,-111.01765728247963,-115.0496386566521,-118.83875041207997
8182,-111.05768310628676,-114.96119236291449,-118.77363793398591
8183,-111.12458119094282,-115.03707476010547,-118.85777547596945
8184,-111.10954962873416,-115.0593952381982,-118.7638758422828
8185,-111.26313216096983,-115.00010880909969,-118.76235898678638
8186,-111.2978871591711,-114.99868397907343,-118.81343935821536
8187,-111.23285693026378,-114.97423789455618,-118.70371517875338
8188,-111.21950191068655,-115.1118441135225,-118.68990686433644
8189,-111.19714087646298,-115.10951094184763,-118.67674319223332
8190,-111.25869185917948,-115.12745930747485,-118.65888689934505
8191,-111.33239002457319,-115.0605419378571,-118.63836175598685
8192,-111.36115960560558,-115.03608066212702,-118.54536566335508
8193,-111.25167391924532,-114.97685349134551,-118.51892778787533
8194,-111.2049635030377,-115.07827892643334,-118.47078209969371
8195,-111.1003785243927,-115.11070624319635,-118.45971563109879
8196,-111.1466647196953,-115.00403465130833,-118.51212169192661
8197,-111.13469524020744,-115.03687143823794,-118.56626831783615
8198,-111.26881342897596,-114.91028472099154,-118.63600694507522
8199,-111.2005419904489,-114.98922265509903,-118.69969611187128
8200,-111.14170207976002,-115.00530513882492,-118.7115121568763
8201,-111.16427257922331,-114.95383126142352,-118.67200392098717
8202,-111.12349044509719,-114.83146136381126,-118.66687531475252
8203,-111.19684916924137,-114.95771507690759,-118.689263783363
8204,-111.27564834483935,-114.96465024619869,-118.69813042391561
8205,-111.29310686220265,-114.99932744467134,-118.75852241332586
8206,-111.19324450575806,-114.82450438714174,-118.79095340564858
8207,-111.12863069589818,-114.83854587559551,-118.79726188141288
8208,-111.2265736857196,-114.83957622159286,-118.82766731671205
8209,-111.10885677486375,-114.74563906187062,-118.7701833318225
8210,-111.09713634769163,-114.66398502948464,-118.77957089976029
8211,-110.99827241412589,-114.60032483675809,-118.75744640036572
8212,-111.01343403335217,-114.5605062837368,-118.7729948207588
8213,-110.92536821303676,-114.6225519847228,-118.8570759782811
8214,-111.00830869160421,-114.68080025541755,-118.81254428972787
8215,-110.92324531772303,-114.81167431697993,-118.86196668037644
8216,-110.92016940693497,-114.86346323912161,-118.78027692360047
8217,-110.91640613872175,-114.82733284660881,-118.67638400070689
8218,-111.03504379817133,-114.7088465473887,-118.6142961266197
8219,-111.05180692881072,-114.74289184661112,-118.5660553822699
8220,-111.03704816716551,-114.80511704220307,-118.5087992910264
8221,-111.0101072906616,-114.81812809923603,-118.56696279830558
8222,-111.11486842133003,-114.73385265342593,-118.44817306072243
8223,-111.1245862522888,-114.81597456444928,-118.37086994758471
8224,-111.21186883143221,-114.79594691920762,-118.35384162044875
8225,-111.11114666778869,-114.91076068376762,-118.33598229749487
8226,-110.94270924195096,-114.76854470248378,-118.30892725167163
8227,-110.90932290890385,-114.71903414982916,-118.25528766760785
8228,-111.04399741000603,-114.74726941021916,-118.33537488831746
8229,-111.10038810213817,-114.74688144489554,-118.34290089830819
8230,-110.99600662885958,-114.75431942454739,-118.36871484347145
8231,-110.84512969574277,-114.763284359899,-118.40577828873174
8232,-111.02980697560213,-114.77901574143547,-118.35350325672118
8233,-110.97389189847473,-114.77546484031564,-118.26328621678348
8234,-111.00875110753225,-114.63569799150254,-118.30293856426147
8235,-111.02774317633441,-114.61081478119002,-118.26327802342313
8236,-111.23722212177361,-114.62825641693357,-118.15372554655747
8237,-111.3724974754686,-114.60010775682449,-118.12576463749238
8238,-111.36413748675794,-114.61783263004354,-118.15098598555271
8239,-111.09325832555567,-114.57070305196487,-118.12798278162042
8240,-111.21935086929554,-114.46299835813807,-118.10263894584546
8241,-111.12802454150572,-114.61466430893803,-118.07577134632675
8242,-111.01899508620507,-114.64576879946648,-118.00429854696742
8243,-110.93336346139304,-114.55679766241533,-118.00800083559052
8244,-110.90137061635555,-114.53743195227008,-117.94521242680645
8245,-110.84316963921945,-114.51107976267207,-118.05732284219567
8246,-110.65394373556904,-114.56470982656003,-118.07851312042135
8247,-110.70488637334074,-114.51354810118416,-117.97564027380314
8248,-110.61408959378014,-114.59381358195218,-118.03257251861308
8249,-110.54723002559507,-114.59545713610791,-118.02112095580239
8250,-110.56682428943583,-114.58051859157985,-118.0276435889685
8251,-110.67255394158839,-114.55454661665692,-118.01090174133475
8252,-110.73710834707956,-114.56267295694286,-117.95195821401956
8253,-110.77258942115262,-114.6172126297472,-117.84894129106922
8254,-110.66842234665732,-114.6603123069334,-117.86394847060305
8255,-110.58793942371858,-114.63744756194411,-117.75029283180241
8256,-110.60157093099957,-114.50466043670161,-117.8129465554413
8257,-110.61768927876841,-114.44694461838166,-117.70629496044606
8258,-110.61072742177038,-114.50672802208577,-117.72087854157641
8259,-110.65431799140129,-114.44942002915857,-117.6954547061602
8260,-110.5787515437259,-114.48608563180416,-117.59747201414753
8261,-110.53386200299896,-114.44141426561802,-117.63059426878112
8262,-110.49140407285205,-114.41511679187099,-117.60431323326033
8263,-110.54366971017038,-114.50036666850525,-117.49635833103842
8264,-110.44970359208276,-114.32273598330264,-117.52783394134386
8265,-110.49086011966745,-114.33943696134199,-117.49238816103873
8266,-110.56197400421931,-114.43477717376993,-117.35523917421023
8267,-110.41276976380709,-114.41336069223155,-117.30839404574584
8268,-110.31866258588039,-114.38057312719314,-117.33021244943052
8269,-110.3352336898196,-114.44324180687681,-117.25913399833564
8270,-110.1938670655548,-114.4000023703703,-117.24782352560676
8271,-110.28368603958927,-114.317209377105,-117.25430098414756
8272,-110.26543694751655,-114.36240932473758,-117.25590871285624
8273,-110.25279504976187,-114.47220739599899,-117.32807224374893
8274,-110.28692955869208,-114.5138546989556,-117.42580675695268
8275,-110.1795985810403,-114.51489906016877,-117.34949913325107
8276,-110.14512029271313,-114.514914359955,-117.29610281602612
8277,-110.18871005257863,-114.5340282513998,-117.36794958754967
8278,-110.1550430815804,-114.46394553484703,-117.42529069830846
8279,-110.28306085067902,-114.63420774548374,-117.44985045532992
8280,-110.1875245059766,-114.64189240744862,-117.3891362262203
8281,-110.14890596920353,-114.73248694180823,-117.42823256995939
8282,-110.15281998092726,-114.78221915307691,-117.4817450495008
8283,-110.24624305988783,-114.64653216750906,-117.52397211280974
8284,-110.19609459706376,-114.70054379968072,-117.52960641991476
8285,-110.15469089397257,-114.64156402651477,-117.537346499964
8286,-110.19305981567587,-114.71640089101858,-117.56292450513529
8287,-110.06873892799862,-114.69177990748358,-117.54567971628362
8288,-110.080605476524,-114.63294839178059,-117.54819162547993
8289,-110.12965954939982,-114.68629730424017,-117.49883563449023
8290,-110.13062183337377,-114.72829576261421,-117.42477758704123
8291,-110.09476278524295,-114.73637455362973,-117.41850275960803
8292,-110.10466403196244,-114.64179691716599,-117.39997470352853
8293,-110.10253266644156,-114.57574288482328,-117.44208401529332
8294,-110.0922309664804,-114.57025481854969,-117.4112721513537
8295,-110.10376407878054,-114.54451422059586,-117.43433804712672
8296,-110.01471503663268,-114.54002729508039,-117.36439370661272
8297,-109.99495795462201,-114.5318849908858,-117.36869423949567
8298,-109.85570705072405,-114.38756306260142,-117.37103920645504
8299,-109.89097824374873,-114.34261769974884,-117.38973492140246
8300,-109.96718145017469,-114.24944675948291,-117.38645504241877
8301,-109.90442770354068,-114.2481828720464,-117.33852640540827
8302,-109.91080178742475,-114.22445104682798,-117.41030657894714
8303,-110.01197534565246,-114.18062096380574,-117.43602684618938
8304,-110.08685485349525,-114.14691732748244,-117.42891918375611
8305,-110.14191006524814,-114.10821274739861,-117.39081628146653
8306,-110.22787420946166,-114.10989963797459,-117.33625432599281
8307,-110.329798618311,-114.11363432461778,-117.261726786217
8308,-110.35163180050974,-114.12069572696208,-117.269555628809
8309,-110.35804528624385,-114.14781869315664,-117.17452603382722
8310,-110.45856120993761,-114.15971556733494,-117.20360264004277
8311,-110.40771699044043,-113.95676516128484,-117.2301663699617
8312,-110.43126010163604,-114.02482195339515,-117.24325047350112
8313,-110.25754532127868,-114.04722347217357,-117.22909706071037
8314,-110.14934876923022,-113.98675224363535,-117.24255032377512
8315,-110.28289861636341,-114.01630623324951,-117.26892753089739
8316,-110.34944265100003,-114.14247589418142,-117.37538856577277
8317,-110.33957773329136,-114.12601401318912,-117.39646494225303
8318,-110.28228861654512,-114.23691177440766,-117.39894323353583
8319,-110.22860695036465,-114.24301854448177,-117.35503066930153
8320,-110.25056842463667,-114.24516243545736,-117.36966085160694
8321,-110.15410719198059,-114.22089735876955,-117.2753115792846
8322,-110.09290516335386,-114.20545358818808,-117.24580223913007
8323,-110.1415808259242,-114.08235884185518,-117.17961187475487
8324,-110.19020703615429,-114.0966114854765,-117.08245688011228
8325,-110.10762762807101,-114.05074083659787,-117.02646862982078
8326,-110.05811289159777,-114.11057493066929,-117.02630991801244
8327,-110.0578670759464,-114.1263782972993,-117.04121206319441
8328,-110.11186908551699,-114.116108715459,-117.02926671339026
8329,-110.24460987916174,-114.07961202463862,-116.91176274899253
8330,-110.30173655816435,-114.00432459824535,-116.9720529597399
8331,-110.37310016173777,-113.9823347077596,-116.93293233299391
8332,-110.4277583914031,-113.82055450767001,-116.93370534584461
8333,-110.49368272214986,-113.68304344216986,-116.9203886499654
8334,-110.5022517382807,-113.64562513458148,-116.84552571246167
8335,-110.45021298187928,-113.63200978007231,-116.81733799750586
8336,-110.55920227300699,-113.60419601506803,-116.78772078816219
8337,-110.46376890960596,-113.49600134904223,-116.77627774738684
8338,-110.47180064945861,-113.51112929687216,-116.81104821138936
8339,-110.46643962258075,-113.55148060241001,-116.95924374445693
8340,-110.43674138158467,-113.56434186001262,-116.9883807629591
8341,-110.42304922207225,-113.58478063001995,-117.03710258910007
8342,-110.33528010725516,-113.66861734453374,-117.09103264371778
8343,-110.39270174240096,-113.66058255696856,-116.98662502847597
8344,-110.47501448863305,-113.75953455262739,-117.11264820838551
8345,-110.34077206313874,-113.73365983589177,-117.1522824697535
8346,-110.42284754780096,-113.8135635301159,-117.06288479359819
8347,-110.39574244752576,-113.92823648981349,-117.13225967626556
8348,-110.39812455452375,-113.80611398274151,-117.11814463716965
8349,-110.30551209422774,-113.75483004310506,-117.16665972602492
8350,-110.34277077613994,-113.75501771270079,-117.14255419670015
8351,-110.33129576302369,-113.79891339536904,-117.13852061170627
8352,-110.23791269677055,-113.83631088078116,-117.15102910835657
8353,-110.2597307617372,-113.76743703861094,-117.13419301831692
8354,-110.19543980801848,-113.65873152679228,-117.21632278078354
8355,-110.2532950967361,-113.59235082223937,-117.22827660135917
8356,-110.19608884722419,-113.67757734143765,-117.21171426291576
8357,-110.18789315708062,-113.67179898857879,-117.22784883298624
8358,-110.14118722935092,-113.70466658563967,-117.1494209094187
8359,-110.12214462251939,-113.61648912076396,-117.06159871880817
8360,-110.24133475578687,-113.6103762960449,-117.04427543774081
8361,-110.18389832164529,-113.69034406721256,-117.07371226498327
8362,-110.18308669280017,-113.77313802729904,-117.09565297616139
8363,-110.1065538957914,-113.6481294477608,-117.09959427886524
8364,-110.00815574412785,-113.69321929295624,-117.03804280534217
8365,-110.06593340604853,-113.6899603926569,-117.02209990459897
8366,-110.11282230587167,-113.71399838644572,-116.95385478828841
8367,-110.15858821500376,-113.65990699274869,-116.97460848552414
8368,-110.10352270023056,-113.60024851771283,-117.00309205127661
8369,-110.14130370089566,-113.6246518824409,-116.99094456207014
8370,-110.16665764502117,-113.71007268694487,-116.95317909708095
8371,-110.29814865841325,-113.63106988006831,-116.99542607089886
8372,-110.3176417248543,-113.54791161452894,-116.94078359133772
8373,-110.3106011024596,-113.43735582730106,-116.9063187222003
8374,-110.29004946548895,-113.38810164109753,-116.90385885092367
8375,-110.38133932975249,-113.27727605368241,-116.91929779049059
8376,-110.39262797491159,-113.29350443028825,-116.8783139573126
8377,-110.3295593890291,-113.39453602049397,-116.96044988510785
8378,-110.33845015752524,-113.48047022356488,-117.05957499818845
8379,-110.2075746806763,-113.64387618728975,-117.11991617942505
8380,-110.19951285774476,-113.59100094995051,-117.25920645173194
8381,-110.28208647013844,-113.57019134713269,-117.27145542748778
8382,-110.21249343246303,-113.59871094544245,-117.37790319959822
8383,-110.20690890463717,-113.46889827288408,-117.48216488925863
8384,-110.11454847058818,-113.38520056314204,-117.43720661648386
8385,-110.1660515048336,-113.40996583624403,-117.40276107860248
8386,-110.25185600446838,-113.50492807951753,-117.44200372814619
8387,-110.29744646004428,-113.54458483088374,-117.46138108080405
8388,-110.1297220004821,-113.49530514922188,-117.37291857721078
8389,-110.04819347227281,-113.41885576339801,-117.41889459454946
8390,-110.23314447175215,-113.40777556440099,-117.40773340808177
8391,-110.36582139842704,-113.42683845927725,-117.4764829012374
8392,-110.27190256760505,-113.39683531161054,-117.49586054854788
8393,-110.19739658977868,-113.46377234581445,-117.54619436322909
8394,-110.14244213617886,-113.54939141211855,-117.48447509324646
8395,-110.13293887871342,-113.5314528303088,-117.59100814221429
8396,-110.01321770536771,-113.39519699401411,-117.6484107895212
8397,-109.84707345006451,-113.30127308812447,-117.61552256421419
8398,-109.80545660211828,-113.2709858371647,-117.51542447832595
8399,-109.89885234538701,-113.30906915359834,-117.46560322863874
8400,-109.90690433611526,-113.24026259498011,-117.46193517549636
8401,-109.99730899086862,-113.14255120862613,-117.42862513782256
8402,-110.14378928167054,-113.22921468524414,-117.44163796625949
8403,-110.19501047747625,-113.16597331074209,-117.48580737032788
8404,-110.3292239416406,-113.19986129012503,-117.4525491812674
8405,-110.41070585020745,-113.22732350542074,-117.38239724625603
8406,-110.49453627789208,-113.16350310314891,-117.40336472127689
8407,-110.46500862236508,-113.13999294598479,-117.45787480046486
8408,-110.5241148213794,-113.03401043765243,-117.36536442886809
8409,-110.63448850447247,-113.07173640708143,-117.34081529158004
8410,-110.59088508099293,-112.98017210789419,-117.32494469905633
8411,-110.3723085537634,-112.99099643380862,-117.28077198391635
8412,-110.37468256795206,-113.06973136021796,-117.35830812343029
8413,-110.30645336670386,-113.12609668658865,-117.41920423210277
8414,-110.32118883005903,-113.09639922476117,-117.36015633523104
8415,-110.26381309246703,-113.16234098536711,-117.46568563125513
8416,-110.25452904981759,-113.26845602050389,-117.39349714464082
8417,-110.19823279835266,-113.34879668241557,-117.44764552213161
8418,-110.21241973906686,-113.3705439671732,-117.41823066737683
8419,-110.18179211801973,-113.40396410849834,-117.42308684212065
8420,-110.07987673127789,-113.31270023908431,-117.42550612137042
8421,-110.15197593182852,-113.39374744862889,-117.38403137941984
8422,-110.25348196819999,-113.37112724931323,-117.47458336976884
8423,-110.1514320601712,-113.27709153619003,-117.46660709688751
8424,-110.19285976910302,-113.38785631274956,-117.50129815705132
8425,-110.15094737444446,-113.41571067382858,-117.38520261706661
8426,-110.02665167352329,-113.3348272756804,-117.51018589297482
8427,-110.10721395796247,-113.28126209936761,-117.54099619209862
8428,-110.14945104363542,-113.1095656363035,-117.53159316619909
8429,-110.155249413787,-113.07542767963042,-117.48825087705018
8430,-110.30249289501506,-113.06628455579823,-117.55189524909588
8431,-110.26434683867993,-113.1422478975748,-117.58743044548567
8432,-110.22471091900852,-113.03380948584973,-117.63894802449641
8433,-110.29855071879341,-113.05846698479394,-117.52168758041631
8434,-110.21494779196789,-112.99436888706157,-117.39135032204973
8435,-110.2956750345979,-112.91697202092024,-117.43616702842033
8436,-110.21026268383969,-112.96388302768965,-117.41422998388757
8437,-110.2608868523792,-113.01144398415504,-117.38990535686109
8438,-110.27424104228322,-112.94536729117654,-117.3461373964943
8439,-110.14816803734207,-112.82374327447022,-117.37160968780888
8440,-110.25636999170757,-112.87262902150928,-117.38623955267799
8441,-110.28457350923406,-112.8123278343611,-117.35491071858974
8442,-110.32952116959282,-112.76906577177789,-117.28823979106039
8443,-110.30030694168534,-112.75773520633795,-117.2217160834063
8444,-110.28985200546295,-112.68682962310857,-117.25465169416695
8445,-110.36772731929585,-112.61687831650829,-117.25547765678647
8446,-110.39978333761198,-112.63495703143342,-117.23683390476268
8447,-110.477969914849,-112.57686489171313,-117.24134896765628
8448,-110.4294104623769,-112.63187113586176,-117.23080189641323
8449,-110.36059131853652,-112.58903719600741,-117.28280254788245
8450,-110.43686564535415,-112.58787366861392,-117.2758235196801
8451,-110.37776525799367,-112.65618893113677,-117.2796727075709
8452,-110.30645961879597,-112.62985631035866,-117.2699048623456
8453,-110.22930808709023,-112.6171207032092,-117.12781032438751
8454,-110.21858013266808,-112.6204460127533,-117.1008000662209
8455,-110.21547589326366,-112.59797697372758,-117.08685604148897
8456,-110.1904790807138,-112.64810664369898,-117.1299785388326
8457,-110.26866104799934,-112.70198687139799,-117.11243547040334
8458,-110.24229967404287,-112.73139274324576,-117.05408742316601
8459,-110.16321513391588,-112.67723287844804,-117.0469648004634
8460,-110.12834671561532,-112.75350143223038,-117.04264006424697
8461,-110.19891542605758,-112.62815291813635,-117.04300251451201
8462,-110.24587731585376,-112.66468390406254,-116.98869949387306
8463,-110.31448616647126,-112.67060718576322,-116.9820336912673
8464,-110.15409351120381,-112.6948930126321,-116.97484330670397
8465,-110.17596414205622,-112.77765484730628,-117.01628366644404
8466,-110.14948878636872,-112.78430670230418,-117.00142650975046
8467,-110.23837817445116,-112.71454596584047,-117.05220362591032
8468,-110.00906554587309,-112.76232902784403,-117.05776790353063
8469,-110.05163252802313,-112.68616556461794,-117.05508700507907
8470,-109.9950171741522,-112.6301483866913,-116.96914964514207
8471,-110.00167528874829,-112.75590938571881,-116.91221487340547
8472,-110.05342596456684,-112.69419506003238,-116.97536156965955
8473,-110.04399822421713,-112.67071557839253,-116.98784421582499
8474,-110.05417630287091,-112.66122041271878,-116.86634335656383
8475,-109.99518842916504,-112.63125643838329,-116.89322420141552
8476,-109.90741866470054,-112.62654073089021,-116.84107250864122
8477,-109.95731046100158,-112.74565407404754,-116.8212332926255
8478,-109.85655979713357,-112.62668658144847,-116.80110702012692
8479,-109.86311600983183,-112.63794629313153,-116.84370371554371
8480,-109.75963953684584,-112.61576704298253,-116.79294971361338
8481,-109.8211441870672,-112.63368480581912,-116.8197795936793
8482,-109.87483880839585,-112.63804785068714,-116.943954605529
8483,-109.85639225263765,-112.63832093001477,-117.09361314968707
8484,-109.90520014095969,-112.64564744285092,-117.17811875496038
8485,-109.90232799304276,-112.54769437458225,-117.2600831898655
8486,-110.00741368514157,-112.52308610936777,-117.2681328800123
8487,-110.12160788202698,-112.553575727231,-117.25065635618222
8488,-110.00910100054749,-112.55604264429488,-117.20845387204614
8489,-110.0134882489011,-112.4460702180671,-117.22249562422532
8490,-109.96607507481421,-112.53665843397258,-117.19001021686407
8491,-109.87667477660077,-112.51249980469169,-117.24988851281226
8492,-109.81781175467046,-112.57604942103677,-117.2444892799684
8493,-109.81289903010008,-112.78719360933846,-117.18605734454668
8494,-109.84384481018861,-112.72799581324466,-117.21832823446186
8495,-109.77648711370458,-112.67338339526552,-117.17852106794788
8496,-109.76707506757492,-112.72379109995909,-117.11038028340187
8497,-109.69195095546868,-112.7158565545417,-117.07790398064779
8498,-109.66111327942586,-112.7195472926546,-117.04041025192888
8499,-109.59309342328086,-112.85273330123788,-116.98872015584428
8500,-109.6845139486256,-112.73051033289678,-117.01355856173356
8501,-109.68823770387414,-112.69966239711235,-117.0057945573154
8502,-109.73635081476804,-112.69149766124693,-116.99639320000198
8503,-109.53619688032751,-112.62726125168845,-116.98753037765762
8504,-109.47544624222613,-112.58786881706376,-116.92057674671703
8505,-109.6175871533657,-112.59042205674857,-116.92425265395576
8506,-109.57046294456757,-112.57859618633762,-116.95190657365595
8507,-109.5252538388828,-112.47337352949418,-116.95423718293695
8508,-109.50239578642572,-112.45266777866684,-116.89389718008135
8509,-109.58040618186106,-112.43528069998368,-116.87590362441533
8510,-109.53589010386536,-112.38431504921664,-116.88125835033631
8511,-109.5450903749553,-112.35288551772166,-116.87484083528553
8512,-109.57699438790752,-112.34586064819804,-116.8335371510439
8513,-109.59061672296596,-112.43200892346009,-116.86065917908613
8514,-109.64617069309818,-112.49231248734436,-116.8112612833399
8515,-109.70124896719221,-112.5375665817351,-116.81923892375416
8516,-109.72629635237746,-112.53122825482407,-116.84886796204705
8517,-109.77562814437016,-112.50447732762088,-116.82958867516935
8518,-109.80679945770929,-112.55275493305703,-116.83563291019385
8519,-109.9009911617442,-112.6047523829132,-116.86576885120938
8520,-109.86594610233718,-112.64620406334487,-116.89045063821307
8521,-109.82392511906107,-112.66902204373663,-116.86955276913326
8522,-109.8434757861687,-112.59060735637514,-116.86467939596741
8523,-109.83234328879021,-112.68412759481018,-116.85612568997644
8524,-109.90061684494316,-112.6741580253589,-116.87206463111708
8525,-109.90166762425127,-112.67905259178745,-116.80384655785136
8526,-109.85922280387977,-112.75121790435702,-116.81849597094585
8527,-109.89122176738054,-112.7393685376773,-116.72644778012305
8528,-109.89693162751401,-112.81882902747701,-116.76166378247507
8529,-109.84703660748157,-112.86729587439493,-116.75987182647617
8530,-109.87861264360066,-112.82917538204302,-116.8200848012705
8531,-109.94054519437627,-112.99459389712928,-116.79284104864462
8532,-109.93282081917617,-113.0825054441603,-116.78223425299802
8533,-109.94895540436332,-113.09282319118428,-116.77604757366588
8534,-109.876498486191,-113.03995205136422,-116.81533588045784
8535,-109.83989555774838,-112.98706976952957,-116.84421082835132
8536,-109.82171794846244,-112.87548988822303,-116.97773828818045
8537,-109.7450407424029,-112.75325209424136,-116.94026291825439
8538,-109.7651000540382,-112.81257653224618,-116.87465375153874
8539,-109.84059930108289,-112.74447282119131,-116.8442815414773
8540,-109.8405336191652,-112.69356380477555,-116.7225058886352
8541,-109.89653397589242,-112.64928983072886,-116.65817329130661
8542,-109.88615267964606,-112.59685382274813,-116.59369783312341
8543,-109.90379074755555,-112.61032031043055,-116.6281003586597
8544,-109.88268912743924,-112.66770633621394,-116.5756016240768
8545,-109.90286640037917,-112.53683543096895,-116.56672819925518
8546,-109.97388765891512,-112.57051302191266,-116.5825085538724
8547,-110.00080840897859,-112.61899797795374,-116.52447352010138
8548,-110.16826113829572,-112.56362996932023,-116.57556744021267
8549,-110.23889994551959,-112.64201932432407,-116.52562814162093
8550,-110.11648057087503,-112.72954551082076,-116.47987468985573
8551,-110.00870231517892,-112.65209438282446,-116.38679501342492
8552,-109.98708455923214,-112.74564494465287,-116.42261799227822
8553,-110.10941399797912,-112.68626699653342,-116.45861039079335
8554,-110.0562503473163,-112.68182261124977,-116.42680471979006
8555,-109.9939196536707,-112.67625172507262,-116.44490789246927
8556,-110.09507205331761,-112.77154677116982,-116.45618972118245
8557,-110.19255914354751,-112.80194766826145,-116.42252293343967
8558,-110.18802887617352,-112.86312694541013,-116.36859780489334
8559,-110.18219304187724,-112.94850655276124,-116.45077738677968
8560,-110.08400148601778,-113.01062097669359,-116.46464644206425
8561,-110.09018131722279,-112.98405401061352,-116.53389435566591
8562,-110.04111453069541,-112.91122540113508,-116.56154807603717
8563,-110.00056561085233,-112.93989699389908,-116.51423059083054
8564,-110.01318213997966,-112.855958836659,-116.57205651875027
8565,-110.06709779060031,-112.95912038445124,-116.59829331213508
8566,-110.11845935817595,-112.9703092385171,-116.58176746981594
8567,-110.09117704531856,-113.04678200038782,-116.62805773890295
8568,-109.97447130531212,-113.02499780517138,-116.63283525656381
8569,-109.99242474038206,-113.03820606355563,-116.66104104944947
8570,-109.99225076174224,-113.11752742614206,-116.64429502950841
8571,-109.8959953634361,-113.07924782561545,-116.6451504178259
8572,-109.88001869738244,-112.9645156629378,-116.54540884705078
8573,-109.8665093940188,-112.8853672993996,-116.54954684551325
8574,-109.91951659458576,-112.8489684450011,-116.57030839627575
8575,-109.91862037128786,-112.76552398123032,-116.58360475008449
8576,-109.79294301217382,-112.83221412895696,-116.56844699302982
8577,-109.76690900848799,-112.70194544525509,-116.48476318734997
8578,-109.73313915243828,-112.67634351820188,-116.58473245479357
8579,-109.80973342444224,-112.67864180046247,-116.58558245618198
8580,-109.88213757686019,-112.70757237525876,-116.60771656491659
8581,-109.88422932297193,-112.67867826890681,-116.58462232343274
8582,-109.9381552092621,-112.76167671544911,-116.55014278141445
8583,-110.09152982580403,-112.77784184092785,-116.64744412910315
8584,-110.10523828616434,-112.77162326194427,-116.58836849238102
8585,-110.06471403150653,-112.72506958601875,-116.65473493568149
8586,-110.0236586402962,-112.79438716216497,-116.56194842888354
8587,-110.03912778595901,-112.87697018803755,-116.52739392611036
8588,-110.09523320708215,-113.01809029784991,-116.44470505844637
8589,-110.16286212375499,-113.0071297264543,-116.52061284059621
8590,-110.15997142098438,-113.02526507862672,-116.47759765719093
8591,-110.29552713809187,-112.8910235511409,-116.41183154205768
8592,-110.19251394247165,-112.85632929113895,-116.43870623286239
8593,-110.19755876263699,-112.80438195215595,-116.51370156301921
8594,-110.21667671095788,-112.84799887814675,-116.610512885291
8595,-110.15362103125136,-112.90707115293092,-116.55375376252375
8596,-110.07321360250688,-112.88118777141298,-116.45627556974645
8597,-110.00275130457256,-112.80243245627105,-116.49704597661085
8598,-110.0121642574573,-112.88017948527958,-116.4690835914102
8599,-109.89998050170843,-112.9362819998923,-116.42106878649406
8600,-109.92817392305315,-112.7657864781847,-116.45531500871662
8601,-109.83590333623872,-112.83035579715606,-116.46091667576555
8602,-109.78300771155477,-112.74548182705519,-116.42378734205906
8603,-109.74509420426418,-112.7227501829012,-116.48641000305969
8604,-109.8501292034294,-112.73779682687956,-116.46112662523744
8605,-109.67228831457882,-112.78617223702881,-116.38064683329675
8606,-109.64252006714315,-112.81849370376798,-116.38856049736616
8607,-109.65421842649319,-112.82536067490861,-116.39798540523283
8608,-109.68363972113043,-112.7678236349937,-116.4327123908256
8609,-109.77972026439619,-112.77150419896513,-116.32025290925614
8610,-109.72712672205871,-112.74055653133887,-116.33327339827103
8611,-109.82482479076796,-112.55113948974608,-116.29765550844279
8612,-109.81378041631751,-112.54196865340586,-116.31739851944312
8613,-109.91811432036894,-112.50867591911955,-116.44931125633406
8614,-109.97113029230292,-112.50509895230023,-116.46174492523193
8615,-110.01092192202033,-112.59357498942833,-116.49597907529773
8616,-110.04926539729571,-112.51867388028859,-116.53977084768184
8617,-110.0151923590945,-112.42870130913698,-116.53261157949339
8618,-110.04167277203548,-112.43904478393786,-116.50163558888667
8619,-110.09267420506481,-112.45739147237832,-116.40221535867616
8620,-110.06419487870674,-112.3893673283931,-116.40798399637079
8621,-110.07140178785323,-112.50367618622877,-116.37365513578882
8622,-110.01123739074347,-112.50027470589545,-116.37697012471153
8623,-109.98136306989689,-112.61765798863954,-116.35754050745228
8624,-110.0746921367759,-112.65674927289729,-116.34413152556476
8625,-109.94924224913666,-112.6466371441771,-116.34936365993548
8626,-110.11952378397544,-112.66257910528478,-116.40039290948212
8627,-110.08938235492096,-112.72788614538369,-116.37795948192164
8628,-110.24441938190057,-112.71774141793769,-116.36657804351921
8629,-110.14509814067769,-112.68653981957391,-116.38362447924439
8630,-110.07706890292025,-112.71668765940203,-116.291443207175
8631,-110.23891000947873,-112.74555493646085,-116.26244383205538
8632,-110.117932800544,-112.73214647990372,-116.2362358434385
8633,-110.11854250403944,-112.73612850043813,-116.16875355411949
8634,-110.11441755424573,-112.75695626710359,-116.21847988707468
8635,-110.2170800410378,-112.78550938354039,-116.2076650993952
8636,-110.3082670566075,-112.76278644137182,-116.2414046771205
8637,-110.22469898960648,-112.71889136439816,-116.25057816078274
8638,-110.30560938985369,-112.72489037685,-116.21504763117036
8639,-110.33380014793565,-112.7629652280661,-116.1641202527878
8640,-110.49624407890025,-112.71215263185528,-116.13399515689815
8641,-110.40632138150991,-112.71333409908908,-116.09276412868877
8642,-110.37682405906001,-112.7639455472181,-116.0127946797395
8643,-110.37526808957833,-112.74188312306384,-116.02783870785773
8644,-110.31061301828498,-112.82571671352122,-116.03390881055289
8645,-110.397189631979,-113.03263638277215,-116.03868136893388
8646,-110.43698528267001,-113.13964943888169,-115.98949950489538
8647,-110.45619090725062,-113.11221416914088,-115.94855830166065
8648,-110.44295654034374,-113.19304595875278,-115.96670508119436
8649,-110.49348322407769,-113.29569944381733,-115.99679190444817
8650,-110.51632223255996,-113.39876594621873,-115.9108699512245
8651,-110.57779733772611,-113.37546957518913,-115.9233719684755
8652,-110.59061270974678,-113.41943765900942,-115.94349545797681
8653,-110.57035941913354,-113.36625851953016,-116.02258551127657
8654,-110.60026072495745,-113.50509907853436,-116.00445837164368
8655,-110.76474964872325,-113.60802326589123,-116.07445097968808
8656,-110.73732296097094,-113.53899647350623,-116.07858813769238
8657,-110.67751189983288,-113.53495311317812,-116.06669001484212
8658,-110.6060023722943,-113.54318405479478,-116.08985380150868
8659,-110.62686024644324,-113.4848037668072,-116.05927366330107
8660,-110.62952852458223,-113.5464169878423,-116.11589616474092
8661,-110.68390522731619,-113.52913592908575,-116.11043122897603
8662,-110.65053919154909,-113.48176319266527,-116.03593787965997
8663,-110.69290116952084,-113.51619434295816,-116.06920985381778
8664,-110.67876892345623,-113.48666197686946,-116.1225113284627
8665,-110.59037746895763,-113.48367947969797,-116.06432770339299
8666,-110.66491778179574,-113.36830602201624,-116.08798989419407
8667,-110.76685607090927,-113.45009579975547,-116.08416339344346
8668,-110.76646979686763,-113.49694672376447,-116.12986575155114
8669,-110.81552909231094,-113.60169433154581,-116.15741918563427
8670,-110.82875391415118,-113.61713209990403,-116.2009184966533
8671,-110.77451603834479,-113.6381436170041,-116.23388749036721
8672,-110.77020037695412,-113.5351452693329,-116.26041222260471
8673,-110.76362018230702,-113.45446107185816,-116.2049212494984
8674,-110.73156561982492,-113.3623915530653,-116.25027278964782
8675,-110.60425959087786,-113.35391542673443,-116.26157692377954
8676,-110.48278734036158,-113.26954033805382,-116.20756370683505
8677,-110.4850495037081,-113.21777058575374,-116.18962992572847
8678,-110.42532727026884,-113.19232445531401,-116.21760994597255
8679,-110.4122426585588,-113.11294513879706,-116.20423052413338
8680,-110.32630292460647,-113.12184810960719,-116.12686017396022
8681,-110.3627899083422,-113.10168683519137,-116.11484703237299
8682,-110.42267656967877,-113.13383510382133,-116.12989263296039
8683,-110.47127298561826,-113.07028029523177,-116.10267313959368
8684,-110.49922736038175,-113.0321036885568,-116.08411977759435
8685,-110.54032644889962,-113.04648711202393,-116.12350191814593
8686,-110.60063390842745,-113.0083875284425,-116.11750572888906
8687,-110.52925712781983,-113.08211198352113,-116.20471881083421
8688,-110.5906404715767,-113.04313061452244,-116.16518135154274
8689,-110.75312617897632,-112.9824660401868,-116.18085733597513
8690,-110.74268307505154,-113.10228937391699,-116.10373256164382
8691,-110.65474698913738,-113.0046606183692,-116.06941595987075
8692,-110.59175079117784,-112.98465812530196,-116.11539812238144
8693,-110.70248087279154,-112.96097169883167,-116.05917086451672
8694,-110.796201772986,-113.04605094928476,-115.99833753684808
8695,-110.75238708409226,-113.12720217694118,-115.90021606699433
8696,-110.69894241852141,-113.23000673198888,-115.85798672029307
8697,-110.8329127692539,-113.29770002659271,-115.81358155571158
8698,-110.86676003327986,-113.20970448420536,-115.78954485506725
8699,-110.86033442960638,-113.13630317539422,-115.85411178634695
8700,-110.93728606634286,-113.1322443571084,-115.8759114234432
8701,-110.84055239906081,-113.22898389096476,-115.94082384213239
8702,-110.78724902524246,-113.231764611368,-115.97200762138647
8703,-110.64292610267367,-113.23730866404388,-115.84224848210928
8704,-110.69403133003355,-113.21055070382721,-115.86747401305543
8705,-110.55510164029343,-113.20945905411766,-115.88044690104121
8706,-110.46795051866931,-113.20258077114195,-115.88205511275572
8707,-110.41751704901817,-113.11748285304893,-115.90599867670667
8708,-110.43198767831038,-113.13822098805883,-115.87326021149956
8709,-110.3957461273462,-113.16452594851921,-115.90444253474156
8710,-110.41309140916263,-113.04183479683178,-115.99783831387697
8711,-110.44951270207238,-113.08546228607153,-115.96805834756478
8712,-110.55157920627636,-112.97673966137882,-115.87515527629651
8713,-110.47764162954795,-112.92146200248223,-115.84683596047765
8714,-110.43452796968978,-112.88792468779107,-115.84320168309375
8715,-110.57615567427385,-112.95857420983063,-115.79150457356806
8716,-110.46197743677061,-112.97437512695197,-115.80913048924809
8717,-110.31782414046093,-113.06929636233596,-115.71583876333636
8718,-110.45684598672132,-113.03378550162746,-115.86545715503148
8719,-110.49659906898209,-112.95895542335813,-115.78949188929668
8720,-110.57685083250715,-112.93485163848742,-115.75535292594572
8721,-110.47003817116456,-112.89638470928355,-115.73646600146789
8722,-110.4493364260416,-112.85365602020666,-115.64744265049482
8723,-110.49925289182323,-112.93262730573524,-115.64163289584319
8724,-110.43545072773637,-112.95682609981611,-115.63064856622378
8725,-110.26048045016634,-112.83945837625532,-115.67744823014765
8726,-110.22469544732142,-112.93953652165847,-115.65423188077648
8727,-110.23789145912393,-112.95574683746167,-115.64809833142466
8728,-110.34784413048277,-113.0740307010039,-115.63021515868819
8729,-110.26191850635121,-112.91357514120497,-115.61971483800893
8730,-110.33159722703681,-112.84377383677716,-115.68655186976599
8731,-110.44569551991951,-112.88313090838699,-115.76731524049057
8732,-110.43519862283937,-112.94857054561236,-115.78742110443298
8733,-110.53828006483143,-112.97523867155374,-115.76875655441927
8734,-110.60593678051345,-112.90734893080759,-115.76674968430281
8735,-110.65576187884395,-113.01398860846476,-115.79952557600647
8736,-110.72466933554117,-112.9941444298951,-115.83587012555685
8737,-110.87902217309286,-113.04897072560962,-115.84416333167422
8738,-110.85529994697484,-113.09983969887831,-115.82242008329285
8739,-110.83656054451484,-113.08837072565592,-115.74364241987658
8740,-110.88477405494581,-113.1383234014699,-115.72152380366018
8741,-110.83189531484409,-113.04784183251272,-115.75573813453299
8742,-110.67484852003108,-113.01170072619624,-115.72448964315711
8743,-110.46910163341249,-112.95515518420787,-115.72874457322052
8744,-110.40469746213054,-112.97812974942718,-115.67658352093918
8745,-110.40514476073855,-112.92604514300969,-115.68775742469231
8746,-110.44435051089356,-112.87573604681656,-115.68809476416072
8747,-110.2617678718126,-112.80323199718036,-115.67864385449832
8748,-110.28727974215249,-112.75671659220998,-115.68507093369857
8749,-110.12601838662735,-112.72001632056515,-115.68629347275493
8750,-110.11258835344438,-112.64350206855839,-115.68358433040521
8751,-110.01992124070723,-112.48704016753157,-115.67806225743706
8752,-110.04436303966125,-112.60150819126888,-115.64133473963273
8753,-110.05362424501537,-112.59000970991582,-115.66156198214796
8754,-110.04862730621097,-112.61483116245395,-115.54956823851346
8755,-110.04624253836153,-112.58909187344096,-115.58305877778407
8756,-110.2371747431888,-112.579970515442,-115.67445085058183
8757,-110.23561971073087,-112.51886111440562,-115.6199566826484
8758,-110.2148432233314,-112.50982226233013,-115.65539725434024
8759,-110.30694602245758,-112.4373095441915,-115.75502828031581
8760,-110.21536371581786,-112.6472266782472,-115.70680271874984
8761,-110.32044107956001,-112.57699014938649,-115.69018425220497
8762,-110.2005064625725,-112.65751795201783,-115.74558322864289
8763,-110.22470253526977,-112.69710166468545,-115.73992512152927
8764,-110.13638686291469,-112.62875260277312,-115.73955535360989
8765,-110.20498566360351,-112.67501420700594,-115.79093621602887
8766,-110.23098212495698,-112.56859242407475,-115.76532329942597
8767,-110.21911294437882,-112.58400825779987,-115.70968950211844
8768,-110.23218272557816,-112.6336625385806,-115.67101271488625
8769,-110.27719325099181,-112.61755034457467,-115.65900909378031
8770,-110.31271071037037,-112.66392562318705,-115.6195392458076
8771,-110.12470420506364,-112.78957277395625,-115.66810844224099
8772,-110.02830038872742,-112.78483783568794,-115.69257518978887
8773,-109.94219076093825,-112.8473127817748,-115.61987619458655
8774,-109.82988688778096,-112.74685685107758,-115.70449304820528
8775,-109.74747283528721,-112.71298600822882,-115.67327941742604
8776,-109.81986422900373,-112.68415518857515,-115.6948266912733
8777,-109.70599265424426,-112.68155576483414,-115.68435115091796
8778,-109.74731060567645,-112.71921386037337,-115.7161533816382
8779,-109.71514788501969,-112.71567911525432,-115.8481537739688
8780,-109.80621507785551,-112.78306535005952,-115.72029579022379
8781,-109.77782896704996,-112.72943629661498,-115.77788456121687
8782,-109.75823320298343,-112.69512027815384,-115.71565717716999
8783,-109.59094746157297,-112.64527256287255,-115.8040076112675
8784,-109.4971504229039,-112.49982862979206,-115.83849346557383
8785,-109.53630100236984,-112.46203018613076,-115.78479271940753
8786,-109.39909430993205,-112.49790098284201,-115.7695315372813
8787,-109.30152038337476,-112.38078300891458,-115.73091299092229
8788,-109.21001456284733,-112.3436610458001,-115.72002640617458
8789,-109.3287533502399,-112.38430115483051,-115.76924994046502
8790,-109.4028067455566,-112.37443317072513,-115.83426953325929
8791,-109.36483277105742,-112.32945326174536,-115.8327872875153
8792,-109.45505357600038,-112.23151025025437,-115.83810487477902
8793,-109.55340518631172,-112.27450979907246,-115.88119711891729
8794,-109.63976182680884,-112.2688835402937,-115.87895729408982
8795,-109.6296377548385,-112.33380681491755,-115.87652168661126
8796,-109.62687496722418,-112.2881321974983,-115.83308638528962
8797,-109.64985149642916,-112.2098289890482,-115.80435745938001
8798,-109.69542294916081,-112.2031650955595,-115.9095336799517
8799,-109.732252342224,-112.16069969325326,-115.93574482462259
8800,-109.6536520404344,-112.2372208836584,-116.00067390408134
8801,-109.6771487077399,-112.18974371029138,-116.02123953527229
8802,-109.57128542824572,-112.13458479408612,-116.05010517298159
8803,-109.50370583185065,-112.20562626464849,-115.85897340620937
8804,-109.55436289046632,-112.12320169794889,-115.84713552596622
8805,-109.5540948304081,-111.98933405640143,-115.83161051176793
8806,-109.46455321554009,-111.9297666890374,-115.83877951473953
8807,-109.4272574790313,-111.89507022124447,-115.83581975616072
8808,-109.40896615960918,-111.80098708926491,-115.81344816636039
8809,-109.40223040355286,-111.78746530925804,-115.80323460118018
8810,-109.50135970927761,-111.6935299376942,-115.85736603939336
8811,-109.39127684980559,-111.75030537751412,-115.80669696577378
8812,-109.3581176504334,-111.82505836259035,-115.77983189311236
8813,-109.38972360446988,-111.78604929933427,-115.66172439482997
8814,-109.37039215604838,-111.63941131075879,-115.65707765897263
8815,-109.20612686968062,-111.55494041423233,-115.63689538351787
8816,-109.25386538839739,-111.56710621577432,-115.69002637853264
8817,-109.33181095232021,-111.66263177681485,-115.73526149726932
8818,-109.3323027721357,-111.60326903821723,-115.65614007919217
8819,-109.32133275453772,-111.49051162113895,-115.67630657460272
8820,-109.29448552072955,-111.43313751790228,-115.64476235341087
8821,-109.36075256985312,-111.44509625884507,-115.54456025821403
8822,-109.4100153419048,-111.52447712266164,-115.65298611954984
8823,-109.44756322600601,-111.51598502379863,-115.65070906671338
8824,-109.38541016974213,-111.51922053719468,-115.67668323007848
8825,-109.33142239962426,-111.56271540758881,-115.71307873786981
8826,-109.23812010159061,-111.5698989947709,-115.70194723126798
8827,-109.10444406085965,-111.51263390012649,-115.77037452169219
8828,-109.16475675464682,-111.53025751790777,-115.76677674274504
8829,-109.19182200824036,-111.48848416886125,-115.67160883342292
8830,-109.20258967667645,-111.49004505397173,-115.60927597988227
8831,-109.26811930549853,-111.46449540631639,-115.56323000136442
8832,-109.36959046561603,-111.59169217416988,-115.5170263810407
8833,-109.25538359023633,-111.59198765752177,-115.55841917262171
8834,-109.3160030218789,-111.6155814135189,-115.60350247786388
8835,-109.49425941109502,-111.61537723568053,-115.55808396542615
8836,-109.53995557703024,-111.74061446729971,-115.68745157639177
8837,-109.56212367606149,-111.70710085931805,-115.7205394799393
8838,-109.62892436891606,-111.72962068989563,-115.7687232133727
8839,-109.6300391702944,-111.85117067656407,-115.78235405334826
8840,-109.67030837171674,-111.82172448565609,-115.86118607519373
8841,-109.68009499827687,-111.75731026855125,-115.88746190226169
8842,-109.57871599061865,-111.77209220572887,-115.83044224742528
8843,-109.54449453380744,-111.81963429894112,-115.88145582258852
8844,-109.52785882913655,-111.81849404256431,-115.91305491205776
8845,-109.58703049698205,-111.84473503684474,-115.99903055268304
8846,-109.60124759941641,-111.8862308526179,-116.06763816463067
8847,-109.55756958284525,-111.88249422124935,-115.99674505616157
8848,-109.49690624441891,-111.94951918158884,-115.99272600282784
8849,-109.39240607344502,-112.0261547122069,-116.02662869652316
8850,-109.3576368128861,-111.91030344531272,-116.09062087316111
8851,-109.33609697838557,-111.92615234502148,-116.18297877920818
8852,-109.39340918245048,-111.90819735577017,-116.17036843305598
8853,-109.28046749776695,-111.95357009341004,-116.2186359186388
8854,-109.20185302805561,-111.91949945254215,-116.25375379316489
8855,-109.26762159369133,-111.90306843618117,-116.25471085228673
8856,-109.19628491240913,-111.85321792742218,-116.24204412404735
8857,-109.27265049390962,-111.85306001288947,-116.27311703250987
8858,-109.25269011044381,-111.91098031197518,-116.31663249008331
8859,-109.22746418912345,-111.93446000544365,-116.23334650473542
8860,-109.13740326153324,-112.01519501204476,-116.3028578884163
8861,-109.06464162889463,-112.03276449049078,-116.24556307614097
8862,-109.1987633924486,-112.0479547996988,-116.2302672843442
8863,-109.26563279349651,-112.07438079365937,-116.34732379622122
8864,-109.32964744378964,-112.12800756566844,-116.36125630554588
8865,-109.41697342538423,-112.23419842297267,-116.34183447062946
8866,-109.4235852675444,-112.21076838517693,-116.31147642391701
8867,-109.33661144421139,-112.28688020534764,-116.34844536258706
8868,-109.28882869844558,-112.33284788790029,-116.3882538143383
8869,-109.18097510422209,-112.24468165499789,-116.23641987427655
8870,-109.25004017163229,-112.32453983981947,-116.21241614237664
8871,-109.26023685684262,-112.3545718943484,-116.29118140757504
8872,-109.1443200689367,-112.32191863134192,-116.40531992309721
8873,-109.10574132513105,-112.37718773547977,-116.43760763851151
8874,-109.14031607325185,-112.35227426262634,-116.46493989923101
8875,-109.02317918333304,-112.38858059102981,-116.47521982232962
8876,-109.04246985538663,-112.40263027993512,-116.43316596570412
8877,-109.07440163227868,-112.35363616261854,-116.48833487727835
8878,-108.95066008884525,-112.32277150377779,-116.44050001849648
8879,-108.98040186434005,-112.20613491025674,-116.4606176396802
8880,-108.89562471950657,-112.20440255341285,-116.37696326546804
8881,-108.95035564090114,-112.21583136388662,-116.34099177469693
8882,-108.94524224289901,-112.14973001257424,-116.38562429541778
8883,-108.96220056035199,-112.03935256241604,-116.39964134993284
8884,-108.95166778719732,-112.0284850025354,-116.36164446641462
8885,-109.00895540300326,-112.03796408594332,-116.32742155307713
8886,-109.05759815864647,-111.94878643632437,-116.33616828894472
8887,-109.09169854250302,-111.93756292604758,-116.27323726704277
8888,-108.9676608322103,-111.83452707559397,-116.26402291959315
8889,-108.95463274931502,-111.90525987566886,-116.31541797723034
8890,-108.87322649426142,-111.91530558570156,-116.28348774324819
8891,-108.83656341165776,-111.89751363641491,-116.27106876611711
8892,-108.80848924243617,-111.91609118544125,-116.24807084900041
8893,-108.74888209857563,-111.93175760733969,-116.29239376644531
8894,-108.63665109147804,-112.01511342437374,-116.30141978070237
8895,-108.55180620506582,-111.8941508401616,-116.21741561547091
8896,-108.6903502773061,-111.86819453471402,-116.24268129506349
8897,-108.63454124491,-111.93087860126161,-116.27717091829592
8898,-108.73232813816071,-111.87539643643632,-116.18600273494289
8899,-108.64621118084676,-111.87073224963952,-116.27663986655985
8900,-108.5904401283571,-111.79507979776268,-116.27884895316014
8901,-108.65969851365666,-111.80791878088472,-116.25393830105203
8902,-108.74424822895003,-111.74666842509122,-116.29743416606715
8903,-108.86241979946081,-111.73957876265698,-116.26332764280386
8904,-108.95744147590936,-111.710095280298,-116.3238689587869
8905,-108.88096488287587,-111.77962859942127,-116.3305319850062
8906,-108.90976258329104,-111.72244906978504,-116.39257176464953
8907,-108.97527060024893,-111.69020375030655,-116.48235667488039
8908,-109.0386746808104,-111.63948750556719,-116.45053482165483
8909,-109.07252355418012,-111.61261130693845,-116.39608985479393
8910,-109.11871826167936,-111.65522968856985,-116.38597788303014
8911,-108.93281806348048,-111.81662907926311,-116.37285347973693
8912,-109.12797675476021,-111.72583964864677,-116.42417196656959
8913,-109.02547736761488,-111.73656189896333,-116.38156202628464
8914,-109.03760162916629,-111.68257024761994,-116.4454851481461
8915,-109.07702464866239,-111.55679794691997,-116.47975525970136
8916,-108.99204125139777,-111.58378664019378,-116.50681119213338
8917,-109.01853134803378,-111.63255096628812,-116.4812132335998
8918,-108.93663365767907,-111.64227137471374,-116.48563026202036
8919,-108.90541749864853,-111.69035660412118,-116.41062114370813
8920,-108.92375170151018,-111.63372505074113,-116.39731152676421
8921,-108.87428911968539,-111.68157892819244,-116.38250448103544
8922,-108.8781906960891,-111.60950517208886,-116.34410208304209
8923,-108.83840478893867,-111.61155166053112,-116.34621610173676
8924,-108.88656883772381,-111.5768932746769,-116.38592260990472
8925,-108.91830694682984,-111.54519365585332,-116.34782880084731
8926,-108.89773578307583,-111.56088665425105,-116.30673052923865
8927,-108.90797187251502,-111.5438104004462,-116.24349084348525
8928,-108.89358106006304,-111.58926883401462,-116.23362847205459
8929,-108.8657386387058,-111.57857112228928,-116.33299745142224
8930,-108.8481594708124,-111.53708610789577,-116.41667142114878
8931,-108.92401057851295,-111.55519483188328,-116.46143169326638
8932,-108.91785831588213,-111.54159028005421,-116.48247685649724
8933,-108.93080952581433,-111.53441655738165,-116.55628649539922
8934,-109.0784147996643,-111.57655488678728,-116.46619850004372
8935,-109.17845837498038,-111.4738365841497,-116.44122746413811
8936,-109.05546970262314,-111.50547906237567,-116.32357179727157
8937,-109.18198925899205,-111.55059539900431,-116.20492410031771
8938,-109.2123112532395,-111.47841587599602,-116.1951623249817
8939,-109.32169830657803,-111.51713353872393,-116.14976312475143
8940,-109.24678000905553,-111.56214511634371,-116.254228851048
8941,-109.21357202043492,-111.57262202434617,-116.25903687698484
8942,-109.20585378939535,-111.51186738985268,-116.22419242605974
8943,-109.32051677966348,-111.5264255665556,-116.26587890959777
8944,-109.46131038043973,-111.62580917754141,-116.17962380225917
8945,-109.57929498804299,-111.5564867549193,-116.24305435992315
8946,-109.62817423519272,-111.44747778456129,-116.24715007323744
8947,-109.66368058181585,-111.45453231544235,-116.3723609283361
8948,-109.80544417694793,-111.425782212827,-116.35504140736325
8949,-109.64952355214301,-111.43718012073056,-116.29262635885053
8950,-109.69703268152169,-111.44518154845345,-116.37795750494061
8951,-109.72915681606344,-111.53866168281016,-116.35638842163645
8952,-109.7152196684193,-111.64477757204475,-116.26618324219702
8953,-109.60007333816083,-111.55421782726133,-116.28827438267967
8954,-109.41292751730805,-111.47811607094748,-116.38799580972896
8955,-109.42778589768993,-111.39112283422625,-116.39073471628636
8956,-109.31497179991453,-111.42223032148489,-116.3517554822117
8957,-109.3359438610994,-111.34444846992571,-116.40256320072676
8958,-109.32349800883807,-111.39549482336136,-116.29897815545695
8959,-109.23491153072152,-111.36194498720238,-116.32198453794027
8960,-109.17933592136367,-111.41222305986639,-116.30959196198972
8961,-109.28832175866677,-111.4216949190133,-116.36379824249056
8962,-109.40671659998627,-111.35747311056093,-116.33503677807563
8963,-109.48833824921036,-111.43658902553338,-116.37551857848788
8964,-109.39382775536143,-111.44668951899143,-116.2905994818336
8965,-109.27239050168808,-111.45045695199565,-116.23873474758304
8966,-109.30866068058174,-111.37048834537646,-116.3414054857459
8967,-109.27363782503738,-111.34819714275969,-116.33817353387651
8968,-109.22875275880887,-111.29543289312937,-116.36180720362074
8969,-109.14414046714809,-111.23881921124914,-116.36264153249664
8970,-109.19109196850108,-111.19096645159786,-116.34336477099134
8971,-109.23126180917875,-111.2251790573306,-116.33752039722134
8972,-109.18363522083254,-111.21147184381255,-116.32964390124859
8973,-109.08627170485869,-111.10760010255447,-116.37248876518136
8974,-109.122232512003,-111.16219110008038,-116.36412299912524
8975,-109.18298039561367,-111.22493471398198,-116.33003957342649
8976,-109.05823190468556,-111.34665332242311,-116.2794063437066
8977,-108.94092766787935,-111.2471416293753,-116.3143556817993
8978,-108.96142408189883,-111.34315730007155,-116.35346501283425
8979,-108.98577885231481,-111.4661045356209,-116.32740780418553
8980,-108.99215964905036,-111.44030747601484,-116.32893400490349
8981,-108.9750507790063,-111.54139856715561,-116.45396333075621
8982,-108.85585088362005,-111.43489690921686,-116.40781254205342
8983,-109.00990965726959,-111.4708000235212,-116.38156199683067
8984,-109.11163635729676,-111.45217721799295,-116.30998531910912
8985,-109.07266200078467,-111.4769007216333,-116.28564031162898
8986,-108.99390394413656,-111.59736061231575,-116.31497535614868
8987,-109.01942494276526,-111.67201918696045,-116.2308779303434
8988,-108.99424382538919,-111.69241327256489,-116.21371742112018
8989,-108.9689398981601,-111.75192390206394,-116.22409316229067
8990,-108.82751481396917,-111.67708387473252,-116.26291248728465
8991,-108.7238587756774,-111.69991113861144,-116.15543647507002
8992,-108.63520037205461,-111.72308356770884,-116.20512168431246
8993,-108.70078375836863,-111.85636180682272,-116.2533218852464
8994,-108.70305461546188,-111.889037001056,-116.07280904174446
8995,-108.55146710460923,-111.9395434951154,-116.04851942425014
8996,-108.6001121490774,-111.9149769337281,-115.94410876086981
8997,-108.5404151114292,-111.86290255463501,-115.90192157622775
8998,-108.45232651302501,-111.82085705548837,-115.79465417482093
8999,-108.47841824679774,-111.7383633347853,-115.79246408073901
9000,-108.34885581927944,-111.74007647267274,-115.8205274907806
9001,-108.39606135238604,-111.80196616316994,-115.82950286511834
9002,-108.39307735335396,-111.78524802278034,-115.82210118810595
9003,-108.25513637818474,-111.73808846107855,-115.78499428982418
9004,-108.17896612995385,-111.63603470054133,-115.82839733167214
9005,-108.05669250236838,-111.59981003280626,-115.72858811375664
9006,-108.00046899533783,-111.57268618690527,-115.63724758094199
9007,-108.09234537948728,-111.56163380864058,-115.63397326078027
9008,-108.04371435927975,-111.44857737016926,-115.63953441440606
9009,-107.97483242933916,-111.44346998088872,-115.66103755713269
9010,-108.04845771811297,-111.44103275997723,-115.62962210743204
9011,-108.06877563570129,-111.43243221513205,-115.58765207971658
9012,-107.99629931999358,-111.32264322695718,-115.56760605757384
9013,-108.0391222019129,-111.22093728516951,-115.57451267253674
9014,-108.02880399460176,-111.24027424196612,-115.52838277405147
9015,-107.9779076643276,-111.35688078690815,-115.59732087022894
9016,-108.04223927721048,-111.37663694152559,-115.61490656945165
9017,-107.96490279540238,-111.39460633154725,-115.6392190008415
9018,-107.92288113974104,-111.38209475665865,-115.67260081493149
9019,-107.97170963628326,-111.43038986882321,-115.70270243926751
9020,-108.00269536706729,-111.4352069453488,-115.64192071633667
9021,-108.1078831610907,-111.40980222428803,-115.6190112881898
9022,-107.91739048297617,-111.42733004340006,-115.67094592968029
9023,-108.01814342422846,-111.45744617516405,-115.6325950502907
9024,-108.04410991423721,-111.4368610982541,-115.6133643320775
9025,-107.95548314270508,-111.38014461055438,-115.68297995206355
9026,-107.99625618421305,-111.36909056916858,-115.64587715250548
9027,-107.98061312335581,-111.29516127118674,-115.60659775821135
9028,-107.93158704658876,-111.26112161210506,-115.56233927689084
9029,-108.03090644242079,-111.33041295452104,-115.68328621556341
9030,-107.99025439528124,-111.23782031486263,-115.66569032159364
9031,-107.99998176058105,-111.10284973027584,-115.69013289330539
9032,-107.98922882949194,-111.09326954592785,-115.60869471517468
9033,-108.12516093718011,-111.19007441048228,-115.54784105487462
9034,-108.18039381916353,-111.25140811728235,-115.56312429175874
9035,-108.19243556239417,-111.17913539426917,-115.50262949325082
9036,-108.16489890730159,-111.19869074874347,-115.53898490787398
9037,-108.24757249941177,-111.22877318059999,-115.5901735039797
9038,-108.32197351533097,-111.30141311335963,-115.5920249847725
9039,-108.2933972006201,-111.4232697726186,-115.49942429641912
9040,-108.30655194758464,-111.46345222912487,-115.56586319378982
9041,-108.40306580911351,-111.62406318735145,-115.51018064127481
9042,-108.31431642120002,-111.67508337421359,-115.5231122620115
9043,-108.26749721624606,-111.73372437232925,-115.53758607540624
9044,-108.2741726714789,-111.8014416692387,-115.4867513888909
9045,-108.28910061236556,-111.81228407669155,-115.49010844715534
9046,-108.27134673190162,-111.81004783594108,-115.51000743527476
9047,-108.26845979418641,-111.75161529487733,-115.50168936597979
9048,-108.41272435251881,-111.75435515285828,-115.46421819937822
9049,-108.54430820996218,-111.82985248850693,-115.42611852231387
9050,-108.5280571619948,-111.82000533409226,-115.39142780027501
9051,-108.56977389463552,-111.77655033090906,-115.35518713817069
9052,-108.62823069299986,-111.70217187215579,-115.41280585076274
9053,-108.6516735550264,-111.5965866983109,-115.37759417486885
9054,-108.61466085269291,-111.50451345942946,-115.41745672547077
9055,-108.59463328866211,-111.46868716388371,-115.41343815838113
9056,-108.58581566948784,-111.54212775368252,-115.36410447507185
9057,-108.40531214857624,-111.46315861349234,-115.31531154968809
9058,-108.38885214564648,-111.51495574456493,-115.3086177614129
9059,-108.53119822514438,-111.44651589072593,-115.29997064437535
9060,-108.4251307938541,-111.48170167203726,-115.31515027269259
9061,-108.43059806936802,-111.43323113953466,-115.35560798196727
9062,-108.33088899382983,-111.50475938229232,-115.3085516238335
9063,-108.33121800476783,-111.55217268657152,-115.31546695198723
9064,-108.26548081543305,-111.57609572288692,-115.3027858907634
9065,-108.40825701210531,-111.59856937351515,-115.24448536657505
9066,-108.32646995638785,-111.67761435840922,-115.1246533177779
9067,-108.33300489360234,-111.74467045607051,-115.09238296814681
9068,-108.28713423837189,-111.8165364303083,-115.10609517254878
9069,-108.31818329967831,-111.85723115416292,-115.10704434235942
9070,-108.19827147147272,-111.84248781290673,-115.13298765869186
9071,-108.36081360278556,-111.89810723296746,-115.11094059957304
9072,-108.18526710530693,-111.93149118960291,-115.1137608958295
9073,-108.29072031026291,-111.82771641363571,-115.06200884760509
9074,-108.31730007869801,-111.8433178406219,-115.0514493963014
9075,-108.39452997326194,-111.99813992705343,-115.05983878307137
9076,-108.49892704173458,-112.03125767100032,-115.02132411400916
9077,-108.4115332178959,-112.08480692258374,-114.99735389677252
9078,-108.44092808122902,-112.04089243226838,-114.87669413892941
9079,-108.44180302132321,-112.05759863686258,-114.91989222724473
9080,-108.47261092725736,-112.06530748721971,-114.93091259613472
9081,-108.57747794389678,-112.00302125294073,-114.97419049020596
9082,-108.71241687156436,-112.00781838283429,-114.99953832202416
9083,-108.63289178272225,-112.00015528559038,-114.92417208447918
9084,-108.64164406859716,-112.14226755270218,-114.88849285691413
9085,-108.68439119116505,-112.07700468347268,-114.94838196481884
9086,-108.78837682764149,-112.10492559356946,-115.00798029611951
9087,-108.77495172825914,-112.14791422902334,-115.10447868514949
9088,-108.82555434924092,-112.05205644284305,-115.10938438240211
9089,-108.74859438771423,-112.01485426415034,-115.07782111865217
9090,-108.76757208663807,-112.0194699923552,-115.03089195835193
9091,-108.88937503692614,-111.98897608107401,-114.91043744322624
9092,-109.03262571170976,-112.01791475740754,-114.88765651741078
9093,-109.07849070927239,-112.05121169540732,-114.8398072256153
9094,-109.05032521874838,-111.9448708014499,-114.84055704447906
9095,-109.0227721254195,-112.00818173481169,-114.89668584227354
9096,-109.06182449820372,-111.99910873848485,-114.97681687676533
9097,-109.0597846581867,-111.95733508470362,-115.05001110250967
9098,-108.94822415460308,-112.06366498327489,-115.05187450359671
9099,-108.9001486271545,-112.07114533324707,-114.9793088061211
9100,-109.01249328288966,-111.90092138032145,-114.99592365114515
9101,-109.03605970245486,-111.9212539563062,-114.95439748717746
9102,-109.0545947942987,-111.98989794864873,-115.01772761872867
9103,-108.95353532167934,-111.95791100320032,-114.89908681927787
9104,-108.93343017164706,-111.99356237847523,-114.96776313592652
9105,-108.83618474350087,-112.00066583002058,-114.98459160232017
9106,-108.73659609854457,-112.021393011795,-114.92510544345572
9107,-108.67103444185312,-112.02316111643708,-114.87837645669441
9108,-108.6394549980092,-112.04780498849269,-114.96515645689162
9109,-108.70200111248549,-112.04981283058312,-114.97022537088588
9110,-108.58165322807471,-112.11845749482012,-114.94019399976793
9111,-108.4584564632141,-112.05229403529495,-114.9734639288042
9112,-108.3988587212668,-111.98774738041524,-115.05301266943853
9113,-108.37425365994719,-112.02739994743138,-115.01932397992589
9114,-108.42556073400712,-112.07495578732639,-114.90812748440123
9115,-108.32532063857519,-112.11208670935606,-114.95558545078755
9116,-108.44164410723269,-112.12093164053744,-114.9823199228044
9117,-108.46430527149364,-112.22455928495035,-114.91130176433745
9118,-108.4378781907287,-112.21770338899313,-114.99900327177849
9119,-108.40723070661716,-112.26810451866433,-114.958431697853
9120,-108.4720527581105,-112.29480640711273,-114.95023867805949
9121,-108.36565478023222,-112.25257229756981,-114.90637434650596
9122,-108.39583141685394,-112.27679717146941,-114.91959551529652
9123,-108.29594396175062,-112.19373984093488,-115.00214784534828
9124,-108.3728214903137,-112.23363035179108,-115.07533270573202
9125,-108.46946761765281,-112.27366398699657,-115.10111942924621
9126,-108.39844655440145,-112.31408781740393,-115.04234714329083
9127,-108.33064414311482,-112.35639058666251,-115.01799547012733
9128,-108.40200117245502,-112.46626511797538,-115.0597055589574
9129,-108.44800177954718,-112.44212917051794,-115.00884600194817
9130,-108.33593104782527,-112.52133208318446,-114.94364669316266
9131,-108.395944090098,-112.6142693776962,-114.89774533701637
9132,-108.53243792150504,-112.56184041312508,-114.81222952331234
9133,-108.6337145130992,-112.6323255358055,-114.82393376780948
9134,-108.72177641925471,-112.60614756930491,-114.83354697225214
9135,-108.7035899878571,-112.55971093223378,-114.92031308312684
9136,-108.74100990438686,-112.47544929714087,-114.95860502250602
9137,-108.80257262558467,-112.47484706489124,-114.83054137399719
9138,-108.80815407850946,-112.48423166145358,-114.86624960610325
9139,-108.88722496889119,-112.44458424047983,-114.88992155817415
9140,-108.77233578406452,-112.52301542176505,-114.87362115139626
9141,-108.74711474908875,-112.3700890216478,-114.9003191390949
9142,-108.8757827230018,-112.46882407358416,-114.80462329204096
9143,-108.7680598162253,-112.42443068170898,-114.79943027774601
9144,-108.7521913701882,-112.41135709878114,-114.80099121459759
9145,-108.8768505653134,-112.3636144189767,-114.76902059417068
9146,-108.97437162799379,-112.33329282263554,-114.74122624850132
9147,-109.0360518557688,-112.27838459741605,-114.76011373182396
9148,-109.00861620583358,-112.23607054014175,-114.8234312117907
9149,-108.99225798849056,-112.16007874484984,-114.94917422294196
9150,-108.96367921706371,-112.15639010536592,-114.91823661715313
9151,-109.03924429043698,-112.1033124407987,-114.99207710023555
9152,-109.04314167044657,-112.0593104258557,-114.93468784102433
9153,-109.12472003969964,-111.86842644146174,-114.91051984261301
9154,-109.05737096673576,-111.84076264800188,-115.00726067499014
9155,-109.14262856516432,-111.72663218245577,-115.09078640089155
9156,-109.12440652794282,-111.72465342248407,-115.05571675188443
9157,-109.0324730820618,-111.78011612727735,-115.04914320057401
9158,-109.08656831172563,-111.88289660535744,-115.10148586049178
9159,-109.17044990836592,-111.82342198448059,-115.18207135555227
9160,-109.32096665334092,-111.75439365873976,-115.18216093974104
9161,-109.23551824212514,-111.75988157286733,-115.17379550370889
9162,-109.23115603915375,-111.7067573014669,-115.26254048633355
9163,-109.3456108905465,-111.69003761676959,-115.23773347138585
9164,-109.46690700768579,-111.81284820581348,-115.17594794303392
9165,-109.34036768526431,-111.78226209978918,-115.22105132499166
9166,-109.30144981303766,-111.72556883676528,-115.24881630177492
9167,-109.28996158496801,-111.72612209055089,-115.32904563822805
9168,-109.4565367494471,-111.77922608355428,-115.24932031237776
9169,-109.41213549591133,-111.71893788230315,-115.07893424435696
9170,-109.29797707639811,-111.72100412351567,-115.07835644631751
9171,-109.30413160620915,-111.65477338817556,-114.99413092634312
9172,-109.2587791344506,-111.78411886023315,-114.93107852597448
9173,-109.31144700398258,-111.80599268309668,-114.92108336107509
9174,-109.38192297157204,-111.80605514451247,-114.92703378185115
9175,-109.40337013873621,-111.66941013267697,-114.94002522876762
9176,-109.51281489379471,-111.72652071036148,-114.88830231054565
9177,-109.53322635289993,-111.67778403720241,-114.8690150487236
9178,-109.4754906585971,-111.59749834317964,-114.75847739961259
9179,-109.44622928887213,-111.54620289381091,-114.7811224652684
9180,-109.5278564537962,-111.56678488398586,-114.82192791860831
9181,-109.53528498641927,-111.49569385095211,-114.89507317875885
9182,-109.67112459558369,-111.47121639330311,-114.82046907855802
9183,-109.64313615259451,-111.44150641773965,-114.82915504855809
9184,-109.57773127684395,-111.4510871647077,-114.9020447891499
9185,-109.63109124487231,-111.54924994743017,-114.80313157257402
9186,-109.59246497894016,-111.44141970090307,-114.86517717751445
9187,-109.66658337421475,-111.46633115625393,-114.89254122618415
9188,-109.72143056752714,-111.5083946963897,-114.89282973943675
9189,-109.7727534995619,-111.44952480329138,-114.88305751927037
9190,-109.76936319477937,-111.56243427002336,-114.94102149048172
9191,-109.72488541364913,-111.63218491914125,-114.83434884882308
9192,-109.7304464092376,-111.62474615526541,-114.81928847933605
9193,-109.64686154182806,-111.5894740285865,-114.84227119231707
9194,-109.59377781377198,-111.57030258462211,-114.81755046118715
9195,-109.46658352059922,-111.58113338221663,-114.92651147164598
9196,-109.59059643381309,-111.60091171058708,-114.87798746515502
9197,-109.55281284414886,-111.60858775299687,-114.83236942518572
9198,-109.47697089659773,-111.54762100713657,-114.80253007432421
9199,-109.46286507309954,-111.43656962576257,-114.86815334583179
9200,-109.51763466513779,-111.43587675057117,-114.81740754829477
9201,-109.38847372404996,-111.33489862217846,-114.89932831795187
9202,-109.43171289234806,-111.27048665737627,-114.89272031784446
9203,-109.49060188119103,-111.25059135951786,-114.90970519779505
9204,-109.61463367126792,-111.26524792127924,-114.95442430601484
9205,-109.6531644309751,-111.31472530362461,-114.98362463454723
9206,-109.65205560884517,-111.29110001780197,-114.99217378820082
9207,-109.55582864111693,-111.2754744578261,-115.0369979823163
9208,-109.56695139369089,-111.24245094350599,-115.12118297620223
9209,-109.490779452001,-111.17770326494201,-115.10058236180626
9210,-109.6049342814933,-111.1733017003105,-115.10069437770429
9211,-109.68160309682744,-111.26538285537798,-115.13109309965891
9212,-109.63713406771896,-111.34517617041209,-115.09212641955334
9213,-109.6151015636484,-111.45059302373981,-115.03781452065847
9214,-109.6964529897615,-111.49756087165966,-115.08407734065115
9215,-109.75971135321656,-111.52241303424657,-115.01501413515679
9216,-109.78174423140524,-111.47850921139474,-115.03294857711509
9217,-109.91397359617162,-111.41232138020732,-115.10805198402485
9218,-109.87000759323506,-111.33577547188759,-115.13476871338065
9219,-109.85411299672162,-111.33697252730246,-115.1421431260811
9220,-109.93868055438996,-111.25923757437135,-115.13476411636448
9221,-110.00069924741959,-111.32165556319435,-115.13572725877384
9222,-110.12351615660617,-111.35468061458812,-115.0947959403761
9223,-110.04037862126148,-111.30481277982551,-114.98308568051638
9224,-110.14761067533655,-111.2587114473977,-114.95504889027728
9225,-110.03501381312071,-111.24213339832903,-114.99961130707162
9226,-110.17101485896069,-111.18304931517008,-115.07429645785135
9227,-110.26691793878359,-111.13149660613085,-115.00829935166408
9228,-110.14920828882401,-111.13478809213586,-115.06345482302186
9229,-110.17882332905455,-111.14777200489456,-115.07322803516598
9230,-110.1238546273621,-111.19297523340828,-115.06935184230024
9231,-110.11307238272903,-111.23079589919004,-115.16663889806703
9232,-110.19313346120717,-111.2363306978223,-115.11639964453904
9233,-110.13836685160199,-111.28930246413162,-115.19090337291718
9234,-110.0771075019744,-111.17903782349288,-115.12840590097485
9235,-109.97797104095744,-111.20045472858743,-115.11373210519402
9236,-109.9298279822163,-111.12735026081666,-115.10893534746387
9237,-110.04873696185496,-111.10829715598379,-115.20093962311928
9238,-110.1450461444564,-111.12412787072324,-115.33864551194819
9239,-110.11563235680232,-111.16892871242796,-115.28100464517631
9240,-109.9869472458089,-111.16101726372455,-115.28031699320934
9241,-109.88590419600844,-111.09077200873267,-115.18269859688138
9242,-109.95632636688542,-111.06323822497527,-115.13993182034824
9243,-110.11297028027914,-111.07663201984776,-115.19546922410356
9244,-110.10350114359423,-110.99477236483492,-115.16427814593798
9245,-110.13128589757258,-111.02204150079172,-115.13556252963998
9246,-110.04385875508635,-111.01805786083403,-115.15464537708284
9247,-109.98390472907266,-110.98778031088344,-115.19873853053353
9248,-109.94527788642395,-111.06254963795296,-115.26442859791642
9249,-109.87363916952941,-111.11510045960657,-115.21622358917698
9250,-109.8762185211034,-111.15213102912654,-115.22876673420654
9251,-109.77811250461147,-111.14210061238413,-115.24555513337995
9252,-109.69765433208383,-111.13699091171596,-115.20272356188606
9253,-109.62728749291529,-111.08895499521023,-115.20484051313187
9254,-109.63929267553559,-111.2884986538995,-115.24320043727317
9255,-109.56723587819488,-111.25577439061338,-115.14158909052358
9256,-109.61410514479144,-111.24478091294019,-115.12058421460547
9257,-109.56050129897767,-111.22969053504505,-115.21993234299217
9258,-109.5804725966444,-111.26366774531229,-115.2875727056038
9259,-109.47274847555497,-111.16929675660187,-115.30451366559589
9260,-109.45225211033599,-111.23159701146253,-115.3007213041534
9261,-109.48554053568316,-111.23080397065209,-115.31552686029639
9262,-109.54666877849505,-111.14708801043058,-115.4164893621433
9263,-109.65926751870279,-111.12453009386832,-115.44297624985907
9264,-109.59791137017636,-111.17376448103636,-115.39521419883339
9265,-109.61735642075162,-111.13066057195589,-115.35782379082573
9266,-109.61047002018236,-111.2752670190217,-115.44088833470846
9267,-109.68015475755234,-111.31346352632556,-115.39438797515267
9268,-109.64765836868496,-111.26251305701811,-115.34023586105839
9269,-109.71230552347147,-111.3224618699732,-115.37249482613046
9270,-109.67104328561727,-111.27297003354363,-115.41508678392859
9271,-109.70106703166786,-111.29391810280922,-115.40297269503644
9272,-109.66569712709136,-111.35036207486031,-115.37363147190155
9273,-109.76517860003595,-111.39940810060946,-115.37527753934408
9274,-109.74819002803945,-111.42959058631678,-115.4405022487717
9275,-109.78649971624453,-111.34729466202101,-115.33248884625986
9276,-109.64502445490932,-111.34339858001988,-115.31247967786358
9277,-109.56683277303682,-111.29321126755153,-115.35705830667095
9278,-109.50763085671113,-111.34435038358787,-115.29288215069721
9279,-109.61442943675671,-111.25461312301127,-115.2342270472419
9280,-109.51568940419797,-111.12308728930974,-115.18934804258235
9281,-109.41009595718272,-111.16258053725444,-115.14338648919585
9282,-109.37412779282405,-111.15489569080155,-115.10773439473559
9283,-109.43137834008408,-111.09811044058785,-115.0706960790851
9284,-109.33467521359668,-111.09905678143889,-115.0309942346205
9285,-109.42818765321286,-111.12337820934061,-114.94369636946351
9286,-109.43598022201788,-111.12807914966822,-114.91570177042941
9287,-109.42686443203517,-111.18782031185953,-114.98917094183658
9288,-109.4093359844739,-111.22576770444192,-114.92820920763607
9289,-109.47056504111313,-111.35974312884204,-114.93298212065697
9290,-109.43895947277821,-111.3109806858993,-114.9901043067059
9291,-109.46890125320228,-111.26437473440464,-115.02275702178636
9292,-109.47429281470673,-111.28528176753389,-115.11039957938776
9293,-109.4096650392843,-111.45007356243947,-115.12295082302595
9294,-109.17955026797753,-111.43017338700753,-115.11013080880556
9295,-109.2413122355807,-111.42324953352164,-115.02501834531782
9296,-109.22055549389225,-111.40500766878264,-115.03786749581259
9297,-109.26109261399111,-111.39562641934681,-115.16947377800241
9298,-109.35680435507271,-111.2922077093302,-115.22149427433163
9299,-109.36135745929624,-111.32621082161877,-115.18826809463948
9300,-109.35681620557989,-111.33591747744327,-115.18278430202041
9301,-109.34758794728397,-111.33960038185022,-115.12579061523726
9302,-109.2254983854684,-111.26817220886257,-115.1901242735737
9303,-109.23889053223745,-111.28202275348391,-115.14924820488402
9304,-109.22004470371662,-111.36640557924392,-115.17801194492093
9305,-109.14883865306126,-111.329939825913,-115.19194093457344
9306,-109.1024871925006,-111.29051239162254,-115.11336800176636
9307,-109.0386603183309,-111.30828599696774,-115.16000526298292
9308,-109.18192852141556,-111.44062955924703,-115.0542594995759
9309,-109.23342309081585,-111.4296682435278,-114.92824850266305
9310,-109.40641167773757,-111.50424788953603,-114.93594469171973
9311,-109.33140030334516,-111.53292577138879,-115.08761502859991
9312,-109.45357899240318,-111.52341299802124,-115.09554674152079
9313,-109.37264613303401,-111.60806011928022,-115.01936681162655
9314,-109.38641194872622,-111.62994028948782,-115.03232810950948
9315,-109.34508971587564,-111.6764317504248,-114.90253940421934
9316,-109.34872635990612,-111.63957450256004,-115.00305366128846
9317,-109.4771272079109,-111.72618444929478,-115.00526766317667
9318,-109.4686733524558,-111.65824626522266,-115.00212153040961
9319,-109.33887825732992,-111.69648140848797,-114.97558671180732
9320,-109.31140145468218,-111.75538065340149,-114.91464303403004
9321,-109.44120203802768,-111.66453087379307,-114.9179421184665
9322,-109.42026749845559,-111.69030043321773,-114.9019982489171
9323,-109.33907667276297,-111.7719857903887,-114.8941491355769
9324,-109.32451082435786,-111.79614663558662,-114.93901001524168
9325,-109.36056533861627,-111.76569294298871,-114.90047217432888
9326,-109.41227160016324,-111.80966108739881,-114.84531762277902
9327,-109.48326346916231,-111.75834305859715,-114.83194162506588
9328,-109.43590096830448,-111.77132166721495,-114.94934889681481
9329,-109.56569218214617,-111.80015574793379,-115.07947947881729
9330,-109.61874772619333,-111.82206003928326,-115.06822810139195
9331,-109.63334591531653,-111.89603964477308,-115.12999221506205
9332,-109.63720671570967,-111.82916520010359,-115.13356942899048
9333,-109.56024271743624,-111.84539501458315,-115.11294916916543
9334,-109.59176999208019,-111.76919788891138,-115.1526796613236
9335,-109.67905837167459,-111.87851263059355,-115.07639985559257
9336,-109.55578391296083,-111.80473019187383,-115.06147963026271
9337,-109.52095307512776,-111.8150970860946,-115.03127858473968
9338,-109.56000423652452,-111.88066222753262,-115.0855515175218
9339,-109.5413813565095,-111.99311880689541,-115.04865586875486
9340,-109.41399629560541,-112.02283626187868,-115.00233289893832
9341,-109.45899118047114,-112.0544184179968,-114.9728058605681
9342,-109.5073139044996,-112.05267135825599,-114.98422727767509
9343,-109.48482051371464,-112.02742822162787,-114.95375799020488
9344,-109.4978993456499,-111.98034373973708,-114.86702424561884
9345,-109.54861084097453,-111.95898214279812,-114.87923897580684
9346,-109.54340109703963,-112.11065734338035,-114.90426518874878
9347,-109.58321102791052,-112.18059782351692,-114.84709232210689
9348,-109.44237727802464,-112.12615551429778,-114.87265216507453
9349,-109.34326318761518,-112.04952057415085,-114.7868651231422
9350,-109.36861613131867,-112.00404957997554,-114.77156136144882
9351,-109.38869795134931,-112.06098142340409,-114.74005175323927
9352,-109.3705483524567,-112.12105761207546,-114.84369529389014
9353,-109.44371752648999,-112.07577628693711,-114.83090319964066
9354,-109.35353067289743,-112.14110880318702,-114.85562821720623
9355,-109.56144881759448,-112.14733871451698,-114.7717721139887
9356,-109.5783229397336,-112.09327851508282,-114.72395407294219
9357,-109.68012008931294,-112.05652600549453,-114.72790548168803
9358,-109.69803989650035,-111.95580177965383,-114.70657454224875
9359,-109.65208013227107,-112.05040964653196,-114.66279835555832
9360,-109.6337235796438,-111.92295220282568,-114.72061293079412
9361,-109.63397697577452,-111.94641977576818,-114.70000507723867
9362,-109.62958699947593,-112.13138869563838,-114.64838186383592
9363,-109.58927899209525,-112.20457582028214,-114.58241596070704
9364,-109.4627579653979,-112.06811391373998,-114.62744241106246
9365,-109.44479122009881,-112.09067953875999,-114.58037298525086
9366,-109.42855441404419,-112.18290272780894,-114.55100990838262
9367,-109.48913579580058,-112.23272127985624,-114.51389708394622
9368,-109.42269037993469,-112.31394428885598,-114.49082552081785
9369,-109.34283654202638,-112.31122721399737,-114.47507187607494
9370,-109.31324417549726,-112.37427245587801,-114.50853494951811
9371,-109.25162861122311,-112.35461914260674,-114.48272122322626
9372,-109.19783439209688,-112.24233096404922,-114.43030887220189
9373,-109.08355853116734,-112.21851131467793,-114.47188915424954
9374,-109.01180160189105,-112.3039394096801,-114.40453412917779
9375,-109.0641860361795,-112.29791371471966,-114.51589201629861
9376,-109.0191006310333,-112.431481305804,-114.49832214415137
9377,-108.95023555451871,-112.46744761065726,-114.46630049366941
9378,-108.95507518524278,-112.4068029764055,-114.439608656855
9379,-108.94151547200866,-112.41755727025426,-114.4578059507684
9380,-108.89597943547443,-112.49977630199186,-114.51565486377173
9381,-108.75528040490514,-112.5716701759354,-114.55445404879252
9382,-108.78255303299005,-112.51774556730213,-114.5769429236818
9383,-108.90088780969924,-112.5442624644763,-114.63612318101889
9384,-108.8963035967062,-112.48875332903202,-114.6248288972627
9385,-108.96770292273334,-112.39401169364723,-114.64845510136857
9386,-108.88363266852808,-112.4341544609527,-114.62021025463355
9387,-108.79503606534551,-112.5173019647491,-114.74160038160278
9388,-108.84889972593255,-112.54730799196739,-114.64945896966356
9389,-108.88567954530272,-112.47993271593829,-114.61536375999512
9390,-108.99106116902641,-112.39431030950064,-114.55930137954948
9391,-108.89213683063906,-112.32367968187117,-114.54318681691421
9392,-108.91483304307124,-112.3138054980345,-114.54617191718016
9393,-108.91761151474063,-112.24039484478698,-114.51369523973158
9394,-108.91056534345391,-112.28776171022764,-114.5026112163367
9395,-108.87514472963596,-112.34419477810803,-114.43417475302572
9396,-108.82347990673283,-112.36061582251277,-114.43364780672147
9397,-108.69232977962126,-112.3502092282423,-114.38471323487245
9398,-108.68982216933163,-112.36041221335617,-114.36992203028944
9399,-108.67710367856797,-112.22753494345281,-114.44486496092472
9400,-108.87297106699697,-112.1935874260993,-114.44124404128914
9401,-108.86137517785419,-112.32278337528014,-114.5691135723674
9402,-108.76298550573574,-112.40136116506841,-114.66918503799954
9403,-108.75339231031,-112.38098260405562,-114.66791308707226
9404,-108.76066956008444,-112.46412302972885,-114.688952868135
9405,-108.6971400994853,-112.52006022184825,-114.72075112475318
9406,-108.6009575591988,-112.45731842515971,-114.69458868697618
9407,-108.63469652197293,-112.4999838690257,-114.623852088771
9408,-108.66354075377542,-112.51772061426605,-114.59008821625982
9409,-108.67899756140366,-112.6030783676476,-114.63234258781189
9410,-108.67948789414798,-112.58910695882602,-114.64571073119768
9411,-108.69178050128127,-112.58045632902468,-114.5983329023475
9412,-108.74358198311639,-112.61328475750574,-114.57536130092046
9413,-108.6607295338799,-112.63769865237307,-114.5608549697871
9414,-108.63717601009925,-112.57154273982928,-114.56622974340189
9415,-108.61184224370136,-112.5058319597249,-114.6603418335614
9416,-108.71434243609363,-112.51373713520815,-114.7260330221894
9417,-108.78392079928844,-112.41711297258277,-114.69088485435482
9418,-108.803331680653,-112.36744178143434,-114.59737643851308
9419,-108.90571089371068,-112.43487664813722,-114.64512416748315
9420,-108.86970174246241,-112.41408655667291,-114.61591694690382
9421,-108.82052054975048,-112.45208674698296,-114.56409147606308
9422,-108.8117639072163,-112.5002961609253,-114.45867254859522
9423,-108.72168012934782,-112.58237737473273,-114.43608698445982
9424,-108.7931192670795,-112.50825950467154,-114.47194248576682
9425,-108.72425247217166,-112.54740014104036,-114.45666164010866
9426,-108.74140866414257,-112.35267531963603,-114.37522709912835
9427,-108.79319543333509,-112.26716991804605,-114.35226058806877
9428,-108.80708605455717,-112.31999972586715,-114.36055222639378
9429,-108.73106861481553,-112.2627555934692,-114.39247420549799
9430,-108.73793214145695,-112.21534800123948,-114.3125529856921
9431,-108.75469894778442,-112.22916946078986,-114.31182989276647
9432,-108.64162735084628,-112.26366004443987,-114.34701587061033
9433,-108.56210284903291,-112.20969567183164,-114.35671951633284
9434,-108.58817499100613,-112.18305106236939,-114.30491499282581
9435,-108.50546241249947,-112.19208763571227,-114.35880884666523
9436,-108.70312614024402,-112.27677785418888,-114.31487171497028
9437,-108.69892441929886,-112.3064675367113,-114.24149332175459
9438,-108.81979280498734,-112.20499849589855,-114.29760253541048
9439,-108.72878319820325,-112.24087875700322,-114.36562631248023
9440,-108.86803709455722,-112.32891275872085,-114.37073599393193
9441,-109.02630707373768,-112.38407736298544,-114.42783761515919
9442,-108.9039240094693,-112.41430787373713,-114.42027341645071
9443,-108.91729924708073,-112.44684584095988,-114.4216248814185
9444,-109.05423085081482,-112.37369012087359,-114.49993948493264
9445,-108.88714109839731,-112.31678898530795,-114.535043832978
9446,-109.01893555532932,-112.30222863796646,-114.56759524594814
9447,-108.99865319182389,-112.22756855561957,-114.43727748561192
9448,-108.96656659558151,-112.12472254329884,-114.40188664163364
9449,-108.91358078545929,-112.00363960531887,-114.46753580314655
9450,-108.88480185444618,-112.02946146983668,-114.44611212492754
9451,-108.79039645258537,-111.97358144242986,-114.47476852810198
9452,-108.81917965762335,-111.91851688389765,-114.42921196851869
9453,-108.84228026803183,-111.77967438211769,-114.44566521490931
9454,-108.89828629907325,-111.88945070392934,-114.44414269219199
9455,-108.87112380684233,-111.84422139892783,-114.41637950398777
9456,-108.94686181569526,-111.8203686449659,-114.35919349700185
9457,-108.94099731375678,-111.86395578498446,-114.22367581870088
9458,-108.83043607163029,-111.90792690085217,-113.99618523635085
9459,-108.79619892268884,-111.82960222927781,-114.00932632335889
9460,-108.86888765274657,-111.84663945481604,-113.94587765383898
9461,-108.82761392314593,-111.88591052869356,-113.92441823603573
9462,-108.90633237867733,-111.90279472606335,-113.93764608946637
9463,-108.93946334393257,-111.8623727627998,-113.99535239099502
9464,-109.04193447618394,-111.85799980700169,-113.94027167299674
9465,-109.07038448919927,-111.87174202303186,-113.9651647424642
9466,-109.1033532443459,-111.89251627726584,-114.09920278721762
9467,-109.14995828398311,-111.9183621506178,-114.0262468757818
9468,-108.9523362244398,-111.85649484814,-114.08150049159246
9469,-108.90160381985515,-111.77484011791427,-114.13477838970942
9470,-108.86644246582364,-111.77600875633166,-114.16782781063822
9471,-108.94396207000528,-111.73719658049352,-114.05490959159205
9472,-108.78781448104783,-111.74531262844665,-114.05604546177942
9473,-108.69130363533566,-111.82022317587376,-114.15345376257083
9474,-108.73426200011701,-111.80199863385474,-114.1142296237474
9475,-108.70593979050632,-111.84539209541214,-114.09736812942904
9476,-108.58145992250317,-111.80853083011512,-113.99579406161502
9477,-108.61053102904845,-111.6681441722139,-114.00395605569798
9478,-108.54020628197046,-111.67194298053778,-113.99829369899543
9479,-108.69164660243214,-111.72376008052376,-113.96309384485731
9480,-108.649957862392,-111.8220406030364,-113.94803327818352
9481,-108.53506974082902,-111.9822495457672,-113.959451640336
9482,-108.6560072946778,-111.96364173423366,-113.92189697725114
9483,-108.67757542067423,-111.8481165144314,-113.94856953742548
9484,-108.6088367042443,-111.80924606651534,-113.980172998271
9485,-108.73623406663228,-111.8736011007291,-113.96890348183348
9486,-108.7457366539184,-111.91729175379176,-113.91807860708934
9487,-108.62854864488739,-112.01127621850158,-113.9415780858808
9488,-108.6871563970864,-111.92170487304779,-113.79507881770684
9489,-108.8208992344048,-111.91654950145109,-113.74189266856087
9490,-108.83146882866367,-111.98300866474557,-113.71723830979957
9491,-108.86318812492138,-111.96646594387272,-113.72342914296577
9492,-108.84878716222187,-111.8875416983776,-113.71626499301354
9493,-108.91610164596693,-111.90494552280443,-113.65724232673529
9494,-108.81047496850371,-111.96520266233807,-113.58860239151116
9495,-108.73987823832695,-111.85635551159021,-113.59955536429729
9496,-108.86009399773374,-111.826700681575,-113.6102960021875
9497,-108.82808750467468,-111.78730688269377,-113.64452142995701
9498,-108.8915528297183,-111.78792487806666,-113.62846977143714
9499,-108.99835179767777,-111.69359490272608,-113.6125694907733
9500,-109.1070843994105,-111.69424547956521,-113.60881495739277
9501,-109.10308632837823,-111.76059049663286,-113.59411366061006
9502,-108.98866495026891,-111.75829601028559,-113.60812923758783
9503,-109.00305624459507,-111.80058553801217,-113.5538136081487
9504,-108.93769516337777,-111.78673992029177,-113.5616566730933
9505,-109.02867689348898,-111.73978727214892,-113.57034787954333
9506,-109.03655797117558,-111.68674768495471,-113.56945724816588
9507,-109.00747434580467,-111.58501900487227,-113.56067932913622
9508,-109.11224023430822,-111.5539332066685,-113.49604797662607
9509,-109.09787926452091,-111.60152674921103,-113.51134949743857
9510,-109.05552444911032,-111.59607183456211,-113.4310954325172
9511,-109.11564305105765,-111.56805989444645,-113.51955684185756
9512,-109.14277056844742,-111.56899198604528,-113.44210858146258
9513,-109.13476909475034,-111.59743314545425,-113.38170940567673
9514,-109.19007142169175,-111.46317618667585,-113.41409009755884
9515,-109.09693290609272,-111.49948834609029,-113.47528267079413
9516,-109.00944591976776,-111.49994258744027,-113.5886447138142
9517,-108.99024691913482,-111.48173936081857,-113.59799778633327
9518,-109.02238958961073,-111.55846122262793,-113.56699330673149
9519,-109.03315026171435,-111.53916254113413,-113.60768376548765
9520,-109.01770521351887,-111.62905695605342,-113.5372719115547
9521,-109.0478920313503,-111.5112391549892,-113.61937305366274
9522,-109.17093479863475,-111.43497993087206,-113.69580496631744
9523,-109.19514967185933,-111.40685361084448,-113.7281815828022
9524,-109.23337199573237,-111.37564750911571,-113.63970710176909
9525,-109.15344439888186,-111.37460285178292,-113.6472263690869
9526,-109.23552748151178,-111.22167957276052,-113.64695964202684
9527,-109.26493420903873,-111.32922302548721,-113.65230268089527
9528,-109.38353605190696,-111.32813701455929,-113.63495705560622
9529,-109.43245167812917,-111.4313928618488,-113.56300903188917
9530,-109.29666690394521,-111.46182142349072,-113.47824171090537
9531,-109.2480909127299,-111.39537480577425,-113.41123364940066
9532,-109.22349291717538,-111.45783645097517,-113.41612701880217
9533,-109.37908933638548,-111.44538323281004,-113.40957470587233
9534,-109.38131305949116,-111.32770374936558,-113.35722857998829
9535,-109.37777173989214,-111.29423530343217,-113.38141478669309
9536,-109.32116422347428,-111.1640952267188,-113.38865794318939
9537,-109.34703758912414,-111.28128716454029,-113.43474665930245
9538,-109.34454026626771,-111.31824072530148,-113.436606292287
9539,-109.22789133697103,-111.37949139907114,-113.38778043517908
9540,-109.29284429962772,-111.31505941214694,-113.28938792411725
9541,-109.29351319982561,-111.24183023353818,-113.1888201600915
9542,-109.11870071817044,-111.26172293987491,-113.15728951196785
9543,-109.01404955559181,-111.21696576114198,-113.21835167132659
9544,-108.93299929586883,-111.30847923082638,-113.3150346666142
9545,-108.92374431103158,-111.35483481022561,-113.21694769463295
9546,-108.89049251319025,-111.30741754712108,-113.23575126863648
9547,-108.88459935962675,-111.23781963838972,-113.14673335652901
9548,-108.90928151633193,-111.11749314366793,-113.16074460967303
9549,-108.92051218043234,-111.18431512150258,-113.20863611796027
9550,-108.95673488197866,-111.28611024504448,-113.2789559009305
9551,-109.02570022042403,-111.30244978527529,-113.15945250863042
9552,-108.96297835559665,-111.157796837815,-113.15992331921444
9553,-108.94843980296082,-111.19161352658553,-113.07699577595699
9554,-109.09778270397007,-111.24734998312147,-113.12036425434783
9555,-109.09023406784843,-111.16549513022977,-113.11346853342195
9556,-109.03295193837955,-111.16267397893317,-113.06278532168083
9557,-109.20888870378262,-111.15739862929667,-113.09343890148652
9558,-109.12458338344413,-111.11279178603007,-113.02999334951608
9559,-109.16592958642909,-111.13800475448869,-112.89727781202217
9560,-109.14243641961257,-111.06453083175714,-112.83838543323704
9561,-109.18680209722372,-110.92257002391513,-112.74554273468209
9562,-109.1513001716622,-110.89362077128939,-112.64943938566324
9563,-109.14424746183147,-110.93333709005663,-112.64755781587253
9564,-109.10858513049129,-110.88498324432149,-112.66281258275988
9565,-109.1258248587235,-110.87293473007395,-112.55826301569647
9566,-109.23543853124903,-110.89343636299868,-112.55764762999507
9567,-109.28839107220338,-110.79796024661572,-112.5831931576547
9568,-109.24451160463977,-110.66650767439069,-112.56710661482511
9569,-109.26195263388098,-110.61836860944905,-112.6203126929559
9570,-109.21455388885373,-110.55766474967842,-112.62093770066167
9571,-109.13435129666496,-110.57066688978362,-112.70714775692181
9572,-109.0980316600068,-110.538653569097,-112.80388203540329
9573,-109.13185882348861,-110.36849143421144,-112.84836100422255
9574,-109.07965051744667,-110.35507589278785,-112.81198289059374
9575,-109.11094593873545,-110.28412667131877,-112.74593568847908
9576,-108.99141936504472,-110.33710065231432,-112.69430512657254
9577,-108.97160544637728,-110.45681697056692,-112.69882467537963
9578,-108.99660919925779,-110.43942050404858,-112.74198710462286
9579,-109.0386160096192,-110.40825913693925,-112.70030266633131
9580,-109.05318358718536,-110.42080212980672,-112.64414813040223
9581,-108.92985642986147,-110.35896754853765,-112.64589490185281
9582,-108.78738535447992,-110.48461252710372,-112.65101275884305
9583,-108.87700263379769,-110.43874525512963,-112.59015279137328
9584,-108.84312974368808,-110.3306596736598,-112.59911288529729
9585,-109.00451226884215,-110.43587953735808,-112.62915721689521
9586,-109.0973024987329,-110.53992639312531,-112.66817673203398
9587,-109.08825914888313,-110.57722343365961,-112.62542811084211
9588,-109.09109581110869,-110.58335253889402,-112.58293805361339
9589,-109.12174894109144,-110.64384284237711,-112.4876427267981
9590,-109.20265972465346,-110.63656839530883,-112.5024247607642
9591,-109.13705207229953,-110.56950410915451,-112.50313167508446
9592,-109.38056953995272,-110.55062547613575,-112.44500988277693
9593,-109.34168573629307,-110.54126642335186,-112.46470234857766
9594,-109.3403145391211,-110.49385547688523,-112.46908069063366
9595,-109.33883696350486,-110.48065130598764,-112.4607412923252
9596,-109.26564299764422,-110.34981669352784,-112.53997039689659
9597,-109.29957486252297,-110.25965296327308,-112.5675873963435
9598,-109.19840914180506,-110.31221964439442,-112.50850029518598
9599,-109.16352892779359,-110.38342087020571,-112.44155946384018
9600,-109.09223877928628,-110.34568731690395,-112.50342182869014
9601,-108.99801295827587,-110.22561530433717,-112.5085836546927
9602,-109.12622805841741,-110.26343732112343,-112.59565016588029
9603,-109.05210674387452,-110.40343841973439,-112.60158124772302
9604,-109.03652400712187,-110.4041956082189,-112.51216763910026
9605,-109.12234521278009,-110.4285221509162,-112.50070145843564
9606,-109.03661678228784,-110.3513454594316,-112.4553016243614
9607,-109.17675554448803,-110.34903080953396,-112.49635099346042
9608,-109.22653011692125,-110.31724160807485,-112.5042323697065
9609,-109.2055359324871,-110.38228487370057,-112.4550568560829
9610,-109.22919447341961,-110.33170187387915,-112.44814574108594
9611,-109.2662114794687,-110.27087493237075,-112.46679386865813
9612,-109.09132179375106,-110.23849214542372,-112.54089838262928
9613,-108.98073126617251,-110.2036927298114,-112.52125547550716
9614,-108.98109008786503,-110.1351120582419,-112.53598463892843
9615,-109.02215119706443,-110.15144851333977,-112.56423241807688
9616,-108.98980241128442,-110.19494906879086,-112.61768848452972
9617,-109.08085275302015,-110.24119302652325,-112.67396356737204
9618,-109.1151990131331,-110.23270579093534,-112.75388976035865
9619,-108.9772119297117,-110.28535249495475,-112.77470008622691
9620,-108.97410400207895,-110.22253390842891,-112.83862648693892
9621,-108.96417512278572,-110.2521266403616,-112.86548546729378
9622,-108.93806701910749,-110.21097652415085,-112.90679589120509
9623,-108.90235490600774,-110.18310203669016,-112.91428159098916
9624,-108.81085536635842,-110.0621979449095,-112.97423409119686
9625,-108.87548382670613,-110.05384803557023,-112.96861144862952
9626,-108.83535034652425,-110.11896990148426,-112.88453918955273
9627,-108.90154074936554,-110.08109734987397,-112.99001878483877
9628,-108.88824890350521,-109.96581160192349,-112.95227830577956
9629,-108.81983854569032,-110.00574050513643,-112.81250794727279
9630,-108.86958806563948,-110.00741303931161,-112.79303423995185
9631,-108.9598820803076,-109.95594928713923,-112.82280370362773
9632,-109.00455869126618,-109.89036092649721,-112.89442971040705
9633,-109.09903789374016,-109.93787231846134,-112.89383988000756
9634,-108.94518454882075,-109.97883334381018,-112.82213845076882
9635,-108.90604591598971,-109.9530603330746,-112.90925779119115
9636,-108.98671657456782,-110.0409850704367,-112.91121904847002
9637,-108.94991547516854,-110.07419722008561,-112.85971522890932
9638,-109.01854510338549,-110.02203109939555,-112.80934880785397
9639,-108.90240809128113,-110.02283968880076,-112.74221216398372
9640,-108.8828764937706,-109.93347405194643,-112.78711087997684
9641,-108.91357628722585,-109.82936534251402,-112.73015503574554
9642,-108.89305873001754,-109.86575642024084,-112.7274447784493
9643,-108.84463916607496,-109.8900393049411,-112.6543243886967
9644,-108.84981362931711,-109.89025816610066,-112.6201289987137
9645,-108.77257006540522,-109.87667463012511,-112.65260453634605
9646,-108.83805893788835,-109.85316793339479,-112.74955820315442
9647,-108.81082696944489,-109.82426827306887,-112.66931714950402
9648,-108.65160506395591,-109.78259813579655,-112.79018131811111
9649,-108.46988763841367,-109.8297859725466,-112.8412337907397
9650,-108.45448424212134,-109.76596563608582,-112.90320356611386
9651,-108.39401554061598,-109.82928319498183,-112.84543162644492
9652,-108.46256088112602,-109.94715802278436,-112.89818916889178
9653,-108.40912137336709,-109.93021748928572,-112.9221061959609
9654,-108.40412349597639,-109.84001104291514,-112.98725711245255
9655,-108.40228015638877,-109.88442776216596,-112.98315693317603
9656,-108.37983294647374,-109.92438865950805,-113.03371771563907
9657,-108.3817555072905,-110.0488873896232,-113.01197344495176
9658,-108.26373615450169,-110.07269836768454,-113.05526008647331
9659,-108.14735799494144,-110.00023283246225,-113.01670481756327
9660,-108.01057795899473,-109.95766357224048,-112.97643523936196
9661,-107.86291022411416,-109.86217731681432,-112.96391552134598
9662,-107.8103884017118,-109.92061624839755,-112.92162977863384
9663,-107.77657864126266,-109.9018070745758,-113.00772992212282
9664,-107.77202342409561,-109.83111509425282,-112.99000512180262
9665,-107.71456834366381,-109.78314826514926,-112.99959582058688
9666,-107.65423611637448,-109.87569536708813,-112.88895668459472
9667,-107.5514897199129,-109.72374733259937,-112.91918929984926
9668,-107.50301282286475,-109.80555132259843,-112.94192752129044
9669,-107.48453029358272,-109.75599765981178,-113.02866445329464
9670,-107.50564457895923,-109.77425641433162,-113.07427006106154
9671,-107.4687524291588,-109.82042844051726,-112.96923614000971
9672,-107.47791681395947,-109.83804030813903,-112.96126989196169
9673,-107.48890918213803,-109.83006164808803,-113.05268339977391
9674,-107.54617109134615,-109.90482401805095,-112.99686837797648
9675,-107.70846927988596,-109.87382568659444,-113.00225781551788
9676,-107.74203075163854,-109.84207399832135,-112.96340720139756
9677,-107.66493717856915,-109.78190258693239,-112.94796328514677
9678,-107.48979929330768,-109.78453578307096,-112.98771728861277
9679,-107.50289841291382,-109.79166014723376,-112.98360724826668
9680,-107.49493945366822,-109.81727837640022,-112.96606675154618
9681,-107.53558178335315,-109.90566987760636,-112.91480597852416
9682,-107.3390043919218,-109.93098260742556,-112.93804363822292
9683,-107.33775865551796,-109.98172698353703,-112.9243989860109
9684,-107.20674263396249,-109.94456854146951,-113.00410712813101
9685,-107.31475270974767,-109.89490539297414,-113.00098303988801
9686,-107.15420708199422,-109.9652405550405,-113.00844892476235
9687,-107.09746118874011,-109.8127838510232,-113.00891068620993
9688,-107.02111554406389,-109.91312048426069,-112.9946707706803
9689,-106.98142588515694,-109.72806950496073,-113.03460815491817
9690,-106.97221511769095,-109.70263895817506,-113.10677094685434
9691,-107.00172686140417,-109.76343195393281,-113.13967483100507
9692,-107.03435278424965,-109.80042226844355,-113.10923261974455
9693,-106.99830739331026,-109.72392733921411,-113.15006804988258
9694,-107.00528261077548,-109.69815090689382,-113.15939357000055
9695,-107.02220440166585,-109.6726315172472,-113.08721718467314
9696,-107.1758668718883,-109.69096548480141,-113.06792776463011
9697,-107.30812771725343,-109.68864427225887,-112.98655517339738
9698,-107.30294121408973,-109.75117665231718,-113.03523251032075
9699,-107.40805651786356,-109.75669242742175,-113.05146986035464
9700,-107.40426950919382,-109.84565584340177,-113.05136067271306
9701,-107.44728909877409,-109.85389168733782,-113.08041245892329
9702,-107.59219108732661,-109.8330412132252,-113.15723749747585
9703,-107.65547431581425,-109.86768615745878,-113.09768611021214
9704,-107.55771864676964,-109.81376559492784,-113.00522857760076
9705,-107.51626032451041,-109.80509289778303,-113.07086322140597
9706,-107.47614714208821,-109.84167718366703,-113.03388171968382
9707,-107.52779483239087,-109.80573718227775,-113.00986177367159
9708,-107.63198317975484,-109.90863471784621,-113.05237422928667
9709,-107.60360348495732,-109.89819514903277,-113.02874233389744
9710,-107.54248105227384,-109.85412766403897,-113.02951948003403
9711,-107.53784238072048,-109.81201451083219,-113.11563165762169
9712,-107.60225673338965,-109.9208742697574,-113.05787793171436
9713,-107.70234204966725,-109.99830522484768,-113.04378407454769
9714,-107.62103691223894,-109.985666216743,-113.05208268124515
9715,-107.67699040377452,-109.90638017083491,-113.12290374222832
9716,-107.75882454897706,-109.96514150003652,-113.17240352677015
9717,-107.68475088046506,-109.84734337007605,-113.21063618123907
9718,-107.66940931139878,-109.8896663843312,-113.20725627201577
9719,-107.69751079505238,-109.9294351309522,-113.27885450981466
9720,-107.6231126327732,-109.966372452701,-113.36353833952413
9721,-107.63269938432892,-110.03349599655729,-113.41343326986565
9722,-107.62524585810768,-110.05611224420704,-113.41216961029882
9723,-107.5201999815127,-110.02841034807705,-113.40593448113678
9724,-107.52377084040927,-110.05327906068003,-113.3990985656703
9725,-107.5703561988939,-110.06655336214139,-113.42000019222618
9726,-107.47715966483007,-110.15725061976502,-113.38526408901782
9727,-107.48180526619683,-110.17862647677467,-113.39515023520173
9728,-107.57877283356271,-110.2659861845908,-113.39435767085874
9729,-107.66746207808154,-110.3253274806182,-113.41823630915636
9730,-107.67128478612584,-110.37224061552996,-113.39403004320462
9731,-107.7961939910891,-110.3323645374846,-113.26042419732909
9732,-107.81967100074931,-110.30924487677913,-113.16515869875157
9733,-108.03540739562773,-110.49279389815639,-113.12402048781797
9734,-108.00322970152442,-110.49867412159443,-113.11301893987638
9735,-107.9352347685962,-110.66338944872697,-113.13033220254525
9736,-108.00791223736013,-110.58835047151949,-113.10338632831474
9737,-107.94642211337722,-110.59628629855362,-113.06605841372837
9738,-107.91328949034829,-110.55409340409034,-113.12242827711506
9739,-107.85550626485355,-110.57727463091425,-113.14772666738122
9740,-107.83689680535862,-110.64810763247684,-113.21252384784005
9741,-107.96926820622637,-110.68538617614097,-113.25162638301187
9742,-108.11741011083541,-110.61029644256237,-113.28818243309306
9743,-108.15925852448987,-110.51008334794807,-113.32169858790905
9744,-108.07258374555559,-110.51184803434637,-113.22525000829005
9745,-108.04509148266533,-110.41416446086555,-113.1440408839249
9746,-107.98903701052225,-110.42566752266386,-113.13538700331159
9747,-107.94594064635012,-110.45152562305955,-113.12537675930837
9748,-107.92267053159136,-110.43398689409284,-113.11574285872686
9749,-107.85205018149477,-110.34150073517924,-113.12881186501471
9750,-107.88380787872278,-110.36938730994957,-113.14650580632711
9751,-107.88949135538007,-110.38762854689841,-113.1569952369496
9752,-107.73567157255937,-110.43655127074669,-113.12677073573502
9753,-107.82388540658215,-110.44251044370048,-113.01333103335202
9754,-107.95645325528467,-110.52138490437737,-112.96052932735347
9755,-108.01326298415047,-110.56822067064425,-112.92978294230173
9756,-108.00090701018364,-110.63242776465925,-112.90548203905729
9757,-108.00785858460492,-110.69146939046202,-112.89945470353342
9758,-108.14436202113038,-110.66197870346619,-112.88409827470284
9759,-108.20748826273069,-110.6250197694174,-112.87719773462626
9760,-108.26673540907706,-110.65357251284732,-112.88562997608338
9761,-108.26843105732513,-110.68168599476276,-112.86897450272126
9762,-108.26666617930746,-110.56500981798531,-112.77399830787303
9763,-108.28394203139777,-110.36804451339142,-112.68322295682373
9764,-108.29596661318953,-110.36923928526929,-112.6334279417752
9765,-108.26156306145371,-110.333592805715,-112.71842217419045
9766,-108.33088242243727,-110.49882694910963,-112.7711333383352
9767,-108.29233016916433,-110.4479335213752,-112.82220523504027
9768,-108.08622805689424,-110.61301260211943,-112.88888530133173
9769,-108.0865726673692,-110.53236683739374,-112.8286491915996
9770,-108.12766351666028,-110.55716323514997,-112.84897143247852
9771,-108.18189076464881,-110.68678150952366,-112.77646642055842
9772,-108.25220257609541,-110.73387032739569,-112.72150375454213
9773,-108.36525491657484,-110.74838065497755,-112.69149586551768
9774,-108.42062099443633,-110.74307651178643,-112.73240414761804
9775,-108.30201451850519,-110.80261993195516,-112.77638061011723
9776,-108.25659017556004,-110.76823976436162,-112.78556143585246
9777,-108.25830036715841,-110.72916424628636,-112.82734380281403
9778,-108.20761551169952,-110.79448066724893,-112.8185691980068
9779,-108.3719587111016,-110.75851782716434,-112.77360273180108
9780,-108.4285202765254,-110.77530777198338,-112.7305318114339
9781,-108.48476111796661,-110.66782504415832,-112.71192140200043
9782,-108.54516120694545,-110.67822083138975,-112.6066663948786
9783,-108.46801868947986,-110.68266446901143,-112.55597319335837
9784,-108.54320533251632,-110.63255111596075,-112.52727602009065
9785,-108.39809841348159,-110.63057042506784,-112.50447489532482
9786,-108.37966596383535,-110.54901446110011,-112.49466311565246
9787,-108.32485074223294,-110.67261144094573,-112.3716707418365
9788,-108.43881092328684,-110.69974444847395,-112.4119957156742
9789,-108.39459618487739,-110.67967604145278,-112.51175093555567
9790,-108.34964822206517,-110.62639922651043,-112.53212867180609
9791,-108.27246853706886,-110.70950908313861,-112.54351351410934
9792,-108.25088800588944,-110.71932818911398,-112.54067719394709
9793,-108.21433461911897,-110.62252408304566,-112.4811281336211
9794,-108.39497011145465,-110.60176099718298,-112.58267108851409
9795,-108.47236625494105,-110.58452365771288,-112.56716458498906
9796,-108.60867642991505,-110.48657990425086,-112.59982003031362
9797,-108.5796892046506,-110.52847433103021,-112.64427542763704
9798,-108.54614551121603,-110.52856418462072,-112.65139660584973
9799,-108.53679216792227,-110.54130958243053,-112.68774030024107
9800,-108.6118288738102,-110.52739590383267,-112.64822516498347
9801,-108.61241239252656,-110.60031915140468,-112.66780580564102
9802,-108.52061482214248,-110.52347238857028,-112.59319670913169
9803,-108.55758515205224,-110.5784094080948,-112.65332452431238
9804,-108.55315872665759,-110.53041389387545,-112.6688033612689
9805,-108.60726101856937,-110.58340775613219,-112.67600826819631
9806,-108.50330374770641,-110.58690021051575,-112.68721274734412
9807,-108.57173997968556,-110.57091606729377,-112.75474055090638
9808,-108.61904007886284,-110.68582003967504,-112.77783513773645
9809,-108.57642030946033,-110.63805424721477,-112.77407669999216
9810,-108.59250651201441,-110.5198191307835,-112.71914246942097
9811,-108.65989279411824,-110.57397900038028,-112.70234561324881
9812,-108.6729622574519,-110.51775302993978,-112.68224797567086
9813,-108.64063836184303,-110.48923670947826,-112.713319164999
9814,-108.55421052249764,-110.57354970828486,-112.66756835769357
9815,-108.61172248491332,-110.57309117888059,-112.67630731404526
9816,-108.45274758366864,-110.52417264396506,-112.65000175933913
9817,-108.47081403155397,-110.43747666971777,-112.56493804874455
9818,-108.51071922288969,-110.41026502635825,-112.56135905802046
9819,-108.45176475339012,-110.50854728027498,-112.60348904716395
9820,-108.54748861676626,-110.50585612496852,-112.67344064201227
9821,-108.64155427112027,-110.59708689897721,-112.67775915062242
9822,-108.71603309705401,-110.5104716531738,-112.70123678126635
9823,-108.72330243104457,-110.53735972874233,-112.69050096469697
9824,-108.723944414666,-110.67195229193351,-112.7593794759456
9825,-108.7291408533072,-110.69692545900494,-112.76986214711403
9826,-108.69137476936228,-110.6419157197332,-112.74747634292706
9827,-108.80672644933384,-110.71865166549497,-112.80886767238131
9828,-108.83614143343529,-110.66627855299319,-112.74605490764534
9829,-108.86480221637441,-110.74238716475256,-112.675070985062
9830,-108.78016517062672,-110.70996826201316,-112.62450792181973
9831,-108.80422243283923,-110.62384593829844,-112.73254012163606
9832,-108.76188956288297,-110.5676399052389,-112.73426956119889
9833,-108.58349233777815,-110.53388316791902,-112.73296861540435
9834,-108.6788944578487,-110.55405158135207,-112.72423369864202
9835,-108.57110997575722,-110.56229692674887,-112.70859495990248
9836,-108.42244139329651,-110.58016689495292,-112.71468080546188
9837,-108.43268357157098,-110.72149909761117,-112.6447396631518
9838,-108.56587478906573,-110.82845388556227,-112.6395920667837
9839,-108.58367675788315,-110.88717612399364,-112.63894519168844
9840,-108.49181419817583,-110.94299988834345,-112.68267681033228
9841,-108.53455700477582,-110.95091095033129,-112.60334548622554
9842,-108.56056214726587,-110.96175555192733,-112.55235854967367
9843,-108.59678357663053,-110.89147760186898,-112.5043738878652
9844,-108.79813461943596,-110.97605321983445,-112.57228805899167
9845,-108.81652076522258,-110.97210035951224,-112.58434523450201
9846,-108.87554445235052,-110.96193852113106,-112.58568509958597
9847,-108.91140220102676,-110.97292526638796,-112.61128583968083
9848,-108.92215174381246,-110.86545153371227,-112.58797549942406
9849,-109.02998535669676,-111.0908364858895,-112.62676256263657
9850,-109.15478521826435,-111.13059602961104,-112.63281620747354
9851,-109.19568988905267,-111.06407848050911,-112.67042461022044
9852,-109.17998724551613,-111.02768742477511,-112.75250519093868
9853,-109.19141688300522,-111.03949511092132,-112.76687451898293
9854,-109.35280706381457,-111.00502321908542,-112.78606260667708
9855,-109.29220008061529,-111.06984630608119,-112.83528829456375
9856,-109.09741294534581,-111.04998704709448,-112.77964738555801
9857,-109.00676685749187,-110.94772404117654,-112.77437342371474
9858,-109.06412291207998,-110.9823476276645,-112.70934682081875
9859,-108.96090571146198,-110.91523977513631,-112.73796033799486
9860,-109.03036908100506,-110.84442638914409,-112.73453859120099
9861,-109.01848087062083,-110.79112518479852,-112.75419312720108
9862,-108.97885028863594,-110.86461475457276,-112.70829668463715
9863,-108.8805236881635,-110.8861236755852,-112.74526134194328
9864,-108.90130524259571,-110.94809783711938,-112.8211549456451
9865,-108.90000215379331,-111.02844418203853,-112.86638998465614
9866,-108.93455937686566,-110.99449860353604,-112.85740629644695
9867,-109.00438066650553,-111.08451659483339,-112.8553431074483
9868,-108.80694824841507,-110.99743984181906,-112.90364274499991
9869,-108.9195188210643,-110.99065548538755,-112.87282774600843
9870,-108.84455924785163,-110.99645621157975,-112.84263212697138
9871,-108.90436817654931,-110.92550083258064,-112.8831325846279
9872,-108.84889858010584,-111.01906817920337,-112.9400717626055
9873,-108.72154001531698,-111.03811373324882,-113.07348920474868
9874,-108.65466660812486,-111.16623925085942,-113.1054855293836
9875,-108.62447097911374,-111.24661111603783,-113.0896966819302
9876,-108.57186219486825,-111.15120019902895,-113.05722710835613
9877,-108.59223281832612,-111.25902618082694,-112.9724934883865
9878,-108.67977407257297,-111.23643911876414,-112.95797431676255
9879,-108.67672345999216,-111.26619902267352,-112.9303887528985
9880,-108.68053513779321,-111.29072490074746,-112.96610355878377
9881,-108.658143698016,-111.33256588535565,-113.01329816076752
9882,-108.62515261112635,-111.30039239246867,-112.99876671645222
9883,-108.63371763821988,-111.30635750120183,-113.01832856409999
9884,-108.6591781468154,-111.27730527594954,-112.9978985613877
9885,-108.59782216951125,-111.24638689317966,-113.01272210117558
9886,-108.71090655537658,-111.17401821121717,-112.9773959758238
9887,-108.7332910972616,-111.21052658520381,-112.93126585160418
9888,-108.7105913285349,-111.19680712543612,-112.96465316017347
9889,-108.67595830718588,-111.16055026918286,-112.93131273923761
9890,-108.72898642832695,-111.11840071639683,-112.98139579497575
9891,-108.65296630102776,-111.16739406697853,-113.04048180482546
9892,-108.65165992772023,-111.20714589460475,-113.04932496800215
9893,-108.47485377742782,-111.12351644241197,-113.0413558809049
9894,-108.47774304609709,-111.15108508989395,-113.10419455666748
9895,-108.61607332517926,-111.04937599665001,-113.09120833814163
9896,-108.51312072299962,-110.99782009983662,-113.10700358709883
9897,-108.58547457003961,-110.9952422217824,-113.13140060434691
9898,-108.54951478910328,-111.02462377150843,-113.05169855536393
9899,-108.58206698130681,-110.9492952128354,-113.019561223888
9900,-108.49264542605988,-110.95199055699214,-113.01381857179446
9901,-108.43333399340088,-110.94542549268918,-113.04888536910912
9902,-108.42432034052362,-110.90234425821316,-113.01362411233511
9903,-108.38345027630842,-110.91088740722137,-113.02685665030329
9904,-108.26028312702329,-111.00588759622643,-113.17383583020361
9905,-108.2356561834205,-111.01287552792026,-113.21303636291492
9906,-108.27399221121753,-111.01971471840486,-113.24194682995771
9907,-108.30702256559998,-110.97443606117474,-113.28076835285
9908,-108.36846580609996,-111.03889336512296,-113.37992177563937
9909,-108.46403709786924,-111.047199200548,-113.45491684187817
9910,-108.44818917665873,-111.03308329431214,-113.52118763496442
9911,-108.45700963669927,-111.16086527715703,-113.50004943256411
9912,-108.65722420015204,-111.07748490464138,-113.57804342909148
9913,-108.67576325455735,-111.05865258486581,-113.70850730621058
9914,-108.60558412537173,-111.07423593954003,-113.76569090425481
9915,-108.6623014950234,-111.11423347749935,-113.79373425749338
9916,-108.59164236034415,-111.0596941383368,-113.77573614560573
9917,-108.65618454327802,-111.1012486258054,-113.77653588450703
9918,-108.61997172436249,-111.11399541503172,-113.75405850835719
9919,-108.5876138159193,-111.11117150148127,-113.75083309189617
9920,-108.4924242931134,-111.13072742417532,-113.6705623895922
9921,-108.52310840621101,-111.04677695577148,-113.6592510060393
9922,-107.81924435337449,-110.42954960130609,-112.98083547611034
9923,-107.19337466188499,-109.82941290688272,-112.32744030486174
9924,-106.43370943804142,-109.1577678647978,-111.69385217267417
9925,-105.7600300645403,-108.4806180724352,-110.93241045302221
9926,-105.0306920018578,-107.72878681145542,-110.19874604337217
9927,-104.32857016578645,-107.10020548956477,-109.48943056238805
9928,-103.80691661595984,-106.301164337381,-108.73626404578299
9929,-103.078851985841,-105.66687449030091,-108.09207850163118
9930,-102.38324922888965,-104.97798626977556,-107.39009337117453
9931,-101.6442765766413,-104.17386304431587,-106.72748832633091
9932,-100.95237796149607,-103.49952723971013,-106.01426153440903
9933,-100.26931960940917,-102.80208947250266,-105.32300185917326
9934,-99.55338392613142,-102.0909623846723,-104.56530229081923
9935,-98.96744556948939,-101.38823042530167,-103.81904994173127
9936,-98.35782196331077,-100.69726968776119,-103.0735194597412
9937,-97.62996918107868,-100.00618125867837,-102.30278694185994
9938,-97.0013212427638,-99.24696030573557,-101.63477224349815
9939,-96.29973552665295,-98.57580786092618,-100.92773685329222
9940,-95.5560131148394,-97.86798513416711,-100.2609148175433
9941,-94.84106719134276,-97.25235307385977,-99.55009869736143
9942,-94.09585956619178,-96.60266285455249,-98.88588712966585
9943,-93.47424886870573,-95.95825778305846,-98.21519813757054
9944,-92.75040624029457,-95.35553676608758,-97.50419270130836
9945,-92.14832527333795,-94.70006395148737,-96.80521655886882
9946,-91.48171793361882,-94.00324495597434,-96.1120287868198
9947,-90.78449243131716,-93.19336318669816,-95.44747338720617
9948,-90.08173209424,-92.51471496037574,-94.73987681391262
9949,-89.50580789567742,-91.90591484725414,-94.04690158284735
9950,-88.83188432687457,-91.257932274817,-93.28520105117252
9951,-88.12901906370676,-90.54423386549864,-92.54580704283532
9952,-87.5025358867556,-89.8571430825634,-91.81194939932266
9953,-86.86099069854315,-89.14120212328592,-91.12500141500391
9954,-86.13093523733491,-88.465658169167,-90.39228753599026
9955,-85.45676209654927,-87.75186873106887,-89.69024779744774
9956,-84.68056191882971,-87.12948555626103,-88.97779537572475
9957,-84.00422604238638,-86.44528321017746,-88.27162273703512
9958,-83.34745280432523,-85.76752643906556,-87.59789045622529
9959,-82.69820497279741,-85.03888130906348,-86.89777631620795
9960,-81.96755150907974,-84.32949037174033,-86.1821345952021
9961,-81.2515817953689,-83.58552418572266,-85.49100412674194
9962,-80.59107846613847,-82.96216405008414,-84.84535087682848
9963,-79.98700584377289,-82.24832591923244,-84.14109295989688
9964,-79.31777918442924,-81.56604517363806,-83.38676371794813
9965,-78.6119873426727,-80.80368110155449,-82.62901783848146
9966,-77.9921711005015,-80.0561896714561,-81.910095855255
9967,-77.32504809796256,-79.3547200961341,-81.15893641213475
9968,-76.66072452782791,-78.65040264190644,-80.36084922835973
9969,-76.03122553363119,-77.97216177191444,-79.641510461313
9970,-75.35144504867426,-77.37673056271224,-78.94743410390274
9971,-74.62458337627281,-76.59247958759335,-78.29099362768176
9972,-73.94153844925472,-75.94866413139,-77.58201188929694
9973,-73.32975361776398,-75.28234739536448,-76.88532244955087
9974,-72.76188090512822,-74.56371421282986,-76.19636620624705
9975,-72.01899829763593,-73.8537389479354,-75.49119387033963
9976,-71.43677192762884,-73.2166048248236,-74.7578997971154
9977,-70.7418188266539,-72.52405833102496,-74.13106698457831
9978,-70.0686617835076,-71.81935071005185,-73.38577199471148
9979,-69.48997858886992,-71.08058999119349,-72.69316708277651
9980,-68.79263884092589,-70.35180441934251,-71.95571391892105
9981,-68.10291704225953,-69.60520601296369,-71.25175608272372
9982,-67.39248016175269,-68.95709410396059,-70.55893482232577
9983,-66.72033740966695,-68.23077312163421,-69.84319472335639
9984,-66.0636078179702,-67.48525080551389,-69.08953984355782
9985,-65.3507005954958,-66.80389832903833,-68.36837944107364
9986,-64.7580310561897,-66.07610772161095,-67.70241323844394
9987,-64.04174848308041,-65.45909177471349,-66.93797843725626
9988,-63.39554482756532,-64.77150988841474,-66.29104643304206
9989,-62.72280644522035,-64.09162438690343,-65.58652783989695
9990,-62.11854118772553,-63.41187856412967,-64.90526959195873
9991,-61.3991023305535,-62.7491642419873,-64.15769734732937
9992,-60.75709648272254,-62.09299893842253,-63.44407541086306
9993,-60.219078326657666,-61.404917737433074,-62.711081665152065
9994,-59.46379050641971,-60.66785170549579,-62.014152377880876
9995,-58.73894242597466,-59.97121575461634,-61.26521752482614
9996,-58.181982676918736,-59.28457415847611,-60.5339722427035
9997,-57.50025954593808,-58.518655197770855,-59.90354124159035
9998,-56.83247973525881,-57.73059342678124,-59.21985328968924
9999,-56.13962728535379,-56.98435758874267,-58.52616344236601
10000,-55.558519480874516,-56.20352690105347,-57.83188297364407
