algorithm,latency_ms
Centralized-DQN,214.14151239263293
Centralized-DQN,173.80047681278512
Centralized-DQN,227.5135358741937
Centralized-DQN,233.2169414917364
Centralized-DQN,146.4689443403849
Centralized-DQN,165.93461479413045
Centralized-DQN,208.83521209501856
Centralized-DQN,195.51272222969254
Centralized-DQN,204.49596527487134
Centralized-DQN,179.4086821727926
Centralized-DQN,231.38193924588487
Centralized-DQN,228.33375806286844
Centralized-DQN,206.9809209268365
Centralized-DQN,238.81723620904097
Centralized-DQN,219.02528026756136
Centralized-DQN,179.22122611350284
Centralized-DQN,216.06252352247498
Centralized-DQN,176.23352197513003
Centralized-DQN,231.35350903921818
Centralized-DQN,203.5022226704124
Centralized-DQN,199.4541290936422
Centralized-DQN,184.57211366788175
Centralized-DQN,241.6762401602209
Centralized-DQN,200.36411553793593
Centralized-DQN,192.15016533510678
Centralized-DQN,194.43599348535312
Centralized-DQN,220.96927556660046
Centralized-DQN,215.96332193092235
Centralized-DQN,217.38197834787965
Centralized-DQN,217.9246300902365
Centralized-DQN,269.24942802611383
Centralized-DQN,192.80754950846153
Centralized-DQN,189.63271812785388
Centralized-DQN,180.58681815256367
Centralized-DQN,223.47938267726488
Centralized-DQN,238.86916878162674
Centralized-DQN,201.58157627035374
Centralized-DQN,179.79530569112416
Centralized-DQN,180.2655635292628
Centralized-DQN,224.51778363474102
Centralized-DQN,227.29762513610328
Centralized-DQN,221.29462804915585
Centralized-DQN,185.03470878133916
Centralized-DQN,211.9648396920016
Centralized-DQN,208.50057427422183
Centralized-DQN,211.5606579018704
Centralized-DQN,231.1428633384457
Centralized-DQN,211.70786646324046
Centralized-DQN,225.36740689215685
Centralized-DQN,207.02737208466675
Centralized-DQN,213.67358196069952
Centralized-DQN,223.9386467751562
Centralized-DQN,161.28532540433002
Centralized-DQN,195.40986350928097
Centralized-DQN,190.88882037121613
Centralized-DQN,185.83366455269973
Centralized-DQN,196.7457324631995
Centralized-DQN,249.84823933703188
Centralized-DQN,179.02506652920272
Centralized-DQN,234.04835063774442
Centralized-DQN,154.51390685152586
Centralized-DQN,194.95344910042675
Centralized-DQN,209.88259195315015
Centralized-DQN,222.58666994077834
Centralized-DQN,226.33679739378564
Centralized-DQN,228.80041705599774
Centralized-DQN,194.53824783254686
Centralized-DQN,191.129446220063
Centralized-DQN,230.7392764377146
Centralized-DQN,199.26087025355156
Centralized-DQN,166.72941029986234
Centralized-DQN,171.0013835798956
Centralized-DQN,177.41643141995166
Centralized-DQN,219.91482232161292
Centralized-DQN,209.27277208211694
Centralized-DQN,225.71456062203305
Centralized-DQN,192.18242060990397
Centralized-DQN,209.75619073230143
Centralized-DQN,223.7677118190201
Centralized-DQN,195.71960380839283
Centralized-DQN,218.70325712672235
Centralized-DQN,185.14222176800047
Centralized-DQN,194.10838460304785
Centralized-DQN,193.54786318005011
Centralized-DQN,169.1248106323288
Centralized-DQN,219.60917442356745
Centralized-DQN,190.9179297939183
Centralized-DQN,205.37482356183062
Centralized-DQN,219.42239976717727
Centralized-DQN,218.39593528089833
Centralized-DQN,224.96155326918358
Centralized-DQN,202.0454354647173
Centralized-DQN,192.30105063867538
Centralized-DQN,202.60845367280803
Centralized-DQN,154.3799669812591
Centralized-DQN,161.5866258273074
Centralized-DQN,165.31901162936794
Centralized-DQN,175.08259517195555
Centralized-DQN,216.9932268017031
Centralized-DQN,177.83562833919817
Centralized-DQN,193.6551233788183
Centralized-DQN,243.97684893358195
Centralized-DQN,194.3120808681572
Centralized-DQN,227.1254670540126
Centralized-DQN,176.9914695997037
Centralized-DQN,198.83687326397109
Centralized-DQN,176.49933835268257
Centralized-DQN,194.82900772298314
Centralized-DQN,230.20924412372187
Centralized-DQN,153.18038730422955
Centralized-DQN,218.03270930637572
Centralized-DQN,212.13206806996834
Centralized-DQN,187.17550132909616
Centralized-DQN,161.61826436834636
Centralized-DQN,207.1638852314161
Centralized-DQN,189.11521872808592
Centralized-DQN,211.98028634064113
Centralized-DQN,205.6555643657033
Centralized-DQN,253.05336673962745
Centralized-DQN,197.81933117580928
Centralized-DQN,174.29507522134406
Centralized-DQN,210.37826904868948
Centralized-DQN,211.59990051915295
Centralized-DQN,245.7756272572131
Centralized-DQN,230.05333737743734
Centralized-DQN,215.70613177448527
Centralized-DQN,248.89908673658687
Centralized-DQN,169.33710837031447
Centralized-DQN,185.80745401750755
Centralized-DQN,177.20272175783424
Centralized-DQN,193.30570590532696
Centralized-DQN,163.69941557331074
Centralized-DQN,224.05452840443212
Centralized-DQN,198.33331908703678
Centralized-DQN,160.87581116492026
Centralized-DQN,174.53262756377376
Centralized-DQN,214.40541542350587
Centralized-DQN,230.14379703683144
Centralized-DQN,264.9019267507536
Centralized-DQN,292.4158739802199
Centralized-DQN,217.4322829982799
Centralized-DQN,175.31385639904408
Centralized-DQN,141.03861157806074
Centralized-DQN,213.03134387031508
Centralized-DQN,180.61176714069023
Centralized-DQN,192.53928219460943
Centralized-DQN,186.63709602820575
Centralized-DQN,200.77627340750846
Centralized-DQN,236.9794069236293
Centralized-DQN,209.71145702336034
Centralized-DQN,200.24095488883935
Centralized-DQN,173.93038741522565
Centralized-DQN,154.7595116588693
Centralized-DQN,190.41076272780006
Centralized-DQN,203.3865234754504
Centralized-DQN,258.0378974073965
Centralized-DQN,208.90823564418656
Centralized-DQN,234.48218533069172
Centralized-DQN,190.02113204382545
Centralized-DQN,169.45168700748926
Centralized-DQN,176.04649713302885
Centralized-DQN,183.2432180639274
Centralized-DQN,268.85409197305495
Centralized-DQN,180.3583996232684
Centralized-DQN,230.15467611209036
Centralized-DQN,177.91218465738922
Centralized-DQN,232.94719038622733
Centralized-DQN,216.54852898317588
Centralized-DQN,200.3008630702573
Centralized-DQN,203.777124215937
Centralized-DQN,185.3563691371183
Centralized-DQN,218.38216604446242
Centralized-DQN,191.35049558977659
Centralized-DQN,168.23182708698255
Centralized-DQN,166.66187277041143
Centralized-DQN,210.17763753166358
Centralized-DQN,252.37273769231305
Centralized-DQN,209.79974840720314
Centralized-DQN,201.44085021670352
Centralized-DQN,213.57478418807628
Centralized-DQN,244.18005225120476
Centralized-DQN,211.58147504091568
Centralized-DQN,192.67218307498788
Centralized-DQN,238.18866130179666
Centralized-DQN,217.8626931538484
Centralized-DQN,251.07267975987975
Centralized-DQN,210.49703311665718
Centralized-DQN,168.26592904838498
Centralized-DQN,163.95522402263003
Centralized-DQN,254.52783796693748
Centralized-DQN,256.7099716234989
Centralized-DQN,199.614423601522
Centralized-DQN,193.50438036592035
Centralized-DQN,248.84332876726606
Centralized-DQN,171.78862953869537
Centralized-DQN,178.1581894313252
Centralized-DQN,224.29980384067133
Centralized-DQN,193.1618463142123
Centralized-DQN,204.84634399839786
Centralized-DQN,200.09671304426462
Centralized-DQN,215.12723646396802
Centralized-DQN,247.22445583941152
Centralized-DQN,207.71754720705238
Centralized-DQN,224.31816379830573
Centralized-DQN,143.49483696906933
Centralized-DQN,203.53844794209647
Centralized-DQN,179.70309189121386
Centralized-DQN,168.43560818729117
Centralized-DQN,178.65542899213747
Centralized-DQN,194.97629677897564
Centralized-DQN,232.47707627068039
Centralized-DQN,165.20821846781308
Centralized-DQN,205.91894477783254
Centralized-DQN,190.47491699999264
Centralized-DQN,195.16980716914117
Centralized-DQN,235.08273475913813
Centralized-DQN,221.14346311011778
Centralized-DQN,245.1219432232823
Centralized-DQN,200.36482962250298
Centralized-DQN,184.1217216498789
Centralized-DQN,198.28423549358502
Centralized-DQN,212.27490373813666
Centralized-DQN,210.29720075361132
Centralized-DQN,172.468357832999
Centralized-DQN,207.71469344883621
Centralized-DQN,211.84684990416716
Centralized-DQN,280.5242211260176
Centralized-DQN,261.3053383384501
Centralized-DQN,179.4026994832354
Centralized-DQN,196.37849915352473
Centralized-DQN,161.09673994488992
Centralized-DQN,187.2787895810954
Centralized-DQN,214.46815010771022
Centralized-DQN,241.175608626647
Centralized-DQN,183.12748486769175
Centralized-DQN,185.3756067979661
Centralized-DQN,140.58132910784036
Centralized-DQN,200.12002238365278
Centralized-DQN,173.12756764421312
Centralized-DQN,189.1168171790178
Centralized-DQN,178.69417665497235
Centralized-DQN,202.1721233724233
Centralized-DQN,152.26814825930106
Centralized-DQN,160.98864263827028
Centralized-DQN,268.87741336084895
Centralized-DQN,166.37732256177907
Centralized-DQN,172.09643264636082
Centralized-DQN,260.1074058496394
Centralized-DQN,292.15201507721224
Centralized-DQN,169.85300113523977
Centralized-DQN,193.9525312963591
Centralized-DQN,215.2466665282153
Centralized-DQN,256.86092933216776
Centralized-DQN,175.39428764715288
Centralized-DQN,197.6416646217367
Centralized-DQN,228.3201272818523
Centralized-DQN,218.04298223399857
Centralized-DQN,193.71531786309703
Centralized-DQN,200.98531106451875
Centralized-DQN,163.75312574890054
Centralized-DQN,197.85478768076004
Centralized-DQN,197.00837529973134
Centralized-DQN,211.96509668878767
Centralized-DQN,188.3401834354295
Centralized-DQN,219.14615567635417
Centralized-DQN,235.38147453459487
Centralized-DQN,209.66287983005398
Centralized-DQN,215.5526922519761
Centralized-DQN,206.594660427336
Centralized-DQN,205.00253179274242
Centralized-DQN,183.35325899371458
Centralized-DQN,214.49482785019924
Centralized-DQN,202.0814020475953
Centralized-DQN,267.7950492679179
Centralized-DQN,252.2006470742573
Centralized-DQN,216.57539657669503
Centralized-DQN,182.10828370915698
Centralized-DQN,171.62765584049745
Centralized-DQN,240.73428859266596
Centralized-DQN,212.88247675441414
Centralized-DQN,219.40430210174833
Centralized-DQN,152.66242039077423
Centralized-DQN,232.82315444674543
Centralized-DQN,218.6326101464309
Centralized-DQN,171.68707946756567
Centralized-DQN,190.85425577650153
Centralized-DQN,212.9115161306956
Centralized-DQN,206.5740039506873
Centralized-DQN,196.23486442589336
Centralized-DQN,201.89535195802117
Centralized-DQN,197.44067865379344
Centralized-DQN,209.57687536307407
Centralized-DQN,249.1447591897947
Centralized-DQN,128.00024677206108
Centralized-DQN,197.89449206470948
Centralized-DQN,210.2953726411734
Centralized-DQN,213.87981969061298
Centralized-DQN,193.8425625603613
Centralized-DQN,152.29834652564253
Centralized-DQN,214.8398645114233
Centralized-DQN,256.82050642492555
Centralized-DQN,158.98415785251586
Centralized-DQN,230.91484041094566
Centralized-DQN,195.14424330631317
Centralized-DQN,203.1602696251346
Centralized-DQN,173.41304467888153
Centralized-DQN,194.9663148293237
Centralized-DQN,244.00133784096874
Centralized-DQN,222.4796572596312
Centralized-DQN,256.96934816229833
Centralized-DQN,240.32235666933082
Centralized-DQN,218.1726003678873
Centralized-DQN,257.31803578503377
Centralized-DQN,218.16979476214897
Centralized-DQN,229.83964530391177
Centralized-DQN,196.10287139395874
Centralized-DQN,206.99637447577615
Centralized-DQN,184.0772853009917
Centralized-DQN,234.6875180378456
Centralized-DQN,169.65089130655403
Centralized-DQN,228.47051027252985
Centralized-DQN,199.28046827484522
Centralized-DQN,240.1374128040196
Centralized-DQN,227.5260696619378
Centralized-DQN,259.61938472940403
Centralized-DQN,226.92324073415935
Centralized-DQN,157.83879233040278
Centralized-DQN,202.99140481305398
Centralized-DQN,169.83978422215552
Centralized-DQN,189.45160472901176
Centralized-DQN,250.33685299830165
Centralized-DQN,224.12601432693089
Centralized-DQN,184.0320871426376
Centralized-DQN,174.58847900678802
Centralized-DQN,205.98346278628782
Centralized-DQN,168.50319551856617
Centralized-DQN,184.86579167810257
Centralized-DQN,214.3602841465373
Centralized-DQN,239.65936108320088
Centralized-DQN,223.2628441667332
Centralized-DQN,136.26131474205698
Centralized-DQN,214.1310018709078
Centralized-DQN,207.16100719697735
Centralized-DQN,217.4167085611808
Centralized-DQN,253.48629044953623
Centralized-DQN,143.1028516958577
Centralized-DQN,187.26689724426683
Centralized-DQN,222.72718968380065
Centralized-DQN,157.55216801638173
Centralized-DQN,249.27847144160526
Centralized-DQN,216.05069838101974
Centralized-DQN,230.3975195753021
Centralized-DQN,187.87169015434617
Centralized-DQN,229.4129106989863
Centralized-DQN,237.05414667967113
Centralized-DQN,211.98634060411504
Centralized-DQN,212.03202678096088
Centralized-DQN,213.1102971784518
Centralized-DQN,179.09964205781856
Centralized-DQN,200.5741395927894
Centralized-DQN,200.42432402642925
Centralized-DQN,216.50181593060486
Centralized-DQN,234.99472740730883
Centralized-DQN,173.24391754064771
Centralized-DQN,201.24972909041267
Centralized-DQN,249.4436664297692
Centralized-DQN,182.69235313562308
Centralized-DQN,180.3324994812904
Centralized-DQN,211.0691857549358
Centralized-DQN,230.3315557145596
Centralized-DQN,205.34278166681977
Centralized-DQN,244.86881771310968
Centralized-DQN,230.70381947699582
Centralized-DQN,230.25460200670184
Centralized-DQN,221.6234950397228
Centralized-DQN,274.82959301038255
Centralized-DQN,198.84514933401869
Centralized-DQN,144.89433123800458
Centralized-DQN,253.12763084551423
Centralized-DQN,191.26901707129522
Centralized-DQN,208.236413330291
Centralized-DQN,244.28652054581582
Centralized-DQN,156.93221376823223
Centralized-DQN,167.4505835768158
Centralized-DQN,156.9616618864344
Centralized-DQN,181.17591129923727
Centralized-DQN,218.1890981805098
Centralized-DQN,220.72563528438312
Centralized-DQN,213.2882253798566
Centralized-DQN,162.617023483229
Centralized-DQN,135.6968969010207
Centralized-DQN,206.63060756171146
Centralized-DQN,190.84671899084992
Centralized-DQN,218.78157315149835
Centralized-DQN,226.0586087866381
Centralized-DQN,209.14724296176047
Centralized-DQN,227.8039925612756
Centralized-DQN,211.87634122345204
Centralized-DQN,220.901941168044
Centralized-DQN,183.85980211390353
Centralized-DQN,199.61165758505624
Centralized-DQN,210.90328289970873
Centralized-DQN,229.61585426252256
Centralized-DQN,193.18776483326283
Centralized-DQN,220.63501767196337
Centralized-DQN,197.02483624253864
Centralized-DQN,201.47373498015608
Centralized-DQN,229.8855712607222
Centralized-DQN,145.20818886837532
Centralized-DQN,166.10583015775717
Centralized-DQN,160.5344380767154
Centralized-DQN,134.99151640455085
Centralized-DQN,184.6520667953447
Centralized-DQN,227.48301699183222
Centralized-DQN,196.45347800852275
Centralized-DQN,210.93370245825557
Centralized-DQN,237.67652490132377
Centralized-DQN,244.83058396803074
Centralized-DQN,202.92586195821582
Centralized-DQN,245.60757668708192
Centralized-DQN,207.76379975302328
Centralized-DQN,179.87805328517612
Centralized-DQN,187.16798943403793
Centralized-DQN,160.5839046230495
Centralized-DQN,178.35598438799042
Centralized-DQN,194.25949935776714
Centralized-DQN,229.10755058135805
Centralized-DQN,256.6230949349795
Centralized-DQN,163.5345545386888
Centralized-DQN,216.78482404779757
Centralized-DQN,173.78368182527396
Centralized-DQN,219.24091265389606
Centralized-DQN,201.0674004793682
Centralized-DQN,150.0728252245741
Centralized-DQN,232.84890974705453
Centralized-DQN,186.84997861573808
Centralized-DQN,188.98299284879337
Centralized-DQN,172.9074276613093
Centralized-DQN,185.37150169937334
Centralized-DQN,217.8367132208475
Centralized-DQN,199.32266977190784
Centralized-DQN,214.85986006847443
Centralized-DQN,215.8576556178653
Centralized-DQN,244.619849665845
Centralized-DQN,194.7164154740686
Centralized-DQN,160.69426549462804
Centralized-DQN,237.0166724971595
Centralized-DQN,195.05535483708235
Centralized-DQN,238.43777333732132
Centralized-DQN,216.5013133954741
Centralized-DQN,201.06587409389965
Centralized-DQN,215.46327682138886
Centralized-DQN,263.53037680378895
Centralized-DQN,267.3094158716126
Centralized-DQN,207.08143405398337
Centralized-DQN,209.80571779951225
Centralized-DQN,237.28720472399158
Centralized-DQN,179.63016901697958
Centralized-DQN,214.99211117854765
Centralized-DQN,204.2241145613843
Centralized-DQN,214.41724634372662
Centralized-DQN,179.99893582151782
Centralized-DQN,157.31297520073093
Centralized-DQN,142.81049692026124
Centralized-DQN,171.47847661031176
Centralized-DQN,191.23974145182
Centralized-DQN,196.20425240053714
Centralized-DQN,263.1169348728855
Centralized-DQN,238.17980109721896
Centralized-DQN,176.13726650975119
Centralized-DQN,215.43125357352872
Centralized-DQN,192.78765290949025
Centralized-DQN,196.46908485879715
Centralized-DQN,210.55976948246146
Centralized-DQN,223.5751335092618
Centralized-DQN,194.82224548347955
Centralized-DQN,236.91554598203075
Centralized-DQN,170.74185321572787
Centralized-DQN,205.19017187086806
Centralized-DQN,282.93021179787496
Centralized-DQN,211.69239227875826
Centralized-DQN,247.99643519818517
Centralized-DQN,207.74560534519625
Centralized-DQN,222.4233128598939
Centralized-DQN,203.29650416821926
Centralized-DQN,199.88777256507387
Centralized-DQN,181.6155280982374
Centralized-DQN,217.90904076872658
Centralized-DQN,179.45388432442695
Centralized-DQN,224.96755708940287
Centralized-DQN,237.5586101333773
Centralized-DQN,215.9959422171169
Centralized-DQN,196.41253799332924
Centralized-DQN,218.61896737926088
Centralized-DQN,195.7398083336076
Centralized-DQN,233.06641376395447
Centralized-DQN,150.0578174735463
Centralized-DQN,194.9317789564406
Centralized-DQN,145.27564014628007
Centralized-DQN,160.14817509318385
Centralized-DQN,245.91586689441726
Centralized-DQN,231.85554945915058
Centralized-DQN,183.41559300145627
Centralized-DQN,159.9248963187731
Centralized-DQN,116.06413486475046
Centralized-DQN,188.69513476202096
Centralized-DQN,277.61245036742207
Centralized-DQN,218.04652814390943
Centralized-DQN,188.21283141851532
Centralized-DQN,218.95240628500918
Centralized-DQN,158.17124941016672
Centralized-DQN,196.08029911907093
Centralized-DQN,207.98432419047217
Centralized-DQN,202.41698044536855
Centralized-DQN,228.72418365070243
Centralized-DQN,215.33935678708158
Centralized-DQN,225.0497805432399
Centralized-DQN,184.3488315330772
Centralized-DQN,231.93446225231645
Centralized-DQN,253.86810842871975
Centralized-DQN,175.89551441045762
Centralized-DQN,178.36913032856322
Centralized-DQN,245.07353008960698
Centralized-DQN,199.25968039914818
Centralized-DQN,247.11464176199672
Centralized-DQN,191.72392864323447
Centralized-DQN,248.65136728812132
Centralized-DQN,208.94457450416357
Centralized-DQN,212.74686469968086
Centralized-DQN,251.94154065009712
Centralized-DQN,194.14688567667486
Centralized-DQN,176.76633712225126
Centralized-DQN,191.54307375914937
Centralized-DQN,218.57001851929417
Centralized-DQN,158.02722783458458
Centralized-DQN,224.12412707953365
Centralized-DQN,188.8368604714677
Centralized-DQN,239.43437982200692
Centralized-DQN,133.17219085298586
Centralized-DQN,181.40302674687493
Centralized-DQN,154.40595546297695
Centralized-DQN,180.21311600908143
Centralized-DQN,212.4299770332683
Centralized-DQN,199.62320123650736
Centralized-DQN,197.39867293155956
Centralized-DQN,200.22445385859817
Centralized-DQN,211.10164721859832
Centralized-DQN,174.74391874170678
Centralized-DQN,226.2054892269715
Centralized-DQN,224.87997911156452
Centralized-DQN,216.55113812968304
Centralized-DQN,221.6960032825379
Centralized-DQN,213.89254002425977
Centralized-DQN,266.05219908193203
Centralized-DQN,202.3871748684247
Centralized-DQN,195.78750344996268
Centralized-DQN,182.39417258927867
Centralized-DQN,174.0321198826649
Centralized-DQN,167.66584637196775
Centralized-DQN,178.33608060307245
Centralized-DQN,202.87958855043786
Centralized-DQN,215.02885385493144
Centralized-DQN,206.53426175656486
Centralized-DQN,182.0339416771086
Centralized-DQN,232.0055369205989
Centralized-DQN,227.18238016902842
Centralized-DQN,200.21055077733948
Centralized-DQN,185.41251566005863
Centralized-DQN,221.452837624894
Centralized-DQN,210.63920762458312
Centralized-DQN,161.55618221754858
Centralized-DQN,202.96059232046787
Centralized-DQN,212.86107436223142
Centralized-DQN,178.00915640536738
Centralized-DQN,210.6953017851233
Centralized-DQN,161.35532544226632
Centralized-DQN,245.08558300036512
Centralized-DQN,242.43849955178297
Centralized-DQN,197.42447997091105
Centralized-DQN,215.9036301351722
Centralized-DQN,132.70234102600375
Centralized-DQN,170.30957019204
Centralized-DQN,196.1866323954361
Centralized-DQN,172.83600935719423
Centralized-DQN,226.43189447891976
Centralized-DQN,264.9188959224398
Centralized-DQN,169.70155841712094
Centralized-DQN,179.8760978774442
Centralized-DQN,212.0634510492979
Centralized-DQN,253.33348445498862
Centralized-DQN,168.3287706238029
Centralized-DQN,212.47108366920827
Centralized-DQN,259.63896552439326
Centralized-DQN,155.44722555462198
Centralized-DQN,166.56792379462505
Centralized-DQN,192.29180180617485
Centralized-DQN,189.38234761433768
Centralized-DQN,229.37803863260933
Centralized-DQN,212.24979159462515
Centralized-DQN,151.75113821073614
Centralized-DQN,220.46231208702432
Centralized-DQN,187.6738333793305
Centralized-DQN,243.23341650823716
Centralized-DQN,186.1723739068924
Centralized-DQN,185.90154150693292
Centralized-DQN,221.23394832413595
Centralized-DQN,227.8877944701081
Centralized-DQN,218.4429809180861
Centralized-DQN,154.43208047845576
Centralized-DQN,221.14103319784752
Centralized-DQN,173.97075844976803
Centralized-DQN,212.05828334764792
Centralized-DQN,162.2879669380282
Centralized-DQN,218.38966442629192
Centralized-DQN,180.80203287077882
Centralized-DQN,166.52096049218434
Centralized-DQN,226.414604094472
Centralized-DQN,212.24933565030253
Centralized-DQN,186.58069595821308
Centralized-DQN,248.53536547063192
Centralized-DQN,191.78042735290774
Centralized-DQN,205.96323021912804
Centralized-DQN,213.067403430358
Centralized-DQN,186.4100219761416
Centralized-DQN,219.13408880199788
Centralized-DQN,188.99642958505825
Centralized-DQN,192.65085033351372
Centralized-DQN,245.87927919410023
Centralized-DQN,173.782418424627
Centralized-DQN,132.6165900721153
Centralized-DQN,253.32810985035684
Centralized-DQN,281.4798385782101
Centralized-DQN,192.84192203652003
Centralized-DQN,146.89485878139445
Centralized-DQN,195.6854807141217
Centralized-DQN,196.41331150477993
Centralized-DQN,199.3022847693323
Centralized-DQN,171.59835874234454
Centralized-DQN,222.38683427429433
Centralized-DQN,220.73522125858258
Centralized-DQN,160.1678314054208
Centralized-DQN,225.97590195084663
Centralized-DQN,266.5805494583767
Centralized-DQN,210.1588099731118
Centralized-DQN,194.88024513794483
Centralized-DQN,200.73990356777435
Centralized-DQN,223.45770300905684
Centralized-DQN,153.07985183478345
Centralized-DQN,209.93172108931907
Centralized-DQN,193.2860815161157
Centralized-DQN,260.4347503886814
Centralized-DQN,199.77481798585126
Centralized-DQN,255.0366283335856
Centralized-DQN,171.8877790665398
Centralized-DQN,222.61777500408377
Centralized-DQN,214.58200791373687
Centralized-DQN,178.92858256405654
Centralized-DQN,210.3218834391082
Centralized-DQN,241.375565104948
Centralized-DQN,195.28624887140197
Centralized-DQN,154.2411205249071
Centralized-DQN,204.47311520567663
Centralized-DQN,177.92730715622463
Centralized-DQN,194.72977184008352
Centralized-DQN,202.55236690944636
Centralized-DQN,153.8304335195345
Centralized-DQN,156.53024982037965
Centralized-DQN,219.46200506576577
Centralized-DQN,189.31843911490958
Centralized-DQN,128.05766974538298
Centralized-DQN,228.54532109824405
Centralized-DQN,213.1710926582272
Centralized-DQN,183.58375527890547
Centralized-DQN,165.49509366825276
Centralized-DQN,230.07423688943013
Centralized-DQN,215.4805186768129
Centralized-DQN,276.4780684805222
Centralized-DQN,217.6056579617481
Centralized-DQN,216.63109423786045
Centralized-DQN,199.99216209674304
Centralized-DQN,229.50327601602373
Centralized-DQN,223.7525560374446
Centralized-DQN,242.55175025695584
Centralized-DQN,189.36031244088144
Centralized-DQN,191.93777581168112
Centralized-DQN,190.6269048726406
Centralized-DQN,228.72405163536968
Centralized-DQN,249.95123320890195
Centralized-DQN,191.23478520552098
Centralized-DQN,192.25678816620726
Centralized-DQN,214.42231671609397
Centralized-DQN,197.62715499961297
Centralized-DQN,233.5616095941967
Centralized-DQN,137.4466812814286
Centralized-DQN,180.19884859249316
Centralized-DQN,181.52750998115664
Centralized-DQN,135.38931962841565
Centralized-DQN,176.09084666893588
Centralized-DQN,177.54531652462222
Centralized-DQN,198.9668603644351
Centralized-DQN,238.3889767498079
Centralized-DQN,197.64818046427894
Centralized-DQN,174.07558839186538
Centralized-DQN,203.29136376359412
Centralized-DQN,236.47520864324048
Centralized-DQN,175.72123551655284
Centralized-DQN,177.68275348235653
Centralized-DQN,221.7564687782267
Centralized-DQN,198.35391652807598
Centralized-DQN,224.42454072128425
Centralized-DQN,204.5905962461411
Centralized-DQN,226.049909442687
Centralized-DQN,173.94765657878077
Centralized-DQN,204.63746047635198
Centralized-DQN,198.6792995691053
Centralized-DQN,168.52327227687607
Centralized-DQN,158.09566156393936
Centralized-DQN,225.57247105823984
Centralized-DQN,194.47142853346065
Centralized-DQN,174.33159155058013
Centralized-DQN,202.11463189230003
Centralized-DQN,238.84056572047908
Centralized-DQN,136.5778646388423
Centralized-DQN,160.10083930290023
Centralized-DQN,177.31340674314197
Centralized-DQN,248.83536600160988
Centralized-DQN,213.4776094875789
Centralized-DQN,228.01951721383682
Centralized-DQN,170.79517242621307
Centralized-DQN,171.41392374188422
Centralized-DQN,218.43441150168132
Centralized-DQN,206.7482299280634
Centralized-DQN,221.46216456592379
Centralized-DQN,199.36987027214644
Centralized-DQN,213.3443117936388
Centralized-DQN,209.74357254715326
Centralized-DQN,228.33302167254777
Centralized-DQN,229.21024845833412
Centralized-DQN,156.40384016824692
Centralized-DQN,137.58194333977434
Centralized-DQN,235.0523619295452
Centralized-DQN,240.6317527978581
Centralized-DQN,174.38130941459988
Centralized-DQN,149.20493780363114
Centralized-DQN,207.97104463021603
Centralized-DQN,232.9251467905159
Centralized-DQN,258.92783567302945
Centralized-DQN,220.48892716304354
Centralized-DQN,193.84849910242914
Centralized-DQN,178.20608135245413
Centralized-DQN,205.34353875011962
Centralized-DQN,196.0220588834423
Centralized-DQN,174.54796282813552
Centralized-DQN,266.4626695258986
Centralized-DQN,258.55505206216395
Centralized-DQN,239.08146050666284
Centralized-DQN,177.37448806572618
Centralized-DQN,230.65057972891836
Centralized-DQN,224.18879228493705
Centralized-DQN,218.27636872612158
Centralized-DQN,242.48995801131332
Centralized-DQN,224.0611342858383
Centralized-DQN,227.20042708913007
Centralized-DQN,224.1071885011663
Centralized-DQN,215.2237422400632
Centralized-DQN,151.4916661085745
Centralized-DQN,207.5086323223167
Centralized-DQN,188.31424123452624
Centralized-DQN,166.60477127079938
Centralized-DQN,255.45449857902472
Centralized-DQN,256.8698602265711
Centralized-DQN,245.77661800886835
Centralized-DQN,212.65640250567623
Centralized-DQN,245.5187536285797
Centralized-DQN,205.36159541805478
Centralized-DQN,211.08391830693338
Centralized-DQN,172.1958588861405
Centralized-DQN,216.9097391349652
Centralized-DQN,206.8115778527325
Centralized-DQN,165.92043649496605
Centralized-DQN,203.4640866455021
Centralized-DQN,202.60811308429575
Centralized-DQN,258.9268349993392
Centralized-DQN,231.8263998554023
Centralized-DQN,205.34336317274398
Centralized-DQN,212.4636192940325
Centralized-DQN,206.32637134312594
Centralized-DQN,198.91258045613358
Centralized-DQN,172.5271840783514
Centralized-DQN,200.46844367179213
Centralized-DQN,182.6170523004246
Centralized-DQN,167.4905338323056
Centralized-DQN,220.33665443642604
Centralized-DQN,216.73793979799706
Centralized-DQN,151.39877465895768
Centralized-DQN,201.31946087514618
Centralized-DQN,234.8710415769977
Centralized-DQN,236.77671216688964
Centralized-DQN,235.77510528655716
Centralized-DQN,206.1673962070438
Centralized-DQN,179.64864016092548
Centralized-DQN,172.48903517925817
Centralized-DQN,215.33814714251073
Centralized-DQN,216.37840103095488
Centralized-DQN,243.61993334815196
Centralized-DQN,237.99938951026252
Centralized-DQN,201.03314030406483
Centralized-DQN,167.6738236341739
Centralized-DQN,195.42680208967306
Centralized-DQN,211.51693584431575
Centralized-DQN,198.93750263831788
Centralized-DQN,187.66317675767033
Centralized-DQN,212.58654444909698
Centralized-DQN,189.88126775768168
Centralized-DQN,186.15801748823878
Centralized-DQN,214.3435850291032
Centralized-DQN,192.94022259612385
Centralized-DQN,212.32313166935057
Centralized-DQN,213.19612068556367
Centralized-DQN,170.81712996725275
Centralized-DQN,190.56276628403762
Centralized-DQN,248.13330819749388
Centralized-DQN,170.1376146179714
Centralized-DQN,141.50036653088407
Centralized-DQN,149.14464540272465
Centralized-DQN,205.8732983973001
Centralized-DQN,205.92751834098098
Centralized-DQN,201.47167433724638
Centralized-DQN,241.42569486785504
Centralized-DQN,124.81496700691186
Centralized-DQN,216.87801623292472
Centralized-DQN,251.8431460541072
Centralized-DQN,171.16657705324857
Centralized-DQN,193.60580464630314
Centralized-DQN,182.41324248314137
Centralized-DQN,178.16961861767413
Centralized-DQN,195.2121398493088
Centralized-DQN,247.82455851053516
Centralized-DQN,260.1216002646256
Centralized-DQN,194.92182324879556
Centralized-DQN,262.1518064219341
Centralized-DQN,206.06729430953874
Centralized-DQN,257.61073080103245
Centralized-DQN,202.20104051039525
Centralized-DQN,208.93173478138434
Centralized-DQN,215.96423417928503
Centralized-DQN,300.36561038102604
Centralized-DQN,230.53856724534367
Centralized-DQN,183.7820641014561
Centralized-DQN,234.06993610827573
Centralized-DQN,194.14502388746976
Centralized-DQN,190.30749451296373
Centralized-DQN,232.25804079676334
Centralized-DQN,205.9325676331346
Centralized-DQN,213.35727743535418
Centralized-DQN,205.4195566559588
Centralized-DQN,215.09749379816304
Centralized-DQN,217.74897692308448
Centralized-DQN,146.89099201883755
Centralized-DQN,224.997180058286
Centralized-DQN,175.53941740509097
Centralized-DQN,161.73102593321767
Centralized-DQN,203.24766268423951
Centralized-DQN,207.51943009943363
Centralized-DQN,184.19481506283157
Centralized-DQN,229.93095573003922
Centralized-DQN,164.73474500887278
Centralized-DQN,192.79168753682322
Centralized-DQN,187.45377595200998
Centralized-DQN,203.6023818898198
Centralized-DQN,213.36592853941715
Centralized-DQN,174.76321151129366
Centralized-DQN,226.72848032368685
Centralized-DQN,206.890071050041
Centralized-DQN,148.24161240064268
Centralized-DQN,146.24225678808907
Centralized-DQN,204.63042121212067
Centralized-DQN,198.37098046640938
Centralized-DQN,201.897396592761
Centralized-DQN,204.16052630409345
Centralized-DQN,211.76679518530543
Centralized-DQN,233.429488295449
Centralized-DQN,171.66685297247324
Centralized-DQN,169.84085221297616
Centralized-DQN,172.20028426337853
Centralized-DQN,213.6675000150612
Centralized-DQN,242.34842135939337
Centralized-DQN,192.0598168528147
Centralized-DQN,129.94900467521035
Centralized-DQN,153.88021412168874
Centralized-DQN,180.00889831611966
Centralized-DQN,188.26813337514355
Centralized-DQN,192.74834118235822
Centralized-DQN,206.1574336894275
Centralized-DQN,195.64761007532658
Centralized-DQN,236.48018831630222
Centralized-DQN,184.71948082955893
Centralized-DQN,179.1304612157337
Centralized-DQN,219.36626615561386
Centralized-DQN,158.93073790221644
Centralized-DQN,216.69075115960007
Centralized-DQN,208.076595511788
Centralized-DQN,200.57672530245497
Centralized-DQN,252.64828321447789
Centralized-DQN,186.33377664115847
Centralized-DQN,266.80894511572234
Centralized-DQN,198.237056523157
Centralized-DQN,166.68950665089315
Centralized-DQN,207.09758742984476
Centralized-DQN,172.71264399043696
Centralized-DQN,182.44732456559498
Centralized-DQN,216.91099900046473
Centralized-DQN,221.66746265950374
Centralized-DQN,186.33496899237224
Centralized-DQN,234.62215435139203
Centralized-DQN,239.72523274063403
Centralized-DQN,248.08905269689873
Centralized-DQN,220.88240221377166
Centralized-DQN,245.90286136257095
Centralized-DQN,148.57604716077827
Centralized-DQN,195.46280354114612
Centralized-DQN,178.9898423102972
Centralized-DQN,208.57677583382176
Centralized-DQN,187.85652342409787
Centralized-DQN,200.01526474150802
Centralized-DQN,261.4652464061215
Centralized-DQN,199.90840610738866
Centralized-DQN,217.4137695157064
Centralized-DQN,198.03192010227295
Centralized-DQN,207.27139863870502
Centralized-DQN,205.18050041308214
Centralized-DQN,218.44972197919478
Centralized-DQN,239.9592260664153
Centralized-DQN,254.42181992809986
Centralized-DQN,214.288602457275
Centralized-DQN,222.68640658106807
Centralized-DQN,170.474064724433
Centralized-DQN,202.3636977275314
Centralized-DQN,233.20868394650768
Centralized-DQN,230.9790591525146
Centralized-DQN,211.3482919838515
Centralized-DQN,231.59181878703856
Centralized-DQN,219.72300126981457
Centralized-DQN,241.00918774777966
Centralized-DQN,213.68077470871333
Centralized-DQN,194.32905053286896
Centralized-DQN,215.0752377079907
Centralized-DQN,117.08216872441673
Centralized-DQN,216.4865720915515
Centralized-DQN,95.54761524355649
Centralized-DQN,153.29609777783747
Centralized-DQN,218.55305802822951
Centralized-DQN,219.32588011800385
Centralized-DQN,170.12713659580209
Centralized-DQN,183.63693874363184
Centralized-DQN,246.11622965842395
Centralized-DQN,190.47909605281973
Centralized-DQN,272.28760937208955
Centralized-DQN,204.9424044047096
Centralized-DQN,217.241085306438
Centralized-DQN,253.50623195495822
Centralized-DQN,208.9308134858026
Centralized-DQN,174.92968057927595
Centralized-DQN,201.7081764491713
Centralized-DQN,203.93167791429727
Centralized-DQN,164.05775043395303
Centralized-DQN,197.3250378597753
Centralized-DQN,182.7342371800769
Centralized-DQN,232.73073271562302
Centralized-DQN,206.03835622555766
Centralized-DQN,196.5161275255729
Centralized-DQN,201.8145420813227
Centralized-DQN,211.69366055218498
Centralized-DQN,223.5044259906934
Centralized-DQN,175.00863313991857
Centralized-DQN,173.75237102136185
Centralized-DQN,238.1403764620759
Centralized-DQN,192.6298938338581
Centralized-DQN,162.49473722209376
Centralized-DQN,218.31438128149313
Centralized-DQN,218.9010941809806
Centralized-DQN,159.0785422822988
Centralized-DQN,211.8844514639082
Centralized-DQN,227.0674927728512
Centralized-DQN,216.2315935511879
Centralized-DQN,223.95944451284186
Centralized-DQN,162.87192705727753
Centralized-DQN,214.93120464988587
Centralized-DQN,195.9214072158866
Centralized-DQN,190.51629523826065
Centralized-DQN,231.1166682825918
Centralized-DQN,249.3782353202269
Centralized-DQN,258.83110163801075
Centralized-DQN,244.44423614517714
Centralized-DQN,201.70797455109448
Centralized-DQN,215.5816048907903
Centralized-DQN,228.0046861535273
Centralized-DQN,208.63533847898387
Centralized-DQN,208.92292563734634
Centralized-DQN,229.71259395628545
Centralized-DQN,203.22152061922202
Centralized-DQN,183.12139190879014
Centralized-DQN,192.56580802492425
Centralized-DQN,224.01731133201227
Centralized-DQN,205.08979873599867
Centralized-DQN,215.20629930605014
Centralized-DQN,225.1023772660657
Centralized-DQN,193.75475611307172
Centralized-DQN,227.68744490889418
Centralized-DQN,216.36527810375185
Centralized-DQN,167.95560739265565
Centralized-DQN,248.26914373558733
Centralized-DQN,189.97765768729252
Centralized-DQN,155.3471397044445
Centralized-DQN,173.64868871241094
Centralized-DQN,174.36864517965034
Centralized-DQN,206.565199559726
Centralized-DQN,196.78448483361288
Centralized-DQN,194.89504097078222
Centralized-DQN,223.59105896447437
Centralized-DQN,215.19626083578112
Centralized-DQN,214.48143611932858
Centralized-DQN,217.29485371986078
Centralized-DQN,223.48404004006716
Centralized-DQN,141.76139974667672
Centralized-DQN,194.06685243206616
Centralized-DQN,139.59369806531578
Centralized-DQN,206.08179780393385
Centralized-DQN,204.86101083326963
Centralized-DQN,236.36596824369042
Centralized-DQN,240.6290317816336
Centralized-DQN,211.08325144757103
Centralized-DQN,189.989167678093
Centralized-DQN,219.55483337637213
Centralized-DQN,189.1624708802706
Centralized-DQN,204.95822045669954
Centralized-DQN,234.58408950882304
Centralized-DQN,188.2668596203173
Centralized-DQN,229.17035917727503
Centralized-DQN,225.32204106076907
Centralized-DQN,176.35624548607535
Centralized-DQN,234.21682384652203
Centralized-DQN,225.95699036114516
Centralized-DQN,208.05777662117973
Centralized-DQN,182.13029625917042
Centralized-DQN,179.2238194427329
Centralized-DQN,188.87012269290932
Centralized-DQN,221.2778338987588
Centralized-DQN,176.33124497795805
Centralized-DQN,218.1253674585961
Centralized-DQN,167.74733413364822
Centralized-DQN,198.87794246683453
Centralized-DQN,208.28943263722027
Centralized-DQN,278.3539043517675
Centralized-DQN,163.68053033438898
Centralized-DQN,249.160436994704
Centralized-DQN,209.4952724196184
Centralized-DQN,217.3351575404789
Centralized-DQN,208.55043740164612
Centralized-DQN,218.341804545857
Centralized-DQN,200.38944686913948
Centralized-DQN,248.62150544372375
Centralized-DQN,191.30586567325832
Centralized-DQN,238.96703716537743
Centralized-DQN,185.66898639360932
Centralized-DQN,203.1924446079614
Centralized-DQN,172.84112343129343
Centralized-DQN,218.6507116104256
Centralized-DQN,248.353778707796
Centralized-DQN,202.67931460537437
Centralized-DQN,199.0934290388827
Centralized-DQN,171.56149110796218
Centralized-DQN,198.12122039343075
Centralized-DQN,157.21617220835418
Centralized-DQN,177.61366039843517
Centralized-DQN,211.80358138327406
Centralized-DQN,244.5703959322419
Centralized-DQN,289.2763258368851
Centralized-DQN,187.402447447873
Centralized-DQN,248.0590046993632
Centralized-DQN,212.31257441204943
Centralized-DQN,200.46257059760873
Centralized-DQN,217.97783355178456
Centralized-DQN,206.85749451039877
Centralized-DQN,208.31187176836656
Centralized-DQN,192.7500051151999
Centralized-DQN,163.0567102060345
Centralized-DQN,158.69124392433756
Centralized-DQN,224.59734649843682
Centralized-DQN,196.6989972974286
Centralized-DQN,187.117333010315
Centralized-DQN,205.2551688016946
Centralized-DQN,228.84796758746882
Centralized-DQN,210.41091829079195
Centralized-DQN,185.31835190077098
Centralized-DQN,241.7887886694685
Centralized-DQN,252.37556508944897
Centralized-DQN,219.8366996596856
Centralized-DQN,234.2099053403227
Centralized-DQN,242.25879990441433
Centralized-DQN,238.90297949213542
Centralized-DQN,223.4229753133787
Centralized-DQN,222.9504114122465
Centralized-DQN,220.5898172003951
Centralized-DQN,172.0798697635887
Centralized-DQN,226.02169470578758
Centralized-DQN,164.32558086620338
Centralized-DQN,181.16201634624835
Centralized-DQN,244.10695203424262
Centralized-DQN,230.20660488082592
Centralized-DQN,249.6219486905759
Centralized-DQN,196.84976848938123
Centralized-DQN,170.43253476169696
Centralized-DQN,197.78688408788972
Centralized-DQN,208.06093891721721
Centralized-DQN,207.3696614902003
Centralized-DQN,239.01041436270106
Centralized-DQN,194.16188724989664
Centralized-DQN,215.56103415408774
Centralized-DQN,175.34118551696181
Centralized-DQN,218.5095183413144
Centralized-DQN,205.09325650556912
Centralized-DQN,182.50559985146447
Centralized-DQN,197.92511913475442
Centralized-DQN,199.47472760454335
Centralized-DQN,196.8953461198871
Centralized-DQN,258.1402372680305
Centralized-DQN,202.0466199307636
Centralized-DQN,197.68311669467988
Centralized-DQN,142.07647127169577
Centralized-DQN,178.17377944061568
Centralized-DQN,197.1077972663094
Centralized-DQN,184.42441971470072
Centralized-DQN,246.4512278013339
Centralized-DQN,200.05186673811343
Centralized-DQN,243.65332747954756
Centralized-DQN,206.85113902151105
Centralized-DQN,206.1168350926473
Centralized-DQN,202.33610656862498
Centralized-DQN,205.11388754864376
Centralized-DQN,256.5638500914958
Centralized-DQN,135.41167819746346
Centralized-DQN,144.95362766683962
Centralized-DQN,188.7048750683166
Centralized-DQN,205.43583645812706
Centralized-DQN,225.70313274292036
Centralized-DQN,219.19261594082425
Centralized-DQN,193.4726226135829
Centralized-DQN,235.57131079725286
Centralized-DQN,235.90586209458192
Centralized-DQN,210.52173493814698
Centralized-DQN,233.87972717460525
Centralized-DQN,213.17935790296386
Centralized-DQN,188.1555091965135
Centralized-DQN,225.93450517000014
Centralized-DQN,208.31839367736032
Centralized-DQN,205.0401954026346
Centralized-DQN,249.18860716568724
Centralized-DQN,131.4738361437974
Centralized-DQN,162.4694748952129
Centralized-DQN,169.3878872087689
Centralized-DQN,194.10218057293582
Centralized-DQN,197.3617549070191
Centralized-DQN,159.78023056680857
Centralized-DQN,175.4452590306752
Centralized-DQN,179.1747496442929
Centralized-DQN,278.72272276227676
Centralized-DQN,259.0522584324144
Centralized-DQN,192.64751746946052
Centralized-DQN,194.09250129079604
Centralized-DQN,170.52388008435116
Centralized-DQN,147.756087603242
Centralized-DQN,201.49359440774427
Centralized-DQN,175.06444050267922
Centralized-DQN,202.4544840501397
Centralized-DQN,156.99382452869568
Centralized-DQN,182.14076625069225
Centralized-DQN,209.45881285908493
Centralized-DQN,215.98628793351813
Centralized-DQN,217.52415876226044
Centralized-DQN,165.38533047528887
Centralized-DQN,230.64057190406686
Centralized-DQN,180.9936491019445
Centralized-DQN,223.9857374382192
Centralized-DQN,204.6808397014542
Centralized-DQN,163.70837502766156
Centralized-DQN,195.51406886256436
Centralized-DQN,215.96091226191302
Centralized-DQN,223.38896141423797
Centralized-DQN,200.77036307666745
Centralized-DQN,250.9533667180316
Centralized-DQN,235.22532312959677
Centralized-DQN,197.30037650800742
Centralized-DQN,227.50365436410834
Centralized-DQN,263.0138045556456
Centralized-DQN,263.8145380234908
Centralized-DQN,168.16000357532508
Centralized-DQN,177.20400666528548
Centralized-DQN,249.54756360201554
Centralized-DQN,173.25156847487088
Centralized-DQN,165.32376600124962
Centralized-DQN,190.4141760790286
Centralized-DQN,217.60680128423758
Centralized-DQN,201.92809880166712
Centralized-DQN,185.48309138783225
Centralized-DQN,184.77362614826473
Centralized-DQN,183.62988806761874
Centralized-DQN,178.61471114023172
Centralized-DQN,273.44898631828187
Centralized-DQN,213.92533213556663
Centralized-DQN,231.60277163214215
Centralized-DQN,190.3276759564323
Centralized-DQN,199.42129968441853
Centralized-DQN,183.59338055888935
Centralized-DQN,125.44874995242394
Centralized-DQN,163.659721694564
Centralized-DQN,150.68143960058816
Centralized-DQN,137.5064866614518
Centralized-DQN,169.13923077105693
Centralized-DQN,244.74867038144893
Centralized-DQN,203.66691496886938
Centralized-DQN,243.71691286963522
Centralized-DQN,217.32947730702625
Centralized-DQN,228.47676477145478
Centralized-DQN,177.97309014086275
Centralized-DQN,220.71852862578012
Centralized-DQN,226.86142702223037
Centralized-DQN,187.7005812329892
Centralized-DQN,221.786211118485
Centralized-DQN,221.98563275724499
Centralized-DQN,188.5134213660975
Centralized-DQN,171.31694703187014
Centralized-DQN,169.47615004305183
Centralized-DQN,207.59516625764385
Centralized-DQN,214.81029606367946
Centralized-DQN,181.22422508626258
Centralized-DQN,205.79756023978297
Centralized-DQN,222.11611108415457
Centralized-DQN,223.54572143995904
Centralized-DQN,251.55640360367465
Centralized-DQN,243.3094249659413
Centralized-DQN,174.96125701730367
Centralized-DQN,255.50758628614068
Centralized-DQN,189.07070486332856
Centralized-DQN,236.34618437363284
Centralized-DQN,207.03959878153267
Centralized-DQN,192.63551864629096
Centralized-DQN,150.76909420675202
Centralized-DQN,199.85306469350957
Centralized-DQN,158.21850294083174
Centralized-DQN,234.01897707528317
Centralized-DQN,250.50377971417743
Centralized-DQN,181.0926703210993
Centralized-DQN,214.05912227557815
Centralized-DQN,183.23825433976074
Centralized-DQN,186.14545809589632
Centralized-DQN,228.23484111596113
Centralized-DQN,203.84385214469762
Centralized-DQN,257.18944125793035
Centralized-DQN,190.53302563891236
Centralized-DQN,234.9800899742347
Centralized-DQN,207.92240238873347
Centralized-DQN,228.873340292327
Centralized-DQN,191.5852702801016
Centralized-DQN,203.51323487345252
Centralized-DQN,201.53503362103197
Centralized-DQN,179.91828655462638
Centralized-DQN,224.86244603745257
Centralized-DQN,224.50747016735093
Centralized-DQN,222.806640847167
Centralized-DQN,251.10896961752934
Centralized-DQN,248.4803440370891
Centralized-DQN,193.75165930452593
Centralized-DQN,216.19156955302535
Centralized-DQN,186.2919793222536
Centralized-DQN,205.70065948343665
Centralized-DQN,187.00751652643405
Centralized-DQN,253.60210927408153
Centralized-DQN,215.91094451028889
Centralized-DQN,198.45912615686734
Centralized-DQN,240.80855715569132
Centralized-DQN,139.88153770613764
Centralized-DQN,144.5769221540413
Centralized-DQN,228.8751596565932
Centralized-DQN,206.81405344352103
Centralized-DQN,212.5133890078228
Centralized-DQN,165.20811690044354
Centralized-DQN,204.302988674489
Centralized-DQN,265.10528231204023
Centralized-DQN,229.72598859387588
Centralized-DQN,210.09119635428436
Centralized-DQN,191.82838269685186
Centralized-DQN,193.1628144439182
Centralized-DQN,141.12406332399948
Centralized-DQN,212.7292126276348
Centralized-DQN,230.36449325445562
Centralized-DQN,157.73142018488153
Centralized-DQN,185.15749323079552
Centralized-DQN,170.27606103299735
Centralized-DQN,176.0394641557371
Centralized-DQN,206.604448804657
Centralized-DQN,142.46793535034578
Centralized-DQN,223.4281131507119
Centralized-DQN,227.61565209801046
Centralized-DQN,197.46692235889262
Centralized-DQN,130.57874470046374
Centralized-DQN,175.10744121992832
Centralized-DQN,241.9870580230809
Centralized-DQN,121.66017157814282
Centralized-DQN,194.5742976341944
Centralized-DQN,169.59997664598222
Centralized-DQN,229.1371090475451
Centralized-DQN,184.74658143569616
Centralized-DQN,217.11862062206833
Centralized-DQN,221.96381257507278
Centralized-DQN,260.0867751919006
Centralized-DQN,198.9117416897389
Centralized-DQN,216.28133108867834
Centralized-DQN,160.4483356261769
Centralized-DQN,240.71240689881233
Centralized-DQN,182.18473455785906
Centralized-DQN,188.17737507736763
Centralized-DQN,204.33256615452368
Centralized-DQN,158.11346963980452
Centralized-DQN,211.86310086786813
Centralized-DQN,234.02398818775032
Centralized-DQN,213.78801470491874
Centralized-DQN,157.33307307463826
Centralized-DQN,201.2857211701102
Centralized-DQN,227.2608670893847
Centralized-DQN,148.66033702102277
Centralized-DQN,172.75701958546858
Centralized-DQN,231.2963081224456
Centralized-DQN,213.1028630259186
Centralized-DQN,217.35914746380263
Centralized-DQN,260.78484422869934
Centralized-DQN,219.0565833551861
Centralized-DQN,224.73664031299538
Centralized-DQN,286.3223658165498
Centralized-DQN,198.58586325728527
Centralized-DQN,181.06351709144514
Centralized-DQN,217.83389194741397
Centralized-DQN,218.16973088166685
Centralized-DQN,189.19853824161376
Centralized-DQN,174.02808941335456
Centralized-DQN,274.2953326627023
Centralized-DQN,214.80530411164068
Centralized-DQN,183.03143855793772
Centralized-DQN,232.47790906838796
Centralized-DQN,201.72564545315996
Centralized-DQN,197.41355661046506
Centralized-DQN,221.8681861574348
Centralized-DQN,166.24353195304928
Centralized-DQN,215.57881611751517
Centralized-DQN,262.3886442319526
Centralized-DQN,218.9853298659193
Centralized-DQN,193.71363688649606
Centralized-DQN,189.78684158715274
Centralized-DQN,192.68980079964672
Centralized-DQN,197.38111965856658
Centralized-DQN,193.66580401725184
Centralized-DQN,232.489343232237
Centralized-DQN,153.00372690373052
Centralized-DQN,230.86000151236402
Centralized-DQN,193.60940424572317
Centralized-DQN,216.30843357086115
Centralized-DQN,171.1903626939741
Centralized-DQN,244.8589320054831
Centralized-DQN,242.36904880515618
Centralized-DQN,233.78771577250222
Centralized-DQN,159.5573567261938
Centralized-DQN,229.8736321319816
Centralized-DQN,217.14565262907126
Centralized-DQN,156.84186258602296
Centralized-DQN,204.27107848687552
Centralized-DQN,215.93603467099788
Centralized-DQN,221.6822582146945
Centralized-DQN,210.31784100846568
Centralized-DQN,213.73694250542138
Centralized-DQN,249.20834176759286
Centralized-DQN,241.7810172973204
Centralized-DQN,118.98835138651769
Centralized-DQN,195.47684335486954
Centralized-DQN,200.06046917368147
Centralized-DQN,152.43704281819086
Centralized-DQN,207.82549174696936
Centralized-DQN,242.4627331723152
Centralized-DQN,172.40296421228228
Centralized-DQN,215.09202816069617
Centralized-DQN,177.52529568110685
Centralized-DQN,184.8426392896097
Centralized-DQN,249.32180902510106
Centralized-DQN,188.72326539664525
Centralized-DQN,218.86637467031875
Centralized-DQN,148.86345651817038
Centralized-DQN,260.8695268418464
Centralized-DQN,223.07957338919496
Centralized-DQN,199.52500472049215
Centralized-DQN,222.26639529999684
Centralized-DQN,162.7054171315657
Centralized-DQN,240.47592225257972
Centralized-DQN,195.2804567351071
Centralized-DQN,198.87791454854695
Centralized-DQN,190.25033155103546
Centralized-DQN,187.58045791763246
Centralized-DQN,225.84011834885226
Centralized-DQN,212.6772055031267
Centralized-DQN,224.5524442420912
Centralized-DQN,204.73615931543284
Centralized-DQN,220.39599433231544
Centralized-DQN,192.43453768224884
Centralized-DQN,271.8919552422865
Centralized-DQN,157.96208750708504
Centralized-DQN,242.82811970688954
Centralized-DQN,246.03722352162913
Centralized-DQN,179.4352358210322
Centralized-DQN,271.8782083166792
Centralized-DQN,234.86470848835955
Centralized-DQN,234.13417020468734
Centralized-DQN,205.8406656107763
Centralized-DQN,198.4832152534397
Centralized-DQN,198.71773518881176
Centralized-DQN,216.7159178895855
Centralized-DQN,247.0355882510169
Centralized-DQN,210.43942653584259
Centralized-DQN,177.65669130588128
Centralized-DQN,229.7328118715494
Centralized-DQN,232.63452239184377
Centralized-DQN,224.63978585343358
Centralized-DQN,227.36496719574947
Centralized-DQN,196.87215609526575
Centralized-DQN,177.1303249860826
Centralized-DQN,178.9541970807766
Centralized-DQN,155.93610254626427
Centralized-DQN,212.10845834637848
Centralized-DQN,202.49653650320218
Centralized-DQN,191.80036886410875
Centralized-DQN,116.3314352696479
Centralized-DQN,167.58047590917494
Centralized-DQN,238.625219542095
Centralized-DQN,185.06121999810608
Centralized-DQN,215.81775032970523
Centralized-DQN,163.2794371007423
Centralized-DQN,248.16116447077692
Centralized-DQN,200.6791701983597
Centralized-DQN,213.70121189450606
Centralized-DQN,274.77339375645056
Centralized-DQN,250.4932030176821
Centralized-DQN,195.80303136138826
Centralized-DQN,187.20339445388922
Centralized-DQN,195.23364965441405
Centralized-DQN,220.29694745429606
Centralized-DQN,201.84327597247386
Centralized-DQN,193.14267564989586
Centralized-DQN,249.01543752127128
Centralized-DQN,201.5737032466649
Centralized-DQN,273.98767279111956
Centralized-DQN,207.72227691256518
Centralized-DQN,258.5595518267418
Centralized-DQN,215.7195826813188
Centralized-DQN,233.88881719748343
Centralized-DQN,183.26166845446826
Centralized-DQN,179.38722332237765
Centralized-DQN,218.79117865044964
Centralized-DQN,234.65659727395945
Centralized-DQN,206.2076950600139
Centralized-DQN,166.4081999474891
Centralized-DQN,164.1922490113202
Centralized-DQN,162.18590793441277
Centralized-DQN,151.97133661181857
Centralized-DQN,208.28456078341262
Centralized-DQN,238.75131765124075
Centralized-DQN,204.59752639225573
Centralized-DQN,137.18755727986445
Centralized-DQN,199.27718618996354
Centralized-DQN,200.11603010102178
Centralized-DQN,267.87996250676315
Centralized-DQN,161.28586261241333
Centralized-DQN,193.27967192202414
Centralized-DQN,256.1755804163369
Centralized-DQN,218.49935024039644
Centralized-DQN,221.89939220549275
Centralized-DQN,208.43753311071634
Centralized-DQN,214.89830615971795
Centralized-DQN,228.32828590835607
Centralized-DQN,180.71541043321702
Centralized-DQN,231.341757367246
Centralized-DQN,163.80990949343382
Centralized-DQN,214.85103918494613
Centralized-DQN,210.36222889858982
Centralized-DQN,186.51120735423677
Centralized-DQN,204.3194417402306
Centralized-DQN,186.3237954200334
Centralized-DQN,172.84896019414768
Centralized-DQN,194.39155775159068
Centralized-DQN,171.88034093885017
Centralized-DQN,214.68392392279745
Centralized-DQN,170.4974351754291
Centralized-DQN,226.35931068973153
Centralized-DQN,169.5556279621354
Centralized-DQN,188.0111525325698
Centralized-DQN,186.26189775354464
Centralized-DQN,244.75440186624516
Centralized-DQN,214.90869836849777
Centralized-DQN,198.64798592366816
Centralized-DQN,219.9615832320917
Centralized-DQN,141.78422958010935
Centralized-DQN,203.70599231077279
Centralized-DQN,264.92542533414286
Centralized-DQN,208.9703951920802
Centralized-DQN,207.03739507508007
Centralized-DQN,221.4438513892659
Centralized-DQN,231.86815729943038
Centralized-DQN,145.07599921330421
Centralized-DQN,154.5302055462692
Centralized-DQN,211.3087387325844
Centralized-DQN,183.5537031430747
Centralized-DQN,244.36075786659742
Centralized-DQN,195.54476830344328
Centralized-DQN,146.96407792860646
Centralized-DQN,166.9595824946801
Centralized-DQN,122.50971941108274
Centralized-DQN,197.97623388151263
Centralized-DQN,199.3484761820685
Centralized-DQN,192.26611870654307
Centralized-DQN,237.36637117089217
Centralized-DQN,240.9555950955008
Centralized-DQN,199.88834729931665
Centralized-DQN,140.9591899756943
Centralized-DQN,223.51844741476776
Centralized-DQN,221.66080685525725
Centralized-DQN,214.28174710470836
Centralized-DQN,234.44439247924348
Centralized-DQN,170.0551571061688
Centralized-DQN,265.26266158555416
Centralized-DQN,176.21716740574396
Centralized-DQN,227.47668781602565
Centralized-DQN,154.37956916759944
Centralized-DQN,177.09205938189848
Centralized-DQN,250.49105940176008
Centralized-DQN,197.1730053099745
Centralized-DQN,230.19767815398393
Centralized-DQN,212.10866166157737
Centralized-DQN,201.8512553199948
Centralized-DQN,245.9155097479807
Centralized-DQN,197.900235260443
Centralized-DQN,151.5778567730959
Centralized-DQN,180.90279724144884
Centralized-DQN,221.5357518610508
Centralized-DQN,216.86527319087526
Centralized-DQN,157.98825249293685
Centralized-DQN,183.26972441775396
Centralized-DQN,187.54835952393262
Centralized-DQN,194.03591217657325
Centralized-DQN,163.72259234195346
Centralized-DQN,186.14886675641566
Centralized-DQN,183.14168544221417
Centralized-DQN,228.14599779285757
Centralized-DQN,229.27363932970732
Centralized-DQN,200.62568625733553
Centralized-DQN,193.23880612387805
Centralized-DQN,209.1977293611734
Centralized-DQN,180.50274677633274
Centralized-DQN,170.59503753497677
Centralized-DQN,176.7933637322285
Centralized-DQN,185.9556050808563
Centralized-DQN,170.09578600623186
Centralized-DQN,209.86178677188624
Centralized-DQN,226.89147021351124
Centralized-DQN,157.38705097605276
Centralized-DQN,205.753861336481
Centralized-DQN,198.40192614200993
Centralized-DQN,215.2452605661041
Centralized-DQN,204.61183695689235
Centralized-DQN,161.39202160205107
Centralized-DQN,167.12832103428502
Centralized-DQN,205.8827072675492
Centralized-DQN,235.86342759236527
Centralized-DQN,138.5743788687099
Centralized-DQN,215.3717973940474
Centralized-DQN,240.6886601586293
Centralized-DQN,200.40922371381362
Centralized-DQN,221.50607488079322
Centralized-DQN,183.90792757306593
Centralized-DQN,201.4190140216937
Centralized-DQN,156.37259445075546
Centralized-DQN,134.66970074743378
Centralized-DQN,233.28297403675825
Centralized-DQN,175.45015216826675
Centralized-DQN,191.33416464989708
Centralized-DQN,163.4067324018942
Centralized-DQN,162.70090890748372
Centralized-DQN,199.7848689971615
Centralized-DQN,183.1126841759306
Centralized-DQN,216.33912993984094
Centralized-DQN,218.57615256938774
Centralized-DQN,214.62548938973822
Centralized-DQN,212.1580237278533
Centralized-DQN,252.3330461479566
Centralized-DQN,172.97218692865343
Centralized-DQN,203.35195401391246
Centralized-DQN,238.98069461558765
Centralized-DQN,242.93619428014108
Centralized-DQN,162.3470905196628
Centralized-DQN,195.62933675032392
Centralized-DQN,245.7436328760178
Centralized-DQN,220.24237315597196
Centralized-DQN,210.85789094439318
Centralized-DQN,198.4694591969603
Centralized-DQN,193.48597222876765
Centralized-DQN,213.64657189270972
Centralized-DQN,197.4287762504655
Centralized-DQN,203.72264136866667
Centralized-DQN,207.35796118345112
Centralized-DQN,184.65785414519502
Centralized-DQN,220.96388121644316
Centralized-DQN,292.4273394524626
Centralized-DQN,151.69040082021775
Centralized-DQN,214.7203757256994
Centralized-DQN,182.19429734143284
Centralized-DQN,222.3220773255775
Centralized-DQN,206.39672419983583
Centralized-DQN,227.8556432212739
Centralized-DQN,240.2651972952634
Centralized-DQN,210.77263353304545
Centralized-DQN,238.96156865242534
Centralized-DQN,134.67106318633967
Centralized-DQN,252.7135689374807
Centralized-DQN,216.25186455677022
Centralized-DQN,237.33530067235546
Centralized-DQN,168.40372765475433
Centralized-DQN,180.07690355183993
Centralized-DQN,209.3781488243432
Centralized-DQN,204.48886331987612
Centralized-DQN,213.4920576402997
Centralized-DQN,237.53545482789897
Centralized-DQN,152.04339054091452
Centralized-DQN,234.21457215151926
Centralized-DQN,205.2484572987378
Centralized-DQN,198.88654416626358
Centralized-DQN,160.8665429684533
Centralized-DQN,220.09146005130594
Centralized-DQN,132.57676446906888
Centralized-DQN,224.4518203371614
Centralized-DQN,160.23682493581023
Centralized-DQN,206.60373737852422
Centralized-DQN,201.4249348801624
Centralized-DQN,240.0861444188165
Centralized-DQN,199.6403449295833
Centralized-DQN,184.17584316563003
Centralized-DQN,189.80191912086391
Centralized-DQN,243.18648306263992
Centralized-DQN,221.0889090754268
Centralized-DQN,193.43110055430515
Centralized-DQN,197.9066074010646
Centralized-DQN,157.9846872824366
Centralized-DQN,216.65422602554622
Centralized-DQN,152.20552876913604
Centralized-DQN,227.5538939750637
Centralized-DQN,208.858647774738
Centralized-DQN,276.60855398721765
Centralized-DQN,171.99593338827083
Centralized-DQN,201.92013726878102
Centralized-DQN,258.9486310276919
Centralized-DQN,240.74168920874243
Centralized-DQN,184.113638452603
Centralized-DQN,211.71902285120342
Centralized-DQN,205.05998069245263
Centralized-DQN,213.45867602182472
Centralized-DQN,184.03958692045512
Centralized-DQN,202.32038791897796
Centralized-DQN,157.0584287416986
Centralized-DQN,209.05370355604245
Centralized-DQN,218.50062020265497
Centralized-DQN,198.17741762068349
Centralized-DQN,156.54847328245637
Centralized-DQN,234.65595588554388
Centralized-DQN,215.93575113978406
Centralized-DQN,183.21954706897068
Centralized-DQN,196.58198659485808
Centralized-DQN,159.97991791654482
Centralized-DQN,174.23769616666286
Centralized-DQN,188.8656596092858
Centralized-DQN,241.85262436840452
Centralized-DQN,185.81489827337572
Centralized-DQN,224.20640977986275
Centralized-DQN,188.8505139141526
Centralized-DQN,212.43842682555623
Centralized-DQN,200.75813493568594
Centralized-DQN,231.1916980027823
Centralized-DQN,188.95565985344325
Centralized-DQN,157.82415249992678
Centralized-DQN,163.54152905909103
Centralized-DQN,189.04367518171728
Centralized-DQN,167.5282008796584
Centralized-DQN,217.30636047038655
Centralized-DQN,191.02695505425766
Centralized-DQN,276.2381965007929
Centralized-DQN,152.86856214588605
Centralized-DQN,211.10899536129403
Centralized-DQN,171.16140929482992
Centralized-DQN,190.19795978851965
Centralized-DQN,209.24258420021633
Centralized-DQN,135.2388587537714
Centralized-DQN,212.10478350364082
Centralized-DQN,262.087223868225
Centralized-DQN,191.3968510489422
Centralized-DQN,212.7942357041653
Centralized-DQN,235.74765079376198
Centralized-DQN,200.0813949991901
Centralized-DQN,187.5711943440555
Centralized-DQN,136.72790788834743
Centralized-DQN,224.2297215818492
Centralized-DQN,201.6049477081331
Centralized-DQN,174.61948445835515
Centralized-DQN,208.7979013083308
Centralized-DQN,187.48958929581457
Centralized-DQN,189.14721606653424
Centralized-DQN,223.18873468326126
Centralized-DQN,164.84852766028467
Centralized-DQN,236.41945858221277
Centralized-DQN,163.06941510644788
Centralized-DQN,185.1189577493421
Centralized-DQN,262.6883858219973
Centralized-DQN,238.82064284927267
Centralized-DQN,207.9281197748632
Centralized-DQN,176.78409353496352
Centralized-DQN,189.1218307990032
Centralized-DQN,207.1982594375709
Centralized-DQN,206.12569697018796
Centralized-DQN,202.27387211122112
Centralized-DQN,204.07502457747447
Centralized-DQN,198.5687467088466
Centralized-DQN,161.7406379307996
Centralized-DQN,189.50467773517502
Centralized-DQN,232.4387216196054
Centralized-DQN,163.9499710734665
Centralized-DQN,199.31333465382164
Centralized-DQN,180.40738213687467
Centralized-DQN,208.34051288194334
Centralized-DQN,193.34100456799547
Centralized-DQN,249.32180994924008
Centralized-DQN,220.1974946257076
Centralized-DQN,165.64590502668366
Centralized-DQN,225.13684034841094
Centralized-DQN,181.7604443121381
Centralized-DQN,187.690108858674
Centralized-DQN,214.41457060321366
Centralized-DQN,190.24757740809596
Centralized-DQN,231.78567448968866
Centralized-DQN,181.76469815459814
Centralized-DQN,186.43160342225912
Centralized-DQN,185.30887319355674
Centralized-DQN,188.03083754934883
Centralized-DQN,237.9757466664344
Centralized-DQN,223.8638888083091
Centralized-DQN,256.2983186203621
Centralized-DQN,273.02932611697764
Centralized-DQN,174.07848904202982
Centralized-DQN,207.11257381981866
Centralized-DQN,169.713990500697
Centralized-DQN,181.671822167552
Centralized-DQN,186.09752469232993
Centralized-DQN,173.28535377585177
Centralized-DQN,173.44338181304758
Centralized-DQN,200.67146864439235
Centralized-DQN,168.49844744840777
Centralized-DQN,230.263808774129
Centralized-DQN,177.46739387747456
Centralized-DQN,289.2870691028918
Centralized-DQN,191.45846647106814
Centralized-DQN,207.16052925751157
Centralized-DQN,166.13976446601896
Centralized-DQN,256.18275274382916
Centralized-DQN,238.58502042408747
Centralized-DQN,213.90747612208338
Centralized-DQN,164.59592353661304
Centralized-DQN,211.3200063317386
Centralized-DQN,171.35706861948233
Centralized-DQN,248.8706579042008
Centralized-DQN,229.27584195559518
Centralized-DQN,207.86317115463208
Centralized-DQN,131.90873010258034
Centralized-DQN,175.49752064022908
Centralized-DQN,225.63283394799618
Centralized-DQN,241.3865107516947
Centralized-DQN,238.27509434476394
Centralized-DQN,157.23960993275634
Centralized-DQN,214.0465692043871
Centralized-DQN,235.46545649448788
Centralized-DQN,155.24993303253265
Centralized-DQN,204.76286453880292
Centralized-DQN,213.2152719492537
Centralized-DQN,195.97706245459796
Centralized-DQN,149.43514433796395
Centralized-DQN,195.22905669778814
Centralized-DQN,195.1808370923493
Centralized-DQN,200.55782786356738
Centralized-DQN,188.0958572372479
Centralized-DQN,191.709635402756
Centralized-DQN,203.80881152959066
Centralized-DQN,218.27363814909134
Centralized-DQN,195.86719711429998
Centralized-DQN,192.71053214895994
Centralized-DQN,207.77062114763373
Centralized-DQN,147.37252222314456
Centralized-DQN,219.31105381679373
Centralized-DQN,204.98310708631124
Centralized-DQN,206.19080579792686
Centralized-DQN,233.82202922783392
Centralized-DQN,146.41553409855254
Centralized-DQN,145.7849839042311
Centralized-DQN,213.21411535970557
Centralized-DQN,204.78649434614454
Centralized-DQN,210.10530829575796
Centralized-DQN,191.13618774482663
Centralized-DQN,224.93061022719795
Centralized-DQN,232.9791652897336
Centralized-DQN,219.51946881854582
Centralized-DQN,197.1751462478625
Centralized-DQN,141.76931837156792
Centralized-DQN,228.07708624111385
Centralized-DQN,241.65185998652777
Centralized-DQN,224.3367523595194
Centralized-DQN,178.6107271789748
Centralized-DQN,225.21383181003273
Centralized-DQN,230.81589123884336
Centralized-DQN,251.76448743397256
Centralized-DQN,178.71670227316127
Centralized-DQN,198.20636246367584
Centralized-DQN,227.41816153430366
Centralized-DQN,206.72230214314473
Centralized-DQN,171.48017193846175
Centralized-DQN,217.43848855080108
Centralized-DQN,222.359849014455
Centralized-DQN,207.63888688993006
Centralized-DQN,211.58754781539832
Centralized-DQN,197.23882294942808
Centralized-DQN,249.3483680714818
Centralized-DQN,177.9792344886197
Centralized-DQN,187.38037711708662
Centralized-DQN,205.32956540582578
Centralized-DQN,231.3686208310268
Centralized-DQN,160.0788048971639
Centralized-DQN,165.69109750703683
Centralized-DQN,143.86814476795848
Centralized-DQN,205.98085675759813
Centralized-DQN,171.45082548380367
Centralized-DQN,193.4634966994625
Centralized-DQN,224.84134569675123
Centralized-DQN,185.7537183765146
Centralized-DQN,211.93846068230093
Centralized-DQN,196.01986276744833
Centralized-DQN,225.1634294528931
Centralized-DQN,219.25384202044026
Centralized-DQN,184.2419891147617
Centralized-DQN,199.94044739798642
Centralized-DQN,236.31230193161483
Centralized-DQN,216.8013061076229
Centralized-DQN,163.09113826746605
Centralized-DQN,224.66854183514147
Centralized-DQN,172.46168132691287
Centralized-DQN,247.3753920988302
Centralized-DQN,235.72296519523076
Centralized-DQN,213.69656427755203
Centralized-DQN,209.7169853030858
Centralized-DQN,198.7290323191774
Centralized-DQN,225.35571854200083
Centralized-DQN,193.87665491613814
Centralized-DQN,212.0670961191968
Centralized-DQN,231.15803099558354
Centralized-DQN,188.1458036942323
Centralized-DQN,186.51421780027917
Centralized-DQN,169.16903557826623
Centralized-DQN,173.06581761621484
Centralized-DQN,150.14814065675495
Centralized-DQN,226.8948636704659
Centralized-DQN,259.2674362624831
Centralized-DQN,247.75986830410918
Centralized-DQN,156.2174653412045
Centralized-DQN,226.74564014668601
Centralized-DQN,247.6631904977067
Centralized-DQN,191.29570057784008
Centralized-DQN,208.0434229195015
Centralized-DQN,144.7632084758599
Centralized-DQN,213.00208503929923
Centralized-DQN,173.09320811695846
Centralized-DQN,210.98905053734543
Centralized-DQN,158.1639123343336
Centralized-DQN,221.2857467343279
Centralized-DQN,235.7353802628007
Centralized-DQN,181.50460414854496
Centralized-DQN,170.89232255768695
Centralized-DQN,140.31930872350057
Centralized-DQN,197.00759397774468
Centralized-DQN,187.55218197155185
Centralized-DQN,158.46941762955836
Centralized-DQN,218.59056268936516
Centralized-DQN,191.50088854406053
Centralized-DQN,172.727921240643
Centralized-DQN,188.36282783078659
Centralized-DQN,237.13913616788847
Centralized-DQN,223.08810831265666
Centralized-DQN,201.0992181550453
Centralized-DQN,223.57315055394557
Centralized-DQN,170.17264130839783
Centralized-DQN,205.9711030218109
Centralized-DQN,209.41966991459412
Centralized-DQN,190.90490474503818
Centralized-DQN,218.06375007872253
Centralized-DQN,181.58699636066646
Centralized-DQN,220.29462123328352
Centralized-DQN,221.55576314593876
Centralized-DQN,117.48520357908801
Centralized-DQN,240.70917110530354
Centralized-DQN,113.57102303941738
Centralized-DQN,186.51852923331623
Centralized-DQN,235.76044102773264
Centralized-DQN,195.4813982424268
Centralized-DQN,161.01442052591375
Centralized-DQN,172.1878881484999
Centralized-DQN,235.8071723896186
Centralized-DQN,147.35486408354086
Centralized-DQN,238.8697330288605
Centralized-DQN,203.34693702873133
Centralized-DQN,169.228140086727
Centralized-DQN,187.50654783091926
Centralized-DQN,174.48326976695077
Centralized-DQN,230.98675602575585
Centralized-DQN,226.97283429288515
Centralized-DQN,153.4251659837186
Centralized-DQN,192.89223644441998
Centralized-DQN,179.1044301296717
Centralized-DQN,243.8052990537811
Centralized-DQN,164.49702645620738
Centralized-DQN,253.1268731405504
Centralized-DQN,204.00115781449188
Centralized-DQN,170.14196780859737
Centralized-DQN,184.68177447972167
Centralized-DQN,180.95143477694648
Centralized-DQN,166.76144793953483
Centralized-DQN,207.84480579191126
Centralized-DQN,168.1625334792447
Centralized-DQN,139.58901373785434
Centralized-DQN,193.6097058745548
Centralized-DQN,150.91431410746353
Centralized-DQN,182.4351739579744
Centralized-DQN,177.72691334189932
Centralized-DQN,178.86351783922558
Centralized-DQN,265.0288930477046
Centralized-DQN,206.69234701508714
Centralized-DQN,212.36113026985996
Centralized-DQN,151.70805110973117
Centralized-DQN,185.38110599089234
Centralized-DQN,211.45907889824537
Centralized-DQN,174.2641326126098
Centralized-DQN,232.24188530553957
Centralized-DQN,168.9191024229691
Centralized-DQN,196.40901592404472
Centralized-DQN,187.41845080073324
Centralized-DQN,209.9296197814575
Centralized-DQN,185.7852978443372
Centralized-DQN,196.87319118787187
Centralized-DQN,197.91609724666043
Centralized-DQN,182.96836727826098
Centralized-DQN,219.5528160549134
Centralized-DQN,212.15165124512276
Centralized-DQN,202.34158164240498
Centralized-DQN,192.08624999614125
Centralized-DQN,228.89632091559992
Centralized-DQN,197.92497268557457
Centralized-DQN,195.7990813652219
Centralized-DQN,208.14070089664378
Centralized-DQN,255.89760048912552
Centralized-DQN,164.7893137593639
Centralized-DQN,228.09570679166063
Centralized-DQN,148.20486516285683
Centralized-DQN,211.5181947468587
Centralized-DQN,252.2524848282619
Centralized-DQN,219.6600557340192
Centralized-DQN,210.1187523561938
Centralized-DQN,188.18651593590772
Centralized-DQN,205.93141601465663
Centralized-DQN,197.4381155378993
Centralized-DQN,181.42070176205934
Centralized-DQN,196.3037315357539
Centralized-DQN,210.9514348187932
Centralized-DQN,181.9834879440808
Centralized-DQN,180.8115453794595
Centralized-DQN,164.19269687223476
Centralized-DQN,216.72175078266687
Centralized-DQN,221.35969785901182
Centralized-DQN,211.9498133270955
Centralized-DQN,233.95511478185998
Centralized-DQN,207.63602911242182
Centralized-DQN,216.7603281209727
Centralized-DQN,214.11512276912688
Centralized-DQN,202.25379941745376
Centralized-DQN,189.0753451561106
Centralized-DQN,271.4245784737573
Centralized-DQN,191.44147060439474
Centralized-DQN,185.02366866638692
Centralized-DQN,218.0202947035032
Centralized-DQN,212.55563245885014
Centralized-DQN,162.85625357169016
Centralized-DQN,238.68034763691216
Centralized-DQN,202.174162739475
Centralized-DQN,171.67206714352838
Centralized-DQN,240.66352343061624
Centralized-DQN,223.77026714788462
Centralized-DQN,167.06374024156258
Centralized-DQN,258.31548520773174
Centralized-DQN,224.76392105098577
Centralized-DQN,204.69411653124862
Centralized-DQN,252.7065641686534
Centralized-DQN,209.77893351488922
Centralized-DQN,204.15750774687905
Centralized-DQN,185.19099651934033
Centralized-DQN,222.45551317921235
Centralized-DQN,219.29808901971938
Centralized-DQN,205.44040419669133
Centralized-DQN,181.3004093839719
Centralized-DQN,208.89789562498223
Centralized-DQN,202.90603642713586
Centralized-DQN,164.99577043797396
Centralized-DQN,160.84562946027444
Centralized-DQN,221.95460136429307
Centralized-DQN,126.94335054844933
Centralized-DQN,211.1623158088378
Centralized-DQN,190.65750826738525
Centralized-DQN,244.2473982063973
Centralized-DQN,190.19595372538373
Centralized-DQN,224.78452642755687
Centralized-DQN,193.09258476286624
Centralized-DQN,208.4124446045843
Centralized-DQN,227.10509592760152
Centralized-DQN,191.12332851026258
Centralized-DQN,234.8966465349521
Centralized-DQN,175.1890636868055
Centralized-DQN,213.83778527675136
Centralized-DQN,232.6791916836356
Centralized-DQN,224.80112475371004
Centralized-DQN,262.4933463020623
Centralized-DQN,182.09682048068018
Centralized-DQN,163.62552245954237
Centralized-DQN,175.16994674514643
Centralized-DQN,224.8132769964531
Centralized-DQN,219.93768802808137
Centralized-DQN,208.06769978942248
Centralized-DQN,171.3112885267861
Centralized-DQN,228.0060187998718
Centralized-DQN,168.2588566704838
Centralized-DQN,239.768487471307
Centralized-DQN,290.72315269419596
Centralized-DQN,215.9935343971465
Centralized-DQN,222.4932440697323
Centralized-DQN,190.21420693313323
Centralized-DQN,150.6936003673955
Centralized-DQN,186.91841910909332
Centralized-DQN,172.2131427670375
Centralized-DQN,161.5898627075495
Centralized-DQN,256.67079825986946
Centralized-DQN,213.1858755407732
Centralized-DQN,216.3906274184195
Centralized-DQN,195.72932904411252
Centralized-DQN,199.8138675266969
Centralized-DQN,233.93652046718
Centralized-DQN,204.02988643914352
Centralized-DQN,220.92081814074197
Centralized-DQN,199.11987106464952
Centralized-DQN,194.73541327803858
Centralized-DQN,162.79257503194412
Centralized-DQN,145.66752812898616
Centralized-DQN,197.15314296800796
Centralized-DQN,206.69490075979698
Centralized-DQN,166.41609889873627
Centralized-DQN,203.965754048961
Centralized-DQN,206.61257688971506
Centralized-DQN,140.31975981821864
Centralized-DQN,177.54626021561495
Centralized-DQN,217.21791681206406
Centralized-DQN,216.61176188187233
Centralized-DQN,170.38975250800718
Centralized-DQN,209.75344151499206
Centralized-DQN,235.67221676081417
Centralized-DQN,228.31218876972696
Centralized-DQN,202.14142638958197
Centralized-DQN,190.96071060027123
Centralized-DQN,186.11966546996487
Centralized-DQN,219.03459348728973
Centralized-DQN,210.85311919428665
Centralized-DQN,223.882120183066
Centralized-DQN,208.95621439363455
Centralized-DQN,229.56291851042326
Centralized-DQN,207.837775988731
Centralized-DQN,228.5406614839506
Centralized-DQN,231.12468311099917
Centralized-DQN,180.8642010932556
Centralized-DQN,150.75567859387763
Centralized-DQN,251.3047856804366
Centralized-DQN,212.69976192136784
Centralized-DQN,153.56542313511636
Centralized-DQN,183.58541508343868
Centralized-DQN,228.15622877109485
Centralized-DQN,196.60969506601322
Centralized-DQN,189.63815742042618
Centralized-DQN,247.026455809389
Centralized-DQN,173.58138560848568
Centralized-DQN,181.05539926735497
Centralized-DQN,211.34159425144802
Centralized-DQN,216.71364796161646
Centralized-DQN,219.89029103022193
Centralized-DQN,232.3371413370684
Centralized-DQN,210.95735862044552
Centralized-DQN,219.68151816815228
Centralized-DQN,197.2237222205475
Centralized-DQN,206.88094909710142
Centralized-DQN,208.22602540160904
Centralized-DQN,211.4529440745711
Centralized-DQN,228.17619422748282
Centralized-DQN,221.65437045834494
Centralized-DQN,206.3265100870055
Centralized-DQN,180.7262204517688
Centralized-DQN,207.03013774188128
Centralized-DQN,204.1594664531277
Centralized-DQN,210.79544739439595
Centralized-DQN,271.19575921421205
Centralized-DQN,189.28681664376293
Centralized-DQN,217.66867057376078
Centralized-DQN,237.05386201732895
Centralized-DQN,207.94005742298148
Centralized-DQN,275.13535357516497
Centralized-DQN,193.6588212480557
Centralized-DQN,214.7226766696014
Centralized-DQN,181.03582765321053
Centralized-DQN,194.45425794570122
Centralized-DQN,212.46801731189973
Centralized-DQN,230.3891218692319
Centralized-DQN,214.57284502070723
Centralized-DQN,242.77344548004208
Centralized-DQN,202.15104068221984
Centralized-DQN,195.03494410482983
Centralized-DQN,286.1195532183816
Centralized-DQN,216.82712948326093
Centralized-DQN,183.41555362064358
Centralized-DQN,184.17208713255792
Centralized-DQN,176.71960256405978
Centralized-DQN,233.09708067570364
Centralized-DQN,194.06868121320275
Centralized-DQN,208.82087426969457
Centralized-DQN,203.09473976685194
Centralized-DQN,226.94477223822804
Centralized-DQN,179.5976772134794
Centralized-DQN,172.73283141570954
Centralized-DQN,211.72891921544783
Centralized-DQN,223.0287785409969
Centralized-DQN,214.97596939292922
Centralized-DQN,180.71638812708017
Centralized-DQN,225.32454526274182
Centralized-DQN,182.68417218713097
Centralized-DQN,189.3538406564085
Centralized-DQN,176.68139425833994
Centralized-DQN,244.03475045956094
Centralized-DQN,224.00264623082046
Centralized-DQN,223.1498012703662
Centralized-DQN,242.41634263427352
Centralized-DQN,289.3794774471617
Centralized-DQN,153.72321688269534
Centralized-DQN,182.84870257368675
Centralized-DQN,186.51474747476428
Centralized-DQN,179.47541132851921
Centralized-DQN,172.67250257188863
Centralized-DQN,196.01040807833903
Centralized-DQN,168.50188854131784
Centralized-DQN,215.0512710261224
Centralized-DQN,206.55094964285843
Centralized-DQN,219.43085994290965
Centralized-DQN,220.2318535491476
Centralized-DQN,223.0902056028003
Centralized-DQN,193.79773189528353
Centralized-DQN,268.63430207901
Centralized-DQN,212.03293349446292
Centralized-DQN,149.12545742125616
Centralized-DQN,174.92872762701347
Centralized-DQN,152.78491032916554
Centralized-DQN,205.5200388745392
Centralized-DQN,201.3458432784
Centralized-DQN,190.94722906301627
Centralized-DQN,265.3277833720154
Centralized-DQN,221.46948622230732
Centralized-DQN,226.78295084339004
Centralized-DQN,177.0677953617369
Centralized-DQN,175.02565326006965
Centralized-DQN,206.10416497290865
Centralized-DQN,210.19021418956677
Centralized-DQN,149.31065298656628
Centralized-DQN,199.59078931451398
Centralized-DQN,205.42216248620514
Centralized-DQN,198.54552502686613
Centralized-DQN,180.5982876295997
Centralized-DQN,188.8139445423658
Centralized-DQN,199.6942241928161
Centralized-DQN,207.72400070830145
Centralized-DQN,223.14374747651704
Centralized-DQN,237.42568614852615
Centralized-DQN,196.1695682941825
Centralized-DQN,191.31531411653927
Centralized-DQN,218.12967020602918
Centralized-DQN,223.32534749232562
Centralized-DQN,191.97398700223343
Centralized-DQN,228.71180430898517
Centralized-DQN,234.3875602346792
Centralized-DQN,243.7505939697602
Centralized-DQN,258.34962720159467
Centralized-DQN,179.00751584021683
Centralized-DQN,205.41694627997535
Centralized-DQN,205.3383308985598
Centralized-DQN,202.05779294402478
Centralized-DQN,185.5221124116959
Centralized-DQN,160.43313990306785
Centralized-DQN,207.78038338087012
Centralized-DQN,181.94933021356263
Centralized-DQN,207.57980442242874
Centralized-DQN,181.1786937490344
Centralized-DQN,172.01024962466977
Centralized-DQN,212.02895081130694
Centralized-DQN,209.5276458041949
Centralized-DQN,222.37845913962798
Centralized-DQN,270.57591299252874
Centralized-DQN,213.3186859363254
Centralized-DQN,219.5524530119239
Centralized-DQN,172.67316013398025
Centralized-DQN,166.39277678390877
Centralized-DQN,252.4848834032
Centralized-DQN,177.2956066020009
Centralized-DQN,173.68167785594073
Centralized-DQN,203.8270323635034
Centralized-DQN,202.29422759867836
Centralized-DQN,177.92480480670125
Centralized-DQN,195.850803438607
Centralized-DQN,241.88127152950312
Centralized-DQN,180.82019173504608
Centralized-DQN,163.18982546901486
Centralized-DQN,233.27780862699376
Centralized-DQN,219.7689073581411
Centralized-DQN,186.38444138054015
Centralized-DQN,157.53498951619247
Centralized-DQN,182.6612993068431
Centralized-DQN,203.35886689452187
Centralized-DQN,239.97016269651456
Centralized-DQN,173.9025407539103
Centralized-DQN,202.4644035546558
Centralized-DQN,225.25433979684695
Centralized-DQN,133.56197979634237
Centralized-DQN,236.01358503816698
Centralized-DQN,169.52648283380688
Centralized-DQN,214.95986480370803
Centralized-DQN,212.40049448832232
Centralized-DQN,237.53759174391536
Centralized-DQN,221.5277314268062
Centralized-DQN,133.68128524810055
Centralized-DQN,181.45662258532025
Centralized-DQN,209.1461538805984
Centralized-DQN,199.1506034164064
Centralized-DQN,219.32832189270312
Centralized-DQN,228.68099667009116
Centralized-DQN,223.25355209289037
Centralized-DQN,198.57175172336605
Centralized-DQN,149.60988966638558
Centralized-DQN,191.3355625343555
Centralized-DQN,217.49104444416866
Centralized-DQN,172.28658242348567
Centralized-DQN,223.93824190364728
Centralized-DQN,232.25179891801912
Centralized-DQN,208.8060092888753
Centralized-DQN,113.08660401062812
Centralized-DQN,166.6573491186459
Centralized-DQN,261.58567475668247
Centralized-DQN,188.60386620914866
Centralized-DQN,145.47570330613013
Centralized-DQN,242.05742164930817
Centralized-DQN,205.40066774631018
Centralized-DQN,238.14821466873175
Centralized-DQN,213.30876025658097
Centralized-DQN,218.75677408636506
Centralized-DQN,215.8902774314355
Centralized-DQN,225.92464935763002
Centralized-DQN,273.32291345668295
Centralized-DQN,234.13019007877563
Centralized-DQN,157.58982046463396
Centralized-DQN,218.3998454583671
Centralized-DQN,239.24442304309653
Centralized-DQN,241.08102419608437
Centralized-DQN,192.201850508227
Centralized-DQN,239.94833335564383
Centralized-DQN,232.83227198653617
Centralized-DQN,282.1755231090919
Centralized-DQN,182.49994791254466
Centralized-DQN,189.77798270798723
Centralized-DQN,195.8164285462014
Centralized-DQN,190.29333549883674
Centralized-DQN,178.29937750709192
Centralized-DQN,122.1197348297877
Centralized-DQN,191.95901578830598
Centralized-DQN,216.08074179099714
Centralized-DQN,190.20334463482268
Centralized-DQN,263.0614355058733
Centralized-DQN,205.40127438147587
Centralized-DQN,243.73087165552406
Centralized-DQN,212.84261238189904
Centralized-DQN,229.79221929679773
Centralized-DQN,213.37724661800686
Centralized-DQN,246.06353895710689
Centralized-DQN,206.67818050397202
Centralized-DQN,219.88362124266357
Centralized-DQN,215.9899880095013
Centralized-DQN,196.35143625618042
Centralized-DQN,217.1494695677403
Centralized-DQN,272.0315873859305
Centralized-DQN,196.88809173713673
Centralized-DQN,217.58394678559745
Centralized-DQN,242.73336852608327
Centralized-DQN,239.20759842832842
Centralized-DQN,205.35149253158096
Centralized-DQN,133.49833891127915
Centralized-DQN,220.501084559454
Centralized-DQN,138.41577224130842
Centralized-DQN,249.09811692823695
Centralized-DQN,210.08421613579782
Centralized-DQN,234.99022059615967
Centralized-DQN,177.93666585456847
Centralized-DQN,158.42477580099836
Centralized-DQN,212.82263152423502
Centralized-DQN,203.99189680131573
Centralized-DQN,190.25377521528503
Centralized-DQN,207.53983842198292
Centralized-DQN,288.0230767609678
Centralized-DQN,230.03576642107174
Centralized-DQN,236.48495817589958
Centralized-DQN,230.31810674660068
Centralized-DQN,249.3838643155658
Centralized-DQN,199.29784981297766
Centralized-DQN,143.3571607697412
Centralized-DQN,199.34241600981971
Centralized-DQN,229.35207129989504
Centralized-DQN,175.9059881465478
Centralized-DQN,199.70902148532008
Centralized-DQN,184.2469077099306
Centralized-DQN,250.06087755529393
Centralized-DQN,227.4837104621969
Centralized-DQN,224.54621861931878
Centralized-DQN,223.64803939362915
Centralized-DQN,203.8825224234362
Centralized-DQN,210.9266884758251
Centralized-DQN,169.44446258403048
Centralized-DQN,139.40674063748298
Centralized-DQN,209.50243391035073
Centralized-DQN,214.71970768816433
Centralized-DQN,241.27793705276133
Centralized-DQN,252.14007448247102
Centralized-DQN,252.0999545499684
Centralized-DQN,175.05929220118367
Centralized-DQN,194.4320489515069
Centralized-DQN,219.41002887644137
Centralized-DQN,280.95714033226534
Centralized-DQN,249.40297611141747
Centralized-DQN,238.5819148599514
Centralized-DQN,193.3663613335213
Centralized-DQN,178.50401106534628
Centralized-DQN,228.6672365014972
Centralized-DQN,171.9801620729692
Centralized-DQN,197.84690947059093
Centralized-DQN,201.55666152994232
Centralized-DQN,252.78736267368424
Centralized-DQN,194.35908091120967
Centralized-DQN,131.82251084282154
Centralized-DQN,220.13333942987404
Centralized-DQN,184.02934440688222
Centralized-DQN,206.2789307331324
Centralized-DQN,202.3988589747363
Centralized-DQN,196.78888012546696
Centralized-DQN,228.7102174535411
Centralized-DQN,159.01405364941877
Centralized-DQN,189.4895732513692
Centralized-DQN,225.52113739352143
Centralized-DQN,186.57745673966895
Centralized-DQN,156.73579872190084
Centralized-DQN,225.05666029770208
Centralized-DQN,238.69283891324616
Centralized-DQN,203.6501437707098
Centralized-DQN,146.17463204591402
Centralized-DQN,226.1790924009645
Centralized-DQN,155.20336355740938
Centralized-DQN,214.26397830544497
Centralized-DQN,178.3760852577352
Centralized-DQN,170.20482142699103
Centralized-DQN,191.7426994876093
Centralized-DQN,199.5010733071822
Centralized-DQN,185.67375248840656
Centralized-DQN,222.6610983464545
Centralized-DQN,191.61791864623498
Centralized-DQN,234.40572615015466
Centralized-DQN,213.43519496930438
Centralized-DQN,184.07328380211075
Centralized-DQN,179.02180348503143
Centralized-DQN,155.57511102857683
Centralized-DQN,213.72199533600468
Centralized-DQN,194.36237358245927
Centralized-DQN,133.83413415809457
Centralized-DQN,188.928553816918
Centralized-DQN,177.96897912235144
Centralized-DQN,252.27032776511982
Centralized-DQN,153.9166416432007
Centralized-DQN,161.75947600797838
Centralized-DQN,238.299089293171
Centralized-DQN,245.7028947239189
Centralized-DQN,182.65051183823076
Centralized-DQN,186.03742531573266
Centralized-DQN,223.48706189659939
Centralized-DQN,135.18700609164068
Centralized-DQN,149.16418946483333
Centralized-DQN,196.57799797447865
Centralized-DQN,251.4967169838738
Centralized-DQN,191.92809735499782
Centralized-DQN,208.02810375205465
Centralized-DQN,239.01367817692037
Centralized-DQN,268.2065419983444
Centralized-DQN,187.69454580555063
Centralized-DQN,204.49489828799722
Centralized-DQN,259.6616566402853
Centralized-DQN,159.33402174425714
Centralized-DQN,235.82743211661466
Centralized-DQN,174.45053402916224
Centralized-DQN,208.0741710130947
Centralized-DQN,197.72142857799176
Centralized-DQN,176.25965197896312
Centralized-DQN,175.50694217025176
Centralized-DQN,213.29243092761263
Centralized-DQN,234.86617984488046
Centralized-DQN,201.1079139043449
Centralized-DQN,207.1033947619965
Centralized-DQN,222.13522198873142
Centralized-DQN,175.85143680961122
Centralized-DQN,227.19077525238768
Centralized-DQN,229.5802929117924
Centralized-DQN,283.1087889625123
Centralized-DQN,193.71687428321252
Centralized-DQN,191.25754594995618
Centralized-DQN,228.06897614721237
Centralized-DQN,229.57312506736415
Centralized-DQN,188.94738539869863
Centralized-DQN,192.90511969209854
Centralized-DQN,221.23392514654122
Centralized-DQN,180.17247277796017
Centralized-DQN,192.68398035954957
Centralized-DQN,207.68778302105304
Centralized-DQN,234.87816054466774
Centralized-DQN,186.86204151461376
Centralized-DQN,149.72846613907984
Centralized-DQN,147.50207597445367
Centralized-DQN,167.217607998816
Centralized-DQN,165.6049684540019
Centralized-DQN,200.36167724140273
Centralized-DQN,169.33359539207186
Centralized-DQN,183.91735120536387
Centralized-DQN,181.7774234505385
Centralized-DQN,191.7847641745602
Centralized-DQN,244.67512994569367
Centralized-DQN,224.8584276829155
Centralized-DQN,205.4838824582801
Centralized-DQN,191.16921158257486
Centralized-DQN,192.00302030130936
Centralized-DQN,214.8323940985585
Centralized-DQN,222.5250722005687
Centralized-DQN,177.771474816982
Centralized-DQN,206.09442266842694
Centralized-DQN,144.05141294010917
Centralized-DQN,211.35141352511792
Centralized-DQN,227.8644772587606
Centralized-DQN,196.59794119357375
Centralized-DQN,259.49580988420314
Centralized-DQN,178.5628465769185
Centralized-DQN,211.52321245909783
Centralized-DQN,203.92525760002133
Centralized-DQN,201.99106997669776
Centralized-DQN,201.57033495985758
Centralized-DQN,208.21315090028415
Centralized-DQN,230.438762303911
Centralized-DQN,246.33208708824233
Centralized-DQN,204.93249266487527
Centralized-DQN,229.45948216514898
Centralized-DQN,183.94699161199654
Centralized-DQN,227.97866358178698
Centralized-DQN,182.14025428519028
Centralized-DQN,237.71979808264396
Centralized-DQN,271.3192263217972
Centralized-DQN,201.33748336085824
Centralized-DQN,139.22369527577774
Centralized-DQN,188.5578120026553
Centralized-DQN,241.9562540286791
Centralized-DQN,221.59230361075734
Centralized-DQN,212.46740796025088
Centralized-DQN,235.26005067864517
Centralized-DQN,219.53360317745265
Centralized-DQN,241.53175562353408
Centralized-DQN,232.58271029940957
Centralized-DQN,250.65101358210876
Centralized-DQN,215.76388251718762
Centralized-DQN,232.15778204481865
Centralized-DQN,195.78618780742644
Centralized-DQN,186.95617565322982
Centralized-DQN,256.2030292125692
Centralized-DQN,211.48614028968063
Centralized-DQN,229.14641697587138
Centralized-DQN,208.71220043234172
Centralized-DQN,187.40453047240106
Centralized-DQN,205.32948677747203
Centralized-DQN,248.0798205330314
Centralized-DQN,221.65720222838272
Centralized-DQN,153.65580520808624
Centralized-DQN,198.54266630271536
Centralized-DQN,258.46881378114136
Centralized-DQN,198.58609414450132
Centralized-DQN,150.98563924797458
Centralized-DQN,261.7914665626763
Centralized-DQN,225.47177529438378
Centralized-DQN,202.89961423561599
Centralized-DQN,193.85746791753795
Centralized-DQN,237.47055789375207
Centralized-DQN,188.74049799321423
Centralized-DQN,239.44769273547965
Centralized-DQN,221.26585857172768
Centralized-DQN,212.3404577646205
Centralized-DQN,209.36544416006785
Centralized-DQN,199.75095889857465
Centralized-DQN,236.36920360627798
Centralized-DQN,179.03971503694498
Centralized-DQN,156.3422461950937
Centralized-DQN,223.43320368677425
Centralized-DQN,223.93714984201443
Centralized-DQN,219.40723457535302
Centralized-DQN,217.23185108854116
Centralized-DQN,195.38378864987357
Centralized-DQN,228.62448113156574
Centralized-DQN,203.63325619736378
Centralized-DQN,190.38659317554465
Centralized-DQN,195.643260632338
Centralized-DQN,265.61919096327495
Centralized-DQN,152.950717538637
Centralized-DQN,219.99364312887397
Centralized-DQN,154.6266871712885
Centralized-DQN,201.7529998503108
Centralized-DQN,191.99117544537438
Centralized-DQN,142.44915109960365
Centralized-DQN,216.67112771301288
Centralized-DQN,193.59885813423412
Centralized-DQN,142.02380972316269
Centralized-DQN,230.18704272322756
Centralized-DQN,248.05018533966805
Centralized-DQN,249.70373026889717
Centralized-DQN,215.76869321954413
Centralized-DQN,206.38174415731348
Centralized-DQN,244.8446986268739
Centralized-DQN,255.47150756020295
Centralized-DQN,239.00706108626875
Centralized-DQN,176.75387193310596
Centralized-DQN,211.04034559644765
Centralized-DQN,218.18548432874286
Centralized-DQN,150.71149093248312
Centralized-DQN,219.08081978862322
Centralized-DQN,273.1897547793817
Centralized-DQN,224.19808497402374
Centralized-DQN,249.20239244325268
Centralized-DQN,210.48744190386114
Centralized-DQN,202.80345028048535
Centralized-DQN,216.43814170242928
Centralized-DQN,180.52520056046703
Centralized-DQN,176.08674438296833
Centralized-DQN,242.98913671508097
Centralized-DQN,246.17027028599554
Centralized-DQN,175.26681053237948
Centralized-DQN,234.03996413661594
Centralized-DQN,202.39120073181937
Centralized-DQN,215.19425723471292
Centralized-DQN,218.8065591830519
Centralized-DQN,234.83051404372955
Centralized-DQN,207.48154605589568
Centralized-DQN,247.30485985905807
Centralized-DQN,214.28238519279773
Centralized-DQN,223.72552817408598
Centralized-DQN,180.00212225388262
Centralized-DQN,269.759770321145
Centralized-DQN,219.094747696149
Centralized-DQN,226.389922760353
Centralized-DQN,156.75442566365376
Centralized-DQN,180.31893930762698
Centralized-DQN,242.1365106375619
Centralized-DQN,213.60673354877815
Centralized-DQN,147.58660795513222
Centralized-DQN,236.14869786951456
Centralized-DQN,188.6865158694183
Centralized-DQN,247.33950957630137
Centralized-DQN,202.364929641889
Centralized-DQN,211.1412005806159
Centralized-DQN,240.36863735774944
Centralized-DQN,178.07521087436012
Centralized-DQN,175.21459576498182
Centralized-DQN,199.1050473880568
Centralized-DQN,229.81518398863668
Centralized-DQN,165.07368242159527
Centralized-DQN,154.9589620033271
Centralized-DQN,229.71162781131378
Centralized-DQN,186.9106506229899
Centralized-DQN,193.2332196123915
Centralized-DQN,149.29568794179502
Centralized-DQN,184.63062056944054
Centralized-DQN,204.77298110106548
Centralized-DQN,232.91133572868677
Centralized-DQN,181.86309501296083
Centralized-DQN,254.7212836069749
Centralized-DQN,184.46331927460596
Centralized-DQN,184.50724595244475
Centralized-DQN,251.12072655693407
Centralized-DQN,211.3438045709175
Centralized-DQN,188.4392581296527
Centralized-DQN,200.34600606458218
Centralized-DQN,245.59220732626179
Centralized-DQN,248.98608458877044
Centralized-DQN,180.49620462189233
Centralized-DQN,203.72698569762676
Centralized-DQN,207.7047048300272
Centralized-DQN,175.41279668450207
Centralized-DQN,203.32944842050017
Centralized-DQN,205.15968581355102
Centralized-DQN,239.20628436810208
Centralized-DQN,241.22275084933602
Centralized-DQN,195.12371804922975
Centralized-DQN,198.58140568417565
Centralized-DQN,224.92876906166907
Centralized-DQN,187.44434653218966
Centralized-DQN,222.65920455212208
Centralized-DQN,202.36280537892355
Centralized-DQN,175.91804266784138
Centralized-DQN,176.2948986136106
Centralized-DQN,248.41176088093306
Centralized-DQN,200.30735562570104
Centralized-DQN,254.21062281694932
Centralized-DQN,189.59091217855268
Centralized-DQN,213.7361560339448
Centralized-DQN,276.7803016905473
Centralized-DQN,173.27839766010163
Centralized-DQN,148.0655650030067
Centralized-DQN,243.597703938617
Centralized-DQN,180.1957268382078
Centralized-DQN,204.37880907681298
Centralized-DQN,187.42245368645246
Centralized-DQN,213.0448834286595
Centralized-DQN,176.48391378442773
Centralized-DQN,199.60179736350082
Centralized-DQN,218.49445979669602
Centralized-DQN,174.75073341177213
Centralized-DQN,183.99747911062335
Centralized-DQN,194.57851499204403
Centralized-DQN,162.13553697321166
Centralized-DQN,192.3231705160376
Centralized-DQN,208.56389619708705
Centralized-DQN,193.01353175234715
Centralized-DQN,196.85870521204828
Centralized-DQN,204.40294987280245
Centralized-DQN,185.32769612703058
Centralized-DQN,225.7318769760063
Centralized-DQN,248.0793437440533
Centralized-DQN,191.06858823413654
Centralized-DQN,219.55594694433123
Centralized-DQN,197.8114853369606
Centralized-DQN,215.96462035115513
Centralized-DQN,251.97338593609763
Centralized-DQN,220.25978629054296
Centralized-DQN,151.79756383570958
Centralized-DQN,218.61986894340876
Centralized-DQN,241.98591229927027
Centralized-DQN,198.35211490005693
Centralized-DQN,234.86904418353498
Centralized-DQN,184.2965337654416
Centralized-DQN,160.4338252143318
Centralized-DQN,209.2350705649792
Centralized-DQN,152.30569837761058
Centralized-DQN,197.80686961319225
Centralized-DQN,243.6052678793651
Centralized-DQN,147.70711282761158
Centralized-DQN,166.61509612258305
Centralized-DQN,174.03903264515267
Centralized-DQN,203.1004042086712
Centralized-DQN,194.02849643061373
Centralized-DQN,246.9740914508826
Centralized-DQN,233.63044987275092
Centralized-DQN,219.85818838205793
Centralized-DQN,209.36890943031653
Centralized-DQN,216.79689330954483
Centralized-DQN,179.14052934059876
Centralized-DQN,230.71631060669836
Centralized-DQN,171.63867236922397
Centralized-DQN,230.06130981706693
Centralized-DQN,240.58427506356492
Centralized-DQN,211.32593806264262
Centralized-DQN,199.7136082311407
Centralized-DQN,217.0092972492902
Centralized-DQN,119.15444889697982
Centralized-DQN,214.06774655456383
Centralized-DQN,201.59938006480579
Centralized-DQN,203.48115660829026
Centralized-DQN,226.19597538693483
Centralized-DQN,202.75693235305818
Centralized-DQN,170.79379430046527
Centralized-DQN,200.75791987523866
Centralized-DQN,207.02666452242474
Centralized-DQN,208.44801734743038
Centralized-DQN,209.85758101855205
Centralized-DQN,236.1810713475566
Centralized-DQN,172.41896340897557
Centralized-DQN,210.2710136849455
Centralized-DQN,243.69789095854722
Centralized-DQN,152.96165509188415
Centralized-DQN,210.3894004234016
Centralized-DQN,187.4386449408087
Centralized-DQN,193.87868846580685
Centralized-DQN,177.85577490356735
Centralized-DQN,199.91347852898667
Centralized-DQN,260.23766843280714
Centralized-DQN,167.06708916468358
Centralized-DQN,169.91169992563516
Centralized-DQN,165.94196289509486
Centralized-DQN,256.822548598843
Centralized-DQN,191.1298088343614
Centralized-DQN,204.23082818956976
Centralized-DQN,192.91651176681282
Centralized-DQN,176.66731364790726
Centralized-DQN,197.94548060156694
Centralized-DQN,278.7473081720968
Centralized-DQN,246.76212762922765
Centralized-DQN,179.41186546623183
Centralized-DQN,224.42722309185058
Centralized-DQN,180.0543168200087
Centralized-DQN,151.70897083461338
Centralized-DQN,235.5853275299389
Centralized-DQN,239.80278539930652
Centralized-DQN,236.38156753143699
Centralized-DQN,190.9040425234128
Centralized-DQN,199.9967279799404
Centralized-DQN,227.4929666097437
Centralized-DQN,216.7448811204432
Centralized-DQN,193.19087586108867
Centralized-DQN,156.42784539645507
Centralized-DQN,208.41625582426036
Centralized-DQN,237.3702891770834
Centralized-DQN,169.0723513289753
Centralized-DQN,224.1627814502793
Centralized-DQN,214.94625085401077
Centralized-DQN,227.50444789697002
Centralized-DQN,231.1592649915702
Centralized-DQN,184.16604274223943
Centralized-DQN,156.4912179950516
Centralized-DQN,188.9944142295136
Centralized-DQN,231.67381952581022
Centralized-DQN,188.73988289422087
Centralized-DQN,184.17870028427075
Centralized-DQN,150.35948974226085
Centralized-DQN,257.5794266365282
Centralized-DQN,229.7714092427593
Centralized-DQN,228.09687943824292
Centralized-DQN,234.0317616033842
Centralized-DQN,222.30125084630205
Centralized-DQN,197.67013434461413
Centralized-DQN,200.08707687633395
Centralized-DQN,192.17306906223627
Centralized-DQN,284.04222263245003
Centralized-DQN,221.67736093898327
Centralized-DQN,191.08598675945697
Centralized-DQN,218.9649032249884
Centralized-DQN,174.67393246431047
Centralized-DQN,250.1352015576768
Centralized-DQN,185.1679271257858
Centralized-DQN,220.03256297867398
Centralized-DQN,236.97932889229403
Centralized-DQN,216.54305632614978
Centralized-DQN,207.83409975458915
Centralized-DQN,205.32406254568045
Centralized-DQN,203.30676709338678
Centralized-DQN,187.69904533217493
Centralized-DQN,191.51549710690887
Centralized-DQN,249.38771120952805
Centralized-DQN,201.7439010194453
Centralized-DQN,181.4261119185168
Centralized-DQN,189.51107209415474
Centralized-DQN,238.01112042091668
Centralized-DQN,225.26819899493435
Centralized-DQN,221.80987534696771
Centralized-DQN,197.27436403270625
Centralized-DQN,222.20087410518835
Centralized-DQN,185.69316625148056
Centralized-DQN,197.21157905962676
Centralized-DQN,234.09413462175237
Centralized-DQN,231.22833036757194
Centralized-DQN,175.5427046214759
Centralized-DQN,179.33420641274273
Centralized-DQN,208.26106458440228
Centralized-DQN,256.7839712400853
Centralized-DQN,147.53304506593017
Centralized-DQN,213.34998818711512
Centralized-DQN,163.71870005280556
Centralized-DQN,185.97007019423364
Centralized-DQN,194.06714745807275
Centralized-DQN,192.38474969689327
Centralized-DQN,188.98612181022375
Centralized-DQN,205.21621181129112
Centralized-DQN,188.94233300108266
Centralized-DQN,161.12627845437544
Centralized-DQN,228.3960883756833
Centralized-DQN,227.58616501446642
Centralized-DQN,230.29522930068006
Centralized-DQN,158.77796511207754
Centralized-DQN,213.96754457752454
Centralized-DQN,225.2793656742077
Centralized-DQN,174.06393794681244
Centralized-DQN,205.27519744546387
Centralized-DQN,201.51200064068902
Centralized-DQN,260.2645197570479
Centralized-DQN,262.73488111037716
Centralized-DQN,155.06930820009399
Centralized-DQN,279.8178101718397
Centralized-DQN,177.5432283654003
Centralized-DQN,234.42019882982277
Centralized-DQN,234.11493942591193
Centralized-DQN,175.1292931947458
Centralized-DQN,219.79803381517297
Centralized-DQN,201.77398767201808
Centralized-DQN,221.62990013897172
Centralized-DQN,211.92016907141877
Centralized-DQN,240.89018456110742
Centralized-DQN,207.26198629438187
Centralized-DQN,199.96377791721068
Centralized-DQN,237.8819269917154
Centralized-DQN,222.4118789457581
Centralized-DQN,226.95440182962665
Centralized-DQN,185.0623998322421
Centralized-DQN,173.64211655804579
Centralized-DQN,187.96833570241895
Centralized-DQN,186.37535842958235
Centralized-DQN,228.58597805958743
Centralized-DQN,234.27952150882155
Centralized-DQN,200.346091314028
Centralized-DQN,247.92757056473056
Centralized-DQN,246.05408181295388
Centralized-DQN,212.3019674920162
Centralized-DQN,180.3432468537088
Centralized-DQN,252.2612994830662
Centralized-DQN,203.16947946914775
Centralized-DQN,208.78495589292925
Centralized-DQN,194.81184923180294
Centralized-DQN,178.30629021108408
Centralized-DQN,160.94081709054126
Centralized-DQN,223.98604970671863
Centralized-DQN,181.49796838310138
Centralized-DQN,296.78593686990473
Centralized-DQN,172.41779252162564
Centralized-DQN,167.2785257505589
Centralized-DQN,220.30416146840324
Centralized-DQN,250.87940436901886
Centralized-DQN,206.93768970829666
Centralized-DQN,222.16727260561822
Centralized-DQN,149.69357747623872
Centralized-DQN,184.674653629247
Centralized-DQN,172.791528125873
Centralized-DQN,148.14862450156357
Centralized-DQN,208.5094070207166
Centralized-DQN,137.715171351687
Centralized-DQN,165.33412101737653
Centralized-DQN,188.88418617959746
Centralized-DQN,180.0614249214677
Centralized-DQN,216.89225506621204
Centralized-DQN,214.1674057570744
Centralized-DQN,231.8139623780637
Centralized-DQN,227.57151198138035
Centralized-DQN,239.2243836808414
Centralized-DQN,204.9424479997284
Centralized-DQN,214.1040070245001
Centralized-DQN,220.34541105757575
Centralized-DQN,209.24970092173078
Centralized-DQN,193.0841707024878
Centralized-DQN,195.02672396980688
Centralized-DQN,180.47324805010103
Centralized-DQN,217.64850489729488
Centralized-DQN,202.17954477744533
Centralized-DQN,185.10478748089704
Centralized-DQN,185.1326554202622
Centralized-DQN,168.68803816651635
Centralized-DQN,234.36524023711598
Centralized-DQN,207.35853008595362
Centralized-DQN,179.1159994128019
Centralized-DQN,229.25643248806054
Centralized-DQN,188.1865357061688
Centralized-DQN,162.80498118963303
Centralized-DQN,235.636668676574
Centralized-DQN,188.8870903130166
Centralized-DQN,192.7330272937363
Centralized-DQN,206.23540061047532
Centralized-DQN,239.27767668370345
Centralized-DQN,205.60111872598935
Centralized-DQN,169.0264862156431
Centralized-DQN,221.3163101233654
Centralized-DQN,190.45030827214828
Centralized-DQN,261.637719145884
Centralized-DQN,204.96640834006328
Centralized-DQN,137.94893506304
Centralized-DQN,215.72094916467023
Centralized-DQN,263.3379337678069
Centralized-DQN,252.27760865636168
Centralized-DQN,259.92862866269695
Centralized-DQN,174.4071944385561
Centralized-DQN,232.36457187930336
Centralized-DQN,183.34016380789865
Centralized-DQN,211.72868198250774
Centralized-DQN,166.81142713780804
Centralized-DQN,185.6663270535185
Centralized-DQN,184.71259907909155
Centralized-DQN,231.95665840427847
Centralized-DQN,229.02157365008966
Centralized-DQN,213.30459187992463
Centralized-DQN,164.48735745833844
Centralized-DQN,195.6508169815084
Centralized-DQN,182.61650551171823
Centralized-DQN,231.09027270083473
Centralized-DQN,240.34554558451555
Centralized-DQN,236.6915675809265
Centralized-DQN,182.34341741748938
Centralized-DQN,122.81400633131562
Centralized-DQN,151.99114305609837
Centralized-DQN,247.64880934246625
Centralized-DQN,192.96235182040527
Centralized-DQN,182.47826145204664
Centralized-DQN,254.279808803087
Centralized-DQN,242.9547983646498
Centralized-DQN,205.7334616575936
Centralized-DQN,196.19790726808077
Centralized-DQN,201.03696361560625
Centralized-DQN,211.81488395162398
Centralized-DQN,253.00141843958824
Centralized-DQN,217.6740227271168
Centralized-DQN,226.78087099117425
Centralized-DQN,240.07810327210512
Centralized-DQN,169.90971996926743
Centralized-DQN,227.64585677422127
Centralized-DQN,196.16293736015166
Centralized-DQN,129.51714412681702
Centralized-DQN,141.15491374042563
Centralized-DQN,174.45647165443944
Centralized-DQN,220.93669685777743
Centralized-DQN,208.4139869602089
Centralized-DQN,210.53100121526992
Centralized-DQN,263.52830448060075
Centralized-DQN,166.92731155420563
Centralized-DQN,204.1769993744883
Centralized-DQN,214.13306568441448
Centralized-DQN,182.91180650384993
Centralized-DQN,205.84980235248824
Centralized-DQN,157.00151997746966
Centralized-DQN,247.29718651825084
Centralized-DQN,184.551563424087
Centralized-DQN,265.9420049433551
Centralized-DQN,204.02577028247634
Centralized-DQN,235.8416069619755
Centralized-DQN,203.40091393026538
Centralized-DQN,204.0776850321841
Centralized-DQN,187.47912000333977
Centralized-DQN,208.57371788098834
Centralized-DQN,214.53996083242143
Centralized-DQN,181.4722447325446
Centralized-DQN,201.24866752420348
Centralized-DQN,186.6970340182866
Centralized-DQN,273.98992208844516
Centralized-DQN,202.30807690265144
Centralized-DQN,251.35696455089678
Centralized-DQN,199.13133007576934
Centralized-DQN,212.77862924604725
Centralized-DQN,165.35907785064194
Centralized-DQN,191.58782224396407
Centralized-DQN,211.3160401236774
Centralized-DQN,252.580114928796
Centralized-DQN,211.65948333028814
Centralized-DQN,246.51161083578998
Centralized-DQN,224.22187330608762
Centralized-DQN,253.82204018394057
Centralized-DQN,203.22873348084835
Centralized-DQN,276.70668131955415
Centralized-DQN,190.4381139125763
Centralized-DQN,182.00614497406994
Centralized-DQN,168.69841450932898
Centralized-DQN,274.9307401467421
Centralized-DQN,229.58342717853694
Centralized-DQN,194.97637799859075
FL-DQN,260.46677169369883
FL-DQN,241.38153429400458
FL-DQN,284.8483340267701
FL-DQN,165.373683686843
FL-DQN,208.97775631731534
FL-DQN,202.27427294594395
FL-DQN,150.89478900210753
FL-DQN,254.0511249625096
FL-DQN,208.8065171026858
FL-DQN,243.14746096954312
FL-DQN,298.2322457672068
FL-DQN,205.98971447786133
FL-DQN,203.68079858965672
FL-DQN,222.03458177061586
FL-DQN,251.56641000143594
FL-DQN,198.7317571394549
FL-DQN,196.54730569750757
FL-DQN,253.94443518820646
FL-DQN,230.87373701049322
FL-DQN,148.47923905783608
FL-DQN,176.33667881805033
FL-DQN,269.04201937012516
FL-DQN,231.66556162467964
FL-DQN,192.08533834473354
FL-DQN,212.2060716540106
FL-DQN,218.4500468752568
FL-DQN,243.01493424952557
FL-DQN,171.81904457480115
FL-DQN,189.40772928520443
FL-DQN,227.28049566535523
FL-DQN,214.60562426315468
FL-DQN,237.44321220964812
FL-DQN,176.19674848977368
FL-DQN,230.1423749932249
FL-DQN,255.11384305883405
FL-DQN,234.55183060307564
FL-DQN,222.72979915189413
FL-DQN,214.739957512757
FL-DQN,189.61506080576893
FL-DQN,215.5520478570472
FL-DQN,260.8299989979338
FL-DQN,213.95303077559575
FL-DQN,187.74666436215406
FL-DQN,201.26359898197686
FL-DQN,224.82891010738163
FL-DQN,205.30052409585122
FL-DQN,234.50031162414678
FL-DQN,235.77668786546704
FL-DQN,248.22542813375804
FL-DQN,266.4010220570111
FL-DQN,251.85919662866027
FL-DQN,186.23587181896937
FL-DQN,187.27982881640673
FL-DQN,215.42376980036596
FL-DQN,202.6600378538599
FL-DQN,179.29689128332794
FL-DQN,202.98247899811818
FL-DQN,201.86656025695268
FL-DQN,195.157176848119
FL-DQN,207.26315747072982
FL-DQN,258.0673289108233
FL-DQN,224.77409340247414
FL-DQN,302.04150858588594
FL-DQN,223.79727832466807
FL-DQN,208.13776368613344
FL-DQN,218.14051801026545
FL-DQN,226.72072726708035
FL-DQN,232.79863454381615
FL-DQN,288.6081850792068
FL-DQN,189.25910419076266
FL-DQN,247.20756597804302
FL-DQN,225.06352031888022
FL-DQN,164.582676752599
FL-DQN,244.20375859122194
FL-DQN,261.0992010673328
FL-DQN,188.85600227156738
FL-DQN,217.696248491673
FL-DQN,159.33795509173808
FL-DQN,175.20058037073255
FL-DQN,253.6330056389866
FL-DQN,202.14183879574722
FL-DQN,180.30069885210668
FL-DQN,225.8016523915866
FL-DQN,200.2379773313452
FL-DQN,201.99206363563178
FL-DQN,243.1370848729467
FL-DQN,178.5010657962322
FL-DQN,187.2175827688177
FL-DQN,223.23871973306154
FL-DQN,250.95993288543897
FL-DQN,260.0974502506549
FL-DQN,195.3879015077048
FL-DQN,249.87081687526802
FL-DQN,191.3391620220061
FL-DQN,280.0911177948312
FL-DQN,179.45178513572924
FL-DQN,263.16827956691884
FL-DQN,195.67947236816337
FL-DQN,286.4503794630164
FL-DQN,238.10490478098447
FL-DQN,183.45543800012047
FL-DQN,200.24389169555477
FL-DQN,244.5601609776072
FL-DQN,253.78991019892908
FL-DQN,215.59566988136828
FL-DQN,219.51838155275786
FL-DQN,243.78400310989824
FL-DQN,222.48114651836786
FL-DQN,174.02083478249523
FL-DQN,190.35888316223387
FL-DQN,225.9940780671566
FL-DQN,259.3264021609216
FL-DQN,272.94340242150963
FL-DQN,244.5040003062293
FL-DQN,227.76788587523637
FL-DQN,243.45967212340423
FL-DQN,195.33047109296692
FL-DQN,212.79014735122072
FL-DQN,189.97955547445778
FL-DQN,175.5427512359378
FL-DQN,229.34066639563096
FL-DQN,224.30745242388127
FL-DQN,241.38018447330643
FL-DQN,236.56780225034322
FL-DQN,226.2499052250113
FL-DQN,236.92496663303683
FL-DQN,216.54877472826578
FL-DQN,232.03830743756163
FL-DQN,193.31109030866378
FL-DQN,230.57000147173042
FL-DQN,240.72620129972432
FL-DQN,195.2308314455451
FL-DQN,219.7622913657568
FL-DQN,196.79751467260178
FL-DQN,200.0987723184521
FL-DQN,179.75240192652674
FL-DQN,261.0363474556629
FL-DQN,254.23329594048164
FL-DQN,236.27275104372947
FL-DQN,285.0546623660897
FL-DQN,211.56564631667467
FL-DQN,321.07992211376154
FL-DQN,210.26399987765052
FL-DQN,226.67657395970457
FL-DQN,204.47555092603292
FL-DQN,230.65906904205036
FL-DQN,246.41090754813231
FL-DQN,214.12684263619514
FL-DQN,278.4084748019991
FL-DQN,226.13107567753767
FL-DQN,227.19650312774678
FL-DQN,187.0940783865336
FL-DQN,232.22896853471306
FL-DQN,213.44307449248157
FL-DQN,197.31984920253225
FL-DQN,191.59987012295562
FL-DQN,308.8399549117273
FL-DQN,209.04177349391279
FL-DQN,168.4624956934369
FL-DQN,194.26047036909253
FL-DQN,216.24669345780873
FL-DQN,236.58667910896048
FL-DQN,236.86308173866067
FL-DQN,241.00489476040187
FL-DQN,196.07474957433078
FL-DQN,229.57497507905254
FL-DQN,188.21397822024034
FL-DQN,196.9321385775236
FL-DQN,186.7978948669912
FL-DQN,177.59477894365884
FL-DQN,254.1831226211723
FL-DQN,241.41279783328218
FL-DQN,251.20662257925642
FL-DQN,219.33664424482606
FL-DQN,244.41146176141498
FL-DQN,158.11616024215346
FL-DQN,247.34497561354206
FL-DQN,224.02207422017102
FL-DQN,239.32172640507162
FL-DQN,230.92079216765285
FL-DQN,184.44012474574586
FL-DQN,167.06664763670443
FL-DQN,193.79015834977926
FL-DQN,237.207187563279
FL-DQN,241.46310811596345
FL-DQN,171.48996256901665
FL-DQN,184.6426215060807
FL-DQN,193.40998667801148
FL-DQN,205.85162795092828
FL-DQN,171.69027175100982
FL-DQN,169.6502399512355
FL-DQN,190.05759992214317
FL-DQN,220.93263043165018
FL-DQN,177.8597924483813
FL-DQN,214.06268066095996
FL-DQN,253.9907957488217
FL-DQN,173.73948892794067
FL-DQN,210.98084421404167
FL-DQN,252.84172894752626
FL-DQN,203.7788747276305
FL-DQN,198.49523051081377
FL-DQN,257.5588576864201
FL-DQN,207.58912931496738
FL-DQN,255.55283085698932
FL-DQN,232.58482329832475
FL-DQN,206.34328180106556
FL-DQN,234.30947804031604
FL-DQN,228.8952834707653
FL-DQN,252.71001591408412
FL-DQN,199.35625171258937
FL-DQN,219.40100627057507
FL-DQN,215.90846689344232
FL-DQN,241.94103681575268
FL-DQN,183.14390738889801
FL-DQN,252.5772196400871
FL-DQN,233.85517825379415
FL-DQN,173.22454749647983
FL-DQN,259.080936066337
FL-DQN,293.9591647471229
FL-DQN,252.06235496467986
FL-DQN,266.51748208569995
FL-DQN,220.902626974488
FL-DQN,161.50883272889064
FL-DQN,155.29990466030415
FL-DQN,226.67278949150378
FL-DQN,197.87272053718067
FL-DQN,186.90440653687006
FL-DQN,215.86661274506503
FL-DQN,238.9298997872838
FL-DQN,168.606243410087
FL-DQN,202.73816091046692
FL-DQN,269.3356032260907
FL-DQN,181.44019507247327
FL-DQN,247.5718803636085
FL-DQN,201.5191541073342
FL-DQN,236.5569878348984
FL-DQN,255.30913524489748
FL-DQN,243.20358007749073
FL-DQN,248.9114264752718
FL-DQN,178.8458198641295
FL-DQN,255.86443002920416
FL-DQN,189.00843410241612
FL-DQN,226.8244200294323
FL-DQN,226.78037035790572
FL-DQN,234.49416700156576
FL-DQN,229.45652698604647
FL-DQN,189.3104607301594
FL-DQN,172.10450798194566
FL-DQN,247.65985511870014
FL-DQN,224.31837563564312
FL-DQN,257.0788125925658
FL-DQN,216.4790802376125
FL-DQN,170.22441173698334
FL-DQN,250.8484091541396
FL-DQN,205.40739927152237
FL-DQN,229.62811755231473
FL-DQN,195.98637943169635
FL-DQN,273.9062581479455
FL-DQN,188.1967959777713
FL-DQN,206.52738836039006
FL-DQN,221.65325589170877
FL-DQN,180.86580087904343
FL-DQN,229.23766397197824
FL-DQN,272.80495623389464
FL-DQN,201.32428653641384
FL-DQN,231.43485584707867
FL-DQN,124.51919687468911
FL-DQN,216.6764071835154
FL-DQN,207.35656227850902
FL-DQN,190.17108151804692
FL-DQN,254.7693159673701
FL-DQN,206.90771482478985
FL-DQN,211.96576543881804
FL-DQN,205.17544225717157
FL-DQN,152.82826035998738
FL-DQN,179.51246103738333
FL-DQN,250.67717852808735
FL-DQN,146.26167800608096
FL-DQN,191.94527811306602
FL-DQN,204.40951808614804
FL-DQN,277.2831434879132
FL-DQN,244.13252802687654
FL-DQN,199.05620208019462
FL-DQN,262.3534657019287
FL-DQN,192.82246210296194
FL-DQN,252.30939332695618
FL-DQN,171.79817363861747
FL-DQN,254.49076628083134
FL-DQN,204.19145605398649
FL-DQN,183.03085580799683
FL-DQN,210.6171171554053
FL-DQN,227.4297021104873
FL-DQN,201.1785533621258
FL-DQN,236.834419203841
FL-DQN,198.1782079554217
FL-DQN,239.09266139366616
FL-DQN,233.03555010924438
FL-DQN,215.9286161399302
FL-DQN,202.9930013795577
FL-DQN,223.15238705601905
FL-DQN,236.7086272631458
FL-DQN,288.1011711928747
FL-DQN,249.94029434113816
FL-DQN,251.1836582937386
FL-DQN,323.00941462524963
FL-DQN,235.54258821010671
FL-DQN,234.47787938459788
FL-DQN,241.93651252693624
FL-DQN,183.69515676199939
FL-DQN,202.90734436176228
FL-DQN,200.79024493246064
FL-DQN,240.0188752254651
FL-DQN,212.07806488447923
FL-DQN,222.6995964661263
FL-DQN,254.97345708504778
FL-DQN,247.3471251159407
FL-DQN,212.50148589659761
FL-DQN,195.22016670614045
FL-DQN,256.59934087620843
FL-DQN,244.31230015093544
FL-DQN,163.387268177957
FL-DQN,207.35276607711845
FL-DQN,223.62752570856992
FL-DQN,244.48021038211508
FL-DQN,248.94345082795223
FL-DQN,227.6528040399661
FL-DQN,237.8984160662011
FL-DQN,220.18065128085723
FL-DQN,195.08904260186094
FL-DQN,209.11701070459736
FL-DQN,218.6457003457637
FL-DQN,216.82090549936794
FL-DQN,153.890521248922
FL-DQN,204.48556661239934
FL-DQN,219.91099220503116
FL-DQN,208.43342027520617
FL-DQN,209.6079909526061
FL-DQN,234.59170660735597
FL-DQN,181.31545564034644
FL-DQN,162.64656472565883
FL-DQN,206.16222711155305
FL-DQN,243.97988978706084
FL-DQN,275.3768033425457
FL-DQN,244.59236012922116
FL-DQN,168.0790321644592
FL-DQN,210.0995138611898
FL-DQN,226.725568956772
FL-DQN,224.03809797540214
FL-DQN,236.3363548000577
FL-DQN,186.82033582033415
FL-DQN,220.20806497672524
FL-DQN,232.2909762123884
FL-DQN,246.07281241232442
FL-DQN,190.60558233516508
FL-DQN,206.26466651374147
FL-DQN,126.07019887750643
FL-DQN,196.87029310235567
FL-DQN,200.16989363898455
FL-DQN,183.33412672230693
FL-DQN,223.63081310791017
FL-DQN,216.0978553104609
FL-DQN,141.18672816236122
FL-DQN,225.32727095625972
FL-DQN,186.43697955317307
FL-DQN,234.5134246124775
FL-DQN,174.41705757722536
FL-DQN,219.02022231005196
FL-DQN,208.3724468178588
FL-DQN,228.30546408831123
FL-DQN,222.2397074401458
FL-DQN,209.32441804927055
FL-DQN,165.76674132249568
FL-DQN,167.77492924232493
FL-DQN,198.14784407086455
FL-DQN,217.71848394639403
FL-DQN,197.31956979523002
FL-DQN,239.25720563970182
FL-DQN,208.50648874680275
FL-DQN,185.18956735749666
FL-DQN,208.54472603841108
FL-DQN,225.67923443476278
FL-DQN,229.04608044003587
FL-DQN,281.8648904877664
FL-DQN,195.25708243988373
FL-DQN,215.50172550592637
FL-DQN,232.4882141918605
FL-DQN,217.20361938717227
FL-DQN,200.97898303638578
FL-DQN,165.3252560042957
FL-DQN,200.63162499219746
FL-DQN,181.49411796759478
FL-DQN,159.29537284179153
FL-DQN,190.94691938320005
FL-DQN,182.39888149394056
FL-DQN,237.84874253996023
FL-DQN,238.437122472086
FL-DQN,187.26810415425027
FL-DQN,209.15222656085388
FL-DQN,154.81974948817378
FL-DQN,201.1924416937884
FL-DQN,231.56538462387977
FL-DQN,246.0478882468795
FL-DQN,193.75639922249533
FL-DQN,253.76306525793566
FL-DQN,166.46647466854196
FL-DQN,175.58065482911104
FL-DQN,242.1285034316878
FL-DQN,274.8181217711504
FL-DQN,234.77668759824564
FL-DQN,216.62835885784358
FL-DQN,143.36375261824492
FL-DQN,149.2368000945217
FL-DQN,222.39992425445953
FL-DQN,205.82586923458007
FL-DQN,180.401603806828
FL-DQN,220.22810774822173
FL-DQN,221.91446649526551
FL-DQN,250.11013953036928
FL-DQN,222.64447762243182
FL-DQN,259.76540852336905
FL-DQN,218.27179700465965
FL-DQN,214.07861017655057
FL-DQN,254.1866143324042
FL-DQN,184.73301007859124
FL-DQN,313.6912134110495
FL-DQN,230.758754257669
FL-DQN,230.94819459648087
FL-DQN,235.85326311506833
FL-DQN,281.82264016127584
FL-DQN,244.94525199686862
FL-DQN,163.42809671386658
FL-DQN,265.7179930820952
FL-DQN,206.40951629886942
FL-DQN,221.643272476537
FL-DQN,174.50536494604094
FL-DQN,235.89086861621246
FL-DQN,195.85327413770324
FL-DQN,221.4057676917781
FL-DQN,208.3406338177334
FL-DQN,283.45043525901895
FL-DQN,285.39685020495006
FL-DQN,219.58144778730122
FL-DQN,220.17524218654106
FL-DQN,205.3029391441165
FL-DQN,255.60421391109475
FL-DQN,206.81672440866518
FL-DQN,203.67453266204623
FL-DQN,251.2721573646088
FL-DQN,199.6978307592339
FL-DQN,216.71632882874997
FL-DQN,164.23543342862624
FL-DQN,241.94247173418768
FL-DQN,283.98947593218355
FL-DQN,242.5216626751929
FL-DQN,267.70117169660836
FL-DQN,189.23252736997074
FL-DQN,226.03502558895883
FL-DQN,185.93256257144077
FL-DQN,210.25597145023434
FL-DQN,244.25519022998517
FL-DQN,221.46190084551216
FL-DQN,169.97020523155845
FL-DQN,173.2890104117164
FL-DQN,171.04042632931368
FL-DQN,234.70938805794606
FL-DQN,288.1724142123267
FL-DQN,264.3235802960072
FL-DQN,153.53650322903383
FL-DQN,266.31658189437263
FL-DQN,249.837614178498
FL-DQN,165.45980185202222
FL-DQN,207.6911450318431
FL-DQN,255.24776199085753
FL-DQN,236.7147393717827
FL-DQN,173.49076821880848
FL-DQN,238.7652332970706
FL-DQN,145.32497973326002
FL-DQN,210.4240460242548
FL-DQN,256.6905301596017
FL-DQN,218.62540332942487
FL-DQN,201.03612330129386
FL-DQN,248.23777262825988
FL-DQN,251.14156171294377
FL-DQN,262.54134955747634
FL-DQN,247.72764256717716
FL-DQN,254.76674299386298
FL-DQN,242.91889095287618
FL-DQN,227.02797406996004
FL-DQN,221.04330599196967
FL-DQN,209.93316955068832
FL-DQN,176.77947803596933
FL-DQN,185.51940870012652
FL-DQN,208.41150761420286
FL-DQN,226.20937342648259
FL-DQN,266.98762833214494
FL-DQN,216.57889425223257
FL-DQN,252.11819388984057
FL-DQN,254.6967323186921
FL-DQN,210.1308088785811
FL-DQN,238.21946718658626
FL-DQN,209.72004658135472
FL-DQN,262.9526203986682
FL-DQN,239.61867350104168
FL-DQN,177.52355234059593
FL-DQN,223.4918381732308
FL-DQN,274.03581350201193
FL-DQN,211.83814482541217
FL-DQN,233.22231102323232
FL-DQN,236.55988048313094
FL-DQN,182.75482142840357
FL-DQN,235.36407027325947
FL-DQN,170.60960483082272
FL-DQN,196.72878038235254
FL-DQN,254.57458089480252
FL-DQN,230.12971387048418
FL-DQN,207.6477545366181
FL-DQN,233.17967472233636
FL-DQN,215.95686357632553
FL-DQN,218.42766907996233
FL-DQN,240.33182990848468
FL-DQN,193.26949681758953
FL-DQN,219.37143778885948
FL-DQN,207.3828813833738
FL-DQN,164.0894852635913
FL-DQN,186.7045042875238
FL-DQN,271.3190192001703
FL-DQN,231.08059269589796
FL-DQN,172.99799775235277
FL-DQN,165.62795122115404
FL-DQN,214.18642739624013
FL-DQN,271.0803421280004
FL-DQN,211.650223416652
FL-DQN,262.4379848157365
FL-DQN,229.96564620783434
FL-DQN,234.02251556676038
FL-DQN,172.58550268364465
FL-DQN,249.87577933949177
FL-DQN,206.61231073269735
FL-DQN,247.3451434227709
FL-DQN,190.31822061247215
FL-DQN,224.01967781533702
FL-DQN,229.96810043387947
FL-DQN,212.76286723642053
FL-DQN,231.75453656492934
FL-DQN,208.9424994434547
FL-DQN,195.93196839659652
FL-DQN,272.5864350149948
FL-DQN,253.66439745628904
FL-DQN,192.13059866836198
FL-DQN,237.32710639021684
FL-DQN,192.7489189401608
FL-DQN,177.72072211548098
FL-DQN,253.1495210075652
FL-DQN,160.0606127279882
FL-DQN,249.5131010616024
FL-DQN,209.40744137251602
FL-DQN,210.80741549526203
FL-DQN,231.93154146719183
FL-DQN,237.76075960780457
FL-DQN,189.90433198781713
FL-DQN,242.40267069750215
FL-DQN,221.8545982928576
FL-DQN,175.2941370424867
FL-DQN,212.22426755828886
FL-DQN,264.9634865290035
FL-DQN,275.0042231403537
FL-DQN,242.38984755869504
FL-DQN,177.52832140227542
FL-DQN,234.6806346835002
FL-DQN,246.92927073121257
FL-DQN,242.67407143283654
FL-DQN,244.68844581538923
FL-DQN,230.35094469441606
FL-DQN,215.5379804797615
FL-DQN,197.31550513926337
FL-DQN,153.47019237094912
FL-DQN,229.54782006825394
FL-DQN,224.3257966841744
FL-DQN,236.95757865604375
FL-DQN,172.5235144280416
FL-DQN,239.93056743671204
FL-DQN,287.85453321710645
FL-DQN,220.66730444644898
FL-DQN,215.9033791469776
FL-DQN,228.50608010691383
FL-DQN,287.0994588401515
FL-DQN,183.1959761022037
FL-DQN,224.90903573539276
FL-DQN,190.81164764188009
FL-DQN,199.40183949127018
FL-DQN,216.31392953201407
FL-DQN,263.808990214861
FL-DQN,279.23368042341707
FL-DQN,233.23683291730802
FL-DQN,205.1957794172015
FL-DQN,302.7531214657096
FL-DQN,203.46314763479631
FL-DQN,198.58137891176892
FL-DQN,157.6519364843233
FL-DQN,265.46711335432127
FL-DQN,250.920350140624
FL-DQN,300.20538822795913
FL-DQN,170.75620602458372
FL-DQN,267.5778074542897
FL-DQN,220.38460762444834
FL-DQN,245.40740737120464
FL-DQN,161.975577202448
FL-DQN,267.9147819706201
FL-DQN,244.74156954528223
FL-DQN,216.6770588172686
FL-DQN,239.93383138047813
FL-DQN,191.97315976456352
FL-DQN,198.2990370902222
FL-DQN,202.24288313673654
FL-DQN,155.00725270253054
FL-DQN,247.2997888029145
FL-DQN,258.51418288220725
FL-DQN,194.15429890802938
FL-DQN,229.83890254212383
FL-DQN,208.97162386260595
FL-DQN,229.16131471075505
FL-DQN,196.662373798825
FL-DQN,187.96354469302037
FL-DQN,253.77054612480725
FL-DQN,215.82840010576726
FL-DQN,286.7517043290182
FL-DQN,219.57453880300076
FL-DQN,186.51334662808327
FL-DQN,259.7159897988219
FL-DQN,239.44720558096466
FL-DQN,242.7136773656784
FL-DQN,258.48042308150923
FL-DQN,195.804926009243
FL-DQN,213.67338749450022
FL-DQN,212.17070572941503
FL-DQN,174.11461774486898
FL-DQN,209.03793489461972
FL-DQN,263.436901567812
FL-DQN,226.06949552899079
FL-DQN,172.23391485327042
FL-DQN,165.10146000339222
FL-DQN,274.6023859974412
FL-DQN,214.92915365132558
FL-DQN,195.988053006145
FL-DQN,208.6842799935019
FL-DQN,167.7715363532107
FL-DQN,266.38523508339506
FL-DQN,204.636200122075
FL-DQN,264.4916519431064
FL-DQN,219.75615829120872
FL-DQN,266.60408713532695
FL-DQN,226.7276129674649
FL-DQN,247.0099105375486
FL-DQN,242.44916356700344
FL-DQN,239.191896252567
FL-DQN,229.82977222421215
FL-DQN,210.0830756520701
FL-DQN,283.1247795134773
FL-DQN,187.16414250673938
FL-DQN,218.14645983966744
FL-DQN,218.50611975705826
FL-DQN,231.68298561367973
FL-DQN,203.39793003958695
FL-DQN,228.701374390046
FL-DQN,212.25935210309916
FL-DQN,164.21361440711144
FL-DQN,218.32477773273277
FL-DQN,180.58077867697483
FL-DQN,159.03088407673738
FL-DQN,222.6536929034391
FL-DQN,234.58803362866524
FL-DQN,235.90773343155558
FL-DQN,237.2838040386696
FL-DQN,152.29197328801925
FL-DQN,171.72542445114604
FL-DQN,285.0997288516648
FL-DQN,182.39490215738078
FL-DQN,238.76859505864743
FL-DQN,194.64412086336122
FL-DQN,220.70887313509718
FL-DQN,196.4693571226978
FL-DQN,237.09239925706794
FL-DQN,222.65031998876776
FL-DQN,202.75814769609605
FL-DQN,182.29414793085584
FL-DQN,227.10432271474536
FL-DQN,176.76756083255194
FL-DQN,232.5343554321085
FL-DQN,307.3004869072546
FL-DQN,263.9057817429084
FL-DQN,242.42382815440155
FL-DQN,215.08935187680098
FL-DQN,152.08241068188013
FL-DQN,173.04226253939373
FL-DQN,261.6149571074923
FL-DQN,191.14829327575748
FL-DQN,194.22542866242242
FL-DQN,212.36788382674328
FL-DQN,181.89042719921713
FL-DQN,176.28986302524436
FL-DQN,216.28388152543167
FL-DQN,187.68799854115076
FL-DQN,192.80536828751758
FL-DQN,191.4395051110018
FL-DQN,235.76024727037193
FL-DQN,210.10772652315785
FL-DQN,211.92855309160896
FL-DQN,238.29616050850203
FL-DQN,213.17065332008002
FL-DQN,208.53937187245612
FL-DQN,233.9953120893858
FL-DQN,240.71872668095946
FL-DQN,212.99950101670746
FL-DQN,220.74066437109772
FL-DQN,191.41913218906686
FL-DQN,188.73677653240614
FL-DQN,244.15101506687145
FL-DQN,233.12803012651713
FL-DQN,233.48014690616358
FL-DQN,227.54904785666776
FL-DQN,219.57091137770843
FL-DQN,241.67800428797415
FL-DQN,249.79369787477464
FL-DQN,248.98175217648202
FL-DQN,214.57355085783644
FL-DQN,265.1577528169005
FL-DQN,225.7676631788989
FL-DQN,239.50079054723716
FL-DQN,227.59098828838592
FL-DQN,226.39822805446192
FL-DQN,192.98443233148913
FL-DQN,241.84592850372408
FL-DQN,314.74000942685973
FL-DQN,205.25696745713716
FL-DQN,220.41382032444824
FL-DQN,202.82902101219307
FL-DQN,201.40732334689423
FL-DQN,270.51128225603486
FL-DQN,195.11898539726621
FL-DQN,201.8812639055437
FL-DQN,164.02524399313575
FL-DQN,192.2412013655636
FL-DQN,159.91440363958617
FL-DQN,239.48135977320558
FL-DQN,313.1897055424685
FL-DQN,205.53292101588224
FL-DQN,161.33023027833192
FL-DQN,248.59998859061093
FL-DQN,193.28455139637467
FL-DQN,262.1777956388204
FL-DQN,208.41101237514187
FL-DQN,196.51826657118545
FL-DQN,211.94944310464666
FL-DQN,243.76440987183037
FL-DQN,210.26769855430769
FL-DQN,201.111360105014
FL-DQN,211.23972549871837
FL-DQN,174.75692372696992
FL-DQN,231.49907447799532
FL-DQN,157.25129580927305
FL-DQN,202.8998705515725
FL-DQN,243.81909710024527
FL-DQN,228.30364161971238
FL-DQN,238.07089948153728
FL-DQN,215.7884471275605
FL-DQN,257.7713701535076
FL-DQN,249.43977269017293
FL-DQN,233.16879414442093
FL-DQN,249.53655642866048
FL-DQN,243.5144008497216
FL-DQN,203.05824054620572
FL-DQN,172.30743700249465
FL-DQN,232.2923122786492
FL-DQN,236.56703384826858
FL-DQN,255.07604769871122
FL-DQN,186.16507664846003
FL-DQN,187.18134398457644
FL-DQN,233.6366090544642
FL-DQN,215.58032237899505
FL-DQN,153.88410524058165
FL-DQN,230.75367756764248
FL-DQN,155.01762089037555
FL-DQN,185.8612772363052
FL-DQN,263.95716667724366
FL-DQN,280.0458866054419
FL-DQN,176.6676834719533
FL-DQN,206.8006877279684
FL-DQN,219.449165784676
FL-DQN,278.5617155377733
FL-DQN,201.24245577397033
FL-DQN,201.78594321686853
FL-DQN,270.6566689877373
FL-DQN,205.25716880757923
FL-DQN,242.55485810485956
FL-DQN,167.77713918617746
FL-DQN,212.17808670086092
FL-DQN,161.57370749690224
FL-DQN,182.11525144750607
FL-DQN,246.53284607517696
FL-DQN,216.30321670305176
FL-DQN,207.15040482119886
FL-DQN,192.5425127846488
FL-DQN,210.4976935097964
FL-DQN,228.23784768142357
FL-DQN,251.4191510196999
FL-DQN,128.74501274070872
FL-DQN,189.72012007506447
FL-DQN,223.4092722344262
FL-DQN,214.63865405728228
FL-DQN,231.71479224590865
FL-DQN,227.09636972830282
FL-DQN,207.63449265822416
FL-DQN,200.08699133643597
FL-DQN,209.65294934899296
FL-DQN,257.05723989397325
FL-DQN,193.11173028120572
FL-DQN,215.86457141310552
FL-DQN,224.2336352759463
FL-DQN,271.0519316157316
FL-DQN,207.78951921996534
FL-DQN,250.59942630437268
FL-DQN,259.88729971101077
FL-DQN,215.83235499031795
FL-DQN,210.83555471139007
FL-DQN,206.81217515036064
FL-DQN,209.3020134357522
FL-DQN,247.04415525961232
FL-DQN,225.85433922668747
FL-DQN,225.99985011177557
FL-DQN,179.74240064708562
FL-DQN,185.10533736924202
FL-DQN,290.87719204241733
FL-DQN,211.95392534018455
FL-DQN,191.65775215033574
FL-DQN,266.6573716300361
FL-DQN,227.58149065524077
FL-DQN,237.65726717339373
FL-DQN,213.30639944042787
FL-DQN,207.16511492038865
FL-DQN,212.23406333509212
FL-DQN,170.98690220984668
FL-DQN,215.0104680797235
FL-DQN,228.065124619449
FL-DQN,280.91574995068765
FL-DQN,220.92396821017732
FL-DQN,138.6379805648496
FL-DQN,214.80449528532287
FL-DQN,311.1431405256824
FL-DQN,247.45645198949134
FL-DQN,190.429775910508
FL-DQN,238.09762149063891
FL-DQN,192.7715435537488
FL-DQN,171.97054433540683
FL-DQN,206.15544165004155
FL-DQN,221.11189893412129
FL-DQN,154.34671291726454
FL-DQN,178.92858412168638
FL-DQN,218.35140914820005
FL-DQN,204.12211201637555
FL-DQN,231.42358321896708
FL-DQN,176.70127687150892
FL-DQN,242.27986745081222
FL-DQN,177.75219069995336
FL-DQN,273.85296626587945
FL-DQN,159.66421833113725
FL-DQN,180.85315480696397
FL-DQN,232.1906073030822
FL-DQN,274.5839305509197
FL-DQN,228.7114632279498
FL-DQN,237.1371692862013
FL-DQN,218.59625465688399
FL-DQN,183.10245256008344
FL-DQN,201.33529615986112
FL-DQN,176.7950695206366
FL-DQN,174.52386109558637
FL-DQN,231.6594632568714
FL-DQN,179.8119486090093
FL-DQN,228.8648362285943
FL-DQN,173.73802642448268
FL-DQN,228.07702268396966
FL-DQN,201.38479265525928
FL-DQN,265.82492814412194
FL-DQN,229.00644244968822
FL-DQN,260.0166183618008
FL-DQN,192.30801164154346
FL-DQN,219.9088735683017
FL-DQN,184.64303662404654
FL-DQN,203.93742174668978
FL-DQN,209.08845642668263
FL-DQN,193.32082049663728
FL-DQN,176.67290279924637
FL-DQN,169.9404109958098
FL-DQN,138.44856406594852
FL-DQN,182.08422024088242
FL-DQN,239.3347924868427
FL-DQN,163.65104991154837
FL-DQN,171.48382322738763
FL-DQN,278.8905514219191
FL-DQN,196.35913430515936
FL-DQN,228.9155643116044
FL-DQN,239.83878298101683
FL-DQN,240.52588841256352
FL-DQN,166.24131615932598
FL-DQN,210.14397088341732
FL-DQN,162.98027283637467
FL-DQN,301.174807202951
FL-DQN,163.77424102346959
FL-DQN,182.37343255842612
FL-DQN,182.61957093538885
FL-DQN,167.11354379142207
FL-DQN,263.98819293172255
FL-DQN,300.36322863683887
FL-DQN,201.824529943371
FL-DQN,173.10561300729006
FL-DQN,141.9445330433153
FL-DQN,209.70030357024854
FL-DQN,207.2435756125109
FL-DQN,195.8559317037551
FL-DQN,225.52675863519175
FL-DQN,231.43588685572652
FL-DQN,228.98483076988862
FL-DQN,207.25175435307145
FL-DQN,180.5448577944751
FL-DQN,240.63832532542835
FL-DQN,218.42546782033205
FL-DQN,248.2041558443781
FL-DQN,244.86256868205587
FL-DQN,169.66008965239809
FL-DQN,169.2364449464415
FL-DQN,192.31161556282203
FL-DQN,182.0869761181173
FL-DQN,243.67856038318743
FL-DQN,229.9445289835892
FL-DQN,255.37225578870056
FL-DQN,231.4805517919712
FL-DQN,225.09408578369454
FL-DQN,258.7908125317018
FL-DQN,233.97072955099165
FL-DQN,220.31543275688244
FL-DQN,268.3354031536433
FL-DQN,221.91615002719487
FL-DQN,207.65241943279065
FL-DQN,189.5140092015599
FL-DQN,241.902865607544
FL-DQN,260.0597184226439
FL-DQN,216.28002835126338
FL-DQN,262.4691312085145
FL-DQN,151.01948891296644
FL-DQN,216.1145852565309
FL-DQN,216.63677298844917
FL-DQN,193.2821913381502
FL-DQN,299.0512752913837
FL-DQN,215.7494504885821
FL-DQN,204.13715376544926
FL-DQN,218.88271185673918
FL-DQN,149.9043328901218
FL-DQN,192.1644905382729
FL-DQN,251.43015896114375
FL-DQN,196.61585793228565
FL-DQN,189.81824446479078
FL-DQN,262.5238716414896
FL-DQN,263.56864963236217
FL-DQN,235.57767605347883
FL-DQN,202.52601064268532
FL-DQN,209.857983786045
FL-DQN,190.65890130645138
FL-DQN,184.17771395302609
FL-DQN,182.4898393975133
FL-DQN,196.98615016930296
FL-DQN,182.81948631671867
FL-DQN,164.83402596953295
FL-DQN,225.4596907716328
FL-DQN,225.97624975037687
FL-DQN,275.82695378656274
FL-DQN,195.27649547594012
FL-DQN,228.0674200471912
FL-DQN,228.63222769534326
FL-DQN,209.36952292173189
FL-DQN,243.307342017489
FL-DQN,244.3577923529243
FL-DQN,229.13197723671635
FL-DQN,209.30825002837494
FL-DQN,205.8439763091458
FL-DQN,171.49636744089997
FL-DQN,190.5987955269985
FL-DQN,196.8517441873426
FL-DQN,179.78496007739923
FL-DQN,232.95741486738058
FL-DQN,258.68534754555833
FL-DQN,187.1258773008089
FL-DQN,227.63700881531767
FL-DQN,182.84022125598986
FL-DQN,207.6326461880685
FL-DQN,194.52879430795562
FL-DQN,238.464452052619
FL-DQN,194.92120208936595
FL-DQN,252.396454066026
FL-DQN,209.64549369548524
FL-DQN,195.91347387377576
FL-DQN,175.38762108026447
FL-DQN,226.6089533500419
FL-DQN,248.43742567569012
FL-DQN,227.29292272225373
FL-DQN,294.1202766580904
FL-DQN,266.61277338399424
FL-DQN,207.54405599962146
FL-DQN,207.18706725055964
FL-DQN,233.969688462502
FL-DQN,189.5073478655267
FL-DQN,257.65380242210455
FL-DQN,230.29441774268184
FL-DQN,226.7196029691901
FL-DQN,241.35642470420777
FL-DQN,276.576216034548
FL-DQN,223.81248197437517
FL-DQN,214.15662739037293
FL-DQN,269.29646719296767
FL-DQN,250.8967141436986
FL-DQN,207.08668542695344
FL-DQN,218.17633925440668
FL-DQN,224.64295114191916
FL-DQN,230.30164011656942
FL-DQN,171.87560506807012
FL-DQN,165.55552333474697
FL-DQN,187.82873925191657
FL-DQN,185.19889293761435
FL-DQN,196.1099835249349
FL-DQN,239.58016183106014
FL-DQN,212.2564086849589
FL-DQN,224.6774165703464
FL-DQN,176.3736840585631
FL-DQN,202.30416510068787
FL-DQN,237.96676049932458
FL-DQN,238.22838357801126
FL-DQN,193.36448984161115
FL-DQN,223.49652113690482
FL-DQN,292.7608270183993
FL-DQN,217.4016704053083
FL-DQN,194.43164383115686
FL-DQN,212.09207876168657
FL-DQN,221.13402165591233
FL-DQN,212.86027505652132
FL-DQN,216.93394017699893
FL-DQN,168.92280890414744
FL-DQN,185.27056384707765
FL-DQN,212.9226019395691
FL-DQN,212.38088901923715
FL-DQN,198.74956465475998
FL-DQN,211.98153807340114
FL-DQN,220.07450508408297
FL-DQN,248.24005752183388
FL-DQN,214.62680100231427
FL-DQN,231.5695089801406
FL-DQN,199.5855897512467
FL-DQN,237.4512546023484
FL-DQN,230.77483011882012
FL-DQN,247.43777810811386
FL-DQN,242.25765572311258
FL-DQN,238.01701117795898
FL-DQN,214.65380810563548
FL-DQN,226.32793371951192
FL-DQN,254.1593035673519
FL-DQN,195.829464640305
FL-DQN,196.63413552430657
FL-DQN,224.16866753031232
FL-DQN,232.11950946902542
FL-DQN,189.98037902502384
FL-DQN,215.45807284394752
FL-DQN,214.80404167622132
FL-DQN,142.68047606948198
FL-DQN,210.53380436520217
FL-DQN,212.65119368315214
FL-DQN,212.55003994401736
FL-DQN,266.1410853356271
FL-DQN,176.66285785069823
FL-DQN,189.96283257904318
FL-DQN,129.18534285714264
FL-DQN,201.6488333500792
FL-DQN,204.54811915971598
FL-DQN,200.6607760046353
FL-DQN,255.66102954244784
FL-DQN,247.26099575945676
FL-DQN,220.64712862508833
FL-DQN,205.39915617964468
FL-DQN,252.89044871563337
FL-DQN,217.32823276558105
FL-DQN,190.17881867677244
FL-DQN,159.64754496552524
FL-DQN,202.9953072075468
FL-DQN,243.6578829838687
FL-DQN,295.40231544446505
FL-DQN,220.09475177044217
FL-DQN,191.97791248590966
FL-DQN,177.71118291833673
FL-DQN,236.76646647439037
FL-DQN,158.00305421893486
FL-DQN,236.7117334477662
FL-DQN,245.80219461293902
FL-DQN,232.83350140991737
FL-DQN,210.53150315408905
FL-DQN,237.2079822205917
FL-DQN,223.8119046183622
FL-DQN,191.54378937673988
FL-DQN,280.91401896075087
FL-DQN,206.04290109324245
FL-DQN,244.3755782152969
FL-DQN,135.7671143883457
FL-DQN,261.4000100145516
FL-DQN,267.9379673182558
FL-DQN,219.0143487623057
FL-DQN,236.9982151810838
FL-DQN,236.98951617465713
FL-DQN,196.1453586322154
FL-DQN,236.60215838493758
FL-DQN,190.5065640243331
FL-DQN,197.3022645960589
FL-DQN,256.31606686921816
FL-DQN,251.13836148380688
FL-DQN,193.98323292806305
FL-DQN,193.05840432096463
FL-DQN,196.04971551643914
FL-DQN,242.90974525982668
FL-DQN,184.0005174524465
FL-DQN,230.1282297272224
FL-DQN,243.392791561566
FL-DQN,214.9996546900346
FL-DQN,252.34216569340754
FL-DQN,207.65345423734706
FL-DQN,210.7289095662069
FL-DQN,184.7736281415169
FL-DQN,252.584029819087
FL-DQN,191.93830480271842
FL-DQN,229.89224180231201
FL-DQN,215.57525371771823
FL-DQN,182.20537585420348
FL-DQN,197.2904931100071
FL-DQN,265.01765612738495
FL-DQN,224.85635644957233
FL-DQN,183.68888839352738
FL-DQN,228.3811617698555
FL-DQN,213.03212292578547
FL-DQN,335.43757767630217
FL-DQN,227.69421060563727
FL-DQN,205.05875519974362
FL-DQN,266.28094920476155
FL-DQN,155.40477031204324
FL-DQN,221.2068853169573
FL-DQN,285.81056881915646
FL-DQN,214.04922433176836
FL-DQN,159.06776448196533
FL-DQN,204.53878921003968
FL-DQN,267.4536133926073
FL-DQN,230.78636627490621
FL-DQN,189.47889227657438
FL-DQN,194.7017445559132
FL-DQN,198.97019078090634
FL-DQN,230.28072805783586
FL-DQN,263.4986685199142
FL-DQN,253.78238243517183
FL-DQN,233.50441419171037
FL-DQN,172.7240781580456
FL-DQN,172.850294524223
FL-DQN,236.13056872126796
FL-DQN,172.2539826702816
FL-DQN,210.33072128366746
FL-DQN,228.34111517033003
FL-DQN,179.32180415766857
FL-DQN,183.17508063179864
FL-DQN,214.79988380469416
FL-DQN,235.12410977581783
FL-DQN,254.09163819406774
FL-DQN,238.63981678219875
FL-DQN,220.5043242297346
FL-DQN,192.6293783790603
FL-DQN,181.58916214128635
FL-DQN,200.63017899680898
FL-DQN,231.9378098893393
FL-DQN,229.44520602532967
FL-DQN,146.60333248534585
FL-DQN,191.2869810389049
FL-DQN,258.9532567546093
FL-DQN,220.69331162534075
FL-DQN,169.82169695449846
FL-DQN,298.09792017433716
FL-DQN,217.015981101298
FL-DQN,231.06735461665588
FL-DQN,231.58384170553458
FL-DQN,205.50175415055367
FL-DQN,193.26249481807258
FL-DQN,290.13694949224197
FL-DQN,252.10899956700354
FL-DQN,245.945864837695
FL-DQN,237.59383251841916
FL-DQN,183.88720872770273
FL-DQN,261.43602651916933
FL-DQN,189.33348962760053
FL-DQN,227.63175113712197
FL-DQN,162.26074321420467
FL-DQN,148.61079907798432
FL-DQN,228.8219008902059
FL-DQN,190.49062491537313
FL-DQN,150.3683025758927
FL-DQN,236.38072310020056
FL-DQN,290.08274621572684
FL-DQN,265.24504879172207
FL-DQN,209.25119190096714
FL-DQN,218.30074042769616
FL-DQN,248.18201273065304
FL-DQN,256.15235267438686
FL-DQN,206.31978555992623
FL-DQN,219.16204233463552
FL-DQN,228.22090342999425
FL-DQN,236.83179488948028
FL-DQN,213.47540097161692
FL-DQN,213.9171016676627
FL-DQN,264.9142992116492
FL-DQN,259.1237038830581
FL-DQN,234.23195949682702
FL-DQN,276.44970838077955
FL-DQN,204.86084408430182
FL-DQN,273.18109725339895
FL-DQN,236.4455250802087
FL-DQN,329.2148881552961
FL-DQN,177.45561448939577
FL-DQN,194.5622614246104
FL-DQN,232.23912615881864
FL-DQN,231.50595780128572
FL-DQN,284.3047254619506
FL-DQN,195.27526076781584
FL-DQN,248.76722963559206
FL-DQN,257.52374215918786
FL-DQN,241.958026295502
FL-DQN,185.3261243745731
FL-DQN,265.86379937864274
FL-DQN,259.79704766472406
FL-DQN,238.38587367287283
FL-DQN,224.94782136510443
FL-DQN,225.68767234150863
FL-DQN,215.32298306386116
FL-DQN,239.78669456458982
FL-DQN,219.05858500012923
FL-DQN,189.1501508380102
FL-DQN,182.34788407586188
FL-DQN,192.43076737582206
FL-DQN,225.55249624668136
FL-DQN,217.08350156120295
FL-DQN,225.32168897181748
FL-DQN,235.0276465405678
FL-DQN,196.6710885188261
FL-DQN,267.83244572374184
FL-DQN,208.89783188038587
FL-DQN,203.26348251742868
FL-DQN,234.40113206930337
FL-DQN,155.55865311924754
FL-DQN,191.12182870942075
FL-DQN,251.35647515552233
FL-DQN,158.92765441188823
FL-DQN,255.9975226957273
FL-DQN,269.3786432562106
FL-DQN,205.43851851399256
FL-DQN,227.92163409249454
FL-DQN,256.0489608849349
FL-DQN,202.12916760652033
FL-DQN,247.50436769789016
FL-DQN,195.18094096555717
FL-DQN,201.7615220266719
FL-DQN,190.8225602129509
FL-DQN,229.6500047726233
FL-DQN,257.37094778722866
FL-DQN,211.7401603080164
FL-DQN,174.7775285629783
FL-DQN,181.18796804224826
FL-DQN,231.4163803265984
FL-DQN,280.69995805540515
FL-DQN,231.3866499766895
FL-DQN,204.8455172778574
FL-DQN,244.05025487290965
FL-DQN,209.8570463900506
FL-DQN,205.13830260961697
FL-DQN,185.41239040636106
FL-DQN,265.8872607043761
FL-DQN,131.66693080514744
FL-DQN,245.12721280949515
FL-DQN,202.23267211488374
FL-DQN,204.04841513064517
FL-DQN,275.53871530800564
FL-DQN,193.71954286519826
FL-DQN,194.87764876303405
FL-DQN,213.56659587673596
FL-DQN,232.0708111176161
FL-DQN,202.97690340204244
FL-DQN,164.4887963617799
FL-DQN,188.56626185001997
FL-DQN,261.56535111979366
FL-DQN,220.5424108306074
FL-DQN,233.33696764592995
FL-DQN,209.11167895611672
FL-DQN,195.57707833010883
FL-DQN,275.03736129576396
FL-DQN,211.60147686026326
FL-DQN,202.92542409607768
FL-DQN,255.26884045608153
FL-DQN,193.4397477985089
FL-DQN,197.77927031168412
FL-DQN,218.34838725657454
FL-DQN,218.00918353899812
FL-DQN,226.8267858287093
FL-DQN,289.1167490394466
FL-DQN,229.4324403759806
FL-DQN,137.1461652664728
FL-DQN,229.09416407667308
FL-DQN,219.28791981264635
FL-DQN,219.47730082794956
FL-DQN,226.36220851946982
FL-DQN,217.02493821905682
FL-DQN,216.21118883611678
FL-DQN,238.84350313220673
FL-DQN,199.56925289538697
FL-DQN,185.77866458826804
FL-DQN,320.80856938916133
FL-DQN,193.66084691143806
FL-DQN,221.4048590236426
FL-DQN,167.14755147023752
FL-DQN,221.95992611174836
FL-DQN,186.27033127656262
FL-DQN,202.95591994309962
FL-DQN,253.5321986362182
FL-DQN,234.04832532485452
FL-DQN,237.32592383554385
FL-DQN,157.77903549467666
FL-DQN,280.45443577418644
FL-DQN,177.47603542797626
FL-DQN,269.9710676859914
FL-DQN,252.73249144337052
FL-DQN,237.62931322067914
FL-DQN,188.93051744911503
FL-DQN,223.15405472386377
FL-DQN,201.98867203807475
FL-DQN,218.98734543117993
FL-DQN,209.50434319109095
FL-DQN,148.6872427765381
FL-DQN,256.140661133476
FL-DQN,215.2423566773217
FL-DQN,201.51678641692394
FL-DQN,198.9488740837879
FL-DQN,230.18762559647013
FL-DQN,187.61228449798796
FL-DQN,141.32403101188254
FL-DQN,231.8424133090814
FL-DQN,235.64950193053193
FL-DQN,211.21251796096047
FL-DQN,178.9713022435397
FL-DQN,221.0238083902357
FL-DQN,168.205899477338
FL-DQN,183.07415971261958
FL-DQN,192.4762701588585
FL-DQN,246.6939284103129
FL-DQN,205.67122768514483
FL-DQN,202.77254199960035
FL-DQN,284.45954552398234
FL-DQN,229.98372490441628
FL-DQN,229.52581335614408
FL-DQN,205.43017466290166
FL-DQN,197.72336330034955
FL-DQN,143.66218103941688
FL-DQN,250.93717808540097
FL-DQN,233.2425299957169
FL-DQN,211.90835623074395
FL-DQN,213.3342921375673
FL-DQN,243.0289049168759
FL-DQN,165.139857515285
FL-DQN,197.94403472717062
FL-DQN,179.36570266165396
FL-DQN,278.23131560454937
FL-DQN,247.77228808301223
FL-DQN,143.1084502013976
FL-DQN,166.53210469424084
FL-DQN,213.50024710584546
FL-DQN,201.93703278953757
FL-DQN,172.97100492538578
FL-DQN,284.12191608011665
FL-DQN,228.6263570754077
FL-DQN,234.1437549773451
FL-DQN,194.47149172610472
FL-DQN,242.55732100405208
FL-DQN,205.0652861266116
FL-DQN,208.36633209394503
FL-DQN,238.77406663405884
FL-DQN,162.61408278794983
FL-DQN,272.2989472349334
FL-DQN,224.2012333006118
FL-DQN,261.5521030985344
FL-DQN,181.43572827496018
FL-DQN,186.61238578304145
FL-DQN,178.4953924656064
FL-DQN,226.5101208706045
FL-DQN,220.24343226522038
FL-DQN,202.20999814613987
FL-DQN,183.52164744190048
FL-DQN,174.93572682915135
FL-DQN,216.35154738399768
FL-DQN,202.1700494939876
FL-DQN,194.6893622598191
FL-DQN,270.60104252847475
FL-DQN,215.20092694144705
FL-DQN,261.18145975351547
FL-DQN,199.8694257887883
FL-DQN,226.32239364915432
FL-DQN,216.11381544728462
FL-DQN,160.28084147638384
FL-DQN,266.56350241297304
FL-DQN,213.40477736089787
FL-DQN,243.37821946752067
FL-DQN,192.431023436307
FL-DQN,212.395291026288
FL-DQN,188.52701976260593
FL-DQN,260.0239484139554
FL-DQN,228.58791781332297
FL-DQN,230.4798199071502
FL-DQN,264.1782610015693
FL-DQN,257.31560409456677
FL-DQN,244.0216462286337
FL-DQN,169.66127020072628
FL-DQN,194.34690993643275
FL-DQN,183.86780337561402
FL-DQN,242.73614558327716
FL-DQN,223.80216601950175
FL-DQN,170.7225772565598
FL-DQN,211.58269675761827
FL-DQN,167.20018058556153
FL-DQN,216.19267940562816
FL-DQN,161.7173348644357
FL-DQN,235.98013477507683
FL-DQN,230.8507292851585
FL-DQN,282.87024877379395
FL-DQN,246.82769184290964
FL-DQN,203.62091530203492
FL-DQN,245.8143831713325
FL-DQN,170.47942804786393
FL-DQN,185.2759314748431
FL-DQN,229.32684609055374
FL-DQN,144.6195114665705
FL-DQN,216.73653331224799
FL-DQN,183.3110480679737
FL-DQN,221.44443987521095
FL-DQN,181.35696382639304
FL-DQN,232.4244366734764
FL-DQN,218.65713240469125
FL-DQN,265.61244117396524
FL-DQN,218.22897415945516
FL-DQN,191.86614463131014
FL-DQN,209.60588090187238
FL-DQN,172.29596250143112
FL-DQN,231.80866665998497
FL-DQN,238.05490837471925
FL-DQN,301.95266524755584
FL-DQN,196.85757631945023
FL-DQN,208.8949844950438
FL-DQN,198.42421016910066
FL-DQN,225.21186583846162
FL-DQN,230.97747817230686
FL-DQN,216.18525528943064
FL-DQN,254.9350811736831
FL-DQN,197.02269687233758
FL-DQN,251.5299176282842
FL-DQN,236.3089270237968
FL-DQN,217.59098272343581
FL-DQN,207.29215421425707
FL-DQN,300.50670379686653
FL-DQN,190.2217058747693
FL-DQN,228.1297280169261
FL-DQN,192.4925516117675
FL-DQN,278.7111054531244
FL-DQN,248.15209517917293
FL-DQN,194.9361041194011
FL-DQN,235.42822977666177
FL-DQN,226.76165452340288
FL-DQN,200.43475809285889
FL-DQN,243.7775833857579
FL-DQN,231.23638329754993
FL-DQN,225.33375627212237
FL-DQN,216.5747298177608
FL-DQN,232.65585274838816
FL-DQN,225.79918049074362
FL-DQN,220.0091733228506
FL-DQN,196.20545885642284
FL-DQN,275.58805218592477
FL-DQN,182.2857219261494
FL-DQN,232.53963144191133
FL-DQN,207.11181476175128
FL-DQN,277.82460716127616
FL-DQN,187.28159373438942
FL-DQN,193.00104910014872
FL-DQN,185.02618584909794
FL-DQN,228.99781173232074
FL-DQN,171.31627757466617
FL-DQN,201.73003117823595
FL-DQN,144.8195620229543
FL-DQN,226.17432604035508
FL-DQN,200.99269480228708
FL-DQN,167.406070706317
FL-DQN,254.91071970111798
FL-DQN,173.53932545491205
FL-DQN,245.09608546095933
FL-DQN,194.16461198441465
FL-DQN,272.45342684844445
FL-DQN,243.48471832348898
FL-DQN,183.72637239028305
FL-DQN,186.81919322484958
FL-DQN,238.58785697762653
FL-DQN,209.07914355585433
FL-DQN,212.24235476127356
FL-DQN,261.2561213002513
FL-DQN,192.54457830542148
FL-DQN,221.10398825396544
FL-DQN,250.4573449841784
FL-DQN,245.50999460511042
FL-DQN,212.57316930429712
FL-DQN,208.1772000510096
FL-DQN,158.88027427428833
FL-DQN,182.08767024938334
FL-DQN,228.82421370354095
FL-DQN,213.31200557596398
FL-DQN,220.5475206712517
FL-DQN,253.33462272755804
FL-DQN,177.63101429188268
FL-DQN,209.9698697240899
FL-DQN,224.4161727559814
FL-DQN,194.05856212246647
FL-DQN,266.67022187353217
FL-DQN,248.89195125484702
FL-DQN,227.8645331210177
FL-DQN,279.00388049717196
FL-DQN,167.03756049325517
FL-DQN,217.73730644240683
FL-DQN,230.45545694375807
FL-DQN,186.90512840900664
FL-DQN,228.22429442180277
FL-DQN,180.37619521121215
FL-DQN,241.4789488213246
FL-DQN,253.96638211638282
FL-DQN,227.25933563836315
FL-DQN,155.00487428779184
FL-DQN,185.12902028035484
FL-DQN,237.20014010924746
FL-DQN,218.72075387942044
FL-DQN,126.4039109984554
FL-DQN,260.25623305152016
FL-DQN,222.6463212126303
FL-DQN,190.15146142399846
FL-DQN,251.82849031726658
FL-DQN,194.96363956116545
FL-DQN,194.59262800145672
FL-DQN,230.18399013447723
FL-DQN,278.555307614238
FL-DQN,273.2019640510781
FL-DQN,230.2301909627396
FL-DQN,233.72111240091087
FL-DQN,244.91096369088405
FL-DQN,175.26255503744213
FL-DQN,239.9010434631674
FL-DQN,193.04150208312004
FL-DQN,228.82825427108375
FL-DQN,210.26610066135052
FL-DQN,235.04108312188328
FL-DQN,222.01551781021965
FL-DQN,113.51697079207581
FL-DQN,224.08231819797615
FL-DQN,239.83320037817492
FL-DQN,233.16156384350742
FL-DQN,214.5120778289083
FL-DQN,273.8334975256338
FL-DQN,228.5866863901365
FL-DQN,232.88089220656562
FL-DQN,253.51272439771935
FL-DQN,230.32816198968436
FL-DQN,187.46739638391708
FL-DQN,135.09652793149286
FL-DQN,201.77788933138524
FL-DQN,243.87214787995796
FL-DQN,205.9947247317946
FL-DQN,245.2400646575788
FL-DQN,223.05675798128928
FL-DQN,261.7942463889143
FL-DQN,207.96263195789751
FL-DQN,233.8989041033014
FL-DQN,235.20009219420223
FL-DQN,269.0544636694606
FL-DQN,159.97433158463454
FL-DQN,202.41411866519263
FL-DQN,246.84954758320913
FL-DQN,270.56048031247406
FL-DQN,226.16243142983075
FL-DQN,208.04805840966944
FL-DQN,243.74202453493112
FL-DQN,247.53589095787723
FL-DQN,205.77150292531155
FL-DQN,229.23044861403656
FL-DQN,258.13792692200695
FL-DQN,282.27560577133136
FL-DQN,243.24856861399994
FL-DQN,219.50072248663017
FL-DQN,216.16144401471112
FL-DQN,236.95148294458318
FL-DQN,214.0671233556987
FL-DQN,224.4477769667612
FL-DQN,182.03220700595026
FL-DQN,262.0999446806994
FL-DQN,179.23371927694492
FL-DQN,203.30820014459758
FL-DQN,221.31817086896166
FL-DQN,285.6935539162137
FL-DQN,203.62877851502088
FL-DQN,195.35546232534654
FL-DQN,199.272224810651
FL-DQN,274.40250369878464
FL-DQN,122.38020222079528
FL-DQN,183.90690758694805
FL-DQN,310.86381611142474
FL-DQN,238.08999049871565
FL-DQN,180.39651172246653
FL-DQN,216.57478860605778
FL-DQN,220.2934552463073
FL-DQN,246.7682583607906
FL-DQN,280.54306809596716
FL-DQN,231.21075716349333
FL-DQN,199.64719769755933
FL-DQN,244.76087103133895
FL-DQN,194.25940830666272
FL-DQN,182.866525136373
FL-DQN,158.16309835348088
FL-DQN,164.78563458698636
FL-DQN,187.52086469177476
FL-DQN,177.95514789817037
FL-DQN,228.6500419307404
FL-DQN,177.2203379219828
FL-DQN,111.11534573115871
FL-DQN,182.50699966395817
FL-DQN,201.95677197747173
FL-DQN,197.41471741235318
FL-DQN,269.6638390965123
FL-DQN,197.1395529841689
FL-DQN,247.95139774877273
FL-DQN,217.3545916108507
FL-DQN,216.56163932713164
FL-DQN,189.59707017916674
FL-DQN,216.00138984625391
FL-DQN,191.98673168548783
FL-DQN,223.7808266846554
FL-DQN,209.9675124907946
FL-DQN,185.8826502714856
FL-DQN,251.72440754982023
FL-DQN,232.51257632072847
FL-DQN,202.76586703916357
FL-DQN,222.94676359920055
FL-DQN,215.15003426893324
FL-DQN,188.5019081330487
FL-DQN,220.39687178671957
FL-DQN,196.88560033654926
FL-DQN,185.87224958891662
FL-DQN,162.82591077093815
FL-DQN,205.80734997968656
FL-DQN,237.2770024258466
FL-DQN,194.38158198511877
FL-DQN,303.70409553337095
FL-DQN,248.1133122241929
FL-DQN,262.3472245104563
FL-DQN,245.0382624105078
FL-DQN,280.99740914791147
FL-DQN,191.24193256193357
FL-DQN,130.93492888760687
FL-DQN,202.83172931600197
FL-DQN,236.9794315686163
FL-DQN,223.15157703943126
FL-DQN,227.36606877290464
FL-DQN,262.9109400907757
FL-DQN,230.989957531725
FL-DQN,245.16303953809472
FL-DQN,186.0548667770062
FL-DQN,180.75661456665475
FL-DQN,272.87987338283256
FL-DQN,221.4306521950003
FL-DQN,196.81020776283142
FL-DQN,196.87258721939799
FL-DQN,195.92981386429923
FL-DQN,193.89539328444138
FL-DQN,174.37297471147556
FL-DQN,166.9857063245027
FL-DQN,211.36985115974974
FL-DQN,197.84052040910643
FL-DQN,255.64341570507204
FL-DQN,227.96460621107516
FL-DQN,227.02080112265142
FL-DQN,192.7339061431487
FL-DQN,213.88503386348083
FL-DQN,230.27403752346896
FL-DQN,242.35065515023098
FL-DQN,214.80767789837557
FL-DQN,254.6902084970231
FL-DQN,218.27163650287005
FL-DQN,244.9568020296011
FL-DQN,201.34502490796888
FL-DQN,156.3719955366662
FL-DQN,227.12420559262978
FL-DQN,242.66101814698527
FL-DQN,237.56180928145736
FL-DQN,232.35434648887295
FL-DQN,206.14804315753042
FL-DQN,190.57062745084986
FL-DQN,236.75876114748854
FL-DQN,232.49921215074136
FL-DQN,198.9294309113099
FL-DQN,255.72042243252994
FL-DQN,187.9825725053816
FL-DQN,198.16020512110464
FL-DQN,273.6384572196166
FL-DQN,247.53178588295305
FL-DQN,205.82768359970524
FL-DQN,227.7709441278807
FL-DQN,223.2629363138105
FL-DQN,124.64912859076914
FL-DQN,187.17988571790502
FL-DQN,216.27121501828444
FL-DQN,205.8752097969836
FL-DQN,226.4014872042343
FL-DQN,256.4023986402293
FL-DQN,207.06778332176646
FL-DQN,182.0397369318226
FL-DQN,229.04495638937553
FL-DQN,206.89480665869468
FL-DQN,212.6938409720553
FL-DQN,208.07969354879532
FL-DQN,294.2224852003735
FL-DQN,141.81605512606987
FL-DQN,204.79664729349003
FL-DQN,217.87457312795468
FL-DQN,191.4411552623855
FL-DQN,248.59407829236162
FL-DQN,245.65076107646775
FL-DQN,216.37634297138962
FL-DQN,208.7970923183144
FL-DQN,214.193467636124
FL-DQN,214.43725377597443
FL-DQN,215.33531704372407
FL-DQN,211.60803054842881
FL-DQN,226.58327669614135
FL-DQN,243.60921020414742
FL-DQN,176.17115498164839
FL-DQN,182.27742742607293
FL-DQN,158.5503869975602
FL-DQN,247.45751161215838
FL-DQN,226.51099196847574
FL-DQN,235.1790955417142
FL-DQN,169.3970598956421
FL-DQN,278.6882361779247
FL-DQN,197.29906912305785
FL-DQN,223.7189974417827
FL-DQN,247.04907846306463
FL-DQN,184.44268830293356
FL-DQN,199.42497181056933
FL-DQN,224.09184033642973
FL-DQN,315.1540845658
FL-DQN,228.23824125696882
FL-DQN,272.61627912144445
FL-DQN,258.9928869365265
FL-DQN,230.51234124081364
FL-DQN,184.36734376455692
FL-DQN,254.03162276781998
FL-DQN,167.0642483839664
FL-DQN,272.42975420502114
FL-DQN,224.80018047942067
FL-DQN,127.89239939186201
FL-DQN,206.42279276891747
FL-DQN,240.23422591137998
FL-DQN,209.94118831664792
FL-DQN,242.3101975737815
FL-DQN,189.09917829778195
FL-DQN,173.59659932522135
FL-DQN,215.5708562963814
FL-DQN,219.07323268785711
FL-DQN,206.15493206388106
FL-DQN,259.72789898583454
FL-DQN,189.09294924527205
FL-DQN,228.64763064929988
FL-DQN,220.31097901956326
FL-DQN,165.07165762737316
FL-DQN,173.15297375527058
FL-DQN,218.40497455245347
FL-DQN,285.36079995535675
FL-DQN,237.69517360455959
FL-DQN,159.3284159450825
FL-DQN,112.24340578594251
FL-DQN,242.92382216214892
FL-DQN,214.72874158044124
FL-DQN,256.8030429633526
FL-DQN,188.055590695811
FL-DQN,229.9072249271899
FL-DQN,246.76989774294734
FL-DQN,202.78623630097962
FL-DQN,203.51309061214377
FL-DQN,218.85893625734528
FL-DQN,236.45099578305118
FL-DQN,217.51264384659504
FL-DQN,251.11587548382255
FL-DQN,202.294203564921
FL-DQN,172.8345630142543
FL-DQN,285.21716251584814
FL-DQN,197.44245295755684
FL-DQN,198.6729691535966
FL-DQN,215.76268708354573
FL-DQN,220.28415772823536
FL-DQN,204.8527561553984
FL-DQN,217.4072475037337
FL-DQN,216.6480841314421
FL-DQN,223.94385711870743
FL-DQN,137.84542639443126
FL-DQN,281.94979443826685
FL-DQN,212.99219733982505
FL-DQN,237.7411690611975
FL-DQN,171.1445543878432
FL-DQN,201.9859911175255
FL-DQN,195.14126054510592
FL-DQN,267.9706079932905
FL-DQN,198.08233736757998
FL-DQN,243.7747195559631
FL-DQN,195.88570460911137
FL-DQN,202.6109560517659
FL-DQN,209.6512943831767
FL-DQN,261.6507343121962
FL-DQN,153.74500959297598
FL-DQN,173.26743912066928
FL-DQN,151.79162436654622
FL-DQN,181.02492792811069
FL-DQN,190.40559825946835
FL-DQN,163.1076373609268
FL-DQN,193.03897661510126
FL-DQN,149.4997076482639
FL-DQN,183.38838339189886
FL-DQN,258.8142935969468
FL-DQN,231.7219943895575
FL-DQN,224.37390085386593
FL-DQN,183.90552908651011
FL-DQN,165.7731113924794
FL-DQN,179.26869343183446
FL-DQN,216.5308658855355
FL-DQN,247.51801051070672
FL-DQN,248.6804921826009
FL-DQN,239.44082032443333
FL-DQN,192.92306662168988
FL-DQN,218.8346943017356
FL-DQN,207.07435397873365
FL-DQN,211.15954804117848
FL-DQN,287.26234849663365
FL-DQN,158.09199194187718
FL-DQN,210.02098825864314
FL-DQN,259.1994628446693
FL-DQN,168.1596891688597
FL-DQN,196.1125875409475
FL-DQN,200.01269108270026
FL-DQN,210.40814945016453
FL-DQN,163.7374565733886
FL-DQN,238.23972605149334
FL-DQN,240.6537676054469
FL-DQN,235.28476105061023
FL-DQN,188.40729507410325
FL-DQN,220.94136688676804
FL-DQN,187.41903185465102
FL-DQN,206.69171353376856
FL-DQN,291.21790952380985
FL-DQN,221.2536428382727
FL-DQN,177.6240964164361
FL-DQN,224.13140158257306
FL-DQN,172.03893851384748
FL-DQN,177.2336466544896
FL-DQN,182.6018133777411
FL-DQN,202.89347862534677
FL-DQN,249.85694585003284
FL-DQN,237.66553873257254
FL-DQN,235.78184116040916
FL-DQN,180.63656476992156
FL-DQN,199.59531191518795
FL-DQN,227.2480376340284
FL-DQN,196.63712049679395
FL-DQN,208.53554102976264
FL-DQN,233.0061955460183
FL-DQN,206.14172883915575
FL-DQN,225.68602602946885
FL-DQN,272.15276750466535
FL-DQN,212.1568008344421
FL-DQN,258.097485530453
FL-DQN,237.01858228845018
FL-DQN,168.11377222144995
FL-DQN,180.52734100504017
FL-DQN,189.6577399756235
FL-DQN,188.93561282428536
FL-DQN,214.93014863236832
FL-DQN,238.89789763478194
FL-DQN,260.6753861679606
FL-DQN,228.4779530166528
FL-DQN,202.84689509419087
FL-DQN,147.2037977165843
FL-DQN,220.4000455641895
FL-DQN,218.8761865856297
FL-DQN,224.21957762032457
FL-DQN,289.6121701219133
FL-DQN,260.18028257056443
FL-DQN,244.6920712204995
FL-DQN,185.2893775775656
FL-DQN,200.55817852731073
FL-DQN,214.77528336443092
FL-DQN,191.63615778364797
FL-DQN,235.015793849494
FL-DQN,230.13490087333395
FL-DQN,180.99753503614045
FL-DQN,258.69176810926825
FL-DQN,221.47855134950126
FL-DQN,159.21158101076347
FL-DQN,216.25434281627105
FL-DQN,227.56101950137875
FL-DQN,251.07494028881518
FL-DQN,206.52580229369505
FL-DQN,246.14990109320505
FL-DQN,224.36282755018735
FL-DQN,173.28814329272228
FL-DQN,169.88432970159454
FL-DQN,256.1670355850779
FL-DQN,258.66346206498014
FL-DQN,228.97891383376057
FL-DQN,268.85402852012095
FL-DQN,253.92473486741463
FL-DQN,241.2433768023105
FL-DQN,187.01540938305516
FL-DQN,276.8685775350997
FL-DQN,236.23424869508128
FL-DQN,204.88148166320485
FL-DQN,195.27881981961986
FL-DQN,226.73064857147114
FL-DQN,161.18399111549255
FL-DQN,241.78889136199734
FL-DQN,185.5785923004031
FL-DQN,230.60067570002576
FL-DQN,200.26490852982258
FL-DQN,209.00976376736008
FL-DQN,192.2650643259878
FL-DQN,212.51819933985274
FL-DQN,282.23890456459003
FL-DQN,265.09202731965377
FL-DQN,230.05228446984552
FL-DQN,217.13999497079163
FL-DQN,246.70284048355808
FL-DQN,256.4189933996569
FL-DQN,189.786175004944
FL-DQN,215.36707850050513
FL-DQN,156.05342019468526
FL-DQN,256.18547174887044
FL-DQN,288.2108247618291
FL-DQN,220.72280923718492
FL-DQN,145.74965575329745
FL-DQN,238.70227756361905
FL-DQN,187.26096835093128
FL-DQN,195.44611898340835
FL-DQN,239.30359725289412
FL-DQN,226.65484026743263
FL-DQN,201.40430163848754
FL-DQN,195.9134084915434
FL-DQN,222.2784258775083
FL-DQN,204.0781712145795
FL-DQN,180.28593745749777
FL-DQN,206.69285182973576
FL-DQN,229.54614919067626
FL-DQN,211.94448212813248
FL-DQN,169.9407076595617
FL-DQN,251.62819712676833
FL-DQN,124.88041114392665
FL-DQN,202.8235847290332
FL-DQN,196.91325254516687
FL-DQN,223.0380818476281
FL-DQN,237.09650146529302
FL-DQN,256.3100034808752
FL-DQN,193.77823430602655
FL-DQN,237.9437994693384
FL-DQN,224.65782518796968
FL-DQN,159.8076612437704
FL-DQN,282.61836868475973
FL-DQN,169.08164567383324
FL-DQN,232.2629072585303
FL-DQN,231.2586381027234
FL-DQN,227.37165059918863
FL-DQN,201.18438600650535
FL-DQN,246.1265901387771
FL-DQN,164.94750588593476
FL-DQN,215.76182118508663
FL-DQN,198.8282609972164
FL-DQN,194.97186996972093
FL-DQN,232.57742477342055
FL-DQN,254.63427045246922
FL-DQN,206.32930409754655
FL-DQN,244.54315705747644
FL-DQN,219.69118262511634
FL-DQN,187.6471048859077
FL-DQN,209.22962882980383
FL-DQN,207.8174797130851
FL-DQN,194.31356297481483
FL-DQN,232.56841957429836
FL-DQN,225.97797038196182
FL-DQN,163.91791025883978
FL-DQN,161.84811616186184
FL-DQN,232.43927140899564
FL-DQN,190.28026142098582
FL-DQN,228.269399273411
FL-DQN,244.5516736557124
FL-DQN,174.78760352821098
FL-DQN,170.0077333444097
FL-DQN,274.93067720144006
FL-DQN,229.9534066207236
FL-DQN,203.74581767310877
FL-DQN,186.24602461002704
FL-DQN,200.6450111371525
FL-DQN,177.52054057214747
FL-DQN,248.03601391908006
FL-DQN,191.5904607773851
FL-DQN,255.18017599935308
FL-DQN,204.3786167278196
FL-DQN,182.5260937570113
FL-DQN,203.50574600753075
FL-DQN,128.77832956495183
FL-DQN,213.89386839308378
FL-DQN,212.21594750157462
FL-DQN,246.04125338263088
FL-DQN,153.8656324485651
FL-DQN,257.50345626936064
FL-DQN,245.9003760299203
FL-DQN,260.56948116575455
FL-DQN,216.20747321585932
FL-DQN,252.47249235949369
FL-DQN,167.97770281316522
FL-DQN,242.24361721695414
FL-DQN,191.78046608860186
FL-DQN,161.85233769762016
FL-DQN,179.77922238241175
FL-DQN,218.1880587133952
FL-DQN,189.97382692060148
FL-DQN,230.7865000776572
FL-DQN,156.5199231298634
FL-DQN,145.6786835170607
FL-DQN,264.6611727608816
FL-DQN,248.72920439964878
FL-DQN,182.32390757893054
FL-DQN,217.89801212200166
FL-DQN,252.663240046845
FL-DQN,232.2528206818806
FL-DQN,223.03958527023826
FL-DQN,255.2352387646283
FL-DQN,193.1557758431585
FL-DQN,219.06006725459739
FL-DQN,217.3931462980587
FL-DQN,208.72609037918454
FL-DQN,204.74661261169442
FL-DQN,220.47752008616868
FL-DQN,219.16985486350794
FL-DQN,182.35346015382612
FL-DQN,245.26106093661522
FL-DQN,184.8029029359472
FL-DQN,210.58006288539607
FL-DQN,207.96046392751825
FL-DQN,230.17552283041334
FL-DQN,145.95046603261068
FL-DQN,248.29093370760157
FL-DQN,194.9823281811864
FL-DQN,259.4787520224198
FL-DQN,201.74239256645075
FL-DQN,216.33931808504363
FL-DQN,283.0687253623264
FL-DQN,208.57050090101527
FL-DQN,260.1208960788976
FL-DQN,219.32753290919504
FL-DQN,232.12424022997865
FL-DQN,220.37859203998673
FL-DQN,246.82695529420423
FL-DQN,194.69192516299626
FL-DQN,184.5423502173477
FL-DQN,196.28840952718127
FL-DQN,221.3901527950191
FL-DQN,210.4921612912888
FL-DQN,242.14934580002
FL-DQN,262.36087779393165
FL-DQN,184.82149653400973
FL-DQN,193.04574108512628
FL-DQN,169.16785977736296
FL-DQN,287.0326816858095
FL-DQN,228.35876297014212
FL-DQN,234.31327888175363
FL-DQN,172.43291490894435
FL-DQN,217.96022037376628
FL-DQN,235.3144314700449
FL-DQN,209.40623852182955
FL-DQN,254.5739912440974
FL-DQN,296.6022582718562
FL-DQN,185.79986387880564
FL-DQN,183.24903363679232
FL-DQN,188.1562937720284
FL-DQN,272.6107714405607
FL-DQN,253.44008077900926
FL-DQN,213.39205419501596
FL-DQN,219.24302858962972
FL-DQN,190.23751670931148
FL-DQN,248.26092336326826
FL-DQN,205.08333798030918
FL-DQN,209.15739765853002
FL-DQN,238.69885223199472
FL-DQN,211.60817210517047
FL-DQN,210.01115622107324
FL-DQN,218.35955698798855
FL-DQN,245.0420840689646
FL-DQN,273.9807645664503
FL-DQN,237.9065318963668
FL-DQN,245.31268360322508
FL-DQN,211.20496188856177
FL-DQN,193.93487265226364
FL-DQN,240.23553189599392
FL-DQN,223.82218803641942
FL-DQN,169.63062594250852
FL-DQN,206.84563280352967
FL-DQN,215.18150120162719
FL-DQN,200.64443252103172
FL-DQN,268.37901021443236
FL-DQN,234.31452725467537
FL-DQN,264.68794720821404
FL-DQN,226.95645889617342
FL-DQN,220.76718643845265
FL-DQN,186.15567420125154
FL-DQN,218.40560412868328
FL-DQN,218.44383347296497
FL-DQN,171.5181279428361
FL-DQN,199.65606602780656
FL-DQN,207.00839165044368
FL-DQN,232.05830449789454
FL-DQN,233.68590380751402
FL-DQN,198.23517161318304
FL-DQN,233.94156648642408
FL-DQN,211.80931640215042
FL-DQN,120.43291915493148
FL-DQN,201.52013091364756
FL-DQN,254.68561376484087
FL-DQN,160.8186042746589
FL-DQN,221.83150081412836
FL-DQN,271.8988812822998
FL-DQN,192.13915959764364
FL-DQN,218.07306873454132
FL-DQN,173.66344725425068
FL-DQN,273.32585881656144
FL-DQN,215.1666906821151
FL-DQN,219.5853126549966
FL-DQN,264.0462158271912
FL-DQN,240.49026541794635
FL-DQN,188.22862309511083
FL-DQN,195.99255058103125
FL-DQN,234.82766435379216
FL-DQN,196.77988412786004
FL-DQN,146.01372738790207
FL-DQN,216.18981284627137
FL-DQN,167.6727695217565
FL-DQN,272.9535796211667
FL-DQN,224.0107796839472
FL-DQN,187.22404807071842
FL-DQN,194.24649790147657
FL-DQN,153.7604820122867
FL-DQN,180.61829584946287
FL-DQN,252.55498888638377
FL-DQN,293.8807289467413
FL-DQN,242.6974814487646
FL-DQN,214.87055368688502
FL-DQN,203.31338122776683
FL-DQN,185.47914233840368
FL-DQN,288.0320405775512
FL-DQN,211.58254413661126
FL-DQN,289.9314142221251
FL-DQN,265.37966332674205
FL-DQN,158.8129213342267
FL-DQN,195.35761854418408
FL-DQN,195.25246577809003
FL-DQN,215.28522362040485
FL-DQN,215.94931539413238
FL-DQN,319.87212924353685
FL-DQN,181.3742522678582
FL-DQN,225.78497781258926
FL-DQN,238.9612632439053
FL-DQN,217.94655184804733
FL-DQN,221.74613964456617
FL-DQN,182.47649759357603
FL-DQN,221.62053061649118
FL-DQN,235.38756586992864
FL-DQN,229.13841986521837
FL-DQN,237.3868307330111
FL-DQN,266.0286686216319
FL-DQN,249.85686242508763
FL-DQN,220.42401685891286
FL-DQN,178.16021603596855
FL-DQN,197.59982065982194
FL-DQN,210.5325408348079
FL-DQN,226.5797582656092
FL-DQN,201.73668610902058
FL-DQN,186.18507122773204
FL-DQN,177.60124456990854
FL-DQN,161.85995619211195
FL-DQN,210.01167607166465
FL-DQN,168.03137496960963
FL-DQN,183.98212673864867
FL-DQN,204.6073363232937
FL-DQN,172.57881148069126
FL-DQN,230.9115744089557
FL-DQN,243.16758416259336
FL-DQN,199.31948132763645
FL-DQN,203.14107154125995
FL-DQN,236.27261218472864
FL-DQN,193.7241666940209
FL-DQN,191.38704700569195
FL-DQN,258.68094825833384
FL-DQN,248.06238311623477
FL-DQN,238.45270007969327
FL-DQN,249.47191712739917
FL-DQN,150.77252333750965
FL-DQN,264.03040859096564
FL-DQN,231.33011196384723
FL-DQN,252.36656705619498
FL-DQN,231.16350048995633
FL-DQN,219.66344403912532
FL-DQN,208.63948677969015
FL-DQN,230.48290881413098
FL-DQN,207.40057109724523
FL-DQN,247.5077874022138
FL-DQN,164.0604740852252
FL-DQN,199.58642069899454
FL-DQN,287.52399044820595
FL-DQN,196.71326423853867
FL-DQN,209.88475341584174
FL-DQN,187.99224826609742
FL-DQN,229.41875287811803
FL-DQN,192.96699373516537
FL-DQN,211.6892282165603
FL-DQN,246.86146222519238
FL-DQN,194.24204376029627
FL-DQN,244.8127780550175
FL-DQN,245.9557967290521
FL-DQN,253.868507220456
FL-DQN,222.77839382721336
FL-DQN,328.20280861721074
FL-DQN,253.85414568243078
FL-DQN,229.0458392298321
FL-DQN,188.218569921221
FL-DQN,214.6999897202792
FL-DQN,266.4951172146011
FL-DQN,276.12417693129316
FL-DQN,268.26318941496777
FL-DQN,244.69653842880706
FL-DQN,175.30755298595057
FL-DQN,234.5635018060728
FL-DQN,175.79231914619808
FL-DQN,167.4259794250542
FL-DQN,226.13139527562612
FL-DQN,235.78878120717152
FL-DQN,248.71482134834736
FL-DQN,234.9026321731272
FL-DQN,236.07392351525345
FL-DQN,184.5218121102592
FL-DQN,214.43079272072134
FL-DQN,166.75802928842742
FL-DQN,149.88544960039334
FL-DQN,243.18185213466452
FL-DQN,192.3937706111074
FL-DQN,247.6649490728638
FL-DQN,255.68381764792133
FL-DQN,196.9432109628113
FL-DQN,238.07057721488016
FL-DQN,195.52067122713618
FL-DQN,155.240118262688
FL-DQN,222.1925197510436
FL-DQN,201.99028808966415
FL-DQN,203.03697364003753
FL-DQN,285.16166600674785
FL-DQN,166.12086258708916
FL-DQN,231.01761860263002
FL-DQN,184.17655393707844
FL-DQN,248.88088791508903
FL-DQN,228.14666202995224
FL-DQN,230.89770787214087
FL-DQN,185.87375300152317
FL-DQN,191.970010948197
FL-DQN,249.52651724976013
FL-DQN,278.2071225387371
FL-DQN,234.33046578562235
FL-DQN,187.4876954937713
FL-DQN,229.52390976371032
FL-DQN,300.5340495074787
FL-DQN,221.482375564443
FL-DQN,267.7025892193824
FL-DQN,192.8288015614838
FL-DQN,216.56907424436284
FL-DQN,239.06521700826846
FL-DQN,231.5091624809374
FL-DQN,191.94278487622054
FL-DQN,190.47640645755962
FL-DQN,251.6016697054904
FL-DQN,258.5127276301049
FL-DQN,269.4128809761453
FL-DQN,279.3336364305975
FL-DQN,222.57706083496828
FL-DQN,207.41922569612584
FL-DQN,263.93369191846796
FL-DQN,242.24435558295394
FL-DQN,184.59652120530188
FL-DQN,182.856387372357
FL-DQN,234.7256268461145
FL-DQN,211.97266150954403
FL-DQN,217.10138153881627
FL-DQN,254.46613440014661
FL-DQN,243.80726292949123
FL-DQN,263.2156904462267
FL-DQN,152.32777238330556
FL-DQN,226.6155291855208
FL-DQN,241.61940976150504
FL-DQN,166.09608087261876
FL-DQN,195.73354819546094
FL-DQN,189.42350448081675
FL-DQN,218.73773781603714
FL-DQN,273.3470349355982
FL-DQN,286.7680397586066
FL-DQN,190.31422319550842
FL-DQN,235.90294651678153
FL-DQN,236.99912697283872
FL-DQN,231.17927623150143
FL-DQN,231.56530758113396
FL-DQN,228.32724508334516
FL-DQN,275.37738410741827
FL-DQN,255.48386148851395
FL-DQN,181.9547674816589
FL-DQN,245.05451674993867
FL-DQN,248.34069473338937
FL-DQN,228.70888776316082
FL-DQN,256.4684285970928
FL-DQN,224.39451716616728
FL-DQN,224.81590251659253
FL-DQN,222.12217851901949
FL-DQN,149.37970108281127
FL-DQN,215.26645460720027
FL-DQN,195.2794804685446
FL-DQN,177.66076874145307
FL-DQN,266.75662168114377
FL-DQN,235.14305563017157
FL-DQN,216.98574324788538
FL-DQN,198.7966860625175
FL-DQN,228.06976587737716
FL-DQN,251.70882717279545
FL-DQN,189.88316131940402
FL-DQN,217.83583534259526
FL-DQN,247.51426096093985
FL-DQN,152.1759616111396
FL-DQN,216.04262807821627
FL-DQN,203.40409340138368
FL-DQN,213.44978483632883
FL-DQN,200.9446290833553
FL-DQN,222.67923657704804
FL-DQN,283.40332549437244
FL-DQN,206.98663588642927
FL-DQN,227.91817430919963
FL-DQN,285.8213782259098
FL-DQN,199.29947033533313
FL-DQN,279.69896186358494
FL-DQN,218.18098222532166
FL-DQN,278.5844716794075
FL-DQN,243.50683824817486
FL-DQN,228.44168432780234
FL-DQN,215.76855681585604
FL-DQN,196.78259104410685
FL-DQN,220.576912698788
FL-DQN,248.51028960668083
FL-DQN,217.5542113461132
FL-DQN,207.23482462789684
FL-DQN,209.4733938379557
FL-DQN,251.74420486182382
FL-DQN,259.6554894733951
FL-DQN,195.31688253187542
FL-DQN,195.26801284678535
FL-DQN,230.8982032686818
FL-DQN,269.93609020174665
FL-DQN,256.96367048262704
FL-DQN,175.437024785883
FL-DQN,209.0214170202767
FL-DQN,186.35947914055657
FL-DQN,208.90457425488123
FL-DQN,272.5499398652021
FL-DQN,169.63157794137743
FL-DQN,162.95858002847353
FL-DQN,189.82915878325753
FL-DQN,227.76856048758376
FL-DQN,239.10566390178573
FL-DQN,232.87324678529214
FL-DQN,257.9733037098546
FL-DQN,158.05508979604642
FL-DQN,258.40344230420385
FL-DQN,207.3887591184261
FL-DQN,242.8708065333655
FL-DQN,173.00353549005104
FL-DQN,218.1685276983084
FL-DQN,226.03320620002646
FL-DQN,257.29553527494625
FL-DQN,164.10134283133598
FL-DQN,219.04558665018675
FL-DQN,181.10200010116714
FL-DQN,235.18686550308135
FL-DQN,244.4253622395083
FL-DQN,261.763788245275
FL-DQN,199.80899855351527
FL-DQN,249.52570051341888
FL-DQN,264.2706539742198
FL-DQN,162.12960302491413
FL-DQN,238.81972728334733
FL-DQN,250.5893826285236
FL-DQN,209.20330286282712
FL-DQN,176.8336983641463
FL-DQN,250.06049570772853
FL-DQN,177.21669986303627
FL-DQN,211.93605122662933
FL-DQN,216.63578203468683
FL-DQN,242.32829375793597
FL-DQN,196.69452697657388
FL-DQN,194.72415457985292
FL-DQN,221.36312627794578
FL-DQN,252.21727623907148
FL-DQN,295.77330002220697
FL-DQN,166.74563920752166
FL-DQN,228.72162860474364
FL-DQN,181.05780910803406
FL-DQN,252.63958226902923
FL-DQN,186.08948539148608
FL-DQN,195.061960581801
FL-DQN,197.96479079182413
FL-DQN,215.40923608352668
FL-DQN,228.98871829319606
FL-DQN,234.44584738268946
FL-DQN,217.80390342978538
FL-DQN,172.78370523702023
FL-DQN,242.74472911054644
FL-DQN,216.19940543545704
FL-DQN,257.4989828604998
FL-DQN,193.93688149768215
FL-DQN,163.52265927006619
FL-DQN,216.84311590877545
FL-DQN,262.062391401665
FL-DQN,223.47203264494573
FL-DQN,211.21122682812288
FL-DQN,188.40820139964728
FL-DQN,277.764059867148
FL-DQN,182.9935117739175
FL-DQN,193.33659524063984
FL-DQN,237.38116266685677
FL-DQN,154.89529654384916
FL-DQN,261.33608262296553
FL-DQN,239.22256588339008
FL-DQN,248.57385644157773
FL-DQN,236.97597840628825
FL-DQN,212.5218004064834
FL-DQN,181.85294385471562
FL-DQN,213.23743499835135
FL-DQN,184.8419654004104
FL-DQN,234.52928054259704
FL-DQN,245.43051423863545
FL-DQN,268.21149346073906
FL-DQN,230.64009977879735
FL-DQN,249.43556212423633
FL-DQN,207.89707893417517
FL-DQN,201.73857730772139
FL-DQN,234.10484428777124
FL-DQN,204.8599223276251
FL-DQN,227.15231682014036
FL-DQN,181.9194655625957
FL-DQN,188.02465879580575
FL-DQN,239.60391623462186
FL-DQN,248.14746256380727
FL-DQN,184.48769025513286
FL-DQN,240.8008865572183
FL-DQN,199.88698711680067
FL-DQN,218.56117599081054
FL-DQN,266.176110136882
FL-DQN,245.45456595678024
FL-DQN,245.05964759275454
FL-DQN,282.8988721875369
FL-DQN,194.06810240430687
FL-DQN,184.48025085025344
FL-DQN,193.44784281222792
FL-DQN,209.34696418417508
FL-DQN,137.94527911407562
FL-DQN,210.94743995230846
FL-DQN,199.484595115573
FL-DQN,244.64783209152517
FL-DQN,229.98225888634136
FL-DQN,197.57631465584254
FL-DQN,238.05866874233874
FL-DQN,242.59094403400817
FL-DQN,191.86944314709203
FL-DQN,201.23717531699776
FL-DQN,142.3376516386686
FL-DQN,180.91756087144432
FL-DQN,192.75603494559834
FL-DQN,220.52165000460474
FL-DQN,185.85698890176627
FL-DQN,200.5426324403303
FL-DQN,176.33875682619163
FL-DQN,223.8178725500632
FL-DQN,232.47429621588685
FL-DQN,231.68042184627396
FL-DQN,218.4202784847788
FL-DQN,165.6035181189526
FL-DQN,196.92157542764306
FL-DQN,204.15157314117153
FL-DQN,204.28795936069875
FL-DQN,220.54936141165444
FL-DQN,266.4684066606146
FL-DQN,245.6112712312764
FL-DQN,184.42439548514437
FL-DQN,241.06569776008553
FL-DQN,239.77028050063504
FL-DQN,190.5937059196468
FL-DQN,246.86144136960493
FL-DQN,212.54719437786105
FL-DQN,170.06158133950888
FL-DQN,233.47689263766281
FL-DQN,225.37670200289384
FL-DQN,210.25896060768184
FL-DQN,216.7265951105678
FL-DQN,193.5510937177923
FL-DQN,238.74443712910173
FL-DQN,216.52267842669653
FL-DQN,223.65926069423975
FL-DQN,230.14282543058167
FL-DQN,178.74408910950496
FL-DQN,187.59437725601023
FL-DQN,142.86188837304888
FL-DQN,237.20123678867384
FL-DQN,176.78485919260993
FL-DQN,222.50737013645218
FL-DQN,230.6135996479448
FL-DQN,238.4799965223457
FL-DQN,177.06342492957398
FL-DQN,215.7845049832165
FL-DQN,274.7895343067835
FL-DQN,276.28669911946673
FL-DQN,251.56898519691634
FL-DQN,229.47476671984055
FL-DQN,183.82638277925716
FL-DQN,242.4331352632958
FL-DQN,212.6272782226074
FL-DQN,237.0579613592767
FL-DQN,196.48332253502804
FL-DQN,212.12027416344242
FL-DQN,223.58101024259844
FL-DQN,226.37345511079118
FL-DQN,234.78657229164844
FL-DQN,198.30737052615342
FL-DQN,172.3283286282531
FL-DQN,273.242691356593
FL-DQN,302.63464174679416
FL-DQN,233.21230418088086
FL-DQN,172.98426877917626
FL-DQN,191.7113660273422
FL-DQN,235.30999734773295
FL-DQN,263.5979307971637
FL-DQN,176.76171842557687
FL-DQN,213.77268409113736
FL-DQN,224.66169019109495
FL-DQN,247.39566734371974
FL-DQN,206.31756279038711
FL-DQN,164.83030049505456
FL-DQN,239.1207170213987
FL-DQN,256.2430628158221
FL-DQN,215.19189030066454
FL-DQN,231.77816310441867
FL-DQN,201.8672981994796
FL-DQN,189.2437249793196
FL-DQN,252.89847313860542
FL-DQN,231.17485882569167
FL-DQN,234.672532379664
FL-DQN,269.07191503181684
FL-DQN,182.13536063316852
FL-DQN,199.23110688257964
FL-DQN,223.36973386037965
FL-DQN,198.81334991611777
FL-DQN,244.6266421992633
FL-DQN,211.62842648926454
FL-DQN,184.25388454509556
FL-DQN,220.23623695638048
FL-DQN,223.79151820743078
FL-DQN,249.77919013847523
FL-DQN,231.36679070701243
FL-DQN,233.6789773062344
FL-DQN,228.88991725624564
FL-DQN,211.60043427607437
FL-DQN,193.648550086217
FL-DQN,227.82050395641878
FL-DQN,206.67375795995622
FL-DQN,275.45396909499453
FL-DQN,263.6341980222894
FL-DQN,239.51653049995468
FL-DQN,230.8678759359615
FL-DQN,215.00939226664
FL-DQN,175.12179313419742
FL-DQN,210.65014440705318
FL-DQN,221.44760113577874
FL-DQN,225.8015201311185
FL-DQN,233.96423647853808
FL-DQN,249.32522672784128
FL-DQN,194.4667615624425
FL-DQN,194.77542935489362
FL-DQN,267.3291271112674
FL-DQN,244.21337403256706
FL-DQN,204.71378796746708
FL-DQN,214.35482025562396
FL-DQN,214.50772581305344
FL-DQN,219.07352015756703
FL-DQN,234.07122513611284
FL-DQN,304.18975336739425
FL-DQN,224.45172307953018
FL-DQN,240.5283371144585
FL-DQN,160.65979198953517
FL-DQN,201.51340024551962
FL-DQN,259.77971009236455
FL-DQN,231.67872330612494
FL-DQN,80.0
FL-DQN,240.91678887875068
FL-DQN,283.2175894173781
FL-DQN,150.13914207192704
FL-DQN,269.6591809719474
FL-DQN,123.75350855871845
FL-DQN,249.89196413181605
FL-DQN,217.70594671558382
FL-DQN,138.10097868168305
FL-DQN,233.16868612615275
FL-DQN,257.12855147117
FL-DQN,230.3721581299335
FL-DQN,237.88413966002685
FL-DQN,204.0030121804719
FL-DQN,154.71274832248525
FL-DQN,241.52337675946018
FL-DQN,277.49163326117406
FL-DQN,256.40574904373364
FL-DQN,150.41222179355424
FL-DQN,166.49359015482824
FL-DQN,189.23709677889042
FL-DQN,163.83883465647511
FL-DQN,219.50245726490533
FL-DQN,231.37613737613776
FL-DQN,169.3713883697595
FL-DQN,244.42236761536796
FL-DQN,238.43753409668048
FL-DQN,199.3625897553141
FL-DQN,212.13425247654453
FL-DQN,151.70676002779692
FL-DQN,206.7030866862395
FL-DQN,218.2510891204311
FL-DQN,223.73741823775845
FL-DQN,230.88181500868592
FL-DQN,226.30421926983945
FL-DQN,209.0123142929672
FL-DQN,227.73062804684676
FL-DQN,252.06908777254841
FL-DQN,214.7530655074721
FL-DQN,228.79822628827702
FL-DQN,211.67018386942
FL-DQN,196.01019683969457
FL-DQN,235.77790867519855
FL-DQN,199.12231789821303
FL-DQN,231.12899463373446
FL-DQN,218.96068263134154
FL-DQN,207.66622099831514
FL-DQN,206.84314370701352
FL-DQN,200.72388625786664
FL-DQN,162.0427601489735
FL-DQN,231.01843323549753
FL-DQN,225.8725920594629
FL-DQN,246.88878858324878
FL-DQN,199.930465321569
FL-DQN,282.4430432662067
FL-DQN,205.08897777311248
FL-DQN,188.24627216538033
FL-DQN,184.2147127253494
FL-DQN,159.04663829019148
FL-DQN,270.10934834136634
FL-DQN,264.6162912861345
FL-DQN,238.42533553808178
FL-DQN,187.5329805356235
FL-DQN,279.58310117301005
FL-DQN,206.0415485082637
FL-DQN,208.85312173829382
FL-DQN,266.8668087348266
FL-DQN,240.40295987234964
FL-DQN,292.8375067176562
FL-DQN,226.45655685084665
FL-DQN,204.50095281432337
FL-DQN,197.19863396236696
FL-DQN,155.2021299755187
FL-DQN,208.52774372458904
FL-DQN,256.91617352013094
FL-DQN,238.36036187030635
FL-DQN,218.6904722230538
FL-DQN,184.1722289102448
FL-DQN,225.71368261243308
FL-DQN,252.4356659766427
FL-DQN,232.64445471997948
FL-DQN,223.6689957675342
FL-DQN,190.903439788439
FL-DQN,247.48418167980844
FL-DQN,111.51523616269785
FL-DQN,231.01675410141493
FL-DQN,305.39094735211637
FL-DQN,166.7153048307172
FL-DQN,209.79343854015355
FL-DQN,217.7310263357593
FL-DQN,202.27218432207638
FL-DQN,253.2367242470053
FL-DQN,234.06333448808024
FL-DQN,223.17821266660886
FL-DQN,245.10726707975553
FL-DQN,218.56952410843923
FL-DQN,326.11539261999945
FL-DQN,223.1457957443292
FL-DQN,224.63959134864996
FL-DQN,159.84408631450864
FL-DQN,199.52268887168358
FL-DQN,257.01084118119354
FL-DQN,172.59446708776434
FL-DQN,144.64305607373353
FL-DQN,219.09872602037754
FL-DQN,264.6053132541492
FL-DQN,219.44096177566828
FL-DQN,206.57176351070433
FL-DQN,154.81141011680668
FL-DQN,233.37664017187458
FL-DQN,240.48335370202352
FL-DQN,157.42109503056258
FL-DQN,256.57410325570544
FL-DQN,244.0336478803317
FL-DQN,256.4987420466098
FL-DQN,237.83985312233364
FL-DQN,240.22521209958484
FL-DQN,235.70451055585912
FL-DQN,247.52805893104065
FL-DQN,156.16223584978678
FL-DQN,166.9639792568685
FL-DQN,192.97573139354776
FL-DQN,213.5861141631332
FL-DQN,231.1966553924781
FL-DQN,229.0391762097809
FL-DQN,255.98159758950507
FL-DQN,257.04884015173195
FL-DQN,188.33890631801103
FL-DQN,226.11158774171602
FL-DQN,189.1737273774575
FL-DQN,211.59960069597872
FL-DQN,228.9409065476488
FL-DQN,102.10378939996252
FL-DQN,299.9822973477493
FL-DQN,237.25789503151415
FL-DQN,197.7460886359442
FL-DQN,283.53057167782777
FL-DQN,206.1873402034694
FL-DQN,222.50565911815397
FL-DQN,201.43806244648067
FL-DQN,274.1677224730735
FL-DQN,214.43051998560006
FL-DQN,223.08245942514333
FL-DQN,258.92859320286516
FL-DQN,237.8947415536766
FL-DQN,216.15216578544155
FL-DQN,255.75329306015374
FL-DQN,304.30842980055036
FL-DQN,228.79195525918033
FL-DQN,221.96984298766725
FL-DQN,223.80132084304879
FL-DQN,262.5546030282716
FL-DQN,197.62727700888064
FL-DQN,208.53720296980353
FL-DQN,165.7269397296942
FL-DQN,177.7484926702409
FL-DQN,200.394799908269
FL-DQN,216.09814220194562
FL-DQN,278.1488330761841
FL-DQN,236.2237553674576
FL-DQN,186.989330653547
FL-DQN,193.24866349762007
FL-DQN,264.74145522984224
FL-DQN,256.30475185339253
FL-DQN,218.95709694762292
FL-DQN,202.9541001716797
FL-DQN,256.24771641395785
FL-DQN,184.22687769136067
FL-DQN,231.3290335339558
FL-DQN,295.27040569037325
FL-DQN,224.98209319654956
FL-DQN,191.62927770510547
FL-DQN,231.95253589083228
FL-DQN,202.0197035534782
FL-DQN,170.6000613123839
FL-DQN,241.83522491365164
FL-DQN,256.00636961869054
FL-DQN,207.42917314953252
FL-DQN,205.1739870807267
FL-DQN,185.30677670185779
FL-DQN,212.90218958410273
FL-DQN,198.87947498061152
FL-DQN,183.6248886520893
FL-DQN,282.3337402335866
FL-DQN,233.86075576948326
FL-DQN,237.46143367299797
FL-DQN,248.0355853437025
FL-DQN,244.2152313698334
FL-DQN,203.9542616049117
FL-DQN,227.26678918102988
FL-DQN,208.85296353513755
FL-DQN,232.90776324240645
FL-DQN,229.61749012257758
FL-DQN,204.98955113061714
FL-DQN,172.80384342065884
FL-DQN,222.97205993682726
FL-DQN,211.05483741455183
FL-DQN,153.72734357790222
FL-DQN,235.2605001422164
FL-DQN,250.82163181625435
FL-DQN,303.96412015710433
FL-DQN,204.69928488709752
FL-DQN,199.6837955173317
FL-DQN,180.2796849650658
FL-DQN,225.09382482055824
FL-DQN,224.87881813898406
FL-DQN,190.41592461725054
FL-DQN,212.05238401186944
FL-DQN,150.72536732576185
FL-DQN,249.49680942633037
FL-DQN,191.79690517114634
FL-DQN,216.8216840519587
FL-DQN,169.4924236758755
FL-DQN,198.1999776183065
FL-DQN,208.49390078040406
FL-DQN,217.61611120333177
FL-DQN,234.31090552776539
FL-DQN,266.92855283853146
FL-DQN,242.9121720541581
FL-DQN,250.71359446697232
FL-DQN,267.1675397380667
FL-DQN,237.3700679717717
FL-DQN,216.75195534895417
FL-DQN,252.30980481267187
FL-DQN,254.48231572269634
FL-DQN,240.0512384908452
FL-DQN,168.5426617007725
FL-DQN,189.39035479478198
FL-DQN,208.65496046296354
FL-DQN,244.50711470502057
FL-DQN,217.27422175160098
FL-DQN,256.65353353731916
FL-DQN,262.71804537730554
FL-DQN,258.771795935025
FL-DQN,258.9883791923298
FL-DQN,182.74220724160358
FL-DQN,234.40960698149638
FL-DQN,197.34401260751585
FL-DQN,161.93174473378724
FL-DQN,208.22598151010158
FL-DQN,263.04105683132656
FL-DQN,233.66522834402775
FL-DQN,286.60551863460034
FL-DQN,224.02582493911578
FL-DQN,301.22529362215886
FL-DQN,224.03572166757974
FL-DQN,218.76433006922704
FL-DQN,174.50073701066913
FL-DQN,255.7591331699541
FL-DQN,200.9277456160237
FL-DQN,196.00038026010327
FL-DQN,261.5618391679275
FL-DQN,257.37957073906256
FL-DQN,256.4897464851631
FL-DQN,205.68550144213063
FL-DQN,216.26682057962145
FL-DQN,215.96495047834105
FL-DQN,244.60561814286154
FL-DQN,270.82119872880384
FL-DQN,230.51698287674583
FL-DQN,285.1462969021502
FL-DQN,248.5046102131241
FL-DQN,210.01682060010978
FL-DQN,246.17618780838515
FL-DQN,276.0019694760983
FL-DQN,285.94182543360535
FL-DQN,258.35430571636874
FL-DQN,218.87293142437198
FL-DQN,210.6324293620987
FL-DQN,237.5863631210873
FL-DQN,274.9151328392156
FL-DQN,232.74815015529134
FL-DQN,233.45408364353958
FL-DQN,219.74752704678113
FL-DQN,206.85170387053878
FL-DQN,212.4874267741068
FL-DQN,222.60448349834803
FL-DQN,276.41539987215396
FL-DQN,209.84973152995275
FL-DQN,219.78881058098693
FL-DQN,188.5771595461787
FL-DQN,242.36545626008729
FL-DQN,264.46709207642164
FL-DQN,273.2329267625297
FL-DQN,224.91439383965417
FL-DQN,237.52804563149402
FL-DQN,212.7792890462187
FL-DQN,235.95263510961377
FL-DQN,228.67481518497328
FL-DQN,219.98098916655056
FL-DQN,222.68362553742242
FL-DQN,233.36535763538404
FL-DQN,207.99881721525082
FL-DQN,209.75510906934687
FL-DQN,276.0503084648328
FL-DQN,310.15859014077705
FL-DQN,177.05152374984252
FL-DQN,175.177979051214
FL-DQN,185.4568038545229
FL-DQN,214.48819388868912
FL-DQN,248.45653737526675
FL-DQN,238.10260002964125
FL-DQN,223.84905865053594
FL-DQN,235.98380859656857
FL-DQN,194.46907067463545
FL-DQN,209.69982576041096
FL-DQN,217.31678535522292
FL-DQN,164.13664447835703
FL-DQN,178.51545303943175
FL-DQN,179.8667539165596
FL-DQN,243.97967960524832
FL-DQN,226.34206825146217
FL-DQN,238.77608080251406
FL-DQN,155.4517303467162
FL-DQN,167.5587326742455
FL-DQN,240.54932496872084
FL-DQN,123.52523218335428
FL-DQN,259.63739815839335
FL-DQN,156.00721712022514
FL-DQN,246.67372632544925
FL-DQN,187.78812275826328
FL-DQN,253.66272631583382
FL-DQN,327.07747107316084
FL-DQN,140.71196057588173
FL-DQN,241.64282302726204
FL-DQN,156.52246773781286
FL-DQN,232.51014335539514
FL-DQN,210.96974643923562
FL-DQN,222.41259896370266
FL-DQN,187.00266660483993
FL-DQN,244.538397722881
FL-DQN,168.75583350900706
FL-DQN,260.21566693855715
FL-DQN,204.0854895752538
FL-DQN,170.30851696829495
FL-DQN,272.2278519935837
FL-DQN,215.7103498044888
FL-DQN,282.8596229950289
FL-DQN,259.5261083966536
FL-DQN,190.8630460372612
FL-DQN,215.11034676815055
FL-DQN,222.11528994856153
FL-DQN,269.8943087995389
FL-DQN,232.87560225448192
FL-DQN,223.9939491172796
FL-DQN,211.20409403865753
FL-DQN,216.28106078094228
FL-DQN,262.356130913063
FL-DQN,218.12598192711414
FL-DQN,204.57009277586207
FL-DQN,198.80675636913463
FL-DQN,199.17198476957049
FL-DQN,170.32873613454598
FL-DQN,192.4872395168997
FL-DQN,268.946289372111
FL-DQN,210.97562514070512
FL-DQN,241.94999673090734
FL-DQN,133.72227839137162
FL-DQN,237.32258450483988
FL-DQN,212.51400805145013
FL-DQN,201.6310392217227
FL-DQN,224.15263855231848
FL-DQN,201.14194137039107
FL-DQN,145.7882527237959
FL-DQN,249.35642999984586
FL-DQN,226.26259708583856
FL-DQN,207.32595653857305
FL-DQN,185.14969734953712
FL-DQN,168.0248444523574
FL-DQN,225.61235204031397
FL-DQN,272.8569926476622
FL-DQN,224.90766020919529
FL-DQN,170.9861053928439
FL-Only,254.2297858085745
FL-Only,242.81293854788416
FL-Only,280.4257886690434
FL-Only,269.8760602738808
FL-Only,122.58127610149313
FL-Only,267.35493038156676
FL-Only,203.85734421033257
FL-Only,186.70912160060334
FL-Only,237.2725901746839
FL-Only,261.84981547023045
FL-Only,177.7298809782402
FL-Only,273.8876330993596
FL-Only,276.2968927487956
FL-Only,246.9260240482794
FL-Only,209.42743116069101
FL-Only,204.84550182823904
FL-Only,287.0632173947893
FL-Only,183.0398698536679
FL-Only,288.6432888935863
FL-Only,238.22683447565208
FL-Only,241.07078551464286
FL-Only,174.96840407805368
FL-Only,238.98461816472795
FL-Only,270.1570061564664
FL-Only,190.20718639806876
FL-Only,265.4440705573257
FL-Only,248.64950240083994
FL-Only,218.6060198328754
FL-Only,280.04159654614347
FL-Only,154.7074724718792
FL-Only,259.21391069849204
FL-Only,311.39684148100497
FL-Only,304.0376687031271
FL-Only,260.98207554207943
FL-Only,232.6310881786353
FL-Only,218.93209518154714
FL-Only,232.58004244986867
FL-Only,267.29609716463415
FL-Only,211.90300397616394
FL-Only,276.0543765400656
FL-Only,332.45958123813625
FL-Only,242.4627873597768
FL-Only,189.8798130653845
FL-Only,189.86546540102708
FL-Only,276.8391876201746
FL-Only,242.5504066626218
FL-Only,280.95006673862616
FL-Only,223.12099578446666
FL-Only,279.0555654491331
FL-Only,238.50973388856124
FL-Only,214.9673337317181
FL-Only,228.55906236910224
FL-Only,195.9207714276473
FL-Only,326.5637419018461
FL-Only,241.04834564410203
FL-Only,271.42507763597
FL-Only,222.98836555229724
FL-Only,201.87095929882724
FL-Only,235.41089905236467
FL-Only,290.14889386854713
FL-Only,223.64999655267036
FL-Only,209.30818911809396
FL-Only,251.37403401913488
FL-Only,265.4599266294275
FL-Only,312.3567749229805
FL-Only,259.5037696132723
FL-Only,271.4036998197806
FL-Only,274.49028471373316
FL-Only,197.72636934076215
FL-Only,205.5033851107487
FL-Only,200.56025212616834
FL-Only,190.38202401664253
FL-Only,277.6138548696865
FL-Only,256.892053758214
FL-Only,248.25933858674944
FL-Only,138.698622868507
FL-Only,329.27455120336333
FL-Only,208.33484782970422
FL-Only,329.12432299349723
FL-Only,185.58109929329603
FL-Only,211.691552499182
FL-Only,154.68317531710517
FL-Only,259.8471240136506
FL-Only,199.84847034673948
FL-Only,201.00699368196746
FL-Only,188.7269170958497
FL-Only,276.8715575722524
FL-Only,274.17000971426944
FL-Only,319.2933895342302
FL-Only,216.8860285360081
FL-Only,253.9715942129188
FL-Only,192.13725690651998
FL-Only,231.26340006785196
FL-Only,223.72734215547172
FL-Only,264.04244825731223
FL-Only,286.69789406314584
FL-Only,285.6337343240915
FL-Only,210.44469683907795
FL-Only,285.937184089543
FL-Only,243.19250937858033
FL-Only,231.6915272682224
FL-Only,215.95102904042434
FL-Only,222.04263243117637
FL-Only,316.4348676940456
FL-Only,257.603841426255
FL-Only,252.1590857475494
FL-Only,234.2478787999852
FL-Only,345.28512306895914
FL-Only,298.50543004270344
FL-Only,215.43645329324949
FL-Only,233.78178275711042
FL-Only,236.21597372179266
FL-Only,250.98075110958658
FL-Only,216.24973430211116
FL-Only,262.99147745782955
FL-Only,304.5356134136119
FL-Only,191.1412475308293
FL-Only,198.74598377922524
FL-Only,225.19049923281042
FL-Only,227.091382035579
FL-Only,326.93710086458316
FL-Only,286.0700780206084
FL-Only,283.71721643684884
FL-Only,234.16100656595057
FL-Only,233.26115032174062
FL-Only,185.48007803561865
FL-Only,277.0513493499605
FL-Only,265.1332387971602
FL-Only,297.7258919518096
FL-Only,236.35598175239716
FL-Only,239.18705500578372
FL-Only,251.97186667098606
FL-Only,281.5678005957909
FL-Only,184.72115949400336
FL-Only,275.17830148327334
FL-Only,244.15968195091395
FL-Only,201.59587201389846
FL-Only,159.5311641411833
FL-Only,239.4045778129875
FL-Only,304.3562323142369
FL-Only,313.66207133639716
FL-Only,259.57042463747393
FL-Only,325.44223221753214
FL-Only,243.23941559877346
FL-Only,284.085445617354
FL-Only,226.4995335548365
FL-Only,223.9014475893499
FL-Only,217.22212620789392
FL-Only,160.5183131679032
FL-Only,297.77078265782336
FL-Only,218.69306999534132
FL-Only,212.14101003003694
FL-Only,196.62116105388031
FL-Only,236.6212631020124
FL-Only,317.30318473294943
FL-Only,330.8449328837314
FL-Only,176.90445809211457
FL-Only,230.46763216497243
FL-Only,202.59133142615838
FL-Only,285.5218473896723
FL-Only,256.750335439051
FL-Only,218.90065757742676
FL-Only,247.97549630423177
FL-Only,225.42583652228396
FL-Only,311.1840898693708
FL-Only,267.42534011565755
FL-Only,272.46276025757396
FL-Only,135.6563834006512
FL-Only,242.26166416801877
FL-Only,330.4116493214204
FL-Only,299.37129187150407
FL-Only,169.26932697726755
FL-Only,232.14954085997263
FL-Only,195.7377018973324
FL-Only,315.15516397487767
FL-Only,255.01540957331224
FL-Only,213.52038205101113
FL-Only,246.40047568517235
FL-Only,138.09801330819215
FL-Only,200.51658655828035
FL-Only,246.49419275887868
FL-Only,279.67269010658623
FL-Only,165.40612105550903
FL-Only,229.3726323842004
FL-Only,286.3971152792717
FL-Only,185.49041370069585
FL-Only,254.3964962261511
FL-Only,247.70495462734615
FL-Only,315.2895931346207
FL-Only,235.56441608242287
FL-Only,237.96437546662213
FL-Only,280.0533498797522
FL-Only,190.61970460997688
FL-Only,235.94378853141478
FL-Only,226.31527455553908
FL-Only,239.3046156790909
FL-Only,279.7846644074764
FL-Only,267.7206208883691
FL-Only,214.30402535032428
FL-Only,250.6046673364157
FL-Only,306.1081061781215
FL-Only,210.91400634931048
FL-Only,250.9518379962775
FL-Only,237.08041224551624
FL-Only,242.41679435069216
FL-Only,178.14303748777456
FL-Only,302.84127702680036
FL-Only,213.2515720635845
FL-Only,287.06895077629486
FL-Only,219.52355907005204
FL-Only,219.35430927227384
FL-Only,294.73805326908416
FL-Only,285.7492687425949
FL-Only,253.5553018575233
FL-Only,276.2071725420591
FL-Only,233.1693360094876
FL-Only,244.65692726352552
FL-Only,217.8733999089834
FL-Only,282.06666292131064
FL-Only,216.57005342213856
FL-Only,305.89141014245195
FL-Only,232.0507990988872
FL-Only,245.8408511246697
FL-Only,276.1078488468277
FL-Only,245.97844126877285
FL-Only,232.78575911430227
FL-Only,243.76903863985268
FL-Only,281.64655249586093
FL-Only,217.82305889239507
FL-Only,239.82428270179614
FL-Only,245.4217558208365
FL-Only,280.4479930166339
FL-Only,240.9063396712711
FL-Only,319.1402628742426
FL-Only,238.58191831368111
FL-Only,235.2549708253835
FL-Only,237.987683013673
FL-Only,191.01770142502158
FL-Only,202.49419928289393
FL-Only,223.24265752069718
FL-Only,291.5690238028553
FL-Only,243.64183156615758
FL-Only,225.12958822575604
FL-Only,295.2879245698704
FL-Only,308.5982624485827
FL-Only,296.4706808972182
FL-Only,210.02331011335855
FL-Only,224.69480657206012
FL-Only,319.36317888290347
FL-Only,254.8867273720009
FL-Only,234.0272903392608
FL-Only,274.45226641456435
FL-Only,286.2992617616826
FL-Only,221.57056759194117
FL-Only,253.99703830341718
FL-Only,282.9889628378994
FL-Only,197.42822701564603
FL-Only,245.50616375447174
FL-Only,199.31002422492065
FL-Only,204.67319962600075
FL-Only,221.91289682330753
FL-Only,264.5619010530583
FL-Only,231.79707222583647
FL-Only,218.41485687629535
FL-Only,247.11373709632332
FL-Only,197.97452814107638
FL-Only,262.5809319311903
FL-Only,291.38685724029074
FL-Only,241.75263431949153
FL-Only,236.69139127469145
FL-Only,260.31105448183837
FL-Only,161.83275382790666
FL-Only,267.0095157205126
FL-Only,372.1773179535394
FL-Only,239.97027493429647
FL-Only,240.11587361763043
FL-Only,275.48788700408704
FL-Only,312.45863939611644
FL-Only,284.9736816217995
FL-Only,156.62011797807443
FL-Only,268.09935234417264
FL-Only,350.4491359549087
FL-Only,270.5200829171381
FL-Only,197.66132155585825
FL-Only,256.5550146011632
FL-Only,192.49182269501625
FL-Only,295.54495126002325
FL-Only,205.80881389085505
FL-Only,248.04398902237295
FL-Only,209.83101991833425
FL-Only,222.59562964053237
FL-Only,305.9321764802803
FL-Only,249.24174376064158
FL-Only,222.0726985772455
FL-Only,198.04565319364437
FL-Only,168.2602390576231
FL-Only,193.69749402556985
FL-Only,249.5903288992195
FL-Only,285.1895845176292
FL-Only,222.02558881068975
FL-Only,309.3922876294796
FL-Only,215.5824826886427
FL-Only,235.24151936192496
FL-Only,200.73735446617266
FL-Only,285.6212311172821
FL-Only,330.99793517582725
FL-Only,172.76550460161587
FL-Only,230.80735518597737
FL-Only,296.85597372905147
FL-Only,185.67523362155035
FL-Only,268.23404018581454
FL-Only,295.0803602085104
FL-Only,248.20738138863032
FL-Only,267.5607859085454
FL-Only,317.1969978312319
FL-Only,324.88548871814703
FL-Only,242.4593442655862
FL-Only,223.17250817873145
FL-Only,207.28081544597845
FL-Only,285.0555301675772
FL-Only,188.7572021305703
FL-Only,234.64446444236071
FL-Only,249.2102806091331
FL-Only,224.37689697853108
FL-Only,256.4726308657841
FL-Only,350.1450460500031
FL-Only,240.01445779579177
FL-Only,227.14836927547702
FL-Only,286.62860479965593
FL-Only,254.8229294099664
FL-Only,304.0127666196664
FL-Only,251.75219241260845
FL-Only,234.81464847318765
FL-Only,171.86727958812324
FL-Only,178.59087755371866
FL-Only,169.7363536924888
FL-Only,260.5529058176538
FL-Only,189.14777132543415
FL-Only,296.4786720026947
FL-Only,246.2401091590941
FL-Only,234.98833631683158
FL-Only,210.40194191662215
FL-Only,270.5126086790784
FL-Only,212.01558939876114
FL-Only,204.5995018331349
FL-Only,293.7223467448193
FL-Only,259.5394675917759
FL-Only,235.36789344182083
FL-Only,271.29875237408237
FL-Only,245.36620679753864
FL-Only,260.70353916851906
FL-Only,211.50923600260634
FL-Only,329.88634296533553
FL-Only,221.23558132527478
FL-Only,308.79666940494906
FL-Only,237.25637717851646
FL-Only,278.09098174185345
FL-Only,275.1031634600716
FL-Only,292.0209219611519
FL-Only,210.53442800627005
FL-Only,289.10105145243335
FL-Only,320.70403388736906
FL-Only,234.39358785108385
FL-Only,246.422948752827
FL-Only,223.53868765831368
FL-Only,230.7961136604109
FL-Only,315.16833475623207
FL-Only,203.82638442866164
FL-Only,206.37312830411835
FL-Only,311.04693839298943
FL-Only,270.60648546142284
FL-Only,331.9351802107435
FL-Only,226.53201584914
FL-Only,250.17752662674033
FL-Only,217.912245305356
FL-Only,250.87534791455553
FL-Only,172.26203541134356
FL-Only,273.08313682285535
FL-Only,258.2624374231859
FL-Only,242.64025883889732
FL-Only,228.99506269141375
FL-Only,208.31508651790793
FL-Only,274.8362293933432
FL-Only,196.98531058616032
FL-Only,265.98773239401896
FL-Only,330.05250718718776
FL-Only,305.9063810344162
FL-Only,183.28975435050322
FL-Only,222.99373952592458
FL-Only,262.2794803627688
FL-Only,242.11844119741164
FL-Only,187.62436555042075
FL-Only,260.79795401041315
FL-Only,244.58930730023172
FL-Only,323.48734175275507
FL-Only,234.61762319268468
FL-Only,292.88813879839023
FL-Only,193.049375471671
FL-Only,202.85161878624317
FL-Only,274.5881403521891
FL-Only,289.4329620049024
FL-Only,205.7468982309499
FL-Only,245.98717366584037
FL-Only,188.3552538853078
FL-Only,237.56998712147535
FL-Only,279.31383421058916
FL-Only,227.16670153541807
FL-Only,234.7895770563041
FL-Only,198.67838866986187
FL-Only,218.41730504137803
FL-Only,317.0825475647879
FL-Only,247.98992056040245
FL-Only,203.9053815673255
FL-Only,232.09435005336235
FL-Only,179.50546753217094
FL-Only,203.4194526222513
FL-Only,300.77392930090457
FL-Only,239.1582206001492
FL-Only,322.5199372201495
FL-Only,241.0907386216617
FL-Only,243.52487345614867
FL-Only,271.2766605002271
FL-Only,135.42390912900456
FL-Only,253.40251226979657
FL-Only,242.99155398950097
FL-Only,305.927594634121
FL-Only,284.5518551607083
FL-Only,198.51864089258117
FL-Only,295.9276833637308
FL-Only,234.2451044511792
FL-Only,207.91741772186214
FL-Only,253.0812332857193
FL-Only,236.68645641778346
FL-Only,308.0770778751695
FL-Only,258.9655031681396
FL-Only,253.43201575632622
FL-Only,281.926530397073
FL-Only,289.8077363418012
FL-Only,277.1278088661893
FL-Only,303.1980023854131
FL-Only,269.95597892946535
FL-Only,251.87371005379478
FL-Only,295.8060545456092
FL-Only,241.27325825663232
FL-Only,246.36310717013112
FL-Only,315.58465360917353
FL-Only,311.4988892461645
FL-Only,244.66479191614377
FL-Only,226.40438533046972
FL-Only,304.99011350854846
FL-Only,277.81715267452375
FL-Only,257.9388314220919
FL-Only,231.80321888221226
FL-Only,258.59955972729836
FL-Only,244.1099531446042
FL-Only,217.7621346375072
FL-Only,250.29073547207665
FL-Only,255.8823858712239
FL-Only,229.60880225627054
FL-Only,282.0568532329902
FL-Only,297.8421280847505
FL-Only,284.76580543987194
FL-Only,233.6738162062262
FL-Only,275.98868167172327
FL-Only,248.19641729586164
FL-Only,194.334414878796
FL-Only,272.58190451840755
FL-Only,250.9913972792349
FL-Only,351.33546808484164
FL-Only,304.748105394421
FL-Only,274.1571564343155
FL-Only,255.21599055281536
FL-Only,251.71261245737875
FL-Only,203.8487344510426
FL-Only,173.70152368480365
FL-Only,209.22507652765583
FL-Only,243.04360225501236
FL-Only,158.67288959343165
FL-Only,222.6828065168173
FL-Only,234.84786564189852
FL-Only,236.16751130709622
FL-Only,217.86933247428607
FL-Only,230.9979336103626
FL-Only,315.6796469530783
FL-Only,272.1479565411147
FL-Only,222.02766814717586
FL-Only,242.19774067715952
FL-Only,243.83915323825707
FL-Only,213.5138272166538
FL-Only,213.46566107250197
FL-Only,286.43148483339525
FL-Only,227.78884052181053
FL-Only,200.11744813173428
FL-Only,243.23124589315285
FL-Only,249.83839987829407
FL-Only,164.11912680805275
FL-Only,243.3293993294951
FL-Only,280.5871773082787
FL-Only,263.5004048063952
FL-Only,336.42159972299385
FL-Only,296.29548877479937
FL-Only,304.406295014785
FL-Only,359.8035233724874
FL-Only,276.0844067327585
FL-Only,251.68587852524075
FL-Only,284.9233520306846
FL-Only,222.07130623080525
FL-Only,249.41513909929375
FL-Only,218.44316663378913
FL-Only,261.31736686007815
FL-Only,218.27172739118737
FL-Only,216.83593150566958
FL-Only,261.9524050173257
FL-Only,239.35383092799674
FL-Only,165.97163343561337
FL-Only,185.32216622620433
FL-Only,197.96207385008
FL-Only,208.79815184932704
FL-Only,261.99135650862416
FL-Only,253.97649272993706
FL-Only,288.6764542396672
FL-Only,275.8648747406126
FL-Only,288.94802120348896
FL-Only,269.94424384982403
FL-Only,253.5968516727511
FL-Only,290.0734214337939
FL-Only,282.6959244613441
FL-Only,260.41991006971364
FL-Only,297.11394670526585
FL-Only,148.82268205736074
FL-Only,233.09100986024157
FL-Only,232.46259090827903
FL-Only,292.2599979767444
FL-Only,309.4271948749815
FL-Only,185.54264582137924
FL-Only,302.8578541401203
FL-Only,196.97074737292297
FL-Only,198.21017493200628
FL-Only,235.39428620457804
FL-Only,231.95353464256402
FL-Only,181.10489153160808
FL-Only,271.64499691319526
FL-Only,272.8554994137907
FL-Only,288.2157054427105
FL-Only,227.22833147910754
FL-Only,243.37710868612962
FL-Only,243.75248623899165
FL-Only,314.20781310020703
FL-Only,128.79596391203805
FL-Only,205.76528169144677
FL-Only,245.22717455446372
FL-Only,200.49162036846437
FL-Only,234.40886535188417
FL-Only,239.83090300883373
FL-Only,218.03486953950878
FL-Only,247.64322597020958
FL-Only,270.75412038807036
FL-Only,235.31307575372892
FL-Only,226.41901590728185
FL-Only,238.20363841719123
FL-Only,244.69510978753084
FL-Only,173.6468978212887
FL-Only,263.9237106364124
FL-Only,226.50894959268143
FL-Only,296.7229380672531
FL-Only,269.2331925013415
FL-Only,292.97272257300585
FL-Only,203.54884445768874
FL-Only,229.77314771131552
FL-Only,194.05920201424624
FL-Only,216.08716043389762
FL-Only,296.33632240485224
FL-Only,305.9871136948223
FL-Only,197.92653491301715
FL-Only,226.21061559899138
FL-Only,241.87597744701807
FL-Only,269.00983131420105
FL-Only,172.8477791950038
FL-Only,179.27699665733402
FL-Only,265.0746718987685
FL-Only,165.0894186743651
FL-Only,226.68130634830632
FL-Only,251.64576415091247
FL-Only,262.0423047672578
FL-Only,239.1895580827029
FL-Only,230.00397451905124
FL-Only,279.6274052483757
FL-Only,256.69344298099605
FL-Only,218.47231849999014
FL-Only,246.54663876397177
FL-Only,260.7099299289039
FL-Only,315.4477268995066
FL-Only,277.23927039995476
FL-Only,294.79683109411167
FL-Only,219.96509675171518
FL-Only,223.50850084354488
FL-Only,235.3494202946674
FL-Only,239.11352148783527
FL-Only,203.6709767300815
FL-Only,296.9032786888296
FL-Only,281.2174171481105
FL-Only,232.4672076866382
FL-Only,271.310136609568
FL-Only,254.13886568315735
FL-Only,274.51294721818635
FL-Only,189.88340793544916
FL-Only,239.02789599890517
FL-Only,242.6204203558624
FL-Only,270.5693260840777
FL-Only,219.23405835153252
FL-Only,142.50284031262174
FL-Only,200.65031157500025
FL-Only,242.4970325858528
FL-Only,247.6192532456366
FL-Only,314.03367302762433
FL-Only,268.8926040669821
FL-Only,248.34274144849107
FL-Only,243.67195765196107
FL-Only,290.2715186689574
FL-Only,220.80547146154504
FL-Only,239.24836470263546
FL-Only,200.34041707432965
FL-Only,303.17514799650746
FL-Only,261.09245641706616
FL-Only,215.99154486383821
FL-Only,240.30734457694936
FL-Only,265.8956812914575
FL-Only,234.72052457838672
FL-Only,223.08670450978337
FL-Only,218.1747788746424
FL-Only,258.89743786888573
FL-Only,230.3197745523619
FL-Only,226.3959328747274
FL-Only,190.22146804272836
FL-Only,248.18326363761395
FL-Only,237.56983900953176
FL-Only,231.81241770567945
FL-Only,253.14959777703746
FL-Only,275.6680927721718
FL-Only,273.76418434955923
FL-Only,267.66186853689027
FL-Only,235.13251857593542
FL-Only,221.75306822640908
FL-Only,202.19945870578007
FL-Only,220.68058319913865
FL-Only,245.80565390059934
FL-Only,212.76226901224823
FL-Only,248.93834270381515
FL-Only,205.41627620561357
FL-Only,176.89933255071207
FL-Only,278.5956509554566
FL-Only,225.5490015900004
FL-Only,210.68162021782047
FL-Only,200.15226720680502
FL-Only,262.3444749639464
FL-Only,301.37121617018664
FL-Only,228.47397169874807
FL-Only,236.16190163883414
FL-Only,288.936905435452
FL-Only,170.7717261213092
FL-Only,325.64161435941935
FL-Only,345.20811239538114
FL-Only,134.0401612937766
FL-Only,241.00236761441298
FL-Only,215.5231716933479
FL-Only,234.1443573929059
FL-Only,227.84621214574713
FL-Only,278.2821230376537
FL-Only,240.38463381431237
FL-Only,207.6528042178018
FL-Only,237.94040838689992
FL-Only,266.1061537154588
FL-Only,196.46742556162343
FL-Only,177.5044187522308
FL-Only,326.7024548342481
FL-Only,218.66050613195412
FL-Only,239.36852753629955
FL-Only,228.69038836115152
FL-Only,267.4715958673678
FL-Only,317.68438684673276
FL-Only,268.77728751090063
FL-Only,182.74702895086037
FL-Only,188.25093949265028
FL-Only,228.64244421159643
FL-Only,234.00243881913607
FL-Only,174.39999794858937
FL-Only,278.59297772715206
FL-Only,200.46085712685937
FL-Only,306.22536404715595
FL-Only,319.64593648543456
FL-Only,234.82160516208074
FL-Only,262.9978782571456
FL-Only,194.49016389454772
FL-Only,270.5707293856437
FL-Only,224.57411063919082
FL-Only,200.4233518148775
FL-Only,233.13726548162765
FL-Only,225.90433165538013
FL-Only,231.66846447684608
FL-Only,283.9368760154707
FL-Only,212.80238870193494
FL-Only,316.13594299072895
FL-Only,190.6725550541605
FL-Only,311.2326412003224
FL-Only,203.32306450182557
FL-Only,244.95845746599875
FL-Only,224.9019593474012
FL-Only,230.90712446694795
FL-Only,277.8556466905775
FL-Only,306.49289868638124
FL-Only,293.8115129031813
FL-Only,228.40089037398425
FL-Only,252.55446411858668
FL-Only,212.93480717959716
FL-Only,204.34643718443752
FL-Only,198.0016628651246
FL-Only,227.0594944136507
FL-Only,255.2338308716126
FL-Only,166.6155784501883
FL-Only,243.0994981941886
FL-Only,307.1570301065305
FL-Only,290.99835383203913
FL-Only,221.0074528624067
FL-Only,187.72821071940578
FL-Only,263.8530425650579
FL-Only,149.98544174149248
FL-Only,290.5163187511898
FL-Only,236.24291422678715
FL-Only,320.0833131436734
FL-Only,174.1944150913649
FL-Only,282.6439952335212
FL-Only,240.87913769061785
FL-Only,231.4269282096447
FL-Only,188.8364179263021
FL-Only,269.4256641751804
FL-Only,272.72163277585116
FL-Only,318.19023988060144
FL-Only,286.3300607772843
FL-Only,220.65029151281487
FL-Only,203.84163407168188
FL-Only,188.89185122558217
FL-Only,305.4021981712183
FL-Only,213.09485434460748
FL-Only,305.6894246278236
FL-Only,266.52795367534475
FL-Only,258.5260181453524
FL-Only,232.41839918502777
FL-Only,272.08758943309226
FL-Only,244.3656987236911
FL-Only,229.86225504977878
FL-Only,273.5361962525762
FL-Only,239.09714352193365
FL-Only,212.2682740717081
FL-Only,269.5928977938867
FL-Only,242.3765881192288
FL-Only,265.04531048206997
FL-Only,226.39174580747834
FL-Only,195.4260265080808
FL-Only,316.1380324630853
FL-Only,308.41106784130653
FL-Only,281.2351834117404
FL-Only,229.0997618996548
FL-Only,232.68696310039604
FL-Only,301.67542528175505
FL-Only,230.49296845973606
FL-Only,219.0652025097608
FL-Only,321.76162170109455
FL-Only,243.04521505383124
FL-Only,317.50543846906766
FL-Only,187.66593166170992
FL-Only,266.2455801941646
FL-Only,329.91438656788125
FL-Only,246.21978053101333
FL-Only,234.17581581702035
FL-Only,197.1221713784648
FL-Only,289.37606523184513
FL-Only,213.42474861173181
FL-Only,241.11284906501047
FL-Only,194.38540652850293
FL-Only,308.83267860399474
FL-Only,292.350297739753
FL-Only,243.70502528226163
FL-Only,197.67989364093594
FL-Only,307.9721890189479
FL-Only,229.99679919106697
FL-Only,199.68660152648175
FL-Only,172.7531614886257
FL-Only,218.51542959235522
FL-Only,185.35983697627248
FL-Only,219.4643457025642
FL-Only,275.52075808160635
FL-Only,229.60859327701544
FL-Only,259.58342866666214
FL-Only,215.3432789591785
FL-Only,247.6719317209335
FL-Only,323.7569337055269
FL-Only,230.71207080089724
FL-Only,260.761606942406
FL-Only,180.81338367379402
FL-Only,307.3243510190917
FL-Only,225.43452821326053
FL-Only,288.07187964616656
FL-Only,239.94960787388487
FL-Only,270.07475396585306
FL-Only,272.511509515651
FL-Only,226.4499460799786
FL-Only,289.7681638662359
FL-Only,213.88162057628293
FL-Only,276.8953030211293
FL-Only,229.00158293917224
FL-Only,259.33187589391446
FL-Only,226.0582869034753
FL-Only,247.04901496297043
FL-Only,200.93755823063753
FL-Only,255.14983637224057
FL-Only,246.81170123334303
FL-Only,222.85370428302863
FL-Only,242.74385337799785
FL-Only,250.4941835228843
FL-Only,219.7293608161304
FL-Only,239.72089839508357
FL-Only,203.77237042330825
FL-Only,341.1750545974013
FL-Only,288.4238650685356
FL-Only,256.1968583308936
FL-Only,293.0566300265445
FL-Only,163.8506484559651
FL-Only,140.13513074880575
FL-Only,228.62906646825385
FL-Only,188.47887011231353
FL-Only,235.2991734976185
FL-Only,253.43192226439086
FL-Only,282.73699443196506
FL-Only,198.33117664471624
FL-Only,261.38485813256295
FL-Only,245.58997741924154
FL-Only,259.24788170725645
FL-Only,223.6893500191024
FL-Only,301.7085407343469
FL-Only,240.75614541438122
FL-Only,317.7414711636545
FL-Only,212.59406519902882
FL-Only,275.4559209381777
FL-Only,242.55359229701833
FL-Only,231.56256091666268
FL-Only,270.9249289591694
FL-Only,232.73388735322683
FL-Only,135.85942117654955
FL-Only,119.4224069498534
FL-Only,297.169308571646
FL-Only,295.4405967730675
FL-Only,322.3809787964938
FL-Only,244.28134182043073
FL-Only,192.00197311808645
FL-Only,227.79706245130893
FL-Only,245.46840512981382
FL-Only,203.7114328043105
FL-Only,312.59156364192853
FL-Only,336.81961806539323
FL-Only,264.60950872993726
FL-Only,244.55458638537397
FL-Only,191.90635388254827
FL-Only,308.4037897423981
FL-Only,248.1285792448109
FL-Only,233.1442596651649
FL-Only,264.728137635656
FL-Only,220.9858273114434
FL-Only,251.02188209799456
FL-Only,185.85885911532796
FL-Only,289.5705747593498
FL-Only,240.7191473134374
FL-Only,292.5108352859945
FL-Only,236.7534167084936
FL-Only,239.4158119398569
FL-Only,195.29498544002973
FL-Only,276.15003589374385
FL-Only,209.09056188505326
FL-Only,225.05668269883162
FL-Only,245.042934629384
FL-Only,249.97019153126362
FL-Only,175.05002545107186
FL-Only,235.53695951499134
FL-Only,277.6044389643922
FL-Only,229.48814058451998
FL-Only,235.78599807725382
FL-Only,251.6586480845518
FL-Only,239.83562226557305
FL-Only,202.7488644021082
FL-Only,243.5098089296569
FL-Only,285.75699997024174
FL-Only,201.9017861620493
FL-Only,229.64624253108147
FL-Only,188.35311571866183
FL-Only,283.59665997010416
FL-Only,241.21331351964696
FL-Only,210.14181502215962
FL-Only,248.78288960587028
FL-Only,195.65239118928645
FL-Only,202.62668321012333
FL-Only,185.134525276077
FL-Only,201.26205126014662
FL-Only,300.6508409439921
FL-Only,214.94214841741356
FL-Only,264.11523002871064
FL-Only,210.7116417818072
FL-Only,276.14088357629197
FL-Only,202.93063796181605
FL-Only,246.60834503823202
FL-Only,247.1669037046269
FL-Only,340.44001879349025
FL-Only,270.8474368071868
FL-Only,220.69093541249978
FL-Only,273.0870075096711
FL-Only,332.6651532898935
FL-Only,178.1849202901439
FL-Only,210.45823625468222
FL-Only,235.28720007635496
FL-Only,227.89938268718
FL-Only,231.35697536847513
FL-Only,191.52647711067704
FL-Only,302.5621981955505
FL-Only,186.6730474624586
FL-Only,236.79127480547754
FL-Only,287.8790542621886
FL-Only,243.76242085702003
FL-Only,204.84483915698647
FL-Only,189.70429808866774
FL-Only,235.57003296286092
FL-Only,213.96178780013088
FL-Only,253.4144747598221
FL-Only,187.54050294330864
FL-Only,278.3344652123925
FL-Only,249.73753044974305
FL-Only,252.78329216845157
FL-Only,304.0841479078407
FL-Only,227.0503845667535
FL-Only,215.2415155159378
FL-Only,222.5416912377782
FL-Only,237.10641064954643
FL-Only,241.27043931355553
FL-Only,210.9413927993273
FL-Only,162.05350462564456
FL-Only,222.00191096395943
FL-Only,259.75285231776246
FL-Only,250.5865905563932
FL-Only,294.1817332628589
FL-Only,325.1749483025153
FL-Only,276.1326846297972
FL-Only,301.68334633873724
FL-Only,276.43774598278793
FL-Only,315.10586949302274
FL-Only,320.88499900594195
FL-Only,283.997772001936
FL-Only,273.961586003408
FL-Only,236.58548095056793
FL-Only,243.3051714804797
FL-Only,231.14866941463924
FL-Only,270.47131604669727
FL-Only,215.4657304682667
FL-Only,237.1646453990237
FL-Only,148.4380347076897
FL-Only,315.6466856856729
FL-Only,235.96054211396094
FL-Only,263.67879793079965
FL-Only,304.7692544831675
FL-Only,257.3120309350884
FL-Only,304.21809178583067
FL-Only,194.08874970179397
FL-Only,343.2924401735058
FL-Only,289.5715181380394
FL-Only,253.57730219195227
FL-Only,303.42825263764325
FL-Only,197.08596967443574
FL-Only,233.16678997045076
FL-Only,304.21426625249757
FL-Only,168.45053258330643
FL-Only,267.978768773311
FL-Only,266.8192225536513
FL-Only,325.73825848970864
FL-Only,180.09882779138832
FL-Only,310.994873338297
FL-Only,222.061699530895
FL-Only,226.67261214361395
FL-Only,194.89782013464847
FL-Only,200.39806646385608
FL-Only,261.5444162456108
FL-Only,199.39439149396443
FL-Only,275.3516576797695
FL-Only,217.8183920742401
FL-Only,195.26561396020546
FL-Only,223.35982499924432
FL-Only,258.8049948620085
FL-Only,233.6285162608282
FL-Only,246.40261485164473
FL-Only,273.54450593527946
FL-Only,289.3792795162949
FL-Only,232.28609234783332
FL-Only,202.1868973613775
FL-Only,248.11987363582315
FL-Only,264.29663303026695
FL-Only,185.11026245515004
FL-Only,208.485059822689
FL-Only,215.51333726551943
FL-Only,236.47929026246456
FL-Only,213.79760995130178
FL-Only,273.98866972897287
FL-Only,179.18953874020488
FL-Only,180.2315334150286
FL-Only,231.31055872803003
FL-Only,237.7982350302659
FL-Only,185.35960121281775
FL-Only,220.12329745144984
FL-Only,228.55720348581735
FL-Only,228.87478417209203
FL-Only,251.22714081486095
FL-Only,217.87526573863397
FL-Only,305.5912883003392
FL-Only,265.0163902290765
FL-Only,211.9083456537058
FL-Only,248.87497122807048
FL-Only,250.0846280628298
FL-Only,294.80358045440903
FL-Only,220.3843204144296
FL-Only,276.4608866065435
FL-Only,246.7160335070816
FL-Only,306.1542271743994
FL-Only,297.9265495582157
FL-Only,253.0761514882966
FL-Only,234.24641253834153
FL-Only,265.77084229685767
FL-Only,237.60154888778618
FL-Only,313.8925913451117
FL-Only,248.2172732052575
FL-Only,228.36865206697368
FL-Only,226.15578147096906
FL-Only,195.265541006853
FL-Only,267.8189242518262
FL-Only,211.3795406917804
FL-Only,290.0240783396976
FL-Only,191.9896627859355
FL-Only,250.21689940790327
FL-Only,292.1591740983956
FL-Only,156.75787035043092
FL-Only,327.7488872954796
FL-Only,227.5633069148775
FL-Only,250.7849106686477
FL-Only,268.4294182461701
FL-Only,274.7712913007377
FL-Only,256.229241468647
FL-Only,285.8927679319611
FL-Only,266.2818992297943
FL-Only,317.19612674132446
FL-Only,266.4154292570385
FL-Only,325.5500563152066
FL-Only,281.9442324497439
FL-Only,170.96424484350123
FL-Only,352.0552098139015
FL-Only,221.45189155243403
FL-Only,306.3173046232711
FL-Only,246.09853116789697
FL-Only,288.50470056170576
FL-Only,216.77236465450244
FL-Only,270.6555262666731
FL-Only,234.61918763882937
FL-Only,309.7391275751854
FL-Only,262.9853948640974
FL-Only,283.3736482933642
FL-Only,156.27284826960414
FL-Only,241.49152012866637
FL-Only,261.83261703739015
FL-Only,254.16821116402798
FL-Only,284.40744576243185
FL-Only,229.99792594936437
FL-Only,247.00027130641985
FL-Only,293.4302973410147
FL-Only,151.57375085874037
FL-Only,269.16337056717197
FL-Only,231.31072213426432
FL-Only,207.59495689330151
FL-Only,258.7983131953152
FL-Only,295.3255031691549
FL-Only,287.6048970908514
FL-Only,239.46036573282822
FL-Only,280.9053795141989
FL-Only,280.5907838362796
FL-Only,241.41777790978017
FL-Only,216.58369736848348
FL-Only,218.9554047239845
FL-Only,279.3519873035936
FL-Only,243.27198063777968
FL-Only,202.10652899104588
FL-Only,175.92062374412586
FL-Only,279.10508953595155
FL-Only,222.58208468716683
FL-Only,258.5458979818952
FL-Only,295.8279831898341
FL-Only,191.33409644900712
FL-Only,243.14936739897337
FL-Only,238.00154000502636
FL-Only,260.5694579007464
FL-Only,295.80555993523785
FL-Only,190.49247559884128
FL-Only,268.36171589693646
FL-Only,287.2924747747418
FL-Only,237.3585403777719
FL-Only,239.36467329138193
FL-Only,262.1564241283818
FL-Only,259.13750019348134
FL-Only,268.87645690205204
FL-Only,268.0125015824499
FL-Only,204.7391354697583
FL-Only,285.60092640590267
FL-Only,292.8381096497998
FL-Only,252.62939864130223
FL-Only,183.73963243146366
FL-Only,240.2954260539963
FL-Only,252.9706409545633
FL-Only,198.07139025074048
FL-Only,230.23433939334245
FL-Only,187.2158551100998
FL-Only,269.8989812244442
FL-Only,251.8041679109841
FL-Only,177.52289024261597
FL-Only,259.4100593248612
FL-Only,242.68313315699805
FL-Only,266.1729855929306
FL-Only,228.94717021602747
FL-Only,212.139344569536
FL-Only,213.3953703152299
FL-Only,222.9350211215154
FL-Only,245.77182895982293
FL-Only,251.06629708241647
FL-Only,237.1804850098678
FL-Only,227.64389849114272
FL-Only,230.59246601177526
FL-Only,347.81671620578425
FL-Only,213.40026878857344
FL-Only,222.1231476496061
FL-Only,380.04801844309407
FL-Only,262.26154540088265
FL-Only,188.42079269794849
FL-Only,279.5501753630678
FL-Only,207.68840554275295
FL-Only,282.27152182000896
FL-Only,236.35054654580205
FL-Only,226.9683701709343
FL-Only,310.9757637219309
FL-Only,268.22245545902905
FL-Only,284.8925669354175
FL-Only,262.8317068603178
FL-Only,226.77777452448296
FL-Only,270.06553123058654
FL-Only,294.5778311000629
FL-Only,250.52425978421968
FL-Only,318.86734677820675
FL-Only,279.8699753312783
FL-Only,253.69128454063608
FL-Only,255.31094777173053
FL-Only,250.6267222876726
FL-Only,193.69920979060535
FL-Only,241.3070399718472
FL-Only,254.06864589898785
FL-Only,227.9405100280723
FL-Only,258.8447577668925
FL-Only,245.87360710455957
FL-Only,276.7213675350495
FL-Only,272.187607623695
FL-Only,251.85328479097848
FL-Only,188.94427145661808
FL-Only,318.419632285928
FL-Only,239.18246905858314
FL-Only,241.6836553984996
FL-Only,230.9566452033251
FL-Only,224.975122101313
FL-Only,308.3063799680215
FL-Only,301.82781713582926
FL-Only,263.2201295466845
FL-Only,240.59249366834027
FL-Only,270.3838373855639
FL-Only,248.0256762525443
FL-Only,237.20086034875294
FL-Only,258.86234278175954
FL-Only,226.91253237523676
FL-Only,255.34283482414074
FL-Only,253.37305795048707
FL-Only,269.7203768715749
FL-Only,219.61538474350004
FL-Only,274.11559046793815
FL-Only,207.8412287890293
FL-Only,221.52476728352923
FL-Only,223.31407257502448
FL-Only,201.0458773326792
FL-Only,286.6421536188122
FL-Only,205.2688484762183
FL-Only,216.34443016632645
FL-Only,296.4717161299523
FL-Only,221.60610922400033
FL-Only,237.28614990933804
FL-Only,203.50681096242204
FL-Only,279.15099951253006
FL-Only,279.71618601183366
FL-Only,275.2967820690613
FL-Only,267.0387229559517
FL-Only,248.01715355179854
FL-Only,223.50055665554265
FL-Only,211.58625842669315
FL-Only,297.8861265972285
FL-Only,276.3569751407902
FL-Only,216.5745266847826
FL-Only,246.6331024971485
FL-Only,232.69528118761446
FL-Only,198.74336106606424
FL-Only,252.28370644147338
FL-Only,227.96480076619298
FL-Only,205.9459966818769
FL-Only,184.35556528018776
FL-Only,180.8840564915675
FL-Only,229.7715287645198
FL-Only,241.51110621257845
FL-Only,209.11266678334505
FL-Only,271.6803165339463
FL-Only,242.31259178689854
FL-Only,268.6522977345447
FL-Only,237.500657602304
FL-Only,212.72817695650866
FL-Only,249.67882041668318
FL-Only,193.2303450072488
FL-Only,267.11697934610254
FL-Only,206.57688253296152
FL-Only,282.6475335878714
FL-Only,231.1233144040815
FL-Only,288.5638741687066
FL-Only,198.97244926787909
FL-Only,217.21144227011837
FL-Only,260.6183328207914
FL-Only,292.990380830497
FL-Only,313.33096524091184
FL-Only,246.6960127109158
FL-Only,320.347570862257
FL-Only,233.12375345715733
FL-Only,290.0494725168819
FL-Only,206.3705791246685
FL-Only,262.2282207813934
FL-Only,148.99058532488573
FL-Only,199.0147685222219
FL-Only,264.13374872131135
FL-Only,191.19000705977854
FL-Only,262.5049340423566
FL-Only,282.1647829533069
FL-Only,224.4458720985506
FL-Only,205.27292881735787
FL-Only,225.5583487499557
FL-Only,205.4016949134484
FL-Only,240.85024412134737
FL-Only,249.18571562041134
FL-Only,232.45358495303083
FL-Only,313.6487288476597
FL-Only,215.50444339283402
FL-Only,302.0487603494678
FL-Only,202.30919131120334
FL-Only,247.98388036760352
FL-Only,293.50732175047085
FL-Only,291.38564324238604
FL-Only,227.76942619429036
FL-Only,267.7578585229252
FL-Only,262.26834243023325
FL-Only,222.86249367769767
FL-Only,270.25394742307105
FL-Only,321.3621790541473
FL-Only,264.33972726756787
FL-Only,268.2206115418975
FL-Only,272.558354106229
FL-Only,185.09995909843923
FL-Only,263.86921160145783
FL-Only,203.3128574316204
FL-Only,220.8146354313902
FL-Only,333.6396130287286
FL-Only,234.6162740039888
FL-Only,214.65286172393667
FL-Only,292.2558857349571
FL-Only,206.14524288346254
FL-Only,226.65581508822322
FL-Only,296.21113888743287
FL-Only,246.75347017762633
FL-Only,180.9745211498123
FL-Only,267.30357418722735
FL-Only,228.74489883609314
FL-Only,308.13391094774005
FL-Only,220.1463351470005
FL-Only,288.10026492276296
FL-Only,317.8036193269943
FL-Only,210.11132782372562
FL-Only,237.07826614891408
FL-Only,260.93363623992246
FL-Only,209.84882414527885
FL-Only,256.08209281502104
FL-Only,235.77826821225432
FL-Only,234.95222956467202
FL-Only,247.00647410103258
FL-Only,247.92185333872112
FL-Only,251.71911153211767
FL-Only,220.44811983627184
FL-Only,222.2379593016601
FL-Only,240.13790885818196
FL-Only,243.1649367093324
FL-Only,227.0071770621887
FL-Only,258.28152532552673
FL-Only,170.59476830431691
FL-Only,215.05088338473297
FL-Only,233.52295912568297
FL-Only,209.8992773317452
FL-Only,311.7971186071645
FL-Only,245.77333571572302
FL-Only,252.24755680726204
FL-Only,225.1875409734161
FL-Only,244.3530642647086
FL-Only,195.1746079635879
FL-Only,238.03750152010198
FL-Only,206.58265442757403
FL-Only,233.62645302499735
FL-Only,140.0434207815976
FL-Only,198.75186845381546
FL-Only,305.02098258508767
FL-Only,279.04630771340925
FL-Only,299.0806127725245
FL-Only,301.89657205650786
FL-Only,272.59248439074355
FL-Only,226.43238389945546
FL-Only,202.47271120310947
FL-Only,292.01652882343757
FL-Only,247.647286949883
FL-Only,347.2549354716582
FL-Only,230.03098298355908
FL-Only,325.8887300459997
FL-Only,238.57153658147405
FL-Only,299.7779924876067
FL-Only,314.56436122653065
FL-Only,203.0590529445908
FL-Only,225.1150787900744
FL-Only,202.64785174636023
FL-Only,194.57227598141284
FL-Only,272.34974087152295
FL-Only,236.93823681979012
FL-Only,247.14701925079558
FL-Only,267.8058045339045
FL-Only,168.84713981768851
FL-Only,297.75740616223925
FL-Only,230.6871393030634
FL-Only,266.82845355575216
FL-Only,270.4492264083704
FL-Only,301.20265899131743
FL-Only,240.70084710089563
FL-Only,157.93086417923985
FL-Only,247.342232151596
FL-Only,253.22898118462564
FL-Only,202.5953047752552
FL-Only,251.0471168317505
FL-Only,230.19824417622203
FL-Only,189.94708807941709
FL-Only,272.53088069538063
FL-Only,221.88726881319036
FL-Only,228.33845219578018
FL-Only,226.03426726122953
FL-Only,295.65462249603
FL-Only,243.32243736729092
FL-Only,248.24309264237868
FL-Only,226.9339176701577
FL-Only,263.9775397124511
FL-Only,300.32203998647753
FL-Only,271.56229351694674
FL-Only,273.1615454147291
FL-Only,269.8554384412582
FL-Only,188.4100516242423
FL-Only,209.07912790033532
FL-Only,236.59551686243583
FL-Only,215.23957425777775
FL-Only,201.35398198500408
FL-Only,168.2407946243065
FL-Only,189.79230226150023
FL-Only,234.48245214895337
FL-Only,242.15351896042574
FL-Only,212.4847951786464
FL-Only,248.23593372001227
FL-Only,227.21282072275656
FL-Only,289.71351708232777
FL-Only,238.37334367498167
FL-Only,273.5495661374703
FL-Only,253.3317642540824
FL-Only,187.51508739099376
FL-Only,241.2830147947758
FL-Only,194.33941192752397
FL-Only,240.56704563310623
FL-Only,214.44963649354173
FL-Only,260.66048437287714
FL-Only,189.96347216388574
FL-Only,245.60277483645692
FL-Only,268.4690388850909
FL-Only,282.21141834166883
FL-Only,213.66912192674687
FL-Only,245.72778986049417
FL-Only,252.55002588937452
FL-Only,308.4321774612535
FL-Only,184.2654675092444
FL-Only,207.644795652087
FL-Only,359.9829622021793
FL-Only,233.80301135780505
FL-Only,167.46925379396575
FL-Only,221.1154441227252
FL-Only,131.47619791996115
FL-Only,254.8777492107023
FL-Only,278.201175171407
FL-Only,207.6218425770811
FL-Only,225.70031918768822
FL-Only,282.8698203701254
FL-Only,173.24116594131112
FL-Only,190.81558029981863
FL-Only,235.64727754965878
FL-Only,214.15427166386044
FL-Only,232.9514572035829
FL-Only,193.1862369043326
FL-Only,253.7868529227818
FL-Only,238.88144350762047
FL-Only,267.51681026355436
FL-Only,253.216379519692
FL-Only,253.47429297233697
FL-Only,185.70139846426534
FL-Only,265.19625361743977
FL-Only,231.43447752601787
FL-Only,238.16946938636568
FL-Only,287.9788394320232
FL-Only,215.5031421828073
FL-Only,300.39855746681906
FL-Only,304.2234872742968
FL-Only,275.86416193193924
FL-Only,204.79454675853572
FL-Only,155.3619769292958
FL-Only,289.2322314846576
FL-Only,249.56678751457426
FL-Only,214.44690369632005
FL-Only,293.1160560939797
FL-Only,209.6760858840098
FL-Only,227.60963441253136
FL-Only,266.52050493699676
FL-Only,199.34228390379002
FL-Only,240.51128270611025
FL-Only,289.6546245404478
FL-Only,253.65554048846633
FL-Only,296.1444798097709
FL-Only,291.47769667824593
FL-Only,245.3172717112864
FL-Only,149.1936035693471
FL-Only,199.66333589617244
FL-Only,276.2966986077641
FL-Only,181.43969176830322
FL-Only,231.60560386793506
FL-Only,258.87770516125033
FL-Only,305.2523985262219
FL-Only,221.42419244536902
FL-Only,218.6170039275917
FL-Only,242.84972357368449
FL-Only,259.3874317622142
FL-Only,238.67588007676014
FL-Only,288.0200023043182
FL-Only,212.23510284583264
FL-Only,249.92659826854077
FL-Only,263.2537211201278
FL-Only,228.59045479385986
FL-Only,279.4281073989586
FL-Only,251.10730019093634
FL-Only,277.34267423924325
FL-Only,252.9582684300021
FL-Only,260.43258743097635
FL-Only,219.07193796917642
FL-Only,219.13836008715984
FL-Only,295.20025567707984
FL-Only,271.0559282253336
FL-Only,203.05842818488154
FL-Only,252.4154004108481
FL-Only,147.67518180504754
FL-Only,221.46845328832393
FL-Only,284.40213474141615
FL-Only,239.86903086284246
FL-Only,249.83441945630727
FL-Only,121.32836889267134
FL-Only,228.9176016564178
FL-Only,258.8691611769157
FL-Only,264.07688489133193
FL-Only,284.45658416470894
FL-Only,236.37943217728943
FL-Only,238.20811168240988
FL-Only,190.38318539419564
FL-Only,236.61461689389887
FL-Only,193.27542244169027
FL-Only,169.23732508797792
FL-Only,200.50764582546628
FL-Only,306.85608121996285
FL-Only,233.90699073795565
FL-Only,254.014971883958
FL-Only,223.9466537008797
FL-Only,171.5874082024722
FL-Only,283.380638122118
FL-Only,155.93987626592087
FL-Only,222.253500251542
FL-Only,242.7607898851475
FL-Only,254.45007538062407
FL-Only,215.21474621431634
FL-Only,169.64357919474605
FL-Only,212.15517501424705
FL-Only,214.30092250759384
FL-Only,213.30316669864172
FL-Only,284.7724021985117
FL-Only,195.24228609629517
FL-Only,257.34015025196453
FL-Only,251.49017852593454
FL-Only,284.3786581763385
FL-Only,239.5415932587858
FL-Only,277.4363696550999
FL-Only,237.93897433814197
FL-Only,262.8100935899768
FL-Only,183.37941542286313
FL-Only,136.83059887206454
FL-Only,260.47942099619996
FL-Only,262.6785081676084
FL-Only,264.4955956592272
FL-Only,223.47776689505815
FL-Only,306.0786123406253
FL-Only,226.1450095547821
FL-Only,262.2560398065672
FL-Only,269.38008522516725
FL-Only,315.46834654971354
FL-Only,232.00178558861683
FL-Only,218.21909084460475
FL-Only,183.57603923897176
FL-Only,308.6470472731614
FL-Only,262.27784718899017
FL-Only,263.57550534166637
FL-Only,372.78487389428074
FL-Only,258.3268343886383
FL-Only,191.60482239089868
FL-Only,236.967953425288
FL-Only,205.03392123720522
FL-Only,228.76939582210633
FL-Only,228.4938262870611
FL-Only,220.93199996625097
FL-Only,187.87541728042874
FL-Only,310.2925669805642
FL-Only,257.25276982197414
FL-Only,235.75564657729024
FL-Only,276.0631510101455
FL-Only,264.31375826882504
FL-Only,256.30332004242393
FL-Only,273.0849209834399
FL-Only,250.49132449410493
FL-Only,272.47907973665525
FL-Only,275.8776043359888
FL-Only,251.6714681363449
FL-Only,235.96382576665926
FL-Only,307.7463098596103
FL-Only,225.4060368692892
FL-Only,261.04385761752116
FL-Only,261.97024484030175
FL-Only,220.00812805719093
FL-Only,211.87928220222878
FL-Only,230.49206714433612
FL-Only,224.81910901980007
FL-Only,185.21664697280653
FL-Only,218.28870161670972
FL-Only,255.91514237001707
FL-Only,296.90368695009255
FL-Only,267.73004474211893
FL-Only,138.41908556682023
FL-Only,271.29345230505044
FL-Only,222.11577677827557
FL-Only,263.5762830621983
FL-Only,244.42045437236425
FL-Only,237.09980733044006
FL-Only,240.8083351535522
FL-Only,244.08060336093902
FL-Only,300.1206038557
FL-Only,244.19393232951143
FL-Only,289.5069814604292
FL-Only,283.53614049967194
FL-Only,272.3488674509298
FL-Only,171.74862837468322
FL-Only,290.7819389026259
FL-Only,226.22604694044088
FL-Only,274.34481852406566
FL-Only,205.12615383714305
FL-Only,196.4119642245665
FL-Only,326.03193821007915
FL-Only,205.7636942596373
FL-Only,291.99037220112166
FL-Only,249.85523317889735
FL-Only,227.77507760723296
FL-Only,243.16201574246153
FL-Only,191.65512564221623
FL-Only,244.43607043602154
FL-Only,200.60764713026566
FL-Only,228.78680443312658
FL-Only,282.9372821227526
FL-Only,255.42181773886395
FL-Only,184.23100954589862
FL-Only,279.91101320346866
FL-Only,244.70890976172515
FL-Only,222.77040399521712
FL-Only,275.6137284602662
FL-Only,238.14451968394292
FL-Only,197.20788506386577
FL-Only,320.7601981694338
FL-Only,244.2912148414695
FL-Only,241.6632066162291
FL-Only,228.3906879590458
FL-Only,293.37859531776115
FL-Only,223.47998116617634
FL-Only,181.6558257887242
FL-Only,217.17421586226487
FL-Only,299.3977586186465
FL-Only,279.1174186197418
FL-Only,234.54435824094568
FL-Only,301.30346080725946
FL-Only,275.6656313816972
FL-Only,234.0698360909811
FL-Only,238.19769594085574
FL-Only,258.5020270097628
FL-Only,210.89263506378356
FL-Only,245.18470768588338
FL-Only,257.6490479491449
FL-Only,175.8343842170499
FL-Only,237.2378667747162
FL-Only,232.5746964000068
FL-Only,287.1507888183732
FL-Only,169.37562325374762
FL-Only,229.35825319214786
FL-Only,225.24805945805193
FL-Only,284.36290952078565
FL-Only,243.2145906560394
FL-Only,318.6398804717471
FL-Only,272.15074865816183
FL-Only,228.18085723822972
FL-Only,254.8260065589173
FL-Only,230.48317881585223
FL-Only,280.23523971010724
FL-Only,190.3798937550685
FL-Only,211.22846496057534
FL-Only,263.6832866607518
FL-Only,295.2560143976685
FL-Only,154.71928755829285
FL-Only,301.353319855607
FL-Only,239.25445973445176
FL-Only,167.76112656057632
FL-Only,121.92915848253712
FL-Only,182.29517130186053
FL-Only,244.19210091033852
FL-Only,242.29818044983574
FL-Only,270.9612178230817
FL-Only,222.47102572000048
FL-Only,199.570337595707
FL-Only,228.06345810590338
FL-Only,246.37802176337468
FL-Only,254.46168459316638
FL-Only,212.64424732983136
FL-Only,281.95931471374973
FL-Only,219.52273235931463
FL-Only,209.34158814467895
FL-Only,222.7619481118001
FL-Only,289.0684472038069
FL-Only,239.55534542943298
FL-Only,216.52494637413935
FL-Only,282.9704177683903
FL-Only,332.8526901378986
FL-Only,253.59698800666686
FL-Only,295.5875408954828
FL-Only,287.4791959735664
FL-Only,220.16877018200836
FL-Only,246.09200139952554
FL-Only,192.41567018213652
FL-Only,236.59736707917295
FL-Only,219.3261948658453
FL-Only,228.48167575579896
FL-Only,214.2543037134062
FL-Only,233.22903086398173
FL-Only,266.8215401368615
FL-Only,240.10083167196018
FL-Only,168.5606988920292
FL-Only,214.40905683916208
FL-Only,182.70462654511167
FL-Only,255.00646926525246
FL-Only,265.63601192622167
FL-Only,255.51847709602077
FL-Only,212.71641987472512
FL-Only,255.12101109437987
FL-Only,225.72531551347612
FL-Only,198.33275656023966
FL-Only,275.41912670806613
FL-Only,278.53913790267467
FL-Only,283.90471472442374
FL-Only,220.0577073986693
FL-Only,293.35385482041625
FL-Only,224.76312769554923
FL-Only,271.79355418307904
FL-Only,224.05258086756632
FL-Only,235.8167312864234
FL-Only,145.73170784704323
FL-Only,232.62155820890646
FL-Only,248.73468863818613
FL-Only,228.1879656880826
FL-Only,317.00371079149073
FL-Only,197.33889050166368
FL-Only,221.89316927873904
FL-Only,207.90022299058
FL-Only,221.88514386118567
FL-Only,287.2879355805689
FL-Only,305.5993035674055
FL-Only,216.26750295232338
FL-Only,215.35669074834865
FL-Only,197.55772540764949
FL-Only,298.5577008472914
FL-Only,290.9611806835684
FL-Only,240.65474620045975
FL-Only,187.7599329514179
FL-Only,191.42683481629365
FL-Only,251.9958074657683
FL-Only,267.52285465630644
FL-Only,160.28806299413293
FL-Only,231.8262936679468
FL-Only,311.3501314718527
FL-Only,236.0821225281583
FL-Only,306.0751617224156
FL-Only,271.61089128718305
FL-Only,200.54453636575033
FL-Only,233.0004769725739
FL-Only,239.72353621966718
FL-Only,205.94702570816622
FL-Only,205.23541106475142
FL-Only,306.777512276861
FL-Only,204.92821459258897
FL-Only,289.2158791327559
FL-Only,227.10413638703432
FL-Only,243.94878747478992
FL-Only,268.03562114778146
FL-Only,220.45909441090816
FL-Only,268.28407685327585
FL-Only,161.09638231851633
FL-Only,263.0280029250001
FL-Only,143.79026489256293
FL-Only,235.69928420536326
FL-Only,280.02396239805813
FL-Only,270.51410754839344
FL-Only,191.7651703625604
FL-Only,197.0437597601658
FL-Only,216.76444634677196
FL-Only,252.63485035668353
FL-Only,161.69073920820816
FL-Only,244.45783339020912
FL-Only,257.76860432580264
FL-Only,233.39547558428967
FL-Only,266.5381596901751
FL-Only,254.17269049137437
FL-Only,222.7921753646453
FL-Only,165.6162362293609
FL-Only,250.46993634440375
FL-Only,205.9239100255709
FL-Only,221.28795238067664
FL-Only,264.6440929364865
FL-Only,303.1106687208084
FL-Only,243.43953493887764
FL-Only,267.7166582942807
FL-Only,185.7763470127315
FL-Only,255.06646682079642
FL-Only,242.54385655523635
FL-Only,295.3983308056735
FL-Only,222.841202482821
FL-Only,235.0928576963428
FL-Only,288.4113931524446
FL-Only,241.22661451181938
FL-Only,199.53750336722197
FL-Only,349.61696420489505
FL-Only,200.77769670319393
FL-Only,242.34729665646952
FL-Only,259.2142143970501
FL-Only,255.9723178702757
FL-Only,237.22050813573765
FL-Only,237.42482480842136
FL-Only,235.36779348219383
FL-Only,199.24671179775373
FL-Only,333.15898779133187
FL-Only,235.98037237375155
FL-Only,269.47417070574693
FL-Only,231.2792328350542
FL-Only,230.4546894334252
FL-Only,226.32680983054433
FL-Only,181.45632269244072
FL-Only,238.41453325504847
FL-Only,228.31268617290337
FL-Only,293.03250487657584
FL-Only,195.93529517903488
FL-Only,221.33696572025093
FL-Only,208.16394086308264
FL-Only,304.1437461544842
FL-Only,209.35425376095847
FL-Only,268.0542936337716
FL-Only,284.7766204096452
FL-Only,239.00896063196825
FL-Only,188.5507489614408
FL-Only,189.0696917906887
FL-Only,280.2503266566393
FL-Only,193.31564522920584
FL-Only,261.0730910534564
FL-Only,249.68831350264446
FL-Only,260.4624318567521
FL-Only,264.3349771216814
FL-Only,206.71949783886603
FL-Only,205.0033446603956
FL-Only,274.31201249811653
FL-Only,219.19687096685973
FL-Only,132.2439118277889
FL-Only,271.59896721323844
FL-Only,202.51328718918052
FL-Only,264.15257099411537
FL-Only,302.1056958219957
FL-Only,245.68726074773986
FL-Only,285.8263990982048
FL-Only,251.30570490198429
FL-Only,310.08460245378706
FL-Only,201.45360854095864
FL-Only,244.66318580292392
FL-Only,272.59962580670015
FL-Only,237.19311796258813
FL-Only,292.24097886275945
FL-Only,227.286378880058
FL-Only,329.84421721678444
FL-Only,332.01009767516206
FL-Only,256.5649518453193
FL-Only,267.6566483945393
FL-Only,293.85852886061014
FL-Only,196.32490664233796
FL-Only,191.20799940231058
FL-Only,296.513175468163
FL-Only,256.23352738779295
FL-Only,235.71328491482862
FL-Only,245.4560554181276
FL-Only,147.17229963307318
FL-Only,237.18694510726294
FL-Only,214.12508369307784
FL-Only,282.6409369782184
FL-Only,285.7962619137443
FL-Only,268.6438895993263
FL-Only,261.2138046007648
FL-Only,183.60878330246902
FL-Only,269.21636627987186
FL-Only,270.80531576645876
FL-Only,296.05289880451795
FL-Only,331.8466023096381
FL-Only,175.60501238356403
FL-Only,229.07245014965326
FL-Only,214.56706787653656
FL-Only,252.07279472378804
FL-Only,245.5494761869396
FL-Only,235.40263500371404
FL-Only,287.1317788174481
FL-Only,199.84201734158788
FL-Only,202.31401983690316
FL-Only,203.00676388498027
FL-Only,230.22656891553453
FL-Only,194.62780114761432
FL-Only,243.0085689592299
FL-Only,238.21490202013445
FL-Only,212.7528803260377
FL-Only,280.824416416304
FL-Only,242.56047834024378
FL-Only,288.568541925304
FL-Only,237.0029561006183
FL-Only,244.00800958251446
FL-Only,221.92592140804985
FL-Only,244.71109183804512
FL-Only,274.2014835514139
FL-Only,228.13529647691777
FL-Only,266.25489046392124
FL-Only,211.6773745971246
FL-Only,276.12107318641057
FL-Only,221.22386108021098
FL-Only,279.9188748023911
FL-Only,247.50003823978025
FL-Only,307.3591030690336
FL-Only,197.68322322357744
FL-Only,184.4767522942134
FL-Only,219.73509291500176
FL-Only,188.23095113059316
FL-Only,188.30786932844063
FL-Only,270.48358117885493
FL-Only,244.828669470081
FL-Only,225.33307995512538
FL-Only,229.1345335104773
FL-Only,220.51325576262008
FL-Only,312.6651358805808
FL-Only,214.8442659866355
FL-Only,190.79251017858473
FL-Only,277.6380753169394
FL-Only,236.15401944273935
FL-Only,328.5897212415333
FL-Only,223.42556880944045
FL-Only,279.68535137002846
FL-Only,289.3700905545715
FL-Only,223.62523087971786
FL-Only,214.54024851572953
FL-Only,275.3960277681671
FL-Only,268.57056863447116
FL-Only,187.164985870852
FL-Only,198.73413891150645
FL-Only,141.00636979713178
FL-Only,269.4108610131309
FL-Only,234.26508508143445
FL-Only,238.35183274001344
FL-Only,175.65079199422402
FL-Only,199.97780352333763
FL-Only,225.40368458472977
FL-Only,217.43465039393934
FL-Only,249.8312790962229
FL-Only,268.9221931919044
FL-Only,338.0541153406931
FL-Only,244.17930176873205
FL-Only,290.7315091869748
FL-Only,210.97111614382925
FL-Only,176.3272010860104
FL-Only,230.55563248488488
FL-Only,179.4934095671561
FL-Only,245.60159985393324
FL-Only,213.00138089514473
FL-Only,164.874873143062
FL-Only,316.17703098026726
FL-Only,222.9599697626794
FL-Only,177.8576085792879
FL-Only,281.82504341079886
FL-Only,215.1268111358893
FL-Only,289.69680738131717
FL-Only,214.93083227819997
FL-Only,222.82319469922533
FL-Only,259.13810008855893
FL-Only,269.3219946088685
FL-Only,276.50783323096454
FL-Only,241.32061331209752
FL-Only,266.67328558373794
FL-Only,275.57077288386023
FL-Only,253.22333468124083
FL-Only,239.15101735616386
FL-Only,185.74290712252366
FL-Only,269.5661404279795
FL-Only,246.7291216647872
FL-Only,228.041750053621
FL-Only,297.3884209072581
FL-Only,186.45882105055406
FL-Only,312.40548892996037
FL-Only,244.0867955759869
FL-Only,258.0182453186188
FL-Only,228.8031913042589
FL-Only,176.65001058654346
FL-Only,239.27599416290303
FL-Only,258.72454118260447
FL-Only,272.7252433025063
FL-Only,236.88063886400505
FL-Only,155.10586651061885
FL-Only,181.79188487211235
FL-Only,329.13280457429505
FL-Only,200.20602466534325
FL-Only,303.50902778780755
FL-Only,206.70244376587857
FL-Only,237.51930770115743
FL-Only,270.63353864359607
FL-Only,211.37202769018418
FL-Only,310.28082056612124
FL-Only,248.10486268080484
FL-Only,263.8948846982865
FL-Only,234.02811267121584
FL-Only,272.0075317677007
FL-Only,309.73050233384436
FL-Only,239.6172765574482
FL-Only,315.9182244207187
FL-Only,219.92457185645617
FL-Only,276.3279376134201
FL-Only,265.05368778596505
FL-Only,201.18813502002286
FL-Only,253.7661978901306
FL-Only,245.3020034518653
FL-Only,210.01912077264936
FL-Only,259.6780998019592
FL-Only,250.99787139044923
FL-Only,242.0239351604041
FL-Only,242.18832376859393
FL-Only,241.3095793841316
FL-Only,229.92431552890056
FL-Only,250.73319789561424
FL-Only,218.599517293085
FL-Only,353.92918915026996
FL-Only,187.21733693592205
FL-Only,221.02582083338717
FL-Only,224.26457371234542
FL-Only,328.660229987306
FL-Only,190.8744793509225
FL-Only,262.4628142174305
FL-Only,255.18415666690814
FL-Only,258.6776944916565
FL-Only,295.69006966704853
FL-Only,294.84900374963064
FL-Only,226.51077011267517
FL-Only,252.95471542925364
FL-Only,168.5718166817621
FL-Only,249.06281334939908
FL-Only,212.4464334588913
FL-Only,237.35832053561882
FL-Only,175.8997535425155
FL-Only,261.5997637554821
FL-Only,175.44068348140007
FL-Only,251.07966887845504
FL-Only,194.71327068607548
FL-Only,210.16471755942874
FL-Only,292.34401620435165
FL-Only,269.1046357824585
FL-Only,292.11732864449226
FL-Only,308.9488124325529
FL-Only,213.31361300726965
FL-Only,306.45783816007577
FL-Only,184.91426809666504
FL-Only,275.590113716341
FL-Only,224.77315370140116
FL-Only,206.85769415178802
FL-Only,270.19326455948215
FL-Only,283.7430125319377
FL-Only,282.5260038525083
FL-Only,253.80925544468647
FL-Only,250.4102493544988
FL-Only,266.601530013696
FL-Only,257.45432709620485
FL-Only,267.1955894230252
FL-Only,253.3639779055393
FL-Only,279.5541368047609
FL-Only,178.28447993143246
FL-Only,239.61778752145815
FL-Only,188.26229375233098
FL-Only,256.34478272180024
FL-Only,312.3191372100016
FL-Only,225.5625239401743
FL-Only,250.21733324218582
FL-Only,276.0159553117872
FL-Only,160.22335979757247
FL-Only,223.5934702320883
FL-Only,259.94514203018684
FL-Only,126.22321624805173
FL-Only,204.95085178392617
FL-Only,290.13517690863284
FL-Only,286.12287291847974
FL-Only,260.3470473221741
FL-Only,281.1701032376703
FL-Only,253.81927361128
FL-Only,267.77119120513487
FL-Only,232.05819793753483
FL-Only,249.7483199998058
FL-Only,219.0728141569513
FL-Only,296.80281711147484
FL-Only,307.3839357895903
FL-Only,301.57642482858
FL-Only,228.26754077120765
FL-Only,205.8952643860314
FL-Only,297.3559200907567
FL-Only,267.30019530624793
FL-Only,258.47195800246936
FL-Only,219.02108451724902
FL-Only,262.4522163181074
FL-Only,200.50359955386068
FL-Only,270.9965565992403
FL-Only,301.53435468385464
FL-Only,311.87286730022606
FL-Only,274.04948621850247
FL-Only,188.337116465534
FL-Only,253.09053536878687
FL-Only,332.7269515063662
FL-Only,209.38692479186636
FL-Only,242.5735555106811
FL-Only,302.95449842384005
FL-Only,270.302490805017
FL-Only,346.68640930388926
FL-Only,214.95235528762788
FL-Only,204.4200127846263
FL-Only,295.1891428692421
FL-Only,195.96897624086702
FL-Only,236.932512458481
FL-Only,242.30849166075737
FL-Only,287.4755684088228
FL-Only,270.1849866890351
FL-Only,263.73966148125135
FL-Only,228.50033400603166
FL-Only,294.81516478235966
FL-Only,410.0587857518178
FL-Only,273.34256605583954
FL-Only,249.0865605094203
FL-Only,191.78761818932142
FL-Only,218.8632605779967
FL-Only,236.23788040816052
FL-Only,223.08139014904756
FL-Only,244.34080878439923
FL-Only,317.89865914909876
FL-Only,296.1338436121386
FL-Only,238.48785862480156
FL-Only,195.46052226869972
FL-Only,299.8320733589989
FL-Only,242.98877478808407
FL-Only,174.21348255030344
FL-Only,274.2096348582145
FL-Only,287.0531540535721
FL-Only,145.53775539767855
FL-Only,211.19325967255097
FL-Only,240.47138553638374
FL-Only,275.1149473636533
FL-Only,223.85439003040898
FL-Only,210.8821820190686
FL-Only,274.8139392368916
FL-Only,225.79878269411947
FL-Only,267.2242406724966
FL-Only,199.42785814604179
FL-Only,189.55434621130766
FL-Only,275.96603546038625
FL-Only,255.35331632300577
FL-Only,282.8206850626845
FL-Only,223.16368696222088
FL-Only,212.40068259833043
FL-Only,300.7894743891773
FL-Only,182.55869067622672
FL-Only,296.3098890764056
FL-Only,299.1406930067777
FL-Only,280.2636700849091
FL-Only,216.79989180257164
FL-Only,211.52252269426026
FL-Only,236.38771330707382
FL-Only,191.90337324991262
FL-Only,205.57054605110253
FL-Only,271.4341059518709
FL-Only,271.6233136831904
FL-Only,201.9674321120668
FL-Only,272.72099934730306
FL-Only,263.62643553533206
FL-Only,306.9053364376612
FL-Only,268.3345941165684
FL-Only,288.40182320310953
FL-Only,264.5601812281387
FL-Only,285.1770934975847
FL-Only,192.22819658072123
FL-Only,240.00847725845256
FL-Only,243.4017065026713
FL-Only,235.00625217565343
FL-Only,263.1993518429857
FL-Only,271.00956583432577
FL-Only,261.0825401599171
FL-Only,237.74530086992516
FL-Only,214.83506672634988
FL-Only,289.9846290404056
FL-Only,259.33904548116726
FL-Only,203.23683180562426
FL-Only,237.05881079236542
FL-Only,173.52471321399818
FL-Only,246.45019518824515
FL-Only,236.86642235345755
FL-Only,221.44685503543116
FL-Only,309.9686077819447
FL-Only,197.5976810987734
FL-Only,273.96211101897575
FL-Only,334.65503459820684
FL-Only,289.1679840523842
FL-Only,243.70690993399154
FL-Only,198.50318578364357
FL-Only,189.15545076003733
FL-Only,228.1263805067416
FL-Only,216.83296990952977
FL-Only,215.49857673271657
FL-Only,231.621148325679
FL-Only,240.80786919168685
FL-Only,264.89368985345715
FL-Only,194.2503550020404
FL-Only,217.02800435854496
FL-Only,238.45344460427827
FL-Only,236.98510706964598
FL-Only,320.29337200395037
FL-Only,254.52211030167817
FL-Only,178.8428177096636
FL-Only,262.14543582505735
FL-Only,267.37221263250314
FL-Only,239.86975084196573
FL-Only,195.25073634922273
FL-Only,317.08024250785195
FL-Only,201.13475954316846
FL-Only,272.09166046305324
FL-Only,253.20207169162134
FL-Only,269.6332325102206
FL-Only,314.98117489086053
FL-Only,268.02719375778247
FL-Only,222.09476669121514
FL-Only,290.3456832802464
FL-Only,219.1249225481911
FL-Only,251.705878467206
FL-Only,191.9835720713526
FL-Only,202.63546967919314
FL-Only,247.10685348788365
FL-Only,260.09155505181576
FL-Only,175.20198446966776
FL-Only,265.38878208802726
FL-Only,211.4034119594698
FL-Only,297.46720864251785
FL-Only,230.56945841819515
FL-Only,198.93148694845058
FL-Only,248.10798687632933
FL-Only,207.43436495577225
FL-Only,297.02675079875814
FL-Only,245.02173850885708
FL-Only,238.78125845317524
FL-Only,269.2638417761713
FL-Only,203.797154992788
FL-Only,192.14470013153093
FL-Only,261.7424147571071
FL-Only,199.91350097163883
FL-Only,199.8995836962723
FL-Only,279.3069972800564
FL-Only,266.5276285093415
FL-Only,193.59298875943063
FL-Only,219.6154222394052
FL-Only,207.94700620620088
FL-Only,317.8290912196638
FL-Only,282.14642753039493
FL-Only,227.74536131378377
FL-Only,268.6239822630832
FL-Only,189.396366376836
FL-Only,217.4215078012308
FL-Only,249.29939390361733
FL-Only,263.5414607149824
FL-Only,241.0041758539488
FL-Only,255.16855393928327
FL-Only,248.21179485807818
FL-Only,238.29332651708498
FL-Only,232.85803072017336
FL-Only,227.52314022021085
FL-Only,254.5094378537721
FL-Only,261.8434391571777
FL-Only,253.13272586007218
FL-Only,196.67752094995654
FL-Only,204.0439581031293
FL-Only,261.3541540438708
FL-Only,305.338605327506
FL-Only,251.24903392390897
FL-Only,228.12159508844323
FL-Only,254.1979586731538
FL-Only,198.39032167694944
FL-Only,298.666669417995
FL-Only,252.65035992482916
FL-Only,217.55225425836753
FL-Only,238.16138589019212
FL-Only,223.39151448539175
FL-Only,298.7784690494902
FL-Only,236.70815633267057
FL-Only,251.3699955907393
FL-Only,268.52278472270297
FL-Only,214.62856924565378
FL-Only,252.94208811154144
FL-Only,256.2518583451626
FL-Only,181.28276833815454
FL-Only,255.360556039882
FL-Only,243.1237553373313
FL-Only,250.32861797675585
FL-Only,246.46081825311322
FL-Only,255.62596479095336
FL-Only,299.8310722527225
FL-Only,196.64019610451052
FL-Only,230.97175424448278
FL-Only,272.3313637874763
FL-Only,264.71796057684435
FL-Only,263.83562768702546
FL-Only,357.8966658426068
FL-Only,270.17955648878495
FL-Only,291.36844964645604
FL-Only,232.41004558704716
FL-Only,204.29059267021142
FL-Only,232.112985401421
FL-Only,274.1903670250796
FL-Only,261.6799420479962
FL-Only,261.5333061945541
FL-Only,236.21188014131775
FL-Only,229.674092628668
FL-Only,237.62585298397562
FL-Only,274.70349345677374
FL-Only,279.46982455498716
FL-Only,203.74409236347967
FL-Only,276.2560449366894
FL-Only,218.32042953899457
FL-Only,264.2257877254832
FL-Only,237.129404559038
FL-Only,309.19733051879837
FL-Only,227.85894021177302
FL-Only,252.32308547668612
FL-Only,269.8703194599365
FL-Only,209.16768714496183
FL-Only,242.01286072749525
FL-Only,234.07001973045138
FL-Only,223.9336471803551
FL-Only,226.97135693918716
FL-Only,290.59259852360856
FL-Only,220.45941987482632
FL-Only,268.2227231895358
FL-Only,257.8983950832769
FL-Only,187.7238152532178
FL-Only,266.2859469754841
FL-Only,187.04595839993453
FL-Only,270.75176495477155
FL-Only,224.20514263163523
FL-Only,245.34305738351455
FL-Only,191.9345220653201
FL-Only,250.01767526779744
FL-Only,283.0049671367954
FL-Only,211.91441745107255
FL-Only,220.10614946809554
FL-Only,263.63946196626705
FL-Only,264.6643512695245
FL-Only,145.19864876525122
FL-Only,327.6316609150937
FL-Only,266.6706928254816
FL-Only,273.5736651605714
FL-Only,239.11484168685732
FL-Only,168.93050614935797
FL-Only,272.66360451125985
FL-Only,221.82729084253367
FL-Only,267.30119946151694
FL-Only,236.02915611922813
FL-Only,254.75961454377148
FL-Only,213.22514836222098
FL-Only,280.4399466498362
FL-Only,196.27645938223546
FL-Only,337.0683464389068
FL-Only,336.7558940344675
FL-Only,311.9406830041269
FL-Only,297.29463841675494
FL-Only,241.5335173124207
FL-Only,292.8284149356355
FL-Only,241.05676357067875
FL-Only,181.30578076794242
FL-Only,306.6312579752582
FL-Only,291.2818029798227
FL-Only,243.71509658612715
FL-Only,194.76744544942284
FL-Only,220.96577226026207
FL-Only,170.3330310196121
FL-Only,283.7483149573371
FL-Only,179.2643323585686
FL-Only,256.7600656760137
FL-Only,210.4085727410328
FL-Only,186.50515875502145
FL-Only,254.77255882442145
FL-Only,231.3142252022067
FL-Only,279.36575332244007
FL-Only,193.028183982123
FL-Only,213.9500995355733
FL-Only,147.10666945187347
FL-Only,155.44178602455517
FL-Only,318.72588880911906
FL-Only,330.4275280080864
FL-Only,248.80177441418206
FL-Only,211.22302059783303
FL-Only,232.7635940549056
FL-Only,280.8165423019409
FL-Only,223.91005018729612
FL-Only,254.74298854870926
FL-Only,244.47700193026876
FL-Only,221.67868052660282
FL-Only,223.42609741433327
FL-Only,257.02615573910583
FL-Only,204.9475864081149
FL-Only,263.52090317056417
FL-Only,225.66526265438353
FL-Only,250.22205949057744
FL-Only,301.74246521291093
FL-Only,238.10412614569495
FL-Only,282.7119779478717
FL-Only,171.52665290876303
FL-Only,225.7151164407356
FL-Only,246.13523346411898
FL-Only,323.85655784746484
FL-Only,164.6419645863445
FL-Only,241.05539566239614
FL-Only,304.7242428875668
FL-Only,212.81416338405825
FL-Only,236.2736087725475
FL-Only,258.6012983872771
FL-Only,252.56485070263398
FL-Only,309.196589493631
FL-Only,263.3874262130025
FL-Only,299.438688716083
FL-Only,230.23965735029364
FL-Only,214.63845813873783
FL-Only,235.74534908619495
FL-Only,197.47677317192833
FL-Only,264.8239795446139
FL-Only,229.17899737703493
FL-Only,217.4566551009235
FL-Only,265.4449947944611
FL-Only,198.10765310305416
FL-Only,276.59059076808757
FL-Only,225.3881670718542
FL-Only,292.5229542078615
FL-Only,228.89775929258775
FL-Only,270.9082963288749
FL-Only,252.36205732468915
FL-Only,275.49997682229395
FL-Only,249.50782257805272
FL-Only,176.800706093927
FL-Only,286.3605351089274
FL-Only,241.4050001792258
FL-Only,277.37015917154736
FL-Only,273.3001055516231
FL-Only,213.29484427853498
FL-Only,207.49338838781284
FL-Only,271.86955915940916
FL-Only,232.56678979416893
FL-Only,283.3936004581264
FL-Only,237.69376134261606
FL-Only,286.9598008753798
FL-Only,262.3554838525732
FL-Only,256.8069747422801
FL-Only,229.66554085164876
FL-Only,254.5295321765222
FL-Only,293.90696131306106
FL-Only,242.7771661948039
FL-Only,266.7781521910381
FL-Only,246.90076312623796
FL-Only,250.1087657525623
FL-Only,315.6598410344702
FL-Only,294.2709312726216
FL-Only,248.25555642302444
FL-Only,253.7926176053774
FL-Only,216.22330935441028
FL-Only,237.90816660313692
FL-Only,257.6853092894932
FL-Only,279.87515717233424
FL-Only,275.71805677334766
FL-Only,199.52037870791509
FL-Only,285.0562919578239
FL-Only,241.36027914552034
FL-Only,204.53335441722095
FL-Only,299.7917742347088
FL-Only,304.9944388662561
FL-Only,255.81362627596707
FL-Only,274.06053767811466
FL-Only,276.4654175585217
FL-Only,302.2266582653023
FL-Only,274.85080954270074
FL-Only,190.56478062501867
FL-Only,327.4021177078162
FL-Only,288.6919324686818
FL-Only,224.10950758381665
FL-Only,202.78537203334622
FL-Only,265.69735064656743
FL-Only,233.59133842692924
FL-Only,258.52980951395733
FL-Only,275.4796804924088
FL-Only,221.77588259213138
FL-Only,199.23957229994215
FL-Only,260.8185571827511
FL-Only,223.13109793364407
FL-Only,250.98992721502833
FL-Only,189.92361608454715
FL-Only,234.66050829653986
FL-Only,274.31302753263986
FL-Only,269.8432328135187
FL-Only,212.677323194196
FL-Only,197.10116085795988
FL-Only,245.64631127982346
FL-Only,268.00234467779575
FL-Only,261.61218074789457
FL-Only,224.0014463811863
FL-Only,257.21080214195075
FL-Only,306.5965743223158
FL-Only,253.41093217967014
FL-Only,178.04093463143658
FL-Only,253.33121386212633
FL-Only,328.802235819717
FL-Only,192.21697666226058
FL-Only,246.21871113498992
FL-Only,235.7202472456825
FL-Only,248.93120133027762
FL-Only,252.96433827930466
FL-Only,291.7388514285799
FL-Only,248.47611474243323
FL-Only,297.3676418456939
FL-Only,240.17611798975423
FL-Only,230.64439226704005
FL-Only,217.56349769541717
FL-Only,170.49943180607374
FL-Only,256.3070378889594
FL-Only,329.21401182734553
FL-Only,263.7876545687203
FL-Only,273.15664152062885
FL-Only,228.06571567440733
FL-Only,234.9823309577795
FL-Only,285.37030102166375
FL-Only,327.35643925188265
FL-Only,306.0058653676696
FL-Only,278.0150298188489
FL-Only,246.44117375501088
FL-Only,253.59847548496026
FL-Only,214.10619990344156
FL-Only,185.62513162659107
FL-Only,198.8012673318424
FL-Only,247.04180141539945
FL-Only,233.02831728150625
FL-Only,184.75289010649294
FL-Only,243.4697414589608
FL-Only,231.94435669689625
FL-Only,196.9131969333527
FL-Only,229.82266056457712
FL-Only,231.84092697062988
FL-Only,219.71787726309685
FL-Only,282.9934767558135
FL-Only,166.98103595417422
FL-Only,163.58224138085018
FL-Only,245.13471716241276
FL-Only,248.94121476508454
FL-Only,261.57282057677793
FL-Only,222.90208616055713
FL-Only,207.3651239912144
FL-Only,244.70003855950716
FL-Only,226.89529645073216
FL-Only,308.5939275908835
FL-Only,231.70668275306713
FL-Only,242.8194087795998
FL-Only,346.49214372351565
FL-Only,237.01483070404183
FL-Only,267.8024314731627
FL-Only,271.49868676884046
FL-Only,274.9874673924468
FL-Only,256.8689778818613
FL-Only,252.94747257083088
FL-Only,249.11370588332176
FL-Only,221.3842500084153
FL-Only,258.34627091641
FL-Only,328.17447933440826
FL-Only,294.63795826750584
FL-Only,257.4606389112101
FL-Only,280.0890217223456
FL-Only,209.36378774204326
FL-Only,234.31900167781154
FL-Only,283.86184361154625
FL-Only,305.97385493178587
FL-Only,213.3944869440895
FL-Only,225.17287931365055
FL-Only,334.43640754902
FL-Only,248.94671124052786
FL-Only,319.75784088071555
FL-Only,253.48115000830748
FL-Only,255.09339157534285
FL-Only,232.4748736059442
FL-Only,283.64476080191935
FL-Only,300.668879562464
FL-Only,202.56490856422445
FL-Only,230.54952735896208
FL-Only,282.51821949934305
FL-Only,239.68850585084255
FL-Only,224.7711957901384
FL-Only,286.39122830864545
FL-Only,290.2415813932129
FL-Only,226.56467428244233
FL-Only,253.70702764750578
FL-Only,195.45253336792643
FL-Only,208.28528267037333
FL-Only,250.0907745174686
FL-Only,246.28767829077358
FL-Only,205.358080239044
FL-Only,215.6450690862514
FL-Only,201.33318083182206
FL-Only,263.65745413344166
FL-Only,164.3267929356321
FL-Only,203.52533358803197
FL-Only,168.61939653887484
FL-Only,262.1798447581772
FL-Only,171.08792444775725
FL-Only,246.30089713995716
FL-Only,312.2204846456444
FL-Only,313.61079323210697
FL-Only,170.95778966366834
FL-Only,257.23479366686917
FL-Only,204.45217684840136
FL-Only,196.08142253587943
FL-Only,240.34773187000695
FL-Only,295.35993743425814
FL-Only,269.58601384303466
FL-Only,215.6792219322019
FL-Only,273.9063938938101
FL-Only,153.00795839285115
FL-Only,214.12922226423714
FL-Only,211.22044666724872
FL-Only,248.21114836129618
FL-Only,236.68405348994003
FL-Only,239.1996851615847
FL-Only,237.8364992656483
FL-Only,245.91869688055257
FL-Only,267.1453696452872
FL-Only,251.1225720701977
FL-Only,233.3415755192131
FL-Only,261.4716794719961
FL-Only,278.8710652897633
FL-Only,222.2029384803722
FL-Only,242.5644880424203
FL-Only,292.63816908491003
FL-Only,199.7868122320384
FL-Only,318.9927900464937
FL-Only,190.0946460356774
FL-Only,230.8400509406058
FL-Only,206.0422101280835
FL-Only,334.70500687164446
FL-Only,224.36264881726677
FL-Only,224.46551258233015
FL-Only,229.7993016624633
FL-Only,248.91971512365197
FL-Only,231.53388706491504
FL-Only,239.55164101048163
FL-Only,100.30239192602676
FL-Only,247.3435532760749
FL-Only,245.73007148095243
FL-Only,287.58132069390814
FL-Only,298.6714988794555
FL-Only,237.3039694829363
FL-Only,278.4653923486322
FL-Only,199.83568000176294
FL-Only,276.46103605054026
FL-Only,221.52849223548236
FL-Only,196.42740380666777
FL-Only,237.39086419363392
FL-Only,302.41937033510897
FL-Only,252.4212270059647
FL-Only,306.35601405481356
FL-Only,214.30195873355203
FL-Only,287.9618952864676
FL-Only,218.26143847328524
FL-Only,254.23847553105733
FL-Only,253.88399597503602
FL-Only,272.12116109089106
FL-Only,255.28036541636442
FL-Only,214.69343394930547
FL-Only,281.09258503579514
FL-Only,315.9979203673412
FL-Only,221.06405968749914
FL-Only,169.75548486575366
FL-Only,265.47210230250533
FL-Only,231.42160384386187
FL-Only,239.62478290583283
FL-Only,267.8032879849715
FL-Only,226.28791037715047
FL-Only,233.97706917490947
FL-Only,240.89509980559995
FL-Only,305.25991145738567
FL-Only,246.23285376865684
FL-Only,194.33738318658664
FL-Only,195.9689822732143
FL-Only,250.70842678804365
FL-Only,198.69345197166987
FL-Only,180.9455570361094
FL-Only,271.0569756282944
FL-Only,273.0644345176144
FL-Only,229.90640211035202
FL-Only,257.0400309372201
FL-Only,252.71298741201554
FL-Only,269.6991948247325
FL-Only,269.7947460615318
FL-Only,138.16266791138372
FL-Only,235.13954270222183
FL-Only,266.23407171530346
FL-Only,228.1712797674004
FL-Only,246.48430820965288
FL-Only,275.77869924880116
FL-Only,248.31793456333867
FL-Only,306.8246961066295
FL-Only,291.206436343526
FL-Only,240.13886972817122
FL-Only,236.88010700028408
FL-Only,128.13671168674404
FL-Only,231.61340992748845
FL-Only,189.51597539886842
FL-Only,254.07041122202554
FL-Only,251.26769915592007
FL-Only,273.5300859970979
FL-Only,302.26348934987584
FL-Only,243.9229533834493
FL-Only,338.49706878885104
FL-Only,254.53050925401607
FL-Only,191.28112785761806
FL-Only,221.9550531204851
FL-Only,229.7173852873793
FL-Only,269.2772131972885
FL-Only,206.16275409059867
FL-Only,232.78298880481475
FL-Only,238.39734848736043
FL-Only,226.6270468861227
FL-Only,278.26803064886843
FL-Only,271.2941769270796
FL-Only,292.8292525392623
FL-Only,231.42796757444083
FL-Only,294.30363027356395
FL-Only,189.07611947494112
FL-Only,188.07624365941587
FL-Only,195.23413087026026
FL-Only,245.37767939791567
FL-Only,294.297502779688
FL-Only,220.31217469377515
FL-Only,225.45557039645809
FL-Only,236.14326383231716
FL-Only,268.48595305889387
FL-Only,225.41736256246247
FL-Only,223.12990472542344
FL-Only,189.8387942023347
FL-Only,221.55943444173803
FL-Only,293.27593187034864
FL-Only,248.72796634761755
FL-Only,214.66596507983547
FL-Only,295.6819028818863
FL-Only,221.00624641553233
FL-Only,303.2181787587811
FL-Only,302.54788609390414
FL-Only,247.2964766813614
FL-Only,183.55946937776082
FL-Only,338.86952522917596
FL-Only,260.8783183068464
FL-Only,231.7206319864558
FL-Only,284.2012445057773
FL-Only,273.79441426787525
FL-Only,298.74847234534406
FL-Only,217.84374066412425
FL-Only,258.0574099237501
FL-Only,196.3793205599576
FL-Only,272.3197102253906
FL-Only,244.0592398452853
FL-Only,256.5213794749593
FL-Only,238.99966132254073
FL-Only,234.7094583558772
FL-Only,209.40252186539672
FL-Only,277.40763880205355
FL-Only,306.07786550639895
FL-Only,222.1765972846865
FL-Only,267.6951607038149
FL-Only,262.7195286110699
FL-Only,245.3320102653032
FL-Only,182.4095749320466
FL-Only,191.6345086044657
FL-Only,212.9797400027856
FL-Only,157.3008063335508
FL-Only,302.7292599261302
FL-Only,260.07583239636824
FL-Only,243.77159701563602
FL-Only,155.20033141001903
FL-Only,170.2212949441636
FL-Only,244.9040030843347
FL-Only,325.79008858484303
FL-Only,216.35558796920364
FL-Only,280.41571859090993
FL-Only,225.3240012853266
FL-Only,247.26480963084353
FL-Only,294.8020378046102
FL-Only,230.8159831631717
FL-Only,216.70569876986255
FL-Only,303.1408927191153
FL-Only,246.86787066565742
FL-Only,289.73940871403266
FL-Only,216.90479537122783
FL-Only,302.6736425674
FL-Only,256.21871825591904
FL-Only,262.826292674801
FL-Only,250.39680176859616
FL-Only,224.27552573814344
FL-Only,244.93100476970616
FL-Only,226.853800242436
FL-Only,284.34138856843623
FL-Only,236.67465615018483
FL-Only,183.64320366045013
FL-Only,176.14362686543936
FL-Only,174.2045557548626
FL-Only,270.3368010597116
FL-Only,197.7883232336888
FL-Only,257.3035168093812
FL-Only,250.59955521714795
FL-Only,242.34694760869914
FL-Only,262.97461333867716
FL-Only,251.49044502071158
FL-Only,133.90108054598107
FL-Only,231.7313651252119
FL-Only,262.4292284966007
FL-Only,312.25159524095494
FL-Only,314.1447622798824
FL-Only,189.1108289430045
FL-Only,230.6612627281763
FL-Only,180.7892926379721
FL-Only,307.3152880795134
FL-Only,286.5271045340906
FL-Only,259.37410336139015
FL-Only,251.80988931166863
FL-Only,301.60587511432846
FL-Only,294.6643329851657
FL-Only,292.479832562901
FL-Only,263.72387425107263
FL-Only,230.68163971991933
FL-Only,276.45211811271986
FL-Only,278.45771811545967
FL-Only,237.18386374672966
FL-Only,230.5987943277961
FL-Only,291.4658440518866
FL-Only,313.2287604595539
FL-Only,214.2747729824946
FL-Only,234.20155630663305
FL-Only,259.38825613464263
FL-Only,264.95055890769305
FL-Only,223.58297927110692
FL-Only,322.2243458441058
FL-Only,262.305905887352
FL-Only,266.7867197472927
FL-Only,317.1142473419819
FL-Only,226.5884733649718
FL-Only,241.3742930658666
FL-Only,193.6137886101132
FL-Only,237.9336306376033
FL-Only,183.95397151865012
FL-Only,275.66182352192004
FL-Only,262.2198667528697
FL-Only,233.64015841141986
FL-Only,240.88262797946823
FL-Only,276.2201230227486
FL-Only,198.43236043751418
FL-Only,253.37088256555344
FL-Only,273.6799020648085
FL-Only,171.9267628263031
FL-Only,273.0824582337828
FL-Only,176.36343900627577
FL-Only,240.17862616208717
FL-Only,197.30096473209574
FL-Only,303.68110975089064
FL-Only,197.55803677975376
FL-Only,177.3422144294193
FL-Only,250.46743780544895
FL-Only,228.03817781914626
FL-Only,183.31118562477874
FL-Only,266.5584231653488
FL-Only,163.34853843956313
FL-Only,202.51412012409187
FL-Only,221.41605091274783
FL-Only,277.89111807836076
FL-Only,298.1142030475392
FL-Only,290.21407214043046
FL-Only,238.71577459104844
FL-Only,145.4803619633986
FL-Only,261.0249738699609
FL-Only,305.29352330820916
FL-Only,295.5854067203563
FL-Only,263.98090939949253
FL-Only,196.23038666212344
FL-Only,223.462412851235
FL-Only,324.2863903485727
FL-Only,186.91408907877053
FL-Only,197.9385096458342
FL-Only,283.64461359777664
FL-Only,227.32247096297337
FL-Only,196.54803998961052
FL-Only,307.64681832764364
FL-Only,263.9032951039507
FL-Only,229.3461522605357
FL-Only,198.02323172811987
FL-Only,328.94366911825745
FL-Only,243.9974754313891
FL-Only,302.29045056124926
FL-Only,281.63897532898704
FL-Only,223.6430359718074
FL-Only,223.96941428541896
FL-Only,304.2989108152907
FL-Only,304.9632106374191
FL-Only,168.0464449790499
FL-Only,267.5409907002699
FL-Only,240.0301930063316
FL-Only,202.63375031952125
FL-Only,255.7315898834051
FL-Only,189.66653156955783
FL-Only,225.8753304595099
FL-Only,212.26257695643133
FL-Only,224.50855816960407
FL-Only,242.06938175985837
FL-Only,203.36176686187505
FL-Only,309.5003401838052
FL-Only,265.22461256915915
FL-Only,318.57708416366427
FL-Only,238.4367212678012
FL-Only,222.49961154581854
FL-Only,317.09504019421416
FL-Only,221.2995506651666
FL-Only,237.69002709844588
FL-Only,274.5219438303899
FL-Only,194.2532418598116
FL-Only,274.16308207653964
FL-Only,268.91722971274874
FL-Only,297.0423380395511
FL-Only,281.49182462341577
FL-Only,298.2991124679804
FL-Only,240.47270207915517
FL-Only,209.6305169330105
FL-Only,331.50940197741784
FL-Only,182.40547976359937
FL-Only,186.51296376617387
FL-Only,268.17024966086205
FL-Only,311.6244279752713
FL-Only,252.77158468248078
FL-Only,285.9714516877904
FL-Only,163.17208817364968
FL-Only,224.51865655057338
FL-Only,168.16813990712637
FL-Only,276.9968492873751
FL-Only,181.5635156098504
FL-Only,192.60942731266147
FL-Only,266.07503340341754
FL-Only,288.5347984327269
FL-Only,238.48230756260213
FL-Only,268.3770726684489
FL-Only,267.0493148417968
FL-Only,236.16749876285866
FL-Only,200.1170752016638
FL-Only,268.16054768227036
FL-Only,270.1369233217784
FL-Only,281.65500052670063
FL-Only,257.7947233872348
FL-Only,197.09150354734763
FL-Only,273.3039466161364
FL-Only,244.943375710638
FL-Only,225.20776478274294
FL-Only,232.9199306750578
FL-Only,216.69945568599442
FL-Only,281.4425949330316
FL-Only,186.85729592321917
FL-Only,204.26707667293684
FL-Only,231.5203117284605
FL-Only,311.163784777799
FL-Only,288.2255025128068
FL-Only,177.72552706686378
FL-Only,300.40523063885195
FL-Only,300.32622889633103
FL-Only,196.86565863307163
FL-Only,141.62021090554575
FL-Only,242.03891348376305
FL-Only,291.0194007812927
FL-Only,310.2417407618083
FL-Only,209.29608216118874
FL-Only,316.83114329118155
FL-Only,153.65477177151524
FL-Only,229.9099248329992
FL-Only,227.89436256215436
FL-Only,292.2458180218964
FL-Only,298.230401103531
FL-Only,284.1231698727692
FL-Only,189.62744800141832
FL-Only,280.3673803037558
FL-Only,265.87072071233314
FL-Only,176.47939020353678
FL-Only,160.25243301913082
FL-Only,287.55756089085185
FL-Only,237.61592865985097
FL-Only,192.3075342093501
FL-Only,236.4649509229405
FL-Only,259.9256843256413
FL-Only,241.60310380663057
FL-Only,181.36856772183046
FL-Only,322.3078330461285
FL-Only,286.1729367285036
FL-Only,231.24952448138785
FL-Only,232.9011191080062
FL-Only,259.73898318324024
FL-Only,198.68552277464642
FL-Only,258.2297338980157
FL-Only,190.4399700887086
FL-Only,242.1080971093482
FL-Only,197.08856850586878
FL-Only,199.1585567246047
FL-Only,312.4746271583466
FL-Only,247.42826166566672
FL-Only,253.50366590144787
FL-Only,162.53342569566576
FL-Only,220.52292790063703
FL-Only,263.9096968668782
FL-Only,252.9595869038477
FL-Only,156.68477732449807
FL-Only,253.49265458294033
FL-Only,260.0289109455373
FL-Only,297.6342419261467
FL-Only,218.13552412352794
FL-Only,153.0751824744375
FL-Only,204.13239917598864
FL-Only,200.02033340638917
FL-Only,275.20506398897896
FL-Only,133.61379987579198
FL-Only,226.6173851370225
FL-Only,303.4576144166674
FL-Only,245.29571097617904
FL-Only,281.7489894632334
FL-Only,177.6862683244054
FL-Only,179.31842995854078
FL-Only,303.9269407716546
FL-Only,249.14982999604737
DQN-Only,280.9571693860389
DQN-Only,222.32866425086416
DQN-Only,280.8375229896111
DQN-Only,220.99499671967538
DQN-Only,332.9697815474712
DQN-Only,406.9358740736722
DQN-Only,299.2291705759358
DQN-Only,245.5225734978459
DQN-Only,154.3844001362564
DQN-Only,195.1457225019676
DQN-Only,350.6333678893025
DQN-Only,226.5987915229885
DQN-Only,258.1999256790474
DQN-Only,307.45564677980053
DQN-Only,347.149910369366
DQN-Only,266.4198277841358
DQN-Only,256.5759902560303
DQN-Only,279.43780936851283
DQN-Only,245.87338480131757
DQN-Only,248.45667824193816
DQN-Only,295.77024564162593
DQN-Only,284.8939928560553
DQN-Only,378.317054714812
DQN-Only,297.0647431985006
DQN-Only,331.25498630850376
DQN-Only,224.5783115172897
DQN-Only,301.207549921453
DQN-Only,241.29689536314916
DQN-Only,294.9817566382348
DQN-Only,309.0487007095124
DQN-Only,278.39370451207077
DQN-Only,391.5516346307901
DQN-Only,344.54302891720573
DQN-Only,332.5077759757966
DQN-Only,312.6857372337607
DQN-Only,360.6413192510421
DQN-Only,207.02547372147762
DQN-Only,341.7735896635477
DQN-Only,228.4202730240229
DQN-Only,248.91172228479698
DQN-Only,302.9468373149601
DQN-Only,335.19456794451474
DQN-Only,220.6283216792658
DQN-Only,251.39784587146892
DQN-Only,280.6815394800629
DQN-Only,267.05443177460575
DQN-Only,316.993538939289
DQN-Only,440.924525567257
DQN-Only,296.1273940092422
DQN-Only,240.71057096820883
DQN-Only,213.76760012932823
DQN-Only,260.38781214789094
DQN-Only,230.86800547061807
DQN-Only,298.4423900148203
DQN-Only,297.69703851764285
DQN-Only,253.76792618280209
DQN-Only,371.27784066162155
DQN-Only,240.69852867648507
DQN-Only,270.26730874088764
DQN-Only,306.67980796271127
DQN-Only,318.8186349009518
DQN-Only,337.3236730340736
DQN-Only,296.56783099167546
DQN-Only,326.44380963782385
DQN-Only,244.07480774265892
DQN-Only,320.06793409681836
DQN-Only,319.42699920750715
DQN-Only,348.6185603881697
DQN-Only,195.91507237302994
DQN-Only,232.4552104511488
DQN-Only,315.5107665296305
DQN-Only,148.73450496569296
DQN-Only,299.6162963418408
DQN-Only,326.8706123967056
DQN-Only,248.33398811757888
DQN-Only,255.35087999462823
DQN-Only,224.44140733248463
DQN-Only,250.96573825289263
DQN-Only,252.35671190583562
DQN-Only,243.22361882565497
DQN-Only,240.59144746634416
DQN-Only,262.9917703253571
DQN-Only,262.41099284850617
DQN-Only,365.9583311933307
DQN-Only,257.0791131303835
DQN-Only,292.5192103772092
DQN-Only,248.30961760913755
DQN-Only,247.69940275961005
DQN-Only,194.19021418883412
DQN-Only,200.57442010506753
DQN-Only,218.064082576656
DQN-Only,284.8174480684834
DQN-Only,327.65633545366006
DQN-Only,190.24010270901513
DQN-Only,249.6443135352568
DQN-Only,210.38924595118328
DQN-Only,263.3146994815896
DQN-Only,327.6369356979432
DQN-Only,254.5496447228172
DQN-Only,273.7191853344146
DQN-Only,345.8509630268311
DQN-Only,297.9792446643796
DQN-Only,239.5155909207935
DQN-Only,283.6279337201148
DQN-Only,236.27764745269005
DQN-Only,296.183136611328
DQN-Only,300.7363273954924
DQN-Only,210.37633437607428
DQN-Only,284.40717203451715
DQN-Only,270.3564836161959
DQN-Only,302.1445150642614
DQN-Only,315.9046584489184
DQN-Only,298.917580997981
DQN-Only,261.4467190377719
DQN-Only,320.79984100147203
DQN-Only,234.09298673710794
DQN-Only,212.61494431826404
DQN-Only,122.62623914108158
DQN-Only,272.63323431661655
DQN-Only,236.56577090431512
DQN-Only,295.09221485161686
DQN-Only,181.38108508587035
DQN-Only,244.935429556824
DQN-Only,298.5729554814953
DQN-Only,226.56786497524894
DQN-Only,295.64432393341735
DQN-Only,249.26291543673403
DQN-Only,274.42520113056014
DQN-Only,304.5675843080091
DQN-Only,321.734257109535
DQN-Only,280.43963574338915
DQN-Only,236.92750584582024
DQN-Only,254.0141346057768
DQN-Only,306.573857428174
DQN-Only,226.97982799283488
DQN-Only,267.4528033612701
DQN-Only,257.4775632786492
DQN-Only,271.0386344006897
DQN-Only,227.5544385960299
DQN-Only,187.10667109381865
DQN-Only,300.9956455660629
DQN-Only,322.27830832745514
DQN-Only,189.9756020400885
DQN-Only,293.70845572445836
DQN-Only,327.9927799125685
DQN-Only,304.60373024459153
DQN-Only,255.9998314235488
DQN-Only,230.71217425196363
DQN-Only,279.8869478087995
DQN-Only,287.8936828246503
DQN-Only,280.59876053548317
DQN-Only,267.35353775435686
DQN-Only,224.03271724210765
DQN-Only,296.2890379828249
DQN-Only,298.60101573184915
DQN-Only,285.6394620221603
DQN-Only,281.32769496342036
DQN-Only,356.60397541181305
DQN-Only,246.029818340477
DQN-Only,337.50888467791947
DQN-Only,240.7668254773518
DQN-Only,329.22962750190857
DQN-Only,335.2016424038661
DQN-Only,261.9335422367096
DQN-Only,355.72622659492004
DQN-Only,298.5137225638123
DQN-Only,233.89092282525274
DQN-Only,258.04048346931796
DQN-Only,330.37259069311926
DQN-Only,320.3071056900792
DQN-Only,225.21406073379404
DQN-Only,269.31564901485615
DQN-Only,285.7691031732726
DQN-Only,251.63497972437077
DQN-Only,389.17438672198654
DQN-Only,287.2158596834556
DQN-Only,273.03301483665365
DQN-Only,333.16085012438833
DQN-Only,258.46975032773594
DQN-Only,324.3565253096315
DQN-Only,195.94884501201673
DQN-Only,254.2246057802128
DQN-Only,326.35538008210784
DQN-Only,351.3694905883042
DQN-Only,238.88180577571234
DQN-Only,233.28856146150488
DQN-Only,303.23742865778206
DQN-Only,246.0943730439498
DQN-Only,263.1082599477411
DQN-Only,318.06744118738357
DQN-Only,249.88309528252742
DQN-Only,181.6595639262871
DQN-Only,213.54794709091772
DQN-Only,276.4778681145735
DQN-Only,186.55568887330156
DQN-Only,261.73629996972863
DQN-Only,209.17936722028838
DQN-Only,354.7170723295487
DQN-Only,379.9268445487523
DQN-Only,225.20653908758072
DQN-Only,288.32441664182005
DQN-Only,229.9006208641511
DQN-Only,261.1528511013835
DQN-Only,362.56652774187864
DQN-Only,253.5989497091287
DQN-Only,262.27020181261855
DQN-Only,230.75859517307055
DQN-Only,331.01709012791343
DQN-Only,119.36319827884671
DQN-Only,254.7457285664822
DQN-Only,273.79746748149796
DQN-Only,244.2682881671561
DQN-Only,317.45018437109604
DQN-Only,333.69730963058277
DQN-Only,208.22210338178328
DQN-Only,376.4873593809986
DQN-Only,207.68357643103127
DQN-Only,337.8542727204404
DQN-Only,283.1917295297133
DQN-Only,251.8223473385369
DQN-Only,256.3503873755599
DQN-Only,274.3913860483049
DQN-Only,286.0040573694615
DQN-Only,231.8325911341668
DQN-Only,264.7708820314373
DQN-Only,239.00770449947547
DQN-Only,217.6776227004541
DQN-Only,236.76903828202094
DQN-Only,220.8012176306189
DQN-Only,255.8325641879751
DQN-Only,296.75879546248393
DQN-Only,281.7940970005422
DQN-Only,370.76854927971124
DQN-Only,169.89825534144398
DQN-Only,298.528366378281
DQN-Only,276.3081714491689
DQN-Only,315.1521764338544
DQN-Only,310.3903298068996
DQN-Only,268.0803959935115
DQN-Only,284.28726167312425
DQN-Only,240.28467777991273
DQN-Only,305.45663900901377
DQN-Only,185.81394949811033
DQN-Only,313.2876690551672
DQN-Only,274.88767467666673
DQN-Only,252.62102218410774
DQN-Only,264.8384064265571
DQN-Only,268.3585807397577
DQN-Only,338.2705805030641
DQN-Only,431.2076958359286
DQN-Only,334.55379955921836
DQN-Only,248.8643622772917
DQN-Only,306.2295275656934
DQN-Only,308.3197999707592
DQN-Only,231.59228532253343
DQN-Only,215.48163373340728
DQN-Only,272.96251541199416
DQN-Only,314.76996492966884
DQN-Only,198.63320315513144
DQN-Only,241.3969023525885
DQN-Only,303.4872820315395
DQN-Only,278.00273343698785
DQN-Only,343.9811337887518
DQN-Only,208.2543622043355
DQN-Only,388.9039168055739
DQN-Only,202.17636270866018
DQN-Only,178.6001414962435
DQN-Only,273.1721865841293
DQN-Only,221.54597144419154
DQN-Only,274.1397281258458
DQN-Only,272.461109810176
DQN-Only,266.6028378188433
DQN-Only,235.56427045455462
DQN-Only,296.7674953238252
DQN-Only,260.76781849117583
DQN-Only,328.97591379622867
DQN-Only,267.3421318786413
DQN-Only,229.6969237024037
DQN-Only,194.9898935115175
DQN-Only,267.73874729047816
DQN-Only,215.0781805745941
DQN-Only,211.20183100777066
DQN-Only,301.31795083905536
DQN-Only,190.6718370641572
DQN-Only,343.78528215997983
DQN-Only,283.66638645098595
DQN-Only,273.8955537108019
DQN-Only,226.33123485357186
DQN-Only,312.689870224461
DQN-Only,275.860563187325
DQN-Only,243.0673611484415
DQN-Only,285.5915854392763
DQN-Only,195.22629813890975
DQN-Only,197.50429768564135
DQN-Only,222.23106790554823
DQN-Only,292.77730884526625
DQN-Only,275.8436005533057
DQN-Only,326.35100474667615
DQN-Only,231.84048709590832
DQN-Only,303.5840563431044
DQN-Only,270.5342134850265
DQN-Only,230.73383065243542
DQN-Only,294.4947681942201
DQN-Only,272.83143080422883
DQN-Only,245.80227868102085
DQN-Only,278.0159561829164
DQN-Only,269.7825414750052
DQN-Only,268.6229727111599
DQN-Only,256.19552880428165
DQN-Only,213.36247013310538
DQN-Only,279.58873996295387
DQN-Only,237.4697100613721
DQN-Only,227.02421435308474
DQN-Only,264.44640748307484
DQN-Only,311.2332741202646
DQN-Only,284.9094483691671
DQN-Only,250.50517399883574
DQN-Only,248.57538922234284
DQN-Only,306.51903658506086
DQN-Only,160.95668306653246
DQN-Only,314.2735194815751
DQN-Only,186.04724280334372
DQN-Only,208.06042040049692
DQN-Only,251.31524009936518
DQN-Only,380.1659588606806
DQN-Only,356.5161292806848
DQN-Only,309.9114122782625
DQN-Only,293.1140341581816
DQN-Only,186.61070553540122
DQN-Only,283.52439181827356
DQN-Only,249.63736710912139
DQN-Only,236.79987198610934
DQN-Only,283.4305483187836
DQN-Only,253.38671954655845
DQN-Only,317.7263782065048
DQN-Only,183.07417115459197
DQN-Only,279.6005482726071
DQN-Only,233.80333327132593
DQN-Only,256.3374802120467
DQN-Only,290.6220681350036
DQN-Only,222.3692225947168
DQN-Only,283.8831426869983
DQN-Only,265.8077661499553
DQN-Only,244.29183047150934
DQN-Only,253.41252067147585
DQN-Only,268.5815092230275
DQN-Only,239.1438473969658
DQN-Only,276.3405348156293
DQN-Only,262.64752216002836
DQN-Only,246.65843822078588
DQN-Only,352.3124272273432
DQN-Only,295.93151628295783
DQN-Only,257.6298128340982
DQN-Only,283.001300679586
DQN-Only,226.7126334348716
DQN-Only,255.034962874628
DQN-Only,260.6362823789641
DQN-Only,216.15389232432562
DQN-Only,294.59299430373204
DQN-Only,251.73059027458436
DQN-Only,258.93759996252464
DQN-Only,248.70144676207894
DQN-Only,418.03634835086876
DQN-Only,244.1944727916474
DQN-Only,176.70350621348027
DQN-Only,199.2032653939759
DQN-Only,312.4465258893809
DQN-Only,340.14972920079026
DQN-Only,243.27373481410302
DQN-Only,337.38958414250226
DQN-Only,311.5963199924421
DQN-Only,266.90495371266775
DQN-Only,263.4985783790143
DQN-Only,284.68177086795134
DQN-Only,318.1178794633748
DQN-Only,295.07013914856105
DQN-Only,243.5132015136626
DQN-Only,267.6380617427371
DQN-Only,371.10064582665234
DQN-Only,288.0582622702172
DQN-Only,317.72762049036555
DQN-Only,301.9144793879631
DQN-Only,289.1211717118897
DQN-Only,281.2175472007233
DQN-Only,319.074750015599
DQN-Only,310.4948272949128
DQN-Only,288.66688694455434
DQN-Only,242.69939877370138
DQN-Only,294.5068226663266
DQN-Only,272.783619049532
DQN-Only,261.20371625543635
DQN-Only,404.58124679837124
DQN-Only,202.1255372300243
DQN-Only,322.0086172347592
DQN-Only,234.59179467581612
DQN-Only,282.29738348848304
DQN-Only,399.29220091632885
DQN-Only,229.806288248445
DQN-Only,241.25411256829133
DQN-Only,275.15934061672317
DQN-Only,235.33358603369464
DQN-Only,318.43470484513443
DQN-Only,250.34258706896185
DQN-Only,307.39246272716815
DQN-Only,212.19892167359666
DQN-Only,189.27208789659718
DQN-Only,265.0087210102536
DQN-Only,200.71162377419546
DQN-Only,348.8769078127416
DQN-Only,202.5694324562401
DQN-Only,226.19103899180652
DQN-Only,295.85375450278127
DQN-Only,247.8545303970237
DQN-Only,203.11737744635502
DQN-Only,373.91827968345405
DQN-Only,227.92157744834046
DQN-Only,266.5796252401656
DQN-Only,265.95875903491054
DQN-Only,310.09483929439574
DQN-Only,298.1929181122108
DQN-Only,236.31355018891173
DQN-Only,260.36029356272127
DQN-Only,265.10772318999284
DQN-Only,311.95005591353095
DQN-Only,219.92054808678714
DQN-Only,372.8693067242775
DQN-Only,239.55919740194668
DQN-Only,275.58002895568353
DQN-Only,220.3205068947244
DQN-Only,213.6883674412504
DQN-Only,234.02743636427405
DQN-Only,229.41488555211575
DQN-Only,256.1156628405681
DQN-Only,229.00967861934043
DQN-Only,309.38651622212205
DQN-Only,238.416773024718
DQN-Only,233.09685631430807
DQN-Only,257.13749452237107
DQN-Only,323.65626617742214
DQN-Only,286.31405633329916
DQN-Only,271.2149025654015
DQN-Only,207.2138510415034
DQN-Only,221.14999392654195
DQN-Only,214.63632287809807
DQN-Only,338.7288587362726
DQN-Only,301.46702991031907
DQN-Only,234.6422155716387
DQN-Only,248.91016109636854
DQN-Only,236.386071540608
DQN-Only,233.478661613726
DQN-Only,298.09444949837666
DQN-Only,262.19826140235295
DQN-Only,375.89605172627824
DQN-Only,336.0172715768159
DQN-Only,338.8550563424027
DQN-Only,308.22513479751007
DQN-Only,255.71236461565493
DQN-Only,304.69396245742
DQN-Only,259.2560306626244
DQN-Only,354.2532504349614
DQN-Only,295.40541038639617
DQN-Only,288.5932972129447
DQN-Only,282.0994877966164
DQN-Only,359.5327885133212
DQN-Only,207.1799839758343
DQN-Only,364.2378157280989
DQN-Only,267.0646172422014
DQN-Only,208.50484916084875
DQN-Only,239.8939328811333
DQN-Only,196.761251389268
DQN-Only,307.37552378811074
DQN-Only,226.16193838336707
DQN-Only,284.0960479778256
DQN-Only,330.4424174479607
DQN-Only,243.74318742882542
DQN-Only,263.1310227348292
DQN-Only,213.43840272403125
DQN-Only,257.3588587703425
DQN-Only,399.55313401312185
DQN-Only,313.3407918773012
DQN-Only,263.29293989310696
DQN-Only,246.63897426327767
DQN-Only,273.9535970084912
DQN-Only,282.2424361052947
DQN-Only,255.88465405700362
DQN-Only,301.4428413970142
DQN-Only,230.23452047710038
DQN-Only,229.99739160075512
DQN-Only,293.7693819384098
DQN-Only,219.90519582890892
DQN-Only,310.9928281374019
DQN-Only,275.3145306049472
DQN-Only,188.26035750157376
DQN-Only,281.25595802692544
DQN-Only,195.11296201972826
DQN-Only,309.28137646347176
DQN-Only,264.0617121959714
DQN-Only,364.85204239232735
DQN-Only,327.4230165298851
DQN-Only,225.08675970087242
DQN-Only,179.00448653561196
DQN-Only,239.75513967401406
DQN-Only,217.37958706414219
DQN-Only,363.6354281701005
DQN-Only,275.5048963545527
DQN-Only,320.804102600792
DQN-Only,262.31851619757185
DQN-Only,267.37596056252903
DQN-Only,274.4339029195724
DQN-Only,329.1138872924374
DQN-Only,290.95798827238076
DQN-Only,225.24797551312008
DQN-Only,353.880678628148
DQN-Only,261.94485604865696
DQN-Only,254.13503405392086
DQN-Only,140.18374549204634
DQN-Only,306.4511803757442
DQN-Only,280.8486067037704
DQN-Only,280.7964315168913
DQN-Only,256.6644157866807
DQN-Only,248.38954367362643
DQN-Only,258.26013951213935
DQN-Only,298.2317218141094
DQN-Only,306.6776531056008
DQN-Only,264.91048375801927
DQN-Only,321.54899972720443
DQN-Only,272.20923931116107
DQN-Only,251.79713193006455
DQN-Only,285.52394759555347
DQN-Only,210.74945191229472
DQN-Only,287.1704788358039
DQN-Only,201.97525893473417
DQN-Only,226.66910592077932
DQN-Only,179.10281247760201
DQN-Only,267.594386271768
DQN-Only,353.26241771083653
DQN-Only,270.3803202680911
DQN-Only,306.89209821279013
DQN-Only,388.9110670709947
DQN-Only,295.3946807097646
DQN-Only,239.26982185977494
DQN-Only,245.87670706867982
DQN-Only,276.0315939947043
DQN-Only,245.62105702747562
DQN-Only,249.21182400895526
DQN-Only,323.2921876444555
DQN-Only,325.2555014770662
DQN-Only,196.94916086166413
DQN-Only,236.72786314078945
DQN-Only,253.72778942815717
DQN-Only,304.7562694159321
DQN-Only,330.8676282482715
DQN-Only,405.6944608451464
DQN-Only,253.64768177843226
DQN-Only,256.0450217115826
DQN-Only,304.2513607506103
DQN-Only,243.25359749016675
DQN-Only,269.2338306484552
DQN-Only,256.0781707783898
DQN-Only,150.16061174859942
DQN-Only,281.9151950472742
DQN-Only,267.2466739534661
DQN-Only,337.0190904123312
DQN-Only,276.263539561745
DQN-Only,215.77212104091973
DQN-Only,263.61125409698286
DQN-Only,175.62802352944186
DQN-Only,217.87594391041716
DQN-Only,306.5042864713439
DQN-Only,264.1276588822242
DQN-Only,320.28039549590716
DQN-Only,181.5891719578537
DQN-Only,264.3618529284599
DQN-Only,253.1754000773863
DQN-Only,321.8807319654339
DQN-Only,308.2926128719979
DQN-Only,306.8281032042383
DQN-Only,349.9876818280369
DQN-Only,258.3318187542448
DQN-Only,340.0838800944345
DQN-Only,225.8781047577727
DQN-Only,224.11786801124669
DQN-Only,312.13183543192025
DQN-Only,203.77244455637754
DQN-Only,303.49275016410996
DQN-Only,280.86303329862363
DQN-Only,327.4489309754339
DQN-Only,273.1466896821653
DQN-Only,278.6903494221853
DQN-Only,300.4447196603955
DQN-Only,244.19282159713063
DQN-Only,242.1020972404694
DQN-Only,298.7726131124841
DQN-Only,274.5941851617294
DQN-Only,256.44893196939455
DQN-Only,272.02636321451195
DQN-Only,352.53885637623983
DQN-Only,254.73511647648516
DQN-Only,253.34305856246326
DQN-Only,194.04267721620025
DQN-Only,273.9670589684585
DQN-Only,307.5304085395388
DQN-Only,316.13750955268165
DQN-Only,281.1944448782656
DQN-Only,321.8800115078824
DQN-Only,311.0990592902516
DQN-Only,329.42161102522863
DQN-Only,323.246527462923
DQN-Only,351.3589534131481
DQN-Only,267.85472800482
DQN-Only,212.3012139666476
DQN-Only,307.85849969690014
DQN-Only,313.46655308749325
DQN-Only,351.3597788822947
DQN-Only,337.50193709614587
DQN-Only,369.38267788149915
DQN-Only,305.7529910556736
DQN-Only,286.98290841305413
DQN-Only,209.52081017636417
DQN-Only,290.78863365667587
DQN-Only,249.47983887017674
DQN-Only,286.1524806447586
DQN-Only,278.6166329428635
DQN-Only,298.6432122648065
DQN-Only,271.3281259421515
DQN-Only,320.88096915516405
DQN-Only,145.28859298199723
DQN-Only,285.11969160757656
DQN-Only,333.719509399323
DQN-Only,365.7623284058983
DQN-Only,311.134144242483
DQN-Only,356.8743850839619
DQN-Only,284.1089277964196
DQN-Only,276.13740364449905
DQN-Only,301.4119508749321
DQN-Only,275.8466744212289
DQN-Only,238.4468415351667
DQN-Only,251.26846828166885
DQN-Only,222.61666050834447
DQN-Only,301.3621005535317
DQN-Only,276.5468070000229
DQN-Only,258.7062663956113
DQN-Only,248.79917967181007
DQN-Only,300.2427046175821
DQN-Only,313.46151266928337
DQN-Only,221.73532816775122
DQN-Only,214.19113585077037
DQN-Only,321.81647786980875
DQN-Only,209.99360455254742
DQN-Only,302.27936802347926
DQN-Only,353.61164154019264
DQN-Only,353.7232705628704
DQN-Only,311.4178843503404
DQN-Only,310.0228567354618
DQN-Only,384.09155760942986
DQN-Only,163.949008181099
DQN-Only,253.7118875481295
DQN-Only,316.7276087556769
DQN-Only,259.81022362358607
DQN-Only,335.5093588131377
DQN-Only,274.11100510511073
DQN-Only,282.3237052962047
DQN-Only,262.815616116195
DQN-Only,250.91947397721307
DQN-Only,249.7387217689127
DQN-Only,289.01598224816524
DQN-Only,238.8208816405024
DQN-Only,321.7538344075818
DQN-Only,307.3548443809355
DQN-Only,328.7719891665523
DQN-Only,221.81163091233606
DQN-Only,194.4251257542507
DQN-Only,275.7990837296754
DQN-Only,415.142429450857
DQN-Only,336.77802134853937
DQN-Only,249.38657719167776
DQN-Only,296.3765824527044
DQN-Only,310.9241715572968
DQN-Only,210.31736444482266
DQN-Only,341.742041713661
DQN-Only,267.9636419125948
DQN-Only,271.6473194588227
DQN-Only,277.14166365282506
DQN-Only,330.93792668677895
DQN-Only,239.7512564063324
DQN-Only,194.0654397703463
DQN-Only,291.5018540592021
DQN-Only,177.9044118636898
DQN-Only,261.54702743349407
DQN-Only,332.9699659132233
DQN-Only,303.79650736841944
DQN-Only,326.03309115481323
DQN-Only,305.7768655297358
DQN-Only,391.6960554616036
DQN-Only,247.76449787247287
DQN-Only,295.11032049639954
DQN-Only,254.9702173817928
DQN-Only,321.9264609559138
DQN-Only,273.0444059495762
DQN-Only,358.5045542133142
DQN-Only,250.52083414070512
DQN-Only,343.5420732344152
DQN-Only,304.4706974661106
DQN-Only,274.4418686838249
DQN-Only,302.03723221727637
DQN-Only,288.54069060140125
DQN-Only,293.0858246520869
DQN-Only,266.07018849146925
DQN-Only,242.32375163736043
DQN-Only,259.91658624179854
DQN-Only,195.2090410584853
DQN-Only,316.413519961566
DQN-Only,216.71212933557698
DQN-Only,265.55294134868643
DQN-Only,307.1061619910896
DQN-Only,316.29104242079575
DQN-Only,190.81670703181254
DQN-Only,271.59129238919627
DQN-Only,298.06774557354345
DQN-Only,278.4967732445917
DQN-Only,340.51559796833016
DQN-Only,236.5532688040991
DQN-Only,177.64602575087056
DQN-Only,314.895648804889
DQN-Only,250.2198662583126
DQN-Only,191.5900513158721
DQN-Only,268.39140525280925
DQN-Only,335.0667828447217
DQN-Only,215.3638743449905
DQN-Only,388.1278057894688
DQN-Only,235.78168346224024
DQN-Only,280.176520998036
DQN-Only,217.4816439433148
DQN-Only,277.9972967374087
DQN-Only,269.5801045555835
DQN-Only,204.50429268810782
DQN-Only,411.6396945096437
DQN-Only,252.22381588710266
DQN-Only,252.26579724931062
DQN-Only,322.5137222089754
DQN-Only,363.0842344007265
DQN-Only,330.0689696642065
DQN-Only,218.34335409472385
DQN-Only,286.2676324557438
DQN-Only,185.69412084552027
DQN-Only,319.2818439034731
DQN-Only,197.51096935053783
DQN-Only,237.44633646675663
DQN-Only,275.8463278064971
DQN-Only,297.3603149347686
DQN-Only,263.47513807702467
DQN-Only,348.91601648317834
DQN-Only,310.7154999452294
DQN-Only,306.94678819508204
DQN-Only,216.98875670473615
DQN-Only,357.5696590821793
DQN-Only,237.45287307463144
DQN-Only,359.4020367833805
DQN-Only,373.0653627324274
DQN-Only,300.6075135534612
DQN-Only,325.5366286886122
DQN-Only,128.01985137327028
DQN-Only,266.6398840564619
DQN-Only,328.9039507161379
DQN-Only,320.37649287907607
DQN-Only,217.45327977120587
DQN-Only,261.9013420863421
DQN-Only,154.25445575034496
DQN-Only,295.82365632829215
DQN-Only,185.60023674111247
DQN-Only,330.26293645380343
DQN-Only,332.77079331443565
DQN-Only,253.23039290848806
DQN-Only,301.02124466179623
DQN-Only,265.5792612450956
DQN-Only,287.6116029607136
DQN-Only,220.9315476843288
DQN-Only,305.87964591551565
DQN-Only,197.22310894922802
DQN-Only,188.16335220818968
DQN-Only,270.1474407999844
DQN-Only,265.8603225786586
DQN-Only,289.07048306648403
DQN-Only,244.8236404686562
DQN-Only,366.51319995770825
DQN-Only,283.70903949021323
DQN-Only,287.1783253687788
DQN-Only,285.4672261155382
DQN-Only,324.13967370950775
DQN-Only,303.6488358952543
DQN-Only,297.2168591859974
DQN-Only,311.3272370335484
DQN-Only,188.4184974217348
DQN-Only,190.2313127718827
DQN-Only,272.3491802255307
DQN-Only,266.5116536312687
DQN-Only,303.83087251431397
DQN-Only,276.96081130480826
DQN-Only,303.9295168538021
DQN-Only,216.2114270610583
DQN-Only,275.48426062038266
DQN-Only,211.62927657802635
DQN-Only,294.56918084982726
DQN-Only,185.8423179665606
DQN-Only,292.7188847299622
DQN-Only,205.48802971693863
DQN-Only,257.59066592535385
DQN-Only,318.956529189564
DQN-Only,286.914239452724
DQN-Only,197.00830926123353
DQN-Only,243.72509545468685
DQN-Only,203.9338307771135
DQN-Only,194.6515920189507
DQN-Only,281.6478324544308
DQN-Only,302.894320490885
DQN-Only,297.1490841943531
DQN-Only,304.92608711422804
DQN-Only,275.4282791574807
DQN-Only,262.87726950000155
DQN-Only,224.4926723010089
DQN-Only,254.87617575597605
DQN-Only,212.57527750434383
DQN-Only,235.43205469790786
DQN-Only,280.268489781026
DQN-Only,270.3453077980357
DQN-Only,423.10694581894927
DQN-Only,211.40181131975964
DQN-Only,269.99526140007447
DQN-Only,207.66085866222124
DQN-Only,257.38627795344235
DQN-Only,259.33952725847115
DQN-Only,316.55424125919063
DQN-Only,254.41600611753978
DQN-Only,266.8166591973044
DQN-Only,255.34473780133345
DQN-Only,208.74951628525397
DQN-Only,244.69908615393084
DQN-Only,257.66703767597676
DQN-Only,279.54364240350645
DQN-Only,302.8294697867916
DQN-Only,264.7393675338706
DQN-Only,263.8955393288953
DQN-Only,193.40096839262145
DQN-Only,301.90725682830487
DQN-Only,242.59690141679806
DQN-Only,311.86191543502923
DQN-Only,339.1891174970014
DQN-Only,266.98007871873574
DQN-Only,226.8810585232372
DQN-Only,275.1984665718577
DQN-Only,292.7376959048946
DQN-Only,260.8550399401574
DQN-Only,248.92615634979245
DQN-Only,303.04954611347586
DQN-Only,299.8837571853214
DQN-Only,259.37809726429646
DQN-Only,196.6048240674869
DQN-Only,297.9061528982137
DQN-Only,239.16829471481392
DQN-Only,286.2883716177748
DQN-Only,283.25554712059375
DQN-Only,185.3305235019521
DQN-Only,279.8919208517555
DQN-Only,300.6975612179739
DQN-Only,306.58331593490334
DQN-Only,281.633556052623
DQN-Only,181.09506989041967
DQN-Only,337.2998909849586
DQN-Only,295.7290880420439
DQN-Only,218.24067219021708
DQN-Only,238.18737407240286
DQN-Only,287.098762046137
DQN-Only,308.6296412783163
DQN-Only,252.57778289531032
DQN-Only,315.6252195541956
DQN-Only,189.94719220319146
DQN-Only,225.9619674674982
DQN-Only,176.91052752758003
DQN-Only,232.92455314225472
DQN-Only,348.38770485811654
DQN-Only,374.7745072600993
DQN-Only,287.26034247506124
DQN-Only,245.35539805110938
DQN-Only,265.3612847591547
DQN-Only,298.72031475998506
DQN-Only,200.97691912132404
DQN-Only,248.52003955290218
DQN-Only,344.87486757361194
DQN-Only,225.8059166722386
DQN-Only,240.04680483544593
DQN-Only,276.63329548710914
DQN-Only,289.59082845622606
DQN-Only,245.99980578242534
DQN-Only,279.69429039609383
DQN-Only,305.1810976194931
DQN-Only,370.14968754065507
DQN-Only,269.9402697871305
DQN-Only,274.01772886365296
DQN-Only,349.3177126070165
DQN-Only,249.64003880169142
DQN-Only,212.43105442741532
DQN-Only,288.0119508316302
DQN-Only,327.65640120421995
DQN-Only,293.3302624895849
DQN-Only,271.3432484377322
DQN-Only,206.47711808952772
DQN-Only,273.1982762271181
DQN-Only,335.1914364631842
DQN-Only,216.76238008611736
DQN-Only,264.252135657443
DQN-Only,257.4007328563987
DQN-Only,242.51018060938821
DQN-Only,287.9003042169123
DQN-Only,297.27865158028834
DQN-Only,296.775691430085
DQN-Only,229.113131346474
DQN-Only,196.99278267198324
DQN-Only,288.594644953475
DQN-Only,251.7158860088327
DQN-Only,364.2389942249657
DQN-Only,366.4564654087174
DQN-Only,371.55311013100993
DQN-Only,230.87467675033378
DQN-Only,303.3297161636205
DQN-Only,317.80572082807123
DQN-Only,312.4010032101313
DQN-Only,258.9888986786948
DQN-Only,337.39991534233565
DQN-Only,276.0227993455931
DQN-Only,282.1490939969011
DQN-Only,202.18399431469712
DQN-Only,306.94871853950343
DQN-Only,263.5002377485243
DQN-Only,298.30938538082523
DQN-Only,287.28545759062166
DQN-Only,284.684955679861
DQN-Only,273.8057485215992
DQN-Only,313.75678726370177
DQN-Only,266.4531582295168
DQN-Only,206.1505238662568
DQN-Only,303.30986910594885
DQN-Only,237.16773480424135
DQN-Only,212.4354315512573
DQN-Only,226.9323199611553
DQN-Only,289.5999542091322
DQN-Only,271.3670974514472
DQN-Only,173.63121457570332
DQN-Only,257.58451473347185
DQN-Only,332.1230987987887
DQN-Only,254.33780779519782
DQN-Only,268.05712543547554
DQN-Only,326.06358899170334
DQN-Only,314.1834843938177
DQN-Only,325.0440522072821
DQN-Only,142.91742671742225
DQN-Only,359.2091058452213
DQN-Only,306.5472209005406
DQN-Only,394.1508678731592
DQN-Only,238.44835052283437
DQN-Only,191.3543709288523
DQN-Only,276.3464859228085
DQN-Only,262.78212817165627
DQN-Only,307.3758712135114
DQN-Only,327.5965605401451
DQN-Only,271.80988104578415
DQN-Only,264.44601380098914
DQN-Only,301.0905513367741
DQN-Only,263.6962240467601
DQN-Only,259.68085915695417
DQN-Only,325.7824770564137
DQN-Only,336.4693371313715
DQN-Only,328.0303797054285
DQN-Only,267.92497378917477
DQN-Only,173.29012858784722
DQN-Only,268.8861078531433
DQN-Only,239.61695939150167
DQN-Only,269.7731990874918
DQN-Only,243.78763714955477
DQN-Only,275.0044869376511
DQN-Only,226.1147697968849
DQN-Only,214.52556303751783
DQN-Only,334.6891911634028
DQN-Only,229.45643455835264
DQN-Only,276.01591801230495
DQN-Only,321.81671263693613
DQN-Only,319.8865980590195
DQN-Only,314.1527138359369
DQN-Only,290.5375926960737
DQN-Only,310.7521588097688
DQN-Only,341.9082303650954
DQN-Only,296.4010845117779
DQN-Only,187.8142873529192
DQN-Only,250.63040610479536
DQN-Only,309.42576344266024
DQN-Only,245.8993951819486
DQN-Only,353.7650946940149
DQN-Only,272.96736824801127
DQN-Only,280.09194102525294
DQN-Only,329.9877215472833
DQN-Only,267.22320492915395
DQN-Only,284.46129771495293
DQN-Only,319.1579272319574
DQN-Only,205.33101043998306
DQN-Only,262.30568820539764
DQN-Only,315.79935817819774
DQN-Only,279.14880712044453
DQN-Only,346.432022979719
DQN-Only,200.3556788070279
DQN-Only,194.8799151385856
DQN-Only,312.94495279789044
DQN-Only,317.5587463167732
DQN-Only,266.723999672072
DQN-Only,295.21893120219477
DQN-Only,311.76993492630754
DQN-Only,236.93456611911617
DQN-Only,242.07127799763364
DQN-Only,285.10685660153456
DQN-Only,319.39627007489855
DQN-Only,220.03406753481673
DQN-Only,266.4985136671191
DQN-Only,264.27664167818693
DQN-Only,296.0620370420527
DQN-Only,275.58247823957595
DQN-Only,249.79758797746274
DQN-Only,335.93115747635545
DQN-Only,250.11564088220064
DQN-Only,261.9793745749702
DQN-Only,199.60811347585806
DQN-Only,241.74595791139703
DQN-Only,300.7716516642744
DQN-Only,291.3888939050333
DQN-Only,304.7768155231566
DQN-Only,302.4471497253922
DQN-Only,376.2102737421674
DQN-Only,240.10277628254832
DQN-Only,198.26766031513017
DQN-Only,225.57345618856687
DQN-Only,242.22471188008362
DQN-Only,229.23230704238827
DQN-Only,280.495720686953
DQN-Only,336.12743546673704
DQN-Only,349.9036355025559
DQN-Only,300.206808088637
DQN-Only,378.7810663417927
DQN-Only,258.8940932848119
DQN-Only,197.63908598388355
DQN-Only,326.5525472586321
DQN-Only,187.747469196045
DQN-Only,239.7598549104094
DQN-Only,300.96538715629424
DQN-Only,271.08568895765853
DQN-Only,266.8342673821677
DQN-Only,219.3220784246397
DQN-Only,275.4814853071998
DQN-Only,324.175799459414
DQN-Only,276.9584599937289
DQN-Only,236.14915777722908
DQN-Only,216.11815389132812
DQN-Only,237.13946001813224
DQN-Only,294.8320201158892
DQN-Only,292.49290859326607
DQN-Only,237.5756591714079
DQN-Only,169.8835477448612
DQN-Only,296.16061265626394
DQN-Only,232.91004484918795
DQN-Only,309.07499899273364
DQN-Only,239.706737177868
DQN-Only,228.58077822384917
DQN-Only,283.35225154846006
DQN-Only,389.1695630412657
DQN-Only,311.9534395735955
DQN-Only,282.5385263618809
DQN-Only,293.22487374628645
DQN-Only,191.94643864869133
DQN-Only,222.1276622038773
DQN-Only,155.47541447773733
DQN-Only,359.0339469396779
DQN-Only,349.31452939947593
DQN-Only,294.8552892583157
DQN-Only,282.4855249480418
DQN-Only,201.52367988011616
DQN-Only,265.47360190796684
DQN-Only,362.03481016338685
DQN-Only,282.3079679133943
DQN-Only,248.896969621829
DQN-Only,191.61260831982656
DQN-Only,342.2546749310786
DQN-Only,272.6359775506725
DQN-Only,191.6767750385842
DQN-Only,231.635247260566
DQN-Only,214.67817516680975
DQN-Only,269.67631076582535
DQN-Only,285.9522705414153
DQN-Only,251.84558091463083
DQN-Only,313.29823663137034
DQN-Only,279.7825075426772
DQN-Only,326.9909944930622
DQN-Only,258.8546842521255
DQN-Only,422.175628416535
DQN-Only,248.90454127325003
DQN-Only,232.64016039571814
DQN-Only,226.73757359540363
DQN-Only,265.87484512539334
DQN-Only,193.46226763844237
DQN-Only,290.1390165037349
DQN-Only,184.54541906088926
DQN-Only,283.7602043547471
DQN-Only,211.13991628337504
DQN-Only,257.69791644575554
DQN-Only,305.0179391583533
DQN-Only,386.59380882606496
DQN-Only,224.25597500250447
DQN-Only,268.78476242753317
DQN-Only,241.25958361077397
DQN-Only,234.24622451708183
DQN-Only,241.68128016146187
DQN-Only,315.5551908305731
DQN-Only,252.57331851694178
DQN-Only,383.96700951700103
DQN-Only,295.96700428294724
DQN-Only,227.5194882636444
DQN-Only,258.39815125703626
DQN-Only,237.5113444780805
DQN-Only,314.40329534144223
DQN-Only,197.33857648486787
DQN-Only,211.63433373908111
DQN-Only,247.60578630004122
DQN-Only,308.7814460706396
DQN-Only,335.1868931914931
DQN-Only,342.26602515709646
DQN-Only,301.43047295748147
DQN-Only,272.02130225481505
DQN-Only,314.1420389910717
DQN-Only,221.0639703632779
DQN-Only,187.45645334322114
DQN-Only,296.95860372895146
DQN-Only,227.7274359768552
DQN-Only,272.86527685605694
DQN-Only,281.7420967618951
DQN-Only,287.90973884055825
DQN-Only,321.0139938492025
DQN-Only,315.93960903800314
DQN-Only,285.36000322404914
DQN-Only,254.78326653746853
DQN-Only,281.1725802564634
DQN-Only,247.38189999960377
DQN-Only,266.5714117437038
DQN-Only,401.67232433185984
DQN-Only,284.74510564240995
DQN-Only,297.61176081780235
DQN-Only,242.13692884654262
DQN-Only,324.96352398863365
DQN-Only,312.49307628784436
DQN-Only,312.83292262344406
DQN-Only,286.31477984416625
DQN-Only,325.641124596805
DQN-Only,337.0408894384672
DQN-Only,289.58874812876616
DQN-Only,270.4986067679845
DQN-Only,318.9394075255085
DQN-Only,232.6019852851323
DQN-Only,241.5379065304643
DQN-Only,273.4415835415247
DQN-Only,192.41486071496902
DQN-Only,315.7245731310444
DQN-Only,229.78013340164048
DQN-Only,253.36843096791569
DQN-Only,265.762579407371
DQN-Only,277.8857674353864
DQN-Only,259.504642731694
DQN-Only,272.76618973294325
DQN-Only,273.13787364526013
DQN-Only,254.54251403389793
DQN-Only,238.88666603333928
DQN-Only,327.91074836906887
DQN-Only,174.98852629119827
DQN-Only,266.12567236754484
DQN-Only,253.49282534955765
DQN-Only,296.10199136287133
DQN-Only,206.1939457670876
DQN-Only,252.010303620307
DQN-Only,271.08673276849174
DQN-Only,327.36353329778206
DQN-Only,291.94487840618035
DQN-Only,219.19256587829463
DQN-Only,252.60111750140834
DQN-Only,318.5304649277132
DQN-Only,218.36280643569276
DQN-Only,272.2250751181262
DQN-Only,275.5622182787388
DQN-Only,257.4824131238033
DQN-Only,405.3960855743479
DQN-Only,256.18888994651763
DQN-Only,297.5887276496543
DQN-Only,239.21754622947435
DQN-Only,301.3319036159714
DQN-Only,317.7978046488929
DQN-Only,247.7777262361873
DQN-Only,273.37431286951045
DQN-Only,233.0265710452381
DQN-Only,221.0686170216052
DQN-Only,325.7661807600099
DQN-Only,249.4079545975849
DQN-Only,160.14660823161262
DQN-Only,360.7370955116939
DQN-Only,237.4994244929949
DQN-Only,264.17409390009453
DQN-Only,354.7635122637271
DQN-Only,269.19637947899326
DQN-Only,268.15984309431053
DQN-Only,217.0476938615744
DQN-Only,197.5279824178768
DQN-Only,268.01345929938583
DQN-Only,293.41486915559494
DQN-Only,290.6652195941171
DQN-Only,252.89946813747764
DQN-Only,276.9723743686532
DQN-Only,187.81392022425757
DQN-Only,298.08801699338295
DQN-Only,283.7474805489622
DQN-Only,370.73572292077716
DQN-Only,276.35902302859427
DQN-Only,230.7518710969882
DQN-Only,273.56528956373666
DQN-Only,260.26560959923984
DQN-Only,296.8659777009791
DQN-Only,277.29081896280894
DQN-Only,215.52255834947312
DQN-Only,197.48432216668706
DQN-Only,288.6195937263848
DQN-Only,342.38949797132346
DQN-Only,279.80869843448255
DQN-Only,315.0382729881699
DQN-Only,324.6148394017728
DQN-Only,288.8060085981441
DQN-Only,236.90440858265242
DQN-Only,285.3747880821871
DQN-Only,333.9394986048231
DQN-Only,301.4347463807959
DQN-Only,311.9157764557755
DQN-Only,253.79778039879236
DQN-Only,266.28701953221685
DQN-Only,270.3010890767824
DQN-Only,273.5357758782338
DQN-Only,332.0619991685932
DQN-Only,163.33566103976796
DQN-Only,277.4658386199282
DQN-Only,272.184173966647
DQN-Only,210.16794521068084
DQN-Only,308.24482639619833
DQN-Only,241.22399078664364
DQN-Only,258.86243283104835
DQN-Only,364.74153157219405
DQN-Only,324.4787351778747
DQN-Only,303.5753730789656
DQN-Only,294.2772928629314
DQN-Only,268.0953589226236
DQN-Only,371.97010873776486
DQN-Only,314.50404630913147
DQN-Only,240.02160412966788
DQN-Only,208.7950906455526
DQN-Only,303.2082240954849
DQN-Only,273.3182817658346
DQN-Only,207.41096798658396
DQN-Only,296.57213595415595
DQN-Only,263.086696305047
DQN-Only,301.47191642531857
DQN-Only,297.20353029988354
DQN-Only,246.80332696589574
DQN-Only,306.37654869236184
DQN-Only,252.10055603352484
DQN-Only,255.22167008731338
DQN-Only,250.45097248217385
DQN-Only,330.286772534701
DQN-Only,262.5325253733907
DQN-Only,341.87727266708407
DQN-Only,361.60727376896926
DQN-Only,240.54148143098647
DQN-Only,135.7922248945472
DQN-Only,326.1364580770211
DQN-Only,259.5853489267132
DQN-Only,234.4230521696644
DQN-Only,247.74153090465754
DQN-Only,256.0889365744306
DQN-Only,338.2652683532995
DQN-Only,283.6757394872407
DQN-Only,337.6127342451905
DQN-Only,299.72256572536776
DQN-Only,261.15692525037673
DQN-Only,257.2628542459557
DQN-Only,302.95722003598087
DQN-Only,315.38043020797
DQN-Only,323.8460489136417
DQN-Only,263.4461514539643
DQN-Only,284.40988110741466
DQN-Only,304.03393964425567
DQN-Only,257.5696787550306
DQN-Only,221.52287837746718
DQN-Only,237.29898879829807
DQN-Only,264.4302987576967
DQN-Only,307.78594268257444
DQN-Only,336.4309197874609
DQN-Only,210.90973398073822
DQN-Only,247.32743933136084
DQN-Only,258.8226001409639
DQN-Only,314.1464175507189
DQN-Only,250.650694301352
DQN-Only,255.37284792252134
DQN-Only,208.22435629678927
DQN-Only,299.2035511667164
DQN-Only,268.2528444193654
DQN-Only,244.6058383209794
DQN-Only,263.5433652248594
DQN-Only,330.0957840927006
DQN-Only,227.76542840064752
DQN-Only,235.6003377070274
DQN-Only,336.1081174783498
DQN-Only,279.6371917449052
DQN-Only,308.148196642172
DQN-Only,295.284091680273
DQN-Only,274.30394148989046
DQN-Only,259.2816422808693
DQN-Only,315.9147850792233
DQN-Only,331.79215525493544
DQN-Only,328.0410406567726
DQN-Only,219.09736158491117
DQN-Only,338.6357288565278
DQN-Only,258.819107798513
DQN-Only,239.75858219784794
DQN-Only,267.8722705551133
DQN-Only,315.8941648919391
DQN-Only,301.942280833347
DQN-Only,263.74145223099515
DQN-Only,316.2079616101428
DQN-Only,282.71330787645286
DQN-Only,248.49736965411003
DQN-Only,242.01430641799232
DQN-Only,295.69127253223775
DQN-Only,272.0391486808511
DQN-Only,209.97575263614544
DQN-Only,316.66375166733616
DQN-Only,252.94679862602783
DQN-Only,352.4217431034621
DQN-Only,208.65648071257388
DQN-Only,267.3259873732795
DQN-Only,242.40107114691708
DQN-Only,229.17971902188773
DQN-Only,252.6340455955979
DQN-Only,360.9872452337751
DQN-Only,282.88176816381616
DQN-Only,237.99801413772343
DQN-Only,188.22583630380456
DQN-Only,193.37459777531106
DQN-Only,250.2497690823007
DQN-Only,245.5829767613443
DQN-Only,265.2455661007447
DQN-Only,166.93517757907912
DQN-Only,271.5992834377664
DQN-Only,325.3310292070612
DQN-Only,353.89637987348135
DQN-Only,185.06658489997733
DQN-Only,237.53314755652053
DQN-Only,234.99677467322232
DQN-Only,282.9946285212312
DQN-Only,217.45092154193023
DQN-Only,356.7486359388807
DQN-Only,278.0890786409155
DQN-Only,270.08897811363784
DQN-Only,352.45025922157333
DQN-Only,275.2297140439993
DQN-Only,295.21456351193706
DQN-Only,239.96168288198163
DQN-Only,210.21590087738957
DQN-Only,246.70264168779693
DQN-Only,380.97484026935155
DQN-Only,306.3850055177739
DQN-Only,289.1776721813304
DQN-Only,229.1340772711104
DQN-Only,319.7400384472246
DQN-Only,210.83072283293802
DQN-Only,200.7812904152457
DQN-Only,249.173418101681
DQN-Only,369.8155637741495
DQN-Only,367.09892315484535
DQN-Only,254.34062744397391
DQN-Only,243.63844712649677
DQN-Only,197.26262205313057
DQN-Only,279.74547482496405
DQN-Only,283.77661209542975
DQN-Only,313.8987002014518
DQN-Only,319.7139606396079
DQN-Only,266.5237479520976
DQN-Only,302.68933798846007
DQN-Only,242.36933434336626
DQN-Only,301.7780416013129
DQN-Only,251.65286024714118
DQN-Only,298.054008766413
DQN-Only,294.16806361369754
DQN-Only,279.3025740333631
DQN-Only,314.137906471649
DQN-Only,200.6208445746871
DQN-Only,224.88402152539487
DQN-Only,263.03713566945436
DQN-Only,206.7233573916805
DQN-Only,256.47050330137415
DQN-Only,258.0177458362776
DQN-Only,338.8648217600013
DQN-Only,282.8416177099902
DQN-Only,325.41261965106617
DQN-Only,290.48038650286645
DQN-Only,250.28797098086085
DQN-Only,282.41840677183257
DQN-Only,311.0124640287443
DQN-Only,333.28326366924387
DQN-Only,269.6491169791472
DQN-Only,196.91948909505868
DQN-Only,193.5454916437487
DQN-Only,260.3321947143894
DQN-Only,163.7807279448973
DQN-Only,362.1650143553679
DQN-Only,304.6527951071872
DQN-Only,245.48798354413225
DQN-Only,222.7369154875778
DQN-Only,325.3497166068533
DQN-Only,222.54541652875173
DQN-Only,227.1251153471495
DQN-Only,239.23459487871878
DQN-Only,281.4761958995676
DQN-Only,305.7982770790751
DQN-Only,333.24826720395185
DQN-Only,326.15862234944166
DQN-Only,276.0371380432676
DQN-Only,324.985054740304
DQN-Only,243.7920185291347
DQN-Only,188.5984313058256
DQN-Only,243.78570855789562
DQN-Only,237.2994953147382
DQN-Only,245.6646205536395
DQN-Only,229.95001299638932
DQN-Only,253.86674027617383
DQN-Only,305.76082627649174
DQN-Only,358.33234092780344
DQN-Only,193.1833692355669
DQN-Only,214.18873790876427
DQN-Only,238.01057958104795
DQN-Only,312.75561011695646
DQN-Only,266.1625227372936
DQN-Only,241.24275729102612
DQN-Only,310.40318436986024
DQN-Only,321.9067327844145
DQN-Only,275.0995219476658
DQN-Only,236.8214771222139
DQN-Only,288.97341922729885
DQN-Only,264.8031259942768
DQN-Only,264.4313642982979
DQN-Only,251.40478950711184
DQN-Only,320.3991958714603
DQN-Only,287.9942508636861
DQN-Only,325.71364233070227
DQN-Only,340.14365498295
DQN-Only,298.03107690559875
DQN-Only,251.68909848551272
DQN-Only,325.93565914654965
DQN-Only,298.351905709361
DQN-Only,400.9616532867667
DQN-Only,290.88493864774495
DQN-Only,309.48902587267605
DQN-Only,289.94034678220953
DQN-Only,271.24326759033033
DQN-Only,263.57800561979684
DQN-Only,290.1237045436112
DQN-Only,301.0164360870651
DQN-Only,331.4106191829324
DQN-Only,290.82482679858066
DQN-Only,253.78131957958902
DQN-Only,260.3110081632488
DQN-Only,212.4990267406473
DQN-Only,355.7382644914709
DQN-Only,250.02366655099925
DQN-Only,322.43714208661953
DQN-Only,289.2744411572416
DQN-Only,290.57912788029154
DQN-Only,270.36250198692784
DQN-Only,238.18565334591966
DQN-Only,229.51030077638518
DQN-Only,358.966338662637
DQN-Only,281.4701317841878
DQN-Only,330.01285181700723
DQN-Only,342.47553300697206
DQN-Only,256.27934735523775
DQN-Only,296.3282767645365
DQN-Only,278.1605172235847
DQN-Only,220.45373745518935
DQN-Only,267.0969611565957
DQN-Only,304.2003163314829
DQN-Only,252.04659575947883
DQN-Only,260.40752662215067
DQN-Only,267.67839094148906
DQN-Only,377.35340790288495
DQN-Only,187.9656510189869
DQN-Only,300.0788783533084
DQN-Only,263.83972429189606
DQN-Only,245.24856439188318
DQN-Only,262.66196605649924
DQN-Only,308.03405970400433
DQN-Only,310.7771325129869
DQN-Only,284.92882187686814
DQN-Only,328.4515831899181
DQN-Only,336.9039837648277
DQN-Only,315.1860452136295
DQN-Only,249.7827623449335
DQN-Only,299.73319436221806
DQN-Only,299.96163163865134
DQN-Only,236.84969118496554
DQN-Only,200.6669330853956
DQN-Only,178.90677017402135
DQN-Only,279.3530635253833
DQN-Only,290.30590631361207
DQN-Only,219.2744842726841
DQN-Only,326.2095519624654
DQN-Only,283.30647116622777
DQN-Only,340.7737255159369
DQN-Only,293.7857217592124
DQN-Only,224.81598854980075
DQN-Only,297.9974982379272
DQN-Only,308.1653133538609
DQN-Only,249.71406787742373
DQN-Only,206.779536129126
DQN-Only,280.8142110867171
DQN-Only,227.95945750482312
DQN-Only,329.8026078269343
DQN-Only,256.45551933952356
DQN-Only,358.7808531116783
DQN-Only,174.0403839590959
DQN-Only,282.4701889989671
DQN-Only,344.61084672486334
DQN-Only,233.26539283740976
DQN-Only,268.3583550899023
DQN-Only,256.65428571052587
DQN-Only,243.17915317669042
DQN-Only,287.7418867734855
DQN-Only,213.81976315204304
DQN-Only,270.6734984961492
DQN-Only,300.7677234088595
DQN-Only,265.6755018534411
DQN-Only,227.99019840068277
DQN-Only,325.4488991328721
DQN-Only,311.0523341576088
DQN-Only,226.02301577742043
DQN-Only,213.882836878918
DQN-Only,230.30762803229644
DQN-Only,302.17311194338635
DQN-Only,289.2274991502022
DQN-Only,313.9239701973943
DQN-Only,260.34478953357046
DQN-Only,231.61275659999487
DQN-Only,320.104631443896
DQN-Only,249.43447135434414
DQN-Only,284.95430668099095
DQN-Only,201.60360772246204
DQN-Only,248.64909963250562
DQN-Only,324.45102340519264
DQN-Only,241.61882079984684
DQN-Only,315.09618342967195
DQN-Only,164.1110545829667
DQN-Only,249.14920033712707
DQN-Only,267.77497699784965
DQN-Only,359.64193456043546
DQN-Only,219.8849817593063
DQN-Only,308.2076781814603
DQN-Only,326.7327254999421
DQN-Only,241.3684969322748
DQN-Only,258.0708504589109
DQN-Only,282.7981811429714
DQN-Only,204.8887215747586
DQN-Only,254.15504583065487
DQN-Only,337.25337796542794
DQN-Only,301.08743092149217
DQN-Only,268.47593810480436
DQN-Only,281.4274733681512
DQN-Only,303.88345754542905
DQN-Only,313.07568709968547
DQN-Only,249.2921209258031
DQN-Only,349.66660527742414
DQN-Only,339.18471365782375
DQN-Only,308.5083662569542
DQN-Only,235.5379264393972
DQN-Only,227.02925247501153
DQN-Only,260.3230177633635
DQN-Only,278.91672468693173
DQN-Only,191.1123904531655
DQN-Only,299.7452704101723
DQN-Only,337.79818866472664
DQN-Only,303.6707587118821
DQN-Only,243.5494654653967
DQN-Only,237.86863692477647
DQN-Only,290.39291252035576
DQN-Only,268.64142166376735
DQN-Only,297.2659763642836
DQN-Only,304.88262588507047
DQN-Only,328.4107453869438
DQN-Only,221.65807541138295
DQN-Only,286.637709496767
DQN-Only,258.5531998098565
DQN-Only,271.26551789110266
DQN-Only,317.4916249280997
DQN-Only,322.7100419064597
DQN-Only,343.12529521841543
DQN-Only,296.42833201767684
DQN-Only,270.71919404372187
DQN-Only,263.8618334663816
DQN-Only,192.7317598850559
DQN-Only,340.30728215513295
DQN-Only,260.5488761382878
DQN-Only,300.2830588801397
DQN-Only,308.5918332356368
DQN-Only,216.22485556559332
DQN-Only,231.67937316193755
DQN-Only,350.2569555386637
DQN-Only,289.9409047528101
DQN-Only,248.13188811367124
DQN-Only,269.9353434658779
DQN-Only,328.13937143197626
DQN-Only,320.8470950272466
DQN-Only,205.62807541249714
DQN-Only,354.44562449625084
DQN-Only,322.3751054879366
DQN-Only,268.6811880316039
DQN-Only,218.79732273183743
DQN-Only,326.59241472292445
DQN-Only,298.8685200141417
DQN-Only,206.02567785226728
DQN-Only,264.8602523827979
DQN-Only,426.05630125403945
DQN-Only,276.79208435589226
DQN-Only,240.38541147188846
DQN-Only,227.59216198528125
DQN-Only,361.06075120461213
DQN-Only,316.692455499729
DQN-Only,343.55707746802693
DQN-Only,287.9128936364236
DQN-Only,336.19292329597374
DQN-Only,235.28062130170028
DQN-Only,283.8043670839228
DQN-Only,289.77856871869136
DQN-Only,342.3574527300106
DQN-Only,291.30446592674184
DQN-Only,245.97543639666168
DQN-Only,279.07554426817796
DQN-Only,195.53216628190845
DQN-Only,164.59350080302715
DQN-Only,315.9043857651978
DQN-Only,258.01229345729547
DQN-Only,263.45196964894717
DQN-Only,315.8854406095975
DQN-Only,343.05649848214074
DQN-Only,301.65542183172397
DQN-Only,368.547495850455
DQN-Only,300.1290784347493
DQN-Only,290.50624625183974
DQN-Only,287.53866348022075
DQN-Only,214.2962130175864
DQN-Only,321.88793307072586
DQN-Only,158.61763103926626
DQN-Only,247.85986285076265
DQN-Only,277.1006568272454
DQN-Only,238.09140847615856
DQN-Only,254.31571569250457
DQN-Only,364.29002717890694
DQN-Only,328.9931465175206
DQN-Only,243.08027132127654
DQN-Only,253.46080747332593
DQN-Only,214.7038104695115
DQN-Only,309.8397017282946
DQN-Only,264.0123623802972
DQN-Only,181.60960939706172
DQN-Only,280.8376124068828
DQN-Only,297.07098641288763
DQN-Only,322.23076671240256
DQN-Only,272.4789698603148
DQN-Only,258.11178418625366
DQN-Only,371.3407046634974
DQN-Only,276.31613549277847
DQN-Only,310.53896791670087
DQN-Only,250.1020971179396
DQN-Only,309.11566327851995
DQN-Only,206.1298083646033
DQN-Only,253.8207578055056
DQN-Only,218.0028365075494
DQN-Only,246.96128055026557
DQN-Only,336.0225619310914
DQN-Only,246.60835731342252
DQN-Only,310.47629402275606
DQN-Only,348.82872873873794
DQN-Only,274.6762889470407
DQN-Only,323.7008210427014
DQN-Only,301.4921259906564
DQN-Only,281.58897266800955
DQN-Only,312.0151482872126
DQN-Only,364.317028319609
DQN-Only,245.41109219958946
DQN-Only,229.9583567915484
DQN-Only,227.14010180854353
DQN-Only,323.7325425473546
DQN-Only,330.20964591016093
DQN-Only,250.22222719997112
DQN-Only,173.47134962691135
DQN-Only,243.6116764836919
DQN-Only,302.29700053473584
DQN-Only,272.79728932882404
DQN-Only,284.65669184425764
DQN-Only,250.8794679227713
DQN-Only,324.6762779860687
DQN-Only,292.47320648422254
DQN-Only,304.1502466734625
DQN-Only,283.6351527852807
DQN-Only,301.1696718533205
DQN-Only,298.01144103268615
DQN-Only,231.45241784948246
DQN-Only,293.90702857800613
DQN-Only,313.99239225343297
DQN-Only,331.4467903773525
DQN-Only,295.97314311761824
DQN-Only,229.66797510088628
DQN-Only,237.05676818044788
DQN-Only,255.11289209985932
DQN-Only,285.0942675905532
DQN-Only,270.1326671372355
DQN-Only,222.06086084971614
DQN-Only,221.77343835287752
DQN-Only,175.27095480447917
DQN-Only,126.2652036543355
DQN-Only,269.6744724981636
DQN-Only,387.3710580068571
DQN-Only,362.24541714198847
DQN-Only,229.04489221809737
DQN-Only,283.1953582747493
DQN-Only,205.70018351759205
DQN-Only,213.0187425188102
DQN-Only,218.52131531374178
DQN-Only,265.176063146792
DQN-Only,267.24193870982515
DQN-Only,288.1296945987292
DQN-Only,307.83438670580557
DQN-Only,259.8297156770324
DQN-Only,277.73769459180613
DQN-Only,223.49699967886994
DQN-Only,211.4641428356553
DQN-Only,204.04932738968114
DQN-Only,307.1638944541549
DQN-Only,259.7804232917643
DQN-Only,186.18622738442866
DQN-Only,272.97173027118674
DQN-Only,216.05657607426798
DQN-Only,355.69818331070263
DQN-Only,248.21655736383235
DQN-Only,308.71228731931785
DQN-Only,328.2702253144794
DQN-Only,230.163434277262
DQN-Only,279.650261642626
DQN-Only,302.566459266631
DQN-Only,281.54621627568514
DQN-Only,293.3328364468713
DQN-Only,212.17778910916064
DQN-Only,302.5937385462972
DQN-Only,252.66411867970996
DQN-Only,292.77365871763874
DQN-Only,320.1594645864703
DQN-Only,308.10280836087713
DQN-Only,292.73854682349474
DQN-Only,306.8221582168568
DQN-Only,309.0437305866617
DQN-Only,347.78405574642846
DQN-Only,274.365566425787
DQN-Only,283.8699356852347
DQN-Only,320.73920683085333
DQN-Only,252.4613947313514
DQN-Only,211.9071613114567
DQN-Only,299.67504837997296
DQN-Only,266.11086313843464
DQN-Only,218.03868423675036
DQN-Only,300.0260126102322
DQN-Only,344.69438472140394
DQN-Only,197.77235777812388
DQN-Only,325.0715997703911
DQN-Only,154.22075924420727
DQN-Only,256.7862417512873
DQN-Only,364.34476378764384
DQN-Only,260.2404456713824
DQN-Only,280.3170429994076
DQN-Only,312.61757763713064
DQN-Only,193.60927132508868
DQN-Only,279.4605504403083
DQN-Only,279.0822274541428
DQN-Only,365.3914067159395
DQN-Only,216.68444011210448
DQN-Only,257.68611281039415
DQN-Only,231.43892204046645
DQN-Only,226.3482334228138
DQN-Only,330.1153308990998
DQN-Only,277.2792720960392
DQN-Only,249.332774571527
DQN-Only,251.1433967451583
DQN-Only,248.965100306621
DQN-Only,253.25744748443068
DQN-Only,215.3066234741153
DQN-Only,263.5809819568704
DQN-Only,258.75807880069704
DQN-Only,239.62575809263956
DQN-Only,283.4422203026388
DQN-Only,287.5146950456716
DQN-Only,249.28093371399802
DQN-Only,269.0815607632198
DQN-Only,379.6139388912411
DQN-Only,377.7807964129026
DQN-Only,225.40367087377268
DQN-Only,232.10651680374917
DQN-Only,225.14864270438417
DQN-Only,326.7385891186675
DQN-Only,256.87059362036666
DQN-Only,287.5043636926224
DQN-Only,371.85443199748244
DQN-Only,275.4976898730978
DQN-Only,309.8999386443514
DQN-Only,300.9801959664189
DQN-Only,247.76556711859442
DQN-Only,326.83976312360926
DQN-Only,235.21436116319109
DQN-Only,340.3142297493205
DQN-Only,247.80235366996226
DQN-Only,253.05754941426747
DQN-Only,223.752584465914
DQN-Only,231.63554828080095
DQN-Only,255.5153125282303
DQN-Only,159.29526922029063
DQN-Only,264.80004762357134
DQN-Only,251.6172366124072
DQN-Only,313.92053273336796
DQN-Only,296.30307544112765
DQN-Only,242.03340330723375
DQN-Only,253.98956354755646
DQN-Only,264.73833415099693
DQN-Only,347.32591461484077
DQN-Only,236.5293753380908
DQN-Only,241.4514880823686
DQN-Only,221.82796072237676
DQN-Only,204.86210498706313
DQN-Only,290.7361739340237
DQN-Only,285.7393598915141
DQN-Only,337.5725689360969
DQN-Only,325.98763237089264
DQN-Only,391.06160229752675
DQN-Only,272.4541071580274
DQN-Only,263.4945809377821
DQN-Only,213.58913543359876
DQN-Only,309.4357520388636
DQN-Only,281.68964358942424
DQN-Only,307.2607826405128
DQN-Only,221.3220374765568
DQN-Only,292.8770010732816
DQN-Only,285.8495816617892
DQN-Only,282.673681914897
DQN-Only,243.20323640685484
DQN-Only,333.08758313056313
DQN-Only,374.41476379094456
DQN-Only,222.70348673771446
DQN-Only,310.58131102046195
DQN-Only,137.86319273566133
DQN-Only,308.093277575158
DQN-Only,186.23257840599575
DQN-Only,250.80156730083561
DQN-Only,212.97481623579597
DQN-Only,265.650648242429
DQN-Only,316.2620975216558
DQN-Only,186.8489633411029
DQN-Only,258.74497490324933
DQN-Only,251.35829909682928
DQN-Only,351.89033682585
DQN-Only,296.7245283768137
DQN-Only,219.4935785628757
DQN-Only,253.37786980654082
DQN-Only,350.6930034425055
DQN-Only,310.2895352051532
DQN-Only,231.92479380453977
DQN-Only,263.1806141576117
DQN-Only,264.7147608764089
DQN-Only,250.17686749652134
DQN-Only,193.9098164965589
DQN-Only,243.4741576612815
DQN-Only,342.68156668153796
DQN-Only,257.70506462106357
DQN-Only,271.04382573787586
DQN-Only,282.74523104897156
DQN-Only,382.47078694618205
DQN-Only,276.42598902801416
DQN-Only,328.50937697200857
DQN-Only,247.28735174154258
DQN-Only,263.54883549588044
DQN-Only,276.60253070929366
DQN-Only,238.84161879122954
DQN-Only,266.22154653105804
DQN-Only,318.62644491903694
DQN-Only,237.5825010675896
DQN-Only,276.00427348625465
DQN-Only,310.01921047948474
DQN-Only,236.42562965698826
DQN-Only,328.57986204551787
DQN-Only,279.49840702614347
DQN-Only,268.0741169597141
DQN-Only,179.6089053215897
DQN-Only,258.0666027833533
DQN-Only,293.83643597497456
DQN-Only,359.77656090251844
DQN-Only,303.2586793973574
DQN-Only,330.0583791253607
DQN-Only,217.96298046614694
DQN-Only,269.9125202086582
DQN-Only,334.59582923178544
DQN-Only,233.3887895808037
DQN-Only,322.33068619070895
DQN-Only,311.199257500816
DQN-Only,289.1867351255914
DQN-Only,260.2222739934732
DQN-Only,228.65783258052312
DQN-Only,361.2182061169591
DQN-Only,306.3294008507535
DQN-Only,292.34957398442157
DQN-Only,256.183212086292
DQN-Only,277.81783822031895
DQN-Only,283.9064289585616
DQN-Only,295.1940328672115
DQN-Only,311.2483338466528
DQN-Only,238.4413667589556
DQN-Only,205.6033456566238
DQN-Only,280.0454808611279
DQN-Only,192.13356780841144
DQN-Only,260.4642722403054
DQN-Only,251.55888815463538
DQN-Only,299.6039132256801
DQN-Only,371.1646577033428
DQN-Only,182.65965005262908
DQN-Only,385.16088145528323
DQN-Only,264.81239236228674
DQN-Only,292.69481674428386
DQN-Only,208.0880564340616
DQN-Only,323.8498353708634
DQN-Only,277.99068174488275
DQN-Only,273.04956426296224
DQN-Only,183.00551448465822
DQN-Only,279.54224706467653
DQN-Only,316.59975954319555
DQN-Only,264.65862549680696
DQN-Only,332.3615685909192
DQN-Only,330.3789682507854
DQN-Only,245.2274216284393
DQN-Only,352.56546522227484
DQN-Only,278.174158287604
DQN-Only,278.38777203781586
DQN-Only,280.7510986849311
DQN-Only,279.32715604517404
DQN-Only,149.7535988803916
DQN-Only,267.0956928868934
DQN-Only,210.5305693602022
DQN-Only,354.0641137063525
DQN-Only,352.1319836026176
DQN-Only,316.8930399578682
DQN-Only,264.5535630077334
DQN-Only,227.6152830430225
DQN-Only,244.43611193877098
DQN-Only,369.2468115084496
DQN-Only,242.7745254470419
DQN-Only,162.93142298946896
DQN-Only,325.4479444072989
DQN-Only,348.0241494536589
DQN-Only,355.6423529839931
DQN-Only,325.8407042039678
DQN-Only,333.6729445072695
DQN-Only,278.54083555457
DQN-Only,176.33781007240017
DQN-Only,277.3382899920007
DQN-Only,305.835493076132
DQN-Only,269.50703728482
DQN-Only,267.31986630049846
DQN-Only,229.72233412712052
DQN-Only,227.91654032294275
DQN-Only,364.23112870877134
DQN-Only,365.96862575424683
DQN-Only,275.87293770018704
DQN-Only,289.5131330444605
DQN-Only,228.9188132622231
DQN-Only,306.8435927970938
DQN-Only,360.4631602374816
DQN-Only,202.59692256265473
DQN-Only,298.2663983857149
DQN-Only,301.87306764696194
DQN-Only,301.32511271468434
DQN-Only,354.8552480567265
DQN-Only,373.72887418421533
DQN-Only,264.7927834621122
DQN-Only,308.3123362635052
DQN-Only,280.0432178748508
DQN-Only,245.6584659388946
DQN-Only,288.9990795302887
DQN-Only,308.2319773680119
DQN-Only,286.4125769000153
DQN-Only,233.70330194466635
DQN-Only,253.74908928692747
DQN-Only,254.11644383161644
DQN-Only,235.56269016332618
DQN-Only,291.0498999170721
DQN-Only,296.06938062206774
DQN-Only,323.01684484258544
DQN-Only,234.8341272882897
DQN-Only,248.28102306101792
DQN-Only,350.6193336926994
DQN-Only,268.10419852449985
DQN-Only,277.4462894040784
DQN-Only,267.5950213730088
DQN-Only,330.38547929863887
DQN-Only,332.2468166743214
DQN-Only,329.4339888282647
DQN-Only,277.2752453451623
DQN-Only,234.12307308052792
DQN-Only,368.41022773244424
DQN-Only,317.10283089386485
DQN-Only,254.08036889316529
DQN-Only,344.34330465333176
DQN-Only,250.29077206756344
DQN-Only,343.71376335305547
DQN-Only,346.9576602904556
DQN-Only,231.7688269593093
DQN-Only,303.9243985450061
DQN-Only,313.5451537901438
DQN-Only,401.5156415801439
DQN-Only,240.36954635357486
DQN-Only,344.76207729570376
DQN-Only,276.8326088656106
DQN-Only,216.41451918813266
DQN-Only,270.2406158479542
DQN-Only,276.11830853278593
DQN-Only,225.17327073046613
DQN-Only,290.9843337048734
DQN-Only,321.9748442639319
DQN-Only,287.4336313949766
DQN-Only,249.99148370976593
DQN-Only,268.87334071646563
DQN-Only,275.7819188739143
DQN-Only,286.43143811909033
DQN-Only,329.2718765875215
DQN-Only,289.0531081625323
DQN-Only,208.67056182577392
DQN-Only,249.00858854454282
DQN-Only,283.96901044303854
DQN-Only,329.95797527779746
DQN-Only,338.2966291937545
DQN-Only,361.18489639619787
DQN-Only,282.26949108380666
DQN-Only,312.6388404241197
DQN-Only,206.18584634865746
DQN-Only,296.6343155117512
DQN-Only,224.38732312987864
DQN-Only,272.998118603772
DQN-Only,421.4322426658628
DQN-Only,290.5706033371406
DQN-Only,234.53696547934422
DQN-Only,295.57387228597946
DQN-Only,251.18039104371098
DQN-Only,229.88428256843753
DQN-Only,376.95069760274407
DQN-Only,327.20697726080414
DQN-Only,292.58575799979576
DQN-Only,257.192482068118
DQN-Only,261.0821048173344
DQN-Only,350.0391296085192
DQN-Only,290.7157218078993
DQN-Only,128.02535313845698
DQN-Only,392.2050487516242
DQN-Only,284.7869931346697
DQN-Only,292.4817122752712
DQN-Only,328.16135104487023
DQN-Only,298.33933571095616
DQN-Only,311.8516136504069
DQN-Only,255.6612735664836
DQN-Only,216.96982444961344
DQN-Only,289.45117351071343
DQN-Only,344.7175033091803
DQN-Only,244.90547719761037
DQN-Only,241.05484824865073
DQN-Only,334.608924498237
DQN-Only,254.0522301532276
DQN-Only,256.2931241359487
DQN-Only,258.0890748985804
DQN-Only,272.880912912457
DQN-Only,200.46537139670215
DQN-Only,250.1116745980019
DQN-Only,287.0576649187067
DQN-Only,286.7154209363918
DQN-Only,331.58366652382017
DQN-Only,364.2908266653506
DQN-Only,348.59920543989136
DQN-Only,319.90331443554885
DQN-Only,268.86073964317404
DQN-Only,246.09268464206974
DQN-Only,276.85816476040327
DQN-Only,304.1077809490991
DQN-Only,315.4530143157921
DQN-Only,305.9081152087608
DQN-Only,270.1835773739495
DQN-Only,313.7693875124286
DQN-Only,336.5218802440081
DQN-Only,318.247698435242
DQN-Only,274.46337335215685
DQN-Only,235.97526275971168
DQN-Only,234.83676338937084
DQN-Only,243.3015540675753
DQN-Only,288.3396095363966
DQN-Only,300.9505801706704
DQN-Only,208.10244873868658
DQN-Only,251.80823479854956
DQN-Only,287.67770233465893
DQN-Only,232.8153643153151
DQN-Only,296.827399346861
DQN-Only,261.24344203600486
DQN-Only,241.27582695987567
DQN-Only,278.55386075754706
DQN-Only,294.8294558197968
DQN-Only,235.27061211504346
DQN-Only,264.3546057689257
DQN-Only,298.4485621107412
DQN-Only,239.41967120079516
DQN-Only,196.42767165965273
DQN-Only,202.2444554068918
DQN-Only,255.93355852526545
DQN-Only,212.71592273735337
DQN-Only,259.3093490315402
DQN-Only,355.9172568562886
DQN-Only,209.82727739094327
DQN-Only,262.43496712907034
DQN-Only,378.35061860502645
DQN-Only,295.59024398283407
DQN-Only,258.3492822011712
DQN-Only,268.46963354307655
DQN-Only,296.6094004028773
DQN-Only,357.3970526701171
DQN-Only,250.51902684109234
DQN-Only,239.63470642136244
DQN-Only,209.81718082654908
DQN-Only,280.9486095604706
DQN-Only,208.52700624874018
DQN-Only,253.73843400855387
DQN-Only,232.3831948267031
DQN-Only,327.5579284912371
DQN-Only,251.59697340639332
DQN-Only,295.05265574426954
DQN-Only,199.00358391894898
DQN-Only,282.3123338137366
DQN-Only,218.24830531868406
DQN-Only,255.56887200336675
DQN-Only,382.13772356429877
DQN-Only,320.7443701075624
DQN-Only,269.83619602409726
DQN-Only,429.54921166959343
DQN-Only,232.07161486208076
DQN-Only,331.93038633961737
DQN-Only,202.4316260713385
DQN-Only,264.2917076328985
DQN-Only,211.3060919913331
DQN-Only,288.349243924362
DQN-Only,278.6865721717803
DQN-Only,261.2320896391881
DQN-Only,328.4187372060627
DQN-Only,248.77924929586607
DQN-Only,291.68888389475154
DQN-Only,315.38663713302424
DQN-Only,204.8053819729832
DQN-Only,240.0761115996296
DQN-Only,278.58532643116
DQN-Only,306.2473641325593
DQN-Only,344.2194127642336
DQN-Only,265.63776966105985
DQN-Only,260.8093899528056
DQN-Only,234.11539054974412
DQN-Only,291.8392364244976
DQN-Only,261.7383564624916
DQN-Only,262.84645138436554
DQN-Only,271.4933517173516
DQN-Only,302.4781469803363
DQN-Only,248.94093344739548
DQN-Only,238.93641173237256
DQN-Only,296.72276093443696
DQN-Only,130.76520470963592
DQN-Only,247.0234476642391
DQN-Only,220.73714402844652
DQN-Only,333.75639470480587
DQN-Only,254.83522739794097
DQN-Only,249.08562646717291
DQN-Only,273.6661207078429
DQN-Only,247.42212343368413
DQN-Only,256.67288840863034
DQN-Only,280.6612997003118
DQN-Only,255.74205914369912
DQN-Only,255.39756229094223
DQN-Only,227.5124316618572
DQN-Only,220.61838045501452
DQN-Only,278.91057108433347
DQN-Only,290.7168244697195
DQN-Only,207.44848109837042
DQN-Only,312.4771879382807
DQN-Only,312.67428671158785
DQN-Only,322.7850786373739
DQN-Only,290.3946760675487
DQN-Only,306.5799408138718
DQN-Only,380.88124053975946
DQN-Only,261.5269631578899
DQN-Only,225.8068079573013
DQN-Only,202.36512560536983
DQN-Only,360.2723486511512
DQN-Only,360.90178841753556
DQN-Only,231.61921238715695
DQN-Only,241.08860099142927
DQN-Only,260.44843019850373
DQN-Only,334.7643298630072
DQN-Only,214.2094944729451
DQN-Only,181.602262805334
DQN-Only,380.0406948749837
DQN-Only,290.9939177721636
DQN-Only,297.8118386840909
DQN-Only,266.15491175040034
DQN-Only,298.3576763384651
DQN-Only,203.31811759963267
DQN-Only,235.63581279070897
DQN-Only,281.0475784570851
DQN-Only,166.9972371407884
DQN-Only,261.479154536917
DQN-Only,258.52011022394845
DQN-Only,261.47086886638266
DQN-Only,249.5480732245929
DQN-Only,228.19718755802415
DQN-Only,188.54247118699584
DQN-Only,282.9478582640358
DQN-Only,261.59404863378035
DQN-Only,209.98648576470345
DQN-Only,279.001603816021
DQN-Only,261.8423906365101
DQN-Only,253.8708503202185
DQN-Only,172.46904543324237
DQN-Only,308.77284059077886
DQN-Only,216.81355007476174
DQN-Only,279.0369722323796
DQN-Only,237.20311471523075
DQN-Only,257.3411271576967
DQN-Only,331.31003960399573
DQN-Only,301.517673638562
DQN-Only,330.2419174218946
DQN-Only,291.85850374183553
DQN-Only,295.01489204835747
DQN-Only,190.50532798914347
DQN-Only,260.7588002944054
DQN-Only,265.2043712712668
DQN-Only,334.7359113768948
DQN-Only,251.70099226046744
DQN-Only,288.7132564346939
DQN-Only,286.8363524680681
DQN-Only,331.5684076934749
DQN-Only,269.5802840493056
DQN-Only,315.733773537271
DQN-Only,194.16647356139882
DQN-Only,198.5270672186908
DQN-Only,166.39947145802273
DQN-Only,313.7272788064
DQN-Only,308.3360130138593
DQN-Only,319.04772354716556
DQN-Only,243.48663188610274
DQN-Only,248.949712438336
DQN-Only,270.1897131522091
DQN-Only,345.2975665414875
DQN-Only,357.3037501258584
DQN-Only,314.1028075123854
DQN-Only,291.88894679056807
DQN-Only,340.09836948960606
DQN-Only,263.7195620568212
DQN-Only,257.2348065368499
DQN-Only,269.80693821053706
DQN-Only,229.02171026786027
DQN-Only,267.5995505101626
DQN-Only,222.36441389837086
DQN-Only,325.20037530717974
DQN-Only,302.09699476958485
DQN-Only,344.6189950822956
DQN-Only,197.7944254601189
DQN-Only,367.2814534522595
DQN-Only,200.52118013791488
DQN-Only,218.48121239600613
DQN-Only,246.20056575057168
DQN-Only,338.7705932145535
DQN-Only,286.82752786697154
DQN-Only,264.2961959749646
DQN-Only,237.95388313703228
DQN-Only,209.95511276828643
DQN-Only,330.3661115372645
DQN-Only,314.3346845303347
DQN-Only,340.91761810043283
DQN-Only,295.04727009509395
DQN-Only,149.17908198933432
DQN-Only,216.2600192312903
DQN-Only,298.31382268064203
DQN-Only,258.25358278867105
DQN-Only,249.17558558744992
DQN-Only,223.04511528530264
DQN-Only,321.48429923589794
DQN-Only,297.89724659588677
DQN-Only,300.0571786995899
DQN-Only,245.58709205831724
DQN-Only,284.46181242719086
DQN-Only,211.7872835425689
DQN-Only,269.76825691938274
DQN-Only,154.6593802275308
DQN-Only,200.73042532154136
DQN-Only,260.5290314759035
DQN-Only,390.0056710211967
DQN-Only,189.5643324756065
DQN-Only,216.3081315580866
DQN-Only,286.4051902412549
DQN-Only,360.93229948870095
DQN-Only,285.7042798554275
DQN-Only,309.7028089105995
DQN-Only,259.7950199675291
DQN-Only,251.49016373090993
DQN-Only,279.9448488992523
DQN-Only,244.402109249947
DQN-Only,310.7649282584518
DQN-Only,198.898948850612
DQN-Only,318.719377563208
DQN-Only,277.8870245905321
DQN-Only,265.69339830715853
DQN-Only,197.13674111105178
DQN-Only,228.97014374410224
DQN-Only,333.5352707103926
DQN-Only,265.98724809439847
DQN-Only,289.3631263618954
DQN-Only,233.78246336086337
DQN-Only,274.60537746117836
DQN-Only,210.13670169024098
DQN-Only,280.7943482058186
DQN-Only,293.79076306896985
DQN-Only,291.3895069048809
DQN-Only,232.62792813647224
DQN-Only,259.5815527631759
DQN-Only,301.7853190071183
DQN-Only,265.85099542665125
DQN-Only,262.2093416476747
DQN-Only,367.3664452140267
DQN-Only,230.35252229442602
DQN-Only,327.86008646827116
DQN-Only,220.57532815176333
DQN-Only,307.4294921170279
DQN-Only,309.9913227899507
DQN-Only,251.5024725572618
DQN-Only,217.5611110626189
DQN-Only,181.41920621743594
DQN-Only,246.4745515715839
DQN-Only,301.25849510171156
DQN-Only,224.27384845922023
DQN-Only,280.6535318843389
DQN-Only,205.13136970027944
DQN-Only,264.77336677900973
DQN-Only,220.94189259846092
DQN-Only,272.2569359090675
DQN-Only,251.94818545883845
DQN-Only,218.8624254605952
DQN-Only,244.37407306133085
DQN-Only,231.16047061238433
DQN-Only,212.9316143886042
DQN-Only,327.971799613892
DQN-Only,258.7116065063556
DQN-Only,170.29317844446408
DQN-Only,246.0825212354551
DQN-Only,319.9061622632767
DQN-Only,239.45478560364592
DQN-Only,347.89170615041417
DQN-Only,234.88022136184372
DQN-Only,300.16358667918985
DQN-Only,325.75865206036855
DQN-Only,297.6093106709488
DQN-Only,210.02428921723055
DQN-Only,230.7615083077649
DQN-Only,332.16340753855593
DQN-Only,237.3786500960651
DQN-Only,322.8324726673058
DQN-Only,255.3463333528827
DQN-Only,282.7889913225193
DQN-Only,209.46685070299432
DQN-Only,246.80315641380008
DQN-Only,233.98529373889335
DQN-Only,286.8287832267923
DQN-Only,280.4734838263624
DQN-Only,298.20719501979045
DQN-Only,252.4549198515517
DQN-Only,231.34895657786024
DQN-Only,284.77099610612674
DQN-Only,226.57973265566235
DQN-Only,327.7642812682842
DQN-Only,270.5029254437226
DQN-Only,260.3455147341621
DQN-Only,298.18442989201014
DQN-Only,272.3345040272776
DQN-Only,196.41351759191056
DQN-Only,225.0513648293072
DQN-Only,326.7700177855015
DQN-Only,280.02644869653994
DQN-Only,195.2847454865548
DQN-Only,292.901379202328
DQN-Only,249.15557664625206
DQN-Only,234.02400227957847
DQN-Only,221.0461091695754
DQN-Only,323.996614623297
DQN-Only,181.6560781437432
DQN-Only,235.79846042690446
DQN-Only,281.7660847637396
DQN-Only,351.76142730736785
DQN-Only,302.5851934248153
DQN-Only,235.39081845442547
DQN-Only,349.4089657971271
DQN-Only,210.9540768141613
DQN-Only,288.73613593704744
DQN-Only,299.4136629961063
DQN-Only,233.70645200637884
DQN-Only,309.4844664906362
DQN-Only,251.33327381083393
DQN-Only,309.3668365208623
DQN-Only,187.69941635586198
DQN-Only,292.07885233098597
DQN-Only,256.218879710707
DQN-Only,331.18578158245543
DQN-Only,273.88892497099437
DQN-Only,335.9630176185657
DQN-Only,300.3654127215865
DQN-Only,269.87959396568846
DQN-Only,313.80812686148613
DQN-Only,314.1148062973018
DQN-Only,298.65168021557827
DQN-Only,165.96953401799118
DQN-Only,228.8370964433089
DQN-Only,342.43708063228434
DQN-Only,215.71459893910725
DQN-Only,318.3581352031587
DQN-Only,309.9097275254241
DQN-Only,241.1638866440626
DQN-Only,180.22888189839722
DQN-Only,248.6921952984995
DQN-Only,375.74472209438454
DQN-Only,234.56268997395097
DQN-Only,237.875647459235
DQN-Only,228.1160443051283
DQN-Only,334.3096548743769
DQN-Only,264.3400458419949
DQN-Only,245.95650101044134
DQN-Only,343.8467528253768
DQN-Only,303.81571622090576
DQN-Only,231.87406839790754
DQN-Only,217.26797226903454
DQN-Only,331.5921583142387
DQN-Only,276.80583185960234
DQN-Only,201.6449270469066
DQN-Only,190.41044702910966
DQN-Only,222.4301416704116
DQN-Only,216.50473977105457
DQN-Only,177.78830539673106
DQN-Only,223.2236646408722
DQN-Only,231.88413304109503
DQN-Only,253.7912981575406
DQN-Only,357.25968216613023
DQN-Only,263.19152293928283
DQN-Only,267.9564077882777
DQN-Only,300.44425746234924
DQN-Only,264.60873258880514
DQN-Only,295.207342266562
DQN-Only,289.4695140936832
DQN-Only,281.88425114876367
DQN-Only,408.79037205211
DQN-Only,319.7340405141289
DQN-Only,224.07734473407692
DQN-Only,293.77066493707986
DQN-Only,237.9966332803334
DQN-Only,297.42003667487296
DQN-Only,209.99100397880306
DQN-Only,222.826586491969
DQN-Only,292.5075629995261
DQN-Only,323.8881174527052
DQN-Only,300.12692874014465
DQN-Only,316.99763205769045
DQN-Only,293.94329082066463
DQN-Only,284.27981275355194
DQN-Only,251.82272283559502
DQN-Only,315.02408681840626
DQN-Only,325.1942031756788
DQN-Only,272.9704468161708
DQN-Only,270.3875499946244
DQN-Only,352.3874789626674
DQN-Only,275.0197545688213
DQN-Only,279.63292177756654
DQN-Only,299.24284357213895
DQN-Only,271.3052997142006
DQN-Only,236.62366450833144
DQN-Only,294.14234762512905
DQN-Only,274.13975951892854
DQN-Only,364.42798831077585
DQN-Only,313.84553041403404
DQN-Only,247.41685025073593
DQN-Only,310.994890521138
DQN-Only,290.77756006708705
DQN-Only,338.8524624933846
DQN-Only,250.8261977842061
DQN-Only,285.05645512125716
DQN-Only,271.24350484356034
DQN-Only,278.80701230679836
DQN-Only,233.51045044781043
DQN-Only,303.64376005983246
DQN-Only,296.06228524077585
DQN-Only,337.69073361224616
DQN-Only,275.5187591046345
DQN-Only,256.2317036040895
DQN-Only,313.8861301413138
DQN-Only,237.87818968321517
DQN-Only,328.07925768403004
DQN-Only,327.97641587585775
DQN-Only,336.3493872544516
DQN-Only,294.07790326461566
DQN-Only,252.64817363530722
DQN-Only,281.2410108626574
DQN-Only,294.2433069638019
DQN-Only,249.11320103098194
DQN-Only,339.98958186841037
DQN-Only,303.8440400432901
DQN-Only,233.17329814454376
DQN-Only,366.3779364703573
DQN-Only,280.6746852081685
DQN-Only,223.48305394320067
DQN-Only,236.14780210813086
DQN-Only,347.41361266393653
DQN-Only,363.59927597840743
DQN-Only,324.45528256708405
DQN-Only,339.3268151321825
DQN-Only,334.3975420223333
DQN-Only,302.7319753326752
DQN-Only,291.79400581492445
DQN-Only,301.91343333487714
DQN-Only,311.32874127087814
DQN-Only,240.4032956867329
DQN-Only,311.1340190069813
DQN-Only,346.0136086702569
DQN-Only,266.0941234402065
DQN-Only,260.96410630455375
DQN-Only,298.874222843456
DQN-Only,244.81643758040946
DQN-Only,212.79270640187968
DQN-Only,331.0905139250485
DQN-Only,254.3543395188752
DQN-Only,276.88553177857005
DQN-Only,246.71399803161285
DQN-Only,337.28423111582396
DQN-Only,316.9524555976327
DQN-Only,264.44450202462235
DQN-Only,219.3649264913879
DQN-Only,259.3473693668064
DQN-Only,303.36732959758626
DQN-Only,285.0545137958287
DQN-Only,281.23670613369535
DQN-Only,286.16154045455096
DQN-Only,312.42221911191166
DQN-Only,273.99075820487786
DQN-Only,297.6006456220561
DQN-Only,228.62787802823527
DQN-Only,398.58483729481566
DQN-Only,262.3747526728198
DQN-Only,285.7724643784309
DQN-Only,303.19034518973814
DQN-Only,256.28205540477404
DQN-Only,276.37559012397423
DQN-Only,275.7924131835252
DQN-Only,232.1261715564779
DQN-Only,297.05229242590264
DQN-Only,196.8373517635809
DQN-Only,360.1300052359975
DQN-Only,314.06260247896284
DQN-Only,306.67787316736207
DQN-Only,192.6411786032044
DQN-Only,237.95862368193502
DQN-Only,342.68856579864257
DQN-Only,475.25958705790083
DQN-Only,333.3452383227375
DQN-Only,325.77328369204565
DQN-Only,301.198762949481
DQN-Only,235.32013460591182
DQN-Only,323.76835599361584
DQN-Only,223.1420478193474
DQN-Only,217.89191207328702
DQN-Only,214.8705923789525
DQN-Only,322.8346870320765
DQN-Only,273.2441253634799
DQN-Only,280.8411887954103
DQN-Only,275.2606110215672
DQN-Only,221.9656060224852
DQN-Only,243.8049165111646
DQN-Only,246.21954209983429
DQN-Only,208.54697053318267
DQN-Only,251.79791542558314
DQN-Only,224.09729009298053
DQN-Only,303.72843018561565
DQN-Only,307.72661107040756
DQN-Only,213.9053221132853
DQN-Only,261.761675316096
DQN-Only,365.09087430320176
DQN-Only,228.92338091144194
DQN-Only,296.4786152541632
DQN-Only,281.06505283213846
DQN-Only,328.45860277636353
DQN-Only,290.1824083851555
DQN-Only,255.29781705966
DQN-Only,279.2046778306985
DQN-Only,279.90575730977935
DQN-Only,271.59863125042443
DQN-Only,212.68265014444717
DQN-Only,335.66825316469885
DQN-Only,327.18881221748757
DQN-Only,225.87892671024684
DQN-Only,261.56516965517983
DQN-Only,265.19588787099764
DQN-Only,220.48709757602006
DQN-Only,186.39377914741118
DQN-Only,243.81155270820787
DQN-Only,258.89268766794277
DQN-Only,206.8207999985271
DQN-Only,284.49493267610296
DQN-Only,331.8171025591843
DQN-Only,316.42157501593283
DQN-Only,269.9190886483815
DQN-Only,187.66023856698257
DQN-Only,310.3537123516343
DQN-Only,283.0268241150988
DQN-Only,296.368853242465
DQN-Only,368.9329344145207
DQN-Only,236.40904178252865
DQN-Only,138.00883521014197
DQN-Only,225.43418026513166
DQN-Only,299.3301632768554
DQN-Only,277.2924432839059
DQN-Only,217.64946577926327
DQN-Only,207.85356560753132
DQN-Only,258.978767240765
DQN-Only,216.18745584567333
DQN-Only,300.9904040762172
DQN-Only,256.2515093459391
DQN-Only,245.89834155207782
DQN-Only,239.60273265969568
DQN-Only,288.6298908758685
DQN-Only,278.04524274048174
DQN-Only,285.6939489534045
DQN-Only,284.646213302679
DQN-Only,272.5346142433581
DQN-Only,226.40973199401165
DQN-Only,240.94175391689942
DQN-Only,257.055604553331
DQN-Only,375.12937142823944
DQN-Only,211.25585661999304
DQN-Only,255.88912784078926
DQN-Only,280.71681888530344
DQN-Only,261.44002784292036
DQN-Only,327.5505379890114
DQN-Only,261.1920993358624
DQN-Only,264.74201284077077
DQN-Only,315.10216865358325
DQN-Only,362.9141598200821
DQN-Only,343.5599219495198
DQN-Only,269.4406135627611
DQN-Only,273.62331783684465
DQN-Only,278.2425237496418
DQN-Only,283.0559716062041
DQN-Only,235.32729051130488
DQN-Only,320.95650234506104
DQN-Only,285.91723813069376
DQN-Only,273.8469029368649
DQN-Only,214.98502192516452
DQN-Only,278.9897380075494
DQN-Only,185.12580944540133
DQN-Only,248.08083148645287
DQN-Only,248.97131008899845
DQN-Only,289.7757692682057
DQN-Only,366.2328011973742
DQN-Only,303.451558351941
DQN-Only,345.5232994865095
DQN-Only,306.9701843089717
DQN-Only,330.0025675050056
DQN-Only,365.1421129412691
DQN-Only,240.87183204949176
DQN-Only,237.73898716168785
DQN-Only,308.10292322291144
DQN-Only,275.8234342050122
DQN-Only,286.5769839747341
DQN-Only,264.06398917884667
DQN-Only,247.37958158281356
DQN-Only,353.7967041012012
DQN-Only,223.2066665366441
DQN-Only,308.94682844359414
DQN-Only,301.16295771506157
DQN-Only,200.20736171662827
DQN-Only,236.12254416030748
DQN-Only,244.19085307440636
DQN-Only,303.1000374391964
DQN-Only,258.38231491533355
DQN-Only,271.89168928268134
DQN-Only,206.03292686473307
DQN-Only,387.643762402335
DQN-Only,279.41738969949586
DQN-Only,299.9520430702533
DQN-Only,250.04997654886932
DQN-Only,244.67388830074316
DQN-Only,367.8088634377695
DQN-Only,183.99736286368181
DQN-Only,289.37505928467726
DQN-Only,217.84781322682113
DQN-Only,256.5599445889438
DQN-Only,245.371465551647
DQN-Only,228.6730711958761
DQN-Only,277.70120302590374
DQN-Only,152.73460092930884
DQN-Only,260.8565528679025
DQN-Only,271.6660811832012
DQN-Only,210.7547257725114
DQN-Only,348.63449862957043
DQN-Only,247.46599800972888
DQN-Only,264.60075636168784
DQN-Only,247.5734801320943
DQN-Only,272.0848262193319
DQN-Only,338.79091648829035
DQN-Only,394.7047585883268
DQN-Only,311.7906817776316
DQN-Only,328.223700814645
DQN-Only,358.38851911089995
DQN-Only,287.94581168478993
DQN-Only,351.37204193336976
DQN-Only,314.0352543547393
DQN-Only,282.91139324695547
DQN-Only,292.81636965367045
DQN-Only,188.57198575834443
DQN-Only,290.0217245014152
DQN-Only,201.90011901857778
DQN-Only,197.98708072266683
DQN-Only,285.2581770732108
DQN-Only,222.5242274303974
DQN-Only,275.65853993743787
DQN-Only,282.6448569287935
DQN-Only,284.7863808392225
DQN-Only,232.60217246197914
DQN-Only,319.13675435909755
DQN-Only,271.71670864962823
DQN-Only,297.1716326482158
DQN-Only,218.57089853054416
DQN-Only,267.4402772737926
DQN-Only,328.67013519696576
DQN-Only,322.5685263268177
DQN-Only,237.7299512196291
DQN-Only,249.8132068524074
DQN-Only,228.5430369569367
DQN-Only,244.49217992347766
DQN-Only,208.8447580460866
DQN-Only,269.36755812439327
DQN-Only,306.3906431127765
DQN-Only,238.31746253754824
DQN-Only,271.6508984322635
DQN-Only,265.41607643369485
DQN-Only,326.6456991167145
DQN-Only,246.64359183338777
DQN-Only,248.38962683275912
DQN-Only,235.39098584196665
DQN-Only,221.3995430362326
DQN-Only,301.4008795894546
DQN-Only,269.514681776137
DQN-Only,278.6308732715185
DQN-Only,337.18277549737905
DQN-Only,339.9398748445378
DQN-Only,196.98075322392944
DQN-Only,307.09606430858724
DQN-Only,286.83105243413706
DQN-Only,253.84363204099503
DQN-Only,291.72881697734124
DQN-Only,193.13360470940228
DQN-Only,346.20683245326717
DQN-Only,300.71731665945157
DQN-Only,234.47050824803236
DQN-Only,247.90030935266284
DQN-Only,194.24896917372286
DQN-Only,260.9300520078598
DQN-Only,252.82886509245202
DQN-Only,212.39470141805958
DQN-Only,313.28170721806936
DQN-Only,337.2862651053348
DQN-Only,274.68669647786504
DQN-Only,261.32894962337434
DQN-Only,296.8792609023261
DQN-Only,275.05732980023794
DQN-Only,224.05539762090305
DQN-Only,244.67145664381147
DQN-Only,261.7710716760945
DQN-Only,287.9129565348814
DQN-Only,276.4481624580705
DQN-Only,286.0977302393816
DQN-Only,202.80825680237177
DQN-Only,307.9304517160766
DQN-Only,276.1639624324086
DQN-Only,398.5300345992074
DQN-Only,257.3935502315322
DQN-Only,291.52600776524986
DQN-Only,411.8025197860081
DQN-Only,285.3163982161526
DQN-Only,272.7537341147512
DQN-Only,228.62774905196875
DQN-Only,349.3567856260313
DQN-Only,220.36312386352463
DQN-Only,296.5018040087099
DQN-Only,253.2693445771977
DQN-Only,266.91185939625495
DQN-Only,207.6512511067172
DQN-Only,340.4701066432269
DQN-Only,262.6657293159227
DQN-Only,217.67569637313437
DQN-Only,336.12914865792436
DQN-Only,251.80143297420943
DQN-Only,292.0611500030746
DQN-Only,316.38798634244955
DQN-Only,298.75364786756734
DQN-Only,170.5614935760463
DQN-Only,309.3771216469338
DQN-Only,271.17053939207386
DQN-Only,260.20662255344
DQN-Only,270.76440244918933
DQN-Only,198.7184258908281
DQN-Only,285.2242039037665
DQN-Only,210.50921406195312
DQN-Only,262.2796939412817
DQN-Only,283.5006927138341
DQN-Only,327.5537802234055
DQN-Only,236.6585683267337
DQN-Only,345.67619384860745
DQN-Only,321.4489561687271
DQN-Only,255.38833236045426
DQN-Only,222.78003521267505
DQN-Only,206.6968232529398
DQN-Only,289.04418487359067
DQN-Only,240.61036082204095
DQN-Only,333.56912665352235
DQN-Only,243.38285616824302
DQN-Only,232.76779295750532
DQN-Only,287.21406485972705
DQN-Only,243.0697508563477
DQN-Only,276.4103996817026
DQN-Only,323.32748784280903
DQN-Only,281.6270079200988
DQN-Only,281.80629411373076
DQN-Only,285.84704202760406
DQN-Only,194.7312484663011
DQN-Only,294.80821199666354
DQN-Only,283.676715682843
DQN-Only,318.8590716952042
DQN-Only,305.0789184545817
DQN-Only,266.3064656829353
DQN-Only,325.55485879251313
DQN-Only,261.9537265145894
DQN-Only,287.86354099572986
DQN-Only,261.0648273369909
DQN-Only,298.16437463631416
DQN-Only,257.9284904333874
DQN-Only,355.0824772291952
DQN-Only,372.8334113868307
DQN-Only,317.9490362009282
DQN-Only,349.98223917187335
DQN-Only,202.11770491876575
DQN-Only,207.77386832280027
DQN-Only,260.5650928017018
DQN-Only,277.9790863324261
DQN-Only,266.48604393121605
DQN-Only,197.17750801761824
DQN-Only,331.27640190353503
DQN-Only,379.40151520113295
DQN-Only,337.4874086002859
DQN-Only,328.10511690175065
DQN-Only,286.85374104698894
DQN-Only,235.53612620509742
DQN-Only,279.48134652652647
DQN-Only,377.06822576839215
DQN-Only,259.1045705996613
DQN-Only,254.1620521044508
DQN-Only,329.15057563698787
DQN-Only,332.3369304357886
DQN-Only,235.30071332280943
DQN-Only,263.44873856460373
DQN-Only,251.90853619673115
DQN-Only,279.3450901949323
DQN-Only,328.9769602056717
DQN-Only,237.4066789858516
DQN-Only,328.30391098737294
DQN-Only,280.8792599482228
DQN-Only,387.65722254308537
DQN-Only,291.3038824498019
DQN-Only,271.34790865779524
DQN-Only,303.58630690156764
DQN-Only,259.81698058141393
DQN-Only,189.8268900791124
DQN-Only,264.4549836349873
DQN-Only,263.6979067646772
DQN-Only,199.56876189360904
DQN-Only,272.4943108898643
DQN-Only,176.77870921874893
DQN-Only,259.311031912537
DQN-Only,287.6926076181443
DQN-Only,280.65581650263516
DQN-Only,256.26866530143275
DQN-Only,271.8945407064926
DQN-Only,238.36490700106413
DQN-Only,276.51919293228167
DQN-Only,278.788147516405
DQN-Only,232.78800106072754
DQN-Only,288.84956162443666
DQN-Only,288.5497274438618
DQN-Only,268.0219241481086
DQN-Only,392.21025774176724
DQN-Only,269.2462854391532
DQN-Only,262.5967562220951
DQN-Only,255.72513075802883
DQN-Only,229.39491729233282
DQN-Only,308.92307327248335
DQN-Only,243.0601455350664
DQN-Only,248.73848894410787
DQN-Only,250.1644051421473
DQN-Only,228.72271123927146
DQN-Only,191.9480000378533
DQN-Only,253.7788863763587
DQN-Only,317.92009501019
DQN-Only,285.4550306623317
DQN-Only,350.90761296903
DQN-Only,312.0459026394808
DQN-Only,301.15031089315414
DQN-Only,366.36715308733034
DQN-Only,271.33701143984587
DQN-Only,279.0276323282377
DQN-Only,275.4497077603134
DQN-Only,350.1017630968104
DQN-Only,276.1207351900364
DQN-Only,244.882686044299
DQN-Only,304.2084258222169
DQN-Only,236.81952906926267
DQN-Only,301.6066326054684
DQN-Only,295.86436483880806
DQN-Only,266.9086719452882
DQN-Only,303.1589554601677
DQN-Only,204.5860833451991
DQN-Only,283.82218182359935
DQN-Only,253.78726153599686
DQN-Only,413.388651709657
DQN-Only,283.47960334273
DQN-Only,247.37318161039502
DQN-Only,209.84151666945206
DQN-Only,338.65949744612476
DQN-Only,259.19842946285866
DQN-Only,238.01510078037987
DQN-Only,292.14236227243487
DQN-Only,307.1865039074714
DQN-Only,306.4297407940574
DQN-Only,276.94802030684934
DQN-Only,283.64112657056256
DQN-Only,287.13777963267376
DQN-Only,292.1470207501859
DQN-Only,296.39448940327117
DQN-Only,328.5337320626662
DQN-Only,278.7079133772408
DQN-Only,236.79344324014264
DQN-Only,269.07399825100634
DQN-Only,312.18147929927983
DQN-Only,190.2466579975274
DQN-Only,190.52389462214586
DQN-Only,320.07725382683157
DQN-Only,348.96589520886374
DQN-Only,215.27039831906527
DQN-Only,280.82204499997897
DQN-Only,256.82183457998326
DQN-Only,263.48015461240203
DQN-Only,290.66548842030795
DQN-Only,213.94222900748406
DQN-Only,222.85355997636475
DQN-Only,261.5399436997812
DQN-Only,269.0219713010803
DQN-Only,221.95415492715978
DQN-Only,313.90308838988085
DQN-Only,255.9570732906704
DQN-Only,255.75275490879142
DQN-Only,289.56762193103526
DQN-Only,269.81240274876
DQN-Only,316.198887019479
DQN-Only,231.195718185568
DQN-Only,208.92544334095325
Heuristic,287.2714715548752
Heuristic,307.2527533384907
Heuristic,236.9991790187339
Heuristic,229.061307668186
Heuristic,313.8440802462512
Heuristic,263.07984936499207
Heuristic,225.56436728162635
Heuristic,356.1284297849594
Heuristic,269.883087661937
Heuristic,366.0898266087293
Heuristic,305.53742271990905
Heuristic,319.91697855098636
Heuristic,292.5790137107699
Heuristic,160.62123879453236
Heuristic,242.61352948309997
Heuristic,297.2116891751889
Heuristic,323.69537341380607
Heuristic,207.35760279104147
Heuristic,301.1055077755351
Heuristic,243.3977392904423
Heuristic,316.66948891484134
Heuristic,302.95235757220945
Heuristic,344.149086531197
Heuristic,361.608438230126
Heuristic,328.7854545607976
Heuristic,350.46125380441106
Heuristic,285.0815063001127
Heuristic,456.44834020842586
Heuristic,238.18376878927643
Heuristic,275.50118799289663
Heuristic,352.67336346833224
Heuristic,344.6469504624936
Heuristic,330.31900703368683
Heuristic,340.4672075316278
Heuristic,191.4879136512738
Heuristic,389.82212950504305
Heuristic,292.9898882212028
Heuristic,371.278285842626
Heuristic,194.18956473573036
Heuristic,317.8546991879843
Heuristic,273.5708769261782
Heuristic,334.8944881853904
Heuristic,321.12180443331766
Heuristic,323.76658106495563
Heuristic,246.81714883549947
Heuristic,300.923667475795
Heuristic,294.2709794118156
Heuristic,330.74674225220133
Heuristic,357.4220377534072
Heuristic,312.12569978846517
Heuristic,235.08669642701568
Heuristic,309.8092557166055
Heuristic,444.99811633410013
Heuristic,392.88428765734045
Heuristic,143.38242361108425
Heuristic,307.4205302995216
Heuristic,354.3344543637886
Heuristic,294.1543413213291
Heuristic,279.1550903122303
Heuristic,289.5839323854916
Heuristic,333.8182322134712
Heuristic,241.98262138374952
Heuristic,368.189187186906
Heuristic,300.9763784483043
Heuristic,253.50868919797634
Heuristic,364.71490871552953
Heuristic,220.56293112397137
Heuristic,274.0186547619145
Heuristic,273.1295464746011
Heuristic,419.77286466475107
Heuristic,267.0088784934701
Heuristic,187.63187809299433
Heuristic,272.58198377492636
Heuristic,328.59971875985804
Heuristic,346.34056551551464
Heuristic,426.9331434459097
Heuristic,379.9724688332376
Heuristic,314.1478200714182
Heuristic,255.863564750962
Heuristic,391.69748129275735
Heuristic,284.0975682823835
Heuristic,268.4595092444113
Heuristic,281.4780146836802
Heuristic,236.3764350995723
Heuristic,278.8889150767673
Heuristic,291.41215018116554
Heuristic,343.45545671385435
Heuristic,283.043229904545
Heuristic,235.55720094072018
Heuristic,217.3963036161382
Heuristic,315.31676636624826
Heuristic,307.9217960873381
Heuristic,274.06711359448894
Heuristic,278.7573511334282
Heuristic,324.9782943711552
Heuristic,379.08949769922475
Heuristic,261.87219245622464
Heuristic,308.80075315563334
Heuristic,355.74660181628747
Heuristic,262.0898283293485
Heuristic,303.1558658135815
Heuristic,301.948237433266
Heuristic,233.19005730764997
Heuristic,313.0989349173436
Heuristic,305.7034126446393
Heuristic,333.9745494781871
Heuristic,239.90813036832154
Heuristic,304.5384008041061
Heuristic,378.61363943741367
Heuristic,416.18499092326346
Heuristic,373.1269805244669
Heuristic,240.4381386948869
Heuristic,328.35684483035584
Heuristic,277.91008495209985
Heuristic,319.33063202901576
Heuristic,262.3002978880461
Heuristic,211.4724341399758
Heuristic,285.39606911020905
Heuristic,343.0205456169408
Heuristic,319.55198679558583
Heuristic,325.7591844353751
Heuristic,315.6829174408864
Heuristic,325.8444836416684
Heuristic,332.5936349906819
Heuristic,289.1672028364506
Heuristic,308.4760903166593
Heuristic,398.1359522429633
Heuristic,311.6696755660615
Heuristic,306.2984288085116
Heuristic,309.5557633902256
Heuristic,292.23294001092415
Heuristic,280.49077795907664
Heuristic,315.2686403157333
Heuristic,276.69137909420584
Heuristic,296.1421938082304
Heuristic,261.3122058475805
Heuristic,309.83263744485316
Heuristic,335.54652698550547
Heuristic,292.5565975648106
Heuristic,195.54756440797695
Heuristic,335.8800633789955
Heuristic,310.48992750902704
Heuristic,250.36550169927318
Heuristic,345.75659308545676
Heuristic,228.48503916134425
Heuristic,360.45201122752127
Heuristic,300.9022025390505
Heuristic,181.48128592962416
Heuristic,313.62979771221484
Heuristic,282.06561212308947
Heuristic,273.93013824155065
Heuristic,264.1628088813642
Heuristic,297.1303472935669
Heuristic,277.7998112169744
Heuristic,203.73872686782718
Heuristic,372.6916658805691
Heuristic,290.8046865780625
Heuristic,264.4755091425738
Heuristic,243.06512114255213
Heuristic,345.61953164245773
Heuristic,233.88467366878766
Heuristic,311.23531430033023
Heuristic,272.4829538988266
Heuristic,275.6273383296341
Heuristic,244.4077853273014
Heuristic,270.5027506438303
Heuristic,304.4758691413703
Heuristic,316.70686022284565
Heuristic,261.57800601071915
Heuristic,299.08954226837966
Heuristic,351.97653927240276
Heuristic,214.2180579247501
Heuristic,303.6614754260396
Heuristic,252.65766694828264
Heuristic,247.1550547057073
Heuristic,318.09462170189744
Heuristic,274.5564206919518
Heuristic,238.2926311833046
Heuristic,375.51129237177935
Heuristic,353.6848337739188
Heuristic,199.65547835660487
Heuristic,224.38088108788833
Heuristic,336.0466818512088
Heuristic,288.6168130159766
Heuristic,385.0310307951677
Heuristic,337.28216552121455
Heuristic,320.1711382881159
Heuristic,248.8194146414264
Heuristic,330.5377759226815
Heuristic,235.1087464434748
Heuristic,374.4832048041437
Heuristic,326.7954838069851
Heuristic,259.45914885509
Heuristic,347.452581119145
Heuristic,425.04234401336214
Heuristic,292.24867661028964
Heuristic,333.7223122433298
Heuristic,280.68121673668594
Heuristic,308.60901975139063
Heuristic,222.60933375830183
Heuristic,303.9714062706833
Heuristic,306.35317581085303
Heuristic,401.1458799496164
Heuristic,207.06983191401912
Heuristic,288.8322932081799
Heuristic,373.5583297628759
Heuristic,290.94433922686716
Heuristic,294.74755721881013
Heuristic,259.0040126563626
Heuristic,253.6393094658111
Heuristic,205.40389664500978
Heuristic,270.0223766272157
Heuristic,250.57482702394535
Heuristic,310.374097017482
Heuristic,261.4659170691185
Heuristic,278.10208680738066
Heuristic,279.5809087748864
Heuristic,301.3990801563199
Heuristic,275.4597981541386
Heuristic,246.66355114339487
Heuristic,308.6313879731833
Heuristic,361.644093678289
Heuristic,310.9371745727018
Heuristic,271.06969633511443
Heuristic,297.35009412494423
Heuristic,193.2658304007469
Heuristic,296.4722515249013
Heuristic,282.38086406911447
Heuristic,253.59314066764836
Heuristic,263.3866889740737
Heuristic,281.8473369168591
Heuristic,357.5927469043505
Heuristic,362.971262506125
Heuristic,253.8812412758782
Heuristic,276.02382184485674
Heuristic,277.4001423064168
Heuristic,347.71545783970674
Heuristic,311.85735384210733
Heuristic,309.0106525826163
Heuristic,332.9581811247442
Heuristic,271.7936759458097
Heuristic,377.6498750151191
Heuristic,303.9057884993091
Heuristic,257.7807279056367
Heuristic,291.59942683491664
Heuristic,370.5241295072251
Heuristic,281.0423246568763
Heuristic,355.2761211484209
Heuristic,270.2313271903378
Heuristic,262.6541603740255
Heuristic,339.61826017209177
Heuristic,256.80548172513
Heuristic,348.41717350873154
Heuristic,322.9878039472609
Heuristic,256.82592753875
Heuristic,300.14209182430596
Heuristic,274.366188309785
Heuristic,322.8447340601292
Heuristic,405.94110522759263
Heuristic,283.9819514440792
Heuristic,332.8239187883594
Heuristic,305.3197946500459
Heuristic,305.2991159654117
Heuristic,295.07892348049774
Heuristic,257.6994578970161
Heuristic,322.0975572612526
Heuristic,288.407945504353
Heuristic,255.1407954781088
Heuristic,358.76535616140814
Heuristic,309.34651962592653
Heuristic,291.6826563034651
Heuristic,376.3630571963001
Heuristic,204.85159708121813
Heuristic,372.73232340137076
Heuristic,256.4698507466443
Heuristic,315.4227571284381
Heuristic,272.2445572774816
Heuristic,254.15794381556913
Heuristic,374.94987240229545
Heuristic,404.2356946393454
Heuristic,292.05381486484174
Heuristic,322.11563391849194
Heuristic,307.077527589775
Heuristic,397.4473692170542
Heuristic,189.88987583750912
Heuristic,324.3646658285919
Heuristic,264.7351790362276
Heuristic,176.77794284055636
Heuristic,284.531374738821
Heuristic,403.7946347091699
Heuristic,268.5733437183784
Heuristic,346.701337354489
Heuristic,368.7282986414218
Heuristic,303.3143726585458
Heuristic,310.50460339420977
Heuristic,211.31991304677996
Heuristic,265.32715138867707
Heuristic,352.9784117138198
Heuristic,307.27667124000163
Heuristic,323.83643783795884
Heuristic,311.1905093028848
Heuristic,422.36821299200733
Heuristic,280.7519291158155
Heuristic,390.69214232126075
Heuristic,311.20917399916357
Heuristic,395.4867446273631
Heuristic,237.85118318005988
Heuristic,313.9712192120665
Heuristic,282.74091366813263
Heuristic,311.53150613590213
Heuristic,370.0083181839709
Heuristic,324.45571868932905
Heuristic,369.90066526145466
Heuristic,267.80806096320697
Heuristic,259.5669392937193
Heuristic,304.8696739494124
Heuristic,301.9127823668814
Heuristic,293.9635940834936
Heuristic,252.233886813783
Heuristic,368.727185852002
Heuristic,284.4067911657917
Heuristic,381.00821859948485
Heuristic,304.6881417210191
Heuristic,339.0151622639584
Heuristic,334.11632072003886
Heuristic,259.48916402105397
Heuristic,323.8289577638344
Heuristic,408.1299790012237
Heuristic,317.5870616674193
Heuristic,352.66894393622243
Heuristic,341.436679607978
Heuristic,320.5806815517093
Heuristic,314.0698507571363
Heuristic,333.5550401925502
Heuristic,345.2172575096831
Heuristic,230.98314091924206
Heuristic,317.35435601120855
Heuristic,294.05979443964486
Heuristic,282.85755044280774
Heuristic,373.9820764675429
Heuristic,264.4101026045519
Heuristic,228.6824707432599
Heuristic,346.96867617083615
Heuristic,227.29873174608997
Heuristic,199.89107379023756
Heuristic,353.0464552594581
Heuristic,312.57100153037436
Heuristic,329.5268598779139
Heuristic,280.1089109619004
Heuristic,229.24206889311296
Heuristic,239.96749046464595
Heuristic,289.3017994307107
Heuristic,235.29024567242573
Heuristic,320.5808569804653
Heuristic,279.0272713461414
Heuristic,313.9919465577265
Heuristic,312.37799892422726
Heuristic,324.88717593892443
Heuristic,330.9720564736059
Heuristic,285.42936809792076
Heuristic,313.9343403982268
Heuristic,316.7444389346894
Heuristic,172.83992330895828
Heuristic,338.91239027641245
Heuristic,312.09687859589354
Heuristic,334.45863872315283
Heuristic,234.5104458458478
Heuristic,286.9482485412308
Heuristic,245.05740934545867
Heuristic,344.20847431549527
Heuristic,228.12370672830133
Heuristic,253.85264177619467
Heuristic,332.852962926687
Heuristic,270.0137752570286
Heuristic,253.86690453339082
Heuristic,352.9628491951699
Heuristic,355.17643485596085
Heuristic,342.9918443972139
Heuristic,349.8303223927758
Heuristic,291.49471893734494
Heuristic,292.9519793696228
Heuristic,269.00361095918544
Heuristic,313.05737505666275
Heuristic,275.4934903244042
Heuristic,280.6144248799432
Heuristic,336.3946234350766
Heuristic,367.9651192577765
Heuristic,325.5060537305851
Heuristic,400.89305672309865
Heuristic,265.9021591102316
Heuristic,204.74936948270005
Heuristic,342.58990603783593
Heuristic,262.3209881570765
Heuristic,289.22061894413036
Heuristic,208.43098845345932
Heuristic,255.44264664332536
Heuristic,222.87971950472127
Heuristic,280.5476237753036
Heuristic,282.6942193303207
Heuristic,308.85786222360326
Heuristic,370.94504007517946
Heuristic,340.5529383044822
Heuristic,216.402839644634
Heuristic,336.8328335230942
Heuristic,310.0347536618388
Heuristic,298.7173726700507
Heuristic,302.7742253833898
Heuristic,315.0458311166578
Heuristic,266.6381132852675
Heuristic,294.1530536936694
Heuristic,367.93271269015906
Heuristic,265.9890876410212
Heuristic,248.38604928654485
Heuristic,300.66780321481207
Heuristic,242.94941133515724
Heuristic,210.96971144146573
Heuristic,285.3987724379599
Heuristic,382.2255817664519
Heuristic,301.91537882264777
Heuristic,313.64316310020354
Heuristic,188.9719886598392
Heuristic,327.65877659181115
Heuristic,309.04175651072876
Heuristic,268.0945992858749
Heuristic,313.7227254557282
Heuristic,313.1865673265298
Heuristic,246.78765186867147
Heuristic,321.9201012461151
Heuristic,368.64531281646634
Heuristic,291.6911603244301
Heuristic,257.1499130683962
Heuristic,294.41067623070666
Heuristic,350.1491125334791
Heuristic,237.7787826779473
Heuristic,335.24214597434576
Heuristic,267.387219239894
Heuristic,317.0714063945058
Heuristic,273.52611114753955
Heuristic,273.3810844255957
Heuristic,386.2471254766926
Heuristic,227.90932411119144
Heuristic,330.2097735874594
Heuristic,397.4915181897495
Heuristic,341.01818402953245
Heuristic,232.12076097188418
Heuristic,234.7946525185681
Heuristic,263.41222966109433
Heuristic,312.52702722207323
Heuristic,316.20090548080884
Heuristic,235.3283860678166
Heuristic,256.8710972438638
Heuristic,260.1799457030789
Heuristic,294.2396723617958
Heuristic,411.173554693718
Heuristic,253.60789845633383
Heuristic,251.24427701066745
Heuristic,242.8104240622324
Heuristic,338.31940684708053
Heuristic,301.7675537968245
Heuristic,255.60376639882224
Heuristic,284.4090384759701
Heuristic,261.25844374828415
Heuristic,319.97812918421926
Heuristic,448.95633676700214
Heuristic,333.7466779073808
Heuristic,298.9786201842024
Heuristic,268.09132367565053
Heuristic,231.45639557821812
Heuristic,343.61924549576395
Heuristic,340.68512563178126
Heuristic,278.83054617869647
Heuristic,369.5200350789014
Heuristic,305.1397746997946
Heuristic,345.8370797113373
Heuristic,319.9946381097826
Heuristic,294.4346624866075
Heuristic,252.4362309893957
Heuristic,296.14102401241576
Heuristic,349.47073612032176
Heuristic,276.560703957431
Heuristic,327.7460353625716
Heuristic,245.53226237070382
Heuristic,346.12315015103934
Heuristic,320.8988321704579
Heuristic,239.08601902282896
Heuristic,291.90321572983294
Heuristic,354.297809103192
Heuristic,236.0122428047259
Heuristic,246.16868711425354
Heuristic,300.2471644415294
Heuristic,419.1998594433385
Heuristic,267.6807834618671
Heuristic,330.7447959776168
Heuristic,318.047312010473
Heuristic,272.1659253856606
Heuristic,312.70120099638325
Heuristic,279.8169282468724
Heuristic,284.6785413337084
Heuristic,214.2913172502508
Heuristic,302.68044331721865
Heuristic,352.5510493576177
Heuristic,307.100991838103
Heuristic,362.8874190844112
Heuristic,335.33768208103095
Heuristic,300.7847694581681
Heuristic,270.0920201376318
Heuristic,277.7417593704842
Heuristic,224.59243440739544
Heuristic,289.5777399346904
Heuristic,311.8839329624643
Heuristic,396.6327392811586
Heuristic,332.52929745705933
Heuristic,257.29788507254926
Heuristic,226.27411312198447
Heuristic,292.8461872909531
Heuristic,347.83528012869846
Heuristic,292.0867178185031
Heuristic,333.26714545030217
Heuristic,294.21922574038183
Heuristic,342.71802347464234
Heuristic,217.7480667738943
Heuristic,390.6258344878894
Heuristic,243.92589379591962
Heuristic,346.86154580540796
Heuristic,289.3020642878764
Heuristic,297.7452933801874
Heuristic,290.980497077612
Heuristic,317.80264759278066
Heuristic,328.7063253371683
Heuristic,361.1515216384457
Heuristic,380.02923966025844
Heuristic,321.9183635259419
Heuristic,396.53840891508844
Heuristic,309.0205173124138
Heuristic,362.1817795616579
Heuristic,327.15086233693194
Heuristic,274.3429499030302
Heuristic,313.7866443365116
Heuristic,331.17128138549276
Heuristic,302.2613009042592
Heuristic,326.29425197186805
Heuristic,350.7295998036523
Heuristic,302.7378503322218
Heuristic,145.03006589114602
Heuristic,394.62658818064205
Heuristic,287.93006276810223
Heuristic,259.54286807505594
Heuristic,243.29804403474785
Heuristic,285.8319212739832
Heuristic,273.61161710888297
Heuristic,264.2014889502267
Heuristic,267.16518142839305
Heuristic,332.6061124992304
Heuristic,413.6396258141675
Heuristic,348.3108662928047
Heuristic,364.6203019767468
Heuristic,283.6198583018761
Heuristic,309.6519297397312
Heuristic,327.0300498284355
Heuristic,268.3838737432904
Heuristic,281.01057619034765
Heuristic,350.14580574998615
Heuristic,362.87580877540586
Heuristic,307.64015455382395
Heuristic,239.4615122379488
Heuristic,288.0380329062465
Heuristic,226.1681187366829
Heuristic,308.0609301310752
Heuristic,317.7917680086566
Heuristic,289.3816372639601
Heuristic,317.052406008693
Heuristic,326.5126669105273
Heuristic,317.8705503169847
Heuristic,239.11736421596578
Heuristic,290.3237264223145
Heuristic,326.13152082637845
Heuristic,389.25043565052397
Heuristic,289.31600948711036
Heuristic,333.74537082419795
Heuristic,351.4202032438865
Heuristic,293.38210428788176
Heuristic,366.01401836431637
Heuristic,368.91738689726844
Heuristic,378.5407756393043
Heuristic,328.7553371252187
Heuristic,431.44741148150695
Heuristic,270.77471191072556
Heuristic,418.70018965366273
Heuristic,345.4881723875554
Heuristic,376.3809159834428
Heuristic,286.7179612547476
Heuristic,349.60163396004316
Heuristic,381.05660483787557
Heuristic,245.2826332389109
Heuristic,295.18038078196736
Heuristic,188.37235483551586
Heuristic,294.37001925014556
Heuristic,259.9355575531553
Heuristic,292.2405448497963
Heuristic,461.8767413106516
Heuristic,396.7613893670487
Heuristic,226.26983301816585
Heuristic,334.00986828636786
Heuristic,347.14227870119885
Heuristic,285.75355731795213
Heuristic,313.62861057056165
Heuristic,318.9030392004099
Heuristic,231.28298586545955
Heuristic,248.308214879348
Heuristic,313.30402279581347
Heuristic,309.36773651101544
Heuristic,265.7376133674675
Heuristic,261.1036884478924
Heuristic,299.1519205177549
Heuristic,351.85215146109675
Heuristic,299.869768368869
Heuristic,391.62746485432507
Heuristic,266.4256904262217
Heuristic,314.4279292785606
Heuristic,284.8680468283837
Heuristic,335.7498911063079
Heuristic,261.7942543598394
Heuristic,408.0794787156628
Heuristic,212.70693023389566
Heuristic,396.6359329427333
Heuristic,308.85937733187694
Heuristic,333.8309274143333
Heuristic,376.06434476696575
Heuristic,350.31372073896773
Heuristic,264.5785480591747
Heuristic,336.4048359841805
Heuristic,404.8435945222693
Heuristic,256.0862475433156
Heuristic,418.3951396044748
Heuristic,324.82793424230243
Heuristic,280.6057003163061
Heuristic,255.76237323115427
Heuristic,291.9424979819532
Heuristic,198.41497012219327
Heuristic,281.5767986708255
Heuristic,289.80192883179694
Heuristic,245.98166294792935
Heuristic,344.3836405248354
Heuristic,292.1866204593731
Heuristic,269.6670945908209
Heuristic,286.43196750629863
Heuristic,323.17580355905574
Heuristic,307.9539453652177
Heuristic,266.1473452432708
Heuristic,310.78528759818397
Heuristic,301.2634982914221
Heuristic,242.46893194996412
Heuristic,288.42074655060793
Heuristic,335.28426660272794
Heuristic,334.89546603441147
Heuristic,291.58192605021674
Heuristic,340.54573091844276
Heuristic,251.08240316283042
Heuristic,252.7546567375604
Heuristic,290.4322319821413
Heuristic,384.8685713487053
Heuristic,312.8155878330631
Heuristic,289.13024627804833
Heuristic,387.3834520651589
Heuristic,288.5053244990089
Heuristic,424.6755948134437
Heuristic,276.39071132447975
Heuristic,249.36664862042974
Heuristic,295.0164533579987
Heuristic,290.5494499148011
Heuristic,260.3831212771387
Heuristic,444.5066002205556
Heuristic,321.2058346614835
Heuristic,329.0694769782655
Heuristic,279.05851957460624
Heuristic,272.805853223763
Heuristic,359.3801512087558
Heuristic,213.5045442801529
Heuristic,242.2853184693201
Heuristic,290.64534069719207
Heuristic,376.95655450425284
Heuristic,283.7760834596484
Heuristic,326.47218409280663
Heuristic,305.49734868695697
Heuristic,373.9979542985877
Heuristic,218.42495701650225
Heuristic,343.74201300102993
Heuristic,293.25945779389974
Heuristic,353.943746471648
Heuristic,259.75876627058295
Heuristic,305.3172257725933
Heuristic,298.46463761071504
Heuristic,249.86848454869772
Heuristic,234.85769730086395
Heuristic,272.6577864593903
Heuristic,311.01628096572995
Heuristic,263.1267398875574
Heuristic,286.1760275964978
Heuristic,202.1669428578872
Heuristic,283.98490429387857
Heuristic,359.2736789177504
Heuristic,342.0797376023845
Heuristic,299.30621540053426
Heuristic,317.1572471507648
Heuristic,259.27393863791553
Heuristic,391.71968889773564
Heuristic,415.6591753517509
Heuristic,312.9004760581226
Heuristic,443.8970351473206
Heuristic,267.2701519370915
Heuristic,236.44172103627653
Heuristic,265.68031727891764
Heuristic,292.1475256859505
Heuristic,428.85159376496006
Heuristic,288.8174071200782
Heuristic,257.57858610858284
Heuristic,255.48322158281843
Heuristic,365.5611940503371
Heuristic,357.85429440868796
Heuristic,277.78417793690505
Heuristic,202.7076577318336
Heuristic,243.05594858569862
Heuristic,396.9471672249753
Heuristic,341.1956257656714
Heuristic,307.5349142801485
Heuristic,404.9169913501571
Heuristic,409.7496187318219
Heuristic,302.05926149408987
Heuristic,303.05112493129
Heuristic,272.5694791659479
Heuristic,288.6314224758027
Heuristic,223.73845130679348
Heuristic,223.51913568606076
Heuristic,210.97642107908132
Heuristic,362.55419837365
Heuristic,219.68427996272158
Heuristic,409.29796413013236
Heuristic,264.5595938752321
Heuristic,397.81689496625694
Heuristic,284.28706548526435
Heuristic,219.42591437029424
Heuristic,373.3240604955354
Heuristic,379.70074389219417
Heuristic,255.07324598558142
Heuristic,286.09077760373765
Heuristic,255.08701942570713
Heuristic,297.4915584992832
Heuristic,309.82277396180615
Heuristic,285.02531480776685
Heuristic,205.77986464889392
Heuristic,272.6325169851388
Heuristic,341.9900132319183
Heuristic,292.71942469982054
Heuristic,286.3182061116679
Heuristic,253.7380665683387
Heuristic,271.0572260633287
Heuristic,380.0831977554259
Heuristic,242.45202813268617
Heuristic,342.9244472210024
Heuristic,306.5409819287903
Heuristic,317.2197758085557
Heuristic,264.45276082521065
Heuristic,285.00402223341246
Heuristic,303.6911102707143
Heuristic,275.8839839111034
Heuristic,321.8973336179737
Heuristic,328.7017068706458
Heuristic,421.3261576754757
Heuristic,319.02226158556806
Heuristic,200.7388966019828
Heuristic,366.8030303652887
Heuristic,292.99098535164563
Heuristic,412.6439695985901
Heuristic,383.42992043528665
Heuristic,276.7155612795754
Heuristic,342.9827503290435
Heuristic,271.9264220216141
Heuristic,304.14530462639345
Heuristic,340.50317997511354
Heuristic,364.10201112651157
Heuristic,352.34111475985696
Heuristic,308.0494401232927
Heuristic,438.1048906043857
Heuristic,284.2888980475372
Heuristic,217.21116588823793
Heuristic,227.60623805869648
Heuristic,383.59641742660654
Heuristic,299.8607423282726
Heuristic,312.589104894921
Heuristic,274.70371048408583
Heuristic,279.5540661178437
Heuristic,261.4968235087381
Heuristic,329.4421439198248
Heuristic,298.7414844529966
Heuristic,327.4902904013837
Heuristic,322.3296728071441
Heuristic,281.0025483838236
Heuristic,225.22854623364947
Heuristic,220.5268218160347
Heuristic,467.43918595153355
Heuristic,383.8213659988587
Heuristic,376.36985861212554
Heuristic,267.5712324227077
Heuristic,304.51352562320847
Heuristic,259.9704092113088
Heuristic,233.14756686104192
Heuristic,272.2062298997121
Heuristic,375.6139880251973
Heuristic,349.40024981389433
Heuristic,251.61740791241084
Heuristic,286.99993329149635
Heuristic,344.4526512845754
Heuristic,273.1675446598838
Heuristic,308.29765722096744
Heuristic,325.69976214149983
Heuristic,325.1102497995831
Heuristic,317.72385309527544
Heuristic,268.70035261574446
Heuristic,274.24737227398396
Heuristic,242.78290801788623
Heuristic,219.68782395087732
Heuristic,297.8035679487276
Heuristic,348.0780191877083
Heuristic,229.46475071568688
Heuristic,318.7405551827099
Heuristic,346.37008552270333
Heuristic,204.81637648364733
Heuristic,289.3886205926442
Heuristic,392.8953508247522
Heuristic,333.80481495889813
Heuristic,202.99531395063644
Heuristic,339.550330970227
Heuristic,263.62221311167025
Heuristic,341.330574225009
Heuristic,266.7355846035582
Heuristic,301.13624800175387
Heuristic,274.97269049760075
Heuristic,304.1705170278793
Heuristic,273.36687060880536
Heuristic,291.9289349560582
Heuristic,240.5173295512234
Heuristic,330.4956181523555
Heuristic,313.46540126677195
Heuristic,216.70726259837585
Heuristic,357.61749965090405
Heuristic,294.4804501786572
Heuristic,312.73516939673914
Heuristic,345.28633028957603
Heuristic,321.72508108743915
Heuristic,366.92097055688856
Heuristic,288.1620418009078
Heuristic,359.8591868562601
Heuristic,310.63792936159535
Heuristic,331.41220492336134
Heuristic,325.7959753310868
Heuristic,370.9994375667144
Heuristic,342.9562681722019
Heuristic,280.0809440632683
Heuristic,269.37157962400823
Heuristic,301.31327602987903
Heuristic,262.9545221817207
Heuristic,247.18162112837726
Heuristic,189.08516665790575
Heuristic,220.33981107724964
Heuristic,411.2119435000223
Heuristic,268.548986519992
Heuristic,406.78685619034184
Heuristic,325.77034846240133
Heuristic,301.31306683165036
Heuristic,222.96732369165338
Heuristic,304.2521203611066
Heuristic,406.1779234162844
Heuristic,388.1123841769039
Heuristic,318.80888724566927
Heuristic,241.97190824112914
Heuristic,252.31307135654578
Heuristic,257.9600404568071
Heuristic,373.02036607758583
Heuristic,392.112903549873
Heuristic,314.57821308824964
Heuristic,287.6336564817497
Heuristic,387.6303668196931
Heuristic,251.15702879329245
Heuristic,306.79845969041975
Heuristic,329.00016397549103
Heuristic,257.40876721247446
Heuristic,269.66063204486943
Heuristic,265.45817072386944
Heuristic,380.50325022335664
Heuristic,407.3758329610828
Heuristic,310.1987966327743
Heuristic,289.51619629968945
Heuristic,271.608581950362
Heuristic,304.09430092631777
Heuristic,274.28802542241334
Heuristic,298.7603669128181
Heuristic,326.31457244221184
Heuristic,282.11310108932014
Heuristic,293.76224461883874
Heuristic,293.98545780609555
Heuristic,286.8515745247885
Heuristic,280.1618146411246
Heuristic,345.15861655858754
Heuristic,208.3802544352721
Heuristic,389.01111238606825
Heuristic,311.31859101296186
Heuristic,336.9409491032718
Heuristic,343.1542002900393
Heuristic,265.7648053583491
Heuristic,254.62463796632096
Heuristic,248.25745862869334
Heuristic,290.6583263892562
Heuristic,341.75705334375556
Heuristic,272.4768506380755
Heuristic,336.82830856962846
Heuristic,176.13225418149526
Heuristic,283.1793710933365
Heuristic,367.0254178510244
Heuristic,294.7675503922215
Heuristic,259.226243647027
Heuristic,268.53046600456975
Heuristic,140.48678159431645
Heuristic,249.36269359775628
Heuristic,361.09103411567946
Heuristic,272.5394505876035
Heuristic,278.9146044519338
Heuristic,178.08214190003397
Heuristic,215.93475917192166
Heuristic,368.26265564438665
Heuristic,337.3338803557243
Heuristic,233.93829230227072
Heuristic,269.9490908550461
Heuristic,302.4246934780657
Heuristic,239.4091024635352
Heuristic,195.77623029026554
Heuristic,295.40263907827045
Heuristic,334.920862357355
Heuristic,335.9602952654175
Heuristic,351.2628188192759
Heuristic,220.10790786388952
Heuristic,307.1267031306547
Heuristic,289.50362633162746
Heuristic,299.2900829831516
Heuristic,292.5637917837566
Heuristic,268.33579824719413
Heuristic,141.03931547235734
Heuristic,366.73876711081635
Heuristic,321.8194689356548
Heuristic,223.8483514730286
Heuristic,329.54910926160875
Heuristic,279.84554042192065
Heuristic,281.3754949134426
Heuristic,262.5056115195922
Heuristic,332.9942455232223
Heuristic,260.80952713812525
Heuristic,244.77092695110758
Heuristic,365.11421977272374
Heuristic,294.3404038725968
Heuristic,296.03573494042075
Heuristic,341.39306249493995
Heuristic,267.9503181543065
Heuristic,278.7197286770682
Heuristic,320.50862456503313
Heuristic,220.76560946695665
Heuristic,315.9393485254836
Heuristic,263.19158120420616
Heuristic,350.195519992578
Heuristic,333.5198196498951
Heuristic,326.3856112766516
Heuristic,217.22423297805392
Heuristic,298.41664866061376
Heuristic,240.42760573762902
Heuristic,302.0093492392406
Heuristic,178.9748974479541
Heuristic,220.79505750773689
Heuristic,368.20781487737014
Heuristic,323.9288715043543
Heuristic,284.893944236098
Heuristic,254.92786057494396
Heuristic,245.45028845029697
Heuristic,314.8084107747804
Heuristic,285.4438552820133
Heuristic,387.51894789913297
Heuristic,294.0227591194411
Heuristic,307.1709065812048
Heuristic,229.02081272500996
Heuristic,284.52224184043445
Heuristic,313.55753587367127
Heuristic,283.8695715944879
Heuristic,277.77605918699146
Heuristic,321.65311978322745
Heuristic,385.8004572042934
Heuristic,311.82834599662266
Heuristic,365.7860593075494
Heuristic,337.5665283860142
Heuristic,362.5550822320639
Heuristic,271.07512413928157
Heuristic,292.8259152708423
Heuristic,293.0502271787081
Heuristic,333.4989707744547
Heuristic,346.79029239944066
Heuristic,310.7530343200421
Heuristic,351.34215517829665
Heuristic,273.58010024300586
Heuristic,351.8103878565528
Heuristic,358.85370987803685
Heuristic,340.58480267993184
Heuristic,311.2451683079855
Heuristic,342.5194599498682
Heuristic,255.72375887712155
Heuristic,314.7115622754513
Heuristic,320.22756574855663
Heuristic,232.2061541898198
Heuristic,329.6275496587341
Heuristic,236.563788813182
Heuristic,280.89241191289074
Heuristic,306.1470918009201
Heuristic,264.54023522982845
Heuristic,308.45791808549717
Heuristic,307.59407748355585
Heuristic,259.7101914746226
Heuristic,334.6706207765139
Heuristic,262.7355488214635
Heuristic,427.5506162356735
Heuristic,298.08814354014737
Heuristic,240.75011617053826
Heuristic,250.8455446244563
Heuristic,365.9693450937083
Heuristic,281.90581091520346
Heuristic,230.35675437718172
Heuristic,350.1004883448994
Heuristic,281.5590100599835
Heuristic,339.284653600445
Heuristic,354.52056538543087
Heuristic,318.8210310956614
Heuristic,433.37899936700796
Heuristic,210.86390538160592
Heuristic,259.83069593532235
Heuristic,290.1786997513863
Heuristic,426.1033705448386
Heuristic,401.09213338551945
Heuristic,373.58930683927144
Heuristic,261.11730719972087
Heuristic,267.41420405239677
Heuristic,259.2577581024155
Heuristic,261.6949480457988
Heuristic,384.6060487929026
Heuristic,290.83657533662443
Heuristic,297.9790991092271
Heuristic,345.8168864938653
Heuristic,214.16948940216537
Heuristic,306.8428743485335
Heuristic,244.76892665166227
Heuristic,288.1015942898508
Heuristic,272.33328252620254
Heuristic,269.54903971431213
Heuristic,316.1814175621437
Heuristic,315.9455237291956
Heuristic,292.1296881813648
Heuristic,324.01695452152245
Heuristic,257.09481479390837
Heuristic,340.8056369281291
Heuristic,292.8652528034893
Heuristic,277.88216764455353
Heuristic,261.083024168039
Heuristic,290.9645371347992
Heuristic,405.0145198696798
Heuristic,300.58105641446014
Heuristic,242.2022090482543
Heuristic,353.6162296063925
Heuristic,278.51586446724525
Heuristic,319.3229862350334
Heuristic,271.2943302769648
Heuristic,373.1617590717312
Heuristic,272.09897314111794
Heuristic,379.48433084318697
Heuristic,247.33992843544553
Heuristic,288.1830551713641
Heuristic,379.59977243896617
Heuristic,313.0814081381923
Heuristic,426.65916085750416
Heuristic,289.4664157411471
Heuristic,317.88031405987635
Heuristic,406.8780606906362
Heuristic,222.2481462959175
Heuristic,215.56149820819695
Heuristic,261.04255843069194
Heuristic,347.92212523155956
Heuristic,217.0680361000753
Heuristic,336.2406490543491
Heuristic,332.44216150240027
Heuristic,412.7770725929057
Heuristic,360.4561859776681
Heuristic,323.6587128248799
Heuristic,377.3931784982599
Heuristic,333.1008128202028
Heuristic,279.1562170501311
Heuristic,242.19128803936147
Heuristic,273.25425740057364
Heuristic,301.83601077445564
Heuristic,313.4509938888786
Heuristic,188.69943770331503
Heuristic,292.1437419141043
Heuristic,305.54341555567004
Heuristic,333.5670220235114
Heuristic,391.8472476553429
Heuristic,314.02529091404455
Heuristic,254.88360468262323
Heuristic,205.8237132855205
Heuristic,341.0985917380686
Heuristic,257.06928258821966
Heuristic,350.8091967667127
Heuristic,379.4606882167787
Heuristic,220.61996263712462
Heuristic,333.910198172984
Heuristic,373.8016101583246
Heuristic,359.0281235651352
Heuristic,190.7955104068354
Heuristic,257.90278958114
Heuristic,234.87025268947713
Heuristic,332.26752877794075
Heuristic,326.31963766821684
Heuristic,158.31383859120623
Heuristic,287.7550924482965
Heuristic,347.23887083841976
Heuristic,311.9907035261026
Heuristic,311.89841365299253
Heuristic,284.2903409171896
Heuristic,246.81718918196736
Heuristic,303.0789855099139
Heuristic,306.8130463666967
Heuristic,337.2237440979796
Heuristic,341.61099591195494
Heuristic,308.63651663481505
Heuristic,363.1250516875809
Heuristic,283.7540679206684
Heuristic,226.0226732264944
Heuristic,329.7608981485831
Heuristic,310.8244959370198
Heuristic,330.8343018467126
Heuristic,235.7196271927219
Heuristic,400.7029887849964
Heuristic,342.3671303378366
Heuristic,288.4481678860472
Heuristic,253.48553011790915
Heuristic,362.16628416334146
Heuristic,244.50443176855174
Heuristic,426.11370053877175
Heuristic,270.8869332454361
Heuristic,396.907281588703
Heuristic,294.03841560607333
Heuristic,389.36032227629664
Heuristic,264.31710063136813
Heuristic,305.0171644415218
Heuristic,347.4564638292106
Heuristic,339.7521653815744
Heuristic,363.4411390175257
Heuristic,277.6765058007155
Heuristic,308.5796521338898
Heuristic,371.41298310389584
Heuristic,265.9162029071766
Heuristic,334.9172173003937
Heuristic,292.1653470520015
Heuristic,315.1172017554607
Heuristic,308.5657116863802
Heuristic,261.43270985761194
Heuristic,289.92256762538784
Heuristic,311.82634161214213
Heuristic,298.45290406954507
Heuristic,388.9277412888889
Heuristic,358.5376000680835
Heuristic,319.65894691864884
Heuristic,262.7901061331469
Heuristic,259.5027530375105
Heuristic,410.58579590514216
Heuristic,249.4661864521015
Heuristic,310.1484193801283
Heuristic,323.4912305748287
Heuristic,287.1885228199015
Heuristic,249.8809967128226
Heuristic,261.6155814936497
Heuristic,274.48872987558246
Heuristic,265.68738506871995
Heuristic,375.69690123177025
Heuristic,303.50719635247805
Heuristic,275.71474053802893
Heuristic,309.7757343688291
Heuristic,340.06961888592537
Heuristic,285.39053587289067
Heuristic,352.7069899394994
Heuristic,235.35807418474582
Heuristic,367.25039613428635
Heuristic,303.51657365230005
Heuristic,301.40733300540666
Heuristic,266.57722647889796
Heuristic,237.69609295227568
Heuristic,213.9997154659689
Heuristic,262.81005987671153
Heuristic,335.734353912527
Heuristic,252.09096519554825
Heuristic,220.38379797088731
Heuristic,254.91047321475952
Heuristic,283.219000854767
Heuristic,285.3429339762329
Heuristic,297.0397829548907
Heuristic,359.76074268680145
Heuristic,371.4597396569404
Heuristic,412.2949752910234
Heuristic,216.25500489827732
Heuristic,257.7822683018379
Heuristic,341.71819848122675
Heuristic,279.48231436164866
Heuristic,350.48246937185854
Heuristic,315.18412522620065
Heuristic,389.27702734198715
Heuristic,360.30667015236503
Heuristic,361.294897834185
Heuristic,281.7589331305404
Heuristic,298.73711431771335
Heuristic,287.5163132913628
Heuristic,222.681824242905
Heuristic,383.47553979675877
Heuristic,344.25091467753344
Heuristic,285.36853529962934
Heuristic,374.44799540283856
Heuristic,269.9601470756536
Heuristic,204.7407387034151
Heuristic,358.39796665625516
Heuristic,234.95774741173614
Heuristic,293.4281248563049
Heuristic,315.130644202323
Heuristic,324.8151286158931
Heuristic,349.813657035005
Heuristic,335.3659770184457
Heuristic,333.69419643434946
Heuristic,261.29940376894945
Heuristic,319.8891520924535
Heuristic,222.70030161729426
Heuristic,388.3554357164528
Heuristic,228.26149951381592
Heuristic,285.2922487071574
Heuristic,232.78079109255367
Heuristic,264.5710205632548
Heuristic,304.72513443333077
Heuristic,275.4470626801359
Heuristic,365.78929793986356
Heuristic,316.252654861991
Heuristic,279.00287462165596
Heuristic,296.7865757814015
Heuristic,369.8638246810205
Heuristic,353.0790276973612
Heuristic,242.5063717231678
Heuristic,267.2448074364613
Heuristic,329.63865020895605
Heuristic,323.08179564546015
Heuristic,247.2793967644668
Heuristic,344.4528358225577
Heuristic,255.8927964299346
Heuristic,374.40664578824243
Heuristic,332.59025443747953
Heuristic,242.87607966513104
Heuristic,275.4298581209758
Heuristic,274.4911268154543
Heuristic,312.63334295032587
Heuristic,292.98524750732554
Heuristic,242.1435986773837
Heuristic,228.7100061039809
Heuristic,333.6472600574845
Heuristic,319.4567906864648
Heuristic,309.6990280890717
Heuristic,318.6195203838649
Heuristic,270.5783660336481
Heuristic,313.93558731985775
Heuristic,441.07930050915047
Heuristic,367.42662452034574
Heuristic,288.4259436481688
Heuristic,275.73792565653304
Heuristic,149.5362725354554
Heuristic,361.7094842611737
Heuristic,346.4766891038399
Heuristic,274.6332896590694
Heuristic,226.68778512463513
Heuristic,241.61555806775482
Heuristic,327.9974845738888
Heuristic,299.1756003822242
Heuristic,341.3459689507932
Heuristic,308.6679294718819
Heuristic,356.20497693429013
Heuristic,323.95705758118135
Heuristic,348.7549505286768
Heuristic,191.15709581021537
Heuristic,237.34533919313716
Heuristic,284.32500982606814
Heuristic,362.2967143846131
Heuristic,405.54860520765794
Heuristic,295.13126775110857
Heuristic,270.9746765500383
Heuristic,198.43169861007863
Heuristic,350.63244325995083
Heuristic,274.28970893949827
Heuristic,463.75007214534037
Heuristic,264.0721883181363
Heuristic,417.6848552304759
Heuristic,344.4118387137232
Heuristic,248.4737224366462
Heuristic,316.53576458675366
Heuristic,345.65454843372515
Heuristic,291.83638160410453
Heuristic,349.2510663698241
Heuristic,348.0616866048276
Heuristic,336.2022790320831
Heuristic,303.1104381254347
Heuristic,240.55323517746916
Heuristic,299.8535897243374
Heuristic,313.5074918406555
Heuristic,202.6932529639575
Heuristic,313.1387070635326
Heuristic,298.7727317002523
Heuristic,233.98219217761246
Heuristic,286.0176549026451
Heuristic,287.16029727094786
Heuristic,408.22510480864463
Heuristic,315.8863906935778
Heuristic,359.9464435709883
Heuristic,297.63797355750495
Heuristic,202.8085080909055
Heuristic,340.30645983636765
Heuristic,268.45791660227275
Heuristic,285.8775929806528
Heuristic,247.1395525477646
Heuristic,307.92946465175345
Heuristic,361.51963152761243
Heuristic,354.3678578576298
Heuristic,389.6542334203989
Heuristic,397.30981072952204
Heuristic,193.52279156605593
Heuristic,239.54448970982688
Heuristic,206.35765477036614
Heuristic,338.12424216103784
Heuristic,266.57358367484574
Heuristic,277.5842620804278
Heuristic,292.30373867591743
Heuristic,324.65881715690057
Heuristic,223.79266340765136
Heuristic,236.0213730177593
Heuristic,304.0699951526798
Heuristic,368.73228055234125
Heuristic,302.62854022444145
Heuristic,261.25037585537024
Heuristic,187.99673126176765
Heuristic,355.4444815932551
Heuristic,264.25969093291405
Heuristic,242.03840654940706
Heuristic,211.3724377712258
Heuristic,226.28855619833388
Heuristic,252.09443209549195
Heuristic,291.1021682455158
Heuristic,238.72794794292452
Heuristic,314.0282340275724
Heuristic,290.69182204442245
Heuristic,423.98758361596447
Heuristic,211.96007171479624
Heuristic,312.7198892368686
Heuristic,313.39626940821165
Heuristic,248.34990018814997
Heuristic,309.1436294621629
Heuristic,345.5580957859626
Heuristic,309.21054005812294
Heuristic,378.76099578027123
Heuristic,186.40486862285172
Heuristic,258.51939570865306
Heuristic,383.653026550471
Heuristic,353.2494219962479
Heuristic,333.18763240837956
Heuristic,370.5936319520508
Heuristic,200.5058745501044
Heuristic,346.96297578703235
Heuristic,361.4759887706488
Heuristic,268.4301910265102
Heuristic,445.9788043661262
Heuristic,314.6028440593511
Heuristic,185.5904717045388
Heuristic,324.5886878884227
Heuristic,265.12755838057245
Heuristic,366.909744792194
Heuristic,333.5889778031301
Heuristic,271.7122080970857
Heuristic,385.13240358619635
Heuristic,354.73037052288277
Heuristic,259.2923206651665
Heuristic,295.78956564971423
Heuristic,331.91350670126036
Heuristic,284.3297838102784
Heuristic,285.94243219224825
Heuristic,305.98315152628214
Heuristic,246.446876461981
Heuristic,183.43067171684373
Heuristic,316.91328256593005
Heuristic,196.59940273805995
Heuristic,250.37591003018508
Heuristic,208.3345526167771
Heuristic,214.98399982088964
Heuristic,327.02317940244177
Heuristic,291.995359086756
Heuristic,290.04637540472135
Heuristic,232.94130368430348
Heuristic,268.5841492027177
Heuristic,324.32857859735014
Heuristic,301.18728767344896
Heuristic,348.4243992962672
Heuristic,356.1149686547994
Heuristic,290.3801276540566
Heuristic,203.97853856029343
Heuristic,263.1411754504243
Heuristic,298.7247788328746
Heuristic,262.06969919177783
Heuristic,247.05029258797734
Heuristic,307.76662334806826
Heuristic,435.2363675475972
Heuristic,277.63784465003573
Heuristic,303.84848396544413
Heuristic,233.15006262952662
Heuristic,371.14365697224173
Heuristic,351.23612434097686
Heuristic,347.50964353115955
Heuristic,377.4289738104562
Heuristic,280.9235668464804
Heuristic,287.66943772833645
Heuristic,396.3334407218791
Heuristic,338.16731755900616
Heuristic,184.1620216474153
Heuristic,328.56033268439853
Heuristic,272.5883047184418
Heuristic,352.5012785314595
Heuristic,326.04228534868935
Heuristic,210.01069074276884
Heuristic,318.5168292067558
Heuristic,315.3738972715868
Heuristic,323.62697426909847
Heuristic,335.0785580033187
Heuristic,384.7821618303735
Heuristic,326.3500054391721
Heuristic,305.23651686562107
Heuristic,365.99024792616416
Heuristic,425.10799907384745
Heuristic,353.4138207250768
Heuristic,315.13513084763684
Heuristic,327.3566496875216
Heuristic,317.82636300750596
Heuristic,304.9999944247597
Heuristic,420.91922490134453
Heuristic,263.55111778691264
Heuristic,366.3649147251058
Heuristic,297.20372509416904
Heuristic,224.05736481250892
Heuristic,293.83084184632867
Heuristic,274.4741049772886
Heuristic,335.1891751945536
Heuristic,308.93021202356283
Heuristic,248.81054936300967
Heuristic,383.4344273284446
Heuristic,362.8672362416891
Heuristic,389.6469987332057
Heuristic,316.79609185967826
Heuristic,302.07041431284273
Heuristic,341.99226606140553
Heuristic,272.81634887027127
Heuristic,311.02321595487115
Heuristic,294.51339343664625
Heuristic,225.10414687174426
Heuristic,310.8825972613099
Heuristic,280.1877878458617
Heuristic,290.9021831430116
Heuristic,323.64438706509753
Heuristic,372.71678923527776
Heuristic,258.16641511040916
Heuristic,285.82585638301475
Heuristic,262.68553439657023
Heuristic,259.1702482588545
Heuristic,271.8932770429123
Heuristic,293.3916847279795
Heuristic,335.63706947138525
Heuristic,321.30407129838125
Heuristic,246.92972204950453
Heuristic,373.88465749152624
Heuristic,354.99826454976005
Heuristic,255.335974867076
Heuristic,370.10198816365624
Heuristic,321.65467428019895
Heuristic,295.5514136420367
Heuristic,323.33632240188285
Heuristic,302.60837703622184
Heuristic,333.43424734199596
Heuristic,314.11503824908306
Heuristic,285.77899317730106
Heuristic,194.60535500528528
Heuristic,332.467857194124
Heuristic,283.82261496711635
Heuristic,346.0091169208433
Heuristic,330.0104533628889
Heuristic,285.2261325975755
Heuristic,359.2413623181761
Heuristic,315.0614497391748
Heuristic,312.8367137584167
Heuristic,296.5420229147903
Heuristic,394.9120084609491
Heuristic,265.48359662883445
Heuristic,286.57557497721103
Heuristic,237.1839021656802
Heuristic,343.2434781755233
Heuristic,272.5639536566856
Heuristic,278.6180785867786
Heuristic,276.08542186351224
Heuristic,307.38698346736896
Heuristic,236.4589824284061
Heuristic,182.8647556304779
Heuristic,328.7160180192097
Heuristic,189.86788386499964
Heuristic,350.1234403347785
Heuristic,388.16049847489796
Heuristic,295.1319145875082
Heuristic,374.17261912290644
Heuristic,302.69015334466616
Heuristic,390.359022590205
Heuristic,279.36423598588664
Heuristic,176.29638229071944
Heuristic,299.6847658182489
Heuristic,396.2300124441799
Heuristic,332.88828852078257
Heuristic,276.17254565895644
Heuristic,321.7606631413755
Heuristic,356.44074127643785
Heuristic,299.3767122986186
Heuristic,445.8250646084885
Heuristic,276.0594303479477
Heuristic,358.13557899041643
Heuristic,345.14461077001715
Heuristic,266.2093190663049
Heuristic,281.08022556322567
Heuristic,358.9773269638857
Heuristic,311.818545930629
Heuristic,322.25587324327273
Heuristic,215.65776289996472
Heuristic,339.4239273787535
Heuristic,319.51402958045867
Heuristic,300.5488587773777
Heuristic,323.4881606051901
Heuristic,281.9022438152905
Heuristic,272.0372647902924
Heuristic,290.9381812914881
Heuristic,278.93302837081194
Heuristic,421.74859629633283
Heuristic,353.24101935755385
Heuristic,251.70267810552815
Heuristic,413.9599841220855
Heuristic,280.62574298243914
Heuristic,305.59058984307137
Heuristic,352.4605285262913
Heuristic,197.6206186295288
Heuristic,291.2006042651877
Heuristic,273.03997204777295
Heuristic,315.0743242953833
Heuristic,323.9826828963339
Heuristic,299.82799427205305
Heuristic,297.32304589833467
Heuristic,361.517094122314
Heuristic,320.28024023803806
Heuristic,306.2369505428049
Heuristic,311.9850119388475
Heuristic,403.1380058666318
Heuristic,313.3243947571417
Heuristic,276.2197807318519
Heuristic,200.91404921500282
Heuristic,226.5673818021125
Heuristic,278.7806016656929
Heuristic,298.14765042647605
Heuristic,273.9964411810471
Heuristic,322.9617747604737
Heuristic,273.30056559655134
Heuristic,254.61757941268678
Heuristic,337.0827671093003
Heuristic,377.9473028314127
Heuristic,244.2129497216864
Heuristic,317.1606566402218
Heuristic,201.12974845969381
Heuristic,224.37494094073338
Heuristic,272.20664528923265
Heuristic,365.2851633483684
Heuristic,261.9498743959044
Heuristic,259.9305743626603
Heuristic,305.9487132223003
Heuristic,306.0025150020919
Heuristic,261.60290047124784
Heuristic,411.25596463221484
Heuristic,289.67037785176984
Heuristic,310.1335890505763
Heuristic,282.3039049636361
Heuristic,327.7584643561637
Heuristic,370.68770822402234
Heuristic,393.8378396355469
Heuristic,262.83765353575046
Heuristic,363.44293952026544
Heuristic,333.682764255755
Heuristic,356.62497691084417
Heuristic,299.0385192745889
Heuristic,293.89979824276224
Heuristic,354.5285908685556
Heuristic,355.5533953270395
Heuristic,388.54891044854185
Heuristic,314.72156799432645
Heuristic,298.2266101077231
Heuristic,171.16790668031297
Heuristic,216.99193094825193
Heuristic,282.7104133200968
Heuristic,244.54281771270436
Heuristic,347.9630505333953
Heuristic,233.25886807473648
Heuristic,276.92956626908443
Heuristic,279.0505693705216
Heuristic,369.0561265035701
Heuristic,271.1551075529392
Heuristic,328.43025437459136
Heuristic,314.5681308862267
Heuristic,352.7775782141531
Heuristic,349.9116128142899
Heuristic,302.1942339050446
Heuristic,212.40009631921225
Heuristic,291.485992121136
Heuristic,302.92239519526373
Heuristic,319.44449859025
Heuristic,264.17202215807623
Heuristic,365.6086603940651
Heuristic,304.7354485890096
Heuristic,254.29314321814522
Heuristic,279.25569670794926
Heuristic,408.1413033142088
Heuristic,339.8764062191109
Heuristic,360.6166540004778
Heuristic,247.75430363547565
Heuristic,266.8031966220748
Heuristic,267.20319548241275
Heuristic,313.9572618297856
Heuristic,294.6039011213798
Heuristic,277.5673017921209
Heuristic,284.3402420048135
Heuristic,261.12209991954626
Heuristic,294.2886785073239
Heuristic,364.11364152702237
Heuristic,222.29047501631328
Heuristic,322.7098894163024
Heuristic,378.52500552349966
Heuristic,294.1078966774594
Heuristic,275.44069442612164
Heuristic,353.9085002413318
Heuristic,250.85201864908245
Heuristic,302.7746573833085
Heuristic,247.84841857917075
Heuristic,203.01454761868888
Heuristic,295.7928497010811
Heuristic,235.77666658358288
Heuristic,303.3697922802249
Heuristic,364.2115997165581
Heuristic,404.12979196069966
Heuristic,309.05058133293323
Heuristic,359.03765492668236
Heuristic,325.5439831057582
Heuristic,283.3118648507468
Heuristic,200.06207688773168
Heuristic,391.83058566243443
Heuristic,247.34848177881938
Heuristic,378.66962921655954
Heuristic,332.98761198016155
Heuristic,251.2953095966426
Heuristic,320.84791153822346
Heuristic,419.1771973094078
Heuristic,386.9252393666436
Heuristic,276.31349496873975
Heuristic,265.55303905802714
Heuristic,309.41123401506786
Heuristic,295.06225863562884
Heuristic,368.7858188247074
Heuristic,343.93781336677745
Heuristic,212.6189535174652
Heuristic,328.7684637928912
Heuristic,294.32908811316213
Heuristic,306.0038393455156
Heuristic,317.4429227700756
Heuristic,368.7313662849365
Heuristic,356.8008200314851
Heuristic,263.51389200288605
Heuristic,300.83495374475785
Heuristic,279.77984478571057
Heuristic,213.1803176790437
Heuristic,298.09399258954113
Heuristic,403.6167390881912
Heuristic,211.54965673751366
Heuristic,302.70066314235635
Heuristic,300.96854014787755
Heuristic,319.5377154752733
Heuristic,252.01285230072776
Heuristic,227.0440280968025
Heuristic,229.5557265330902
Heuristic,375.8704229498999
Heuristic,250.93495738445972
Heuristic,277.0236416507287
Heuristic,417.6501603251006
Heuristic,264.35019453407136
Heuristic,322.48957828935
Heuristic,361.4458305377774
Heuristic,358.84889009687913
Heuristic,232.09487671964123
Heuristic,265.4789678241191
Heuristic,320.3276547176072
Heuristic,408.16694269869777
Heuristic,262.87842443337547
Heuristic,277.34489885800184
Heuristic,326.65701875565424
Heuristic,337.46154427681233
Heuristic,340.7337162323478
Heuristic,258.2967832989208
Heuristic,275.2694006055421
Heuristic,315.6370647893063
Heuristic,372.1648108819272
Heuristic,291.12185956560495
Heuristic,302.7956973954737
Heuristic,248.5998643944719
Heuristic,404.6142489221811
Heuristic,312.33019914565233
Heuristic,362.19875809606407
Heuristic,305.61444923565045
Heuristic,308.60442152314425
Heuristic,222.98331989398872
Heuristic,187.8588590366014
Heuristic,371.6028814391418
Heuristic,308.2151435701707
Heuristic,315.14711864127736
Heuristic,236.55109738117784
Heuristic,255.23453439914434
Heuristic,361.3643080612892
Heuristic,397.96776362543756
Heuristic,270.4512032562822
Heuristic,340.260097571605
Heuristic,314.2613463648067
Heuristic,297.49143723580283
Heuristic,404.0057870896293
Heuristic,279.5271111147714
Heuristic,370.99848239894425
Heuristic,324.5968591202706
Heuristic,303.08797659229975
Heuristic,378.0889273437862
Heuristic,319.6672629148435
Heuristic,298.79291338473683
Heuristic,378.4898773410298
Heuristic,371.46016170368216
Heuristic,368.90601934230926
Heuristic,94.05856555253814
Heuristic,327.76953778987416
Heuristic,315.4543284257784
Heuristic,302.11738427938377
Heuristic,336.92810023452466
Heuristic,318.0700711152445
Heuristic,340.6016005356678
Heuristic,289.5300623812304
Heuristic,384.9017540295306
Heuristic,346.0629863557326
Heuristic,333.29643588780135
Heuristic,330.66008262017067
Heuristic,366.49319060465245
Heuristic,359.1711404945164
Heuristic,297.9103091085005
Heuristic,357.476760564458
Heuristic,313.3988209622704
Heuristic,407.51404674101775
Heuristic,363.2773017965361
Heuristic,270.21709679766855
Heuristic,429.8583772303143
Heuristic,190.4898488565492
Heuristic,338.41715599612826
Heuristic,266.4026442099546
Heuristic,405.63773585834304
Heuristic,317.6515275259455
Heuristic,261.13504488529543
Heuristic,289.6092855401425
Heuristic,265.4477012320581
Heuristic,287.48804315721577
Heuristic,286.2530287419667
Heuristic,263.43758309014305
Heuristic,318.5834458254617
Heuristic,325.12610482396354
Heuristic,250.19945487109777
Heuristic,214.45348679562412
Heuristic,320.7916484160769
Heuristic,332.7237097604548
Heuristic,343.4317051459066
Heuristic,333.7634166060829
Heuristic,388.92670588979746
Heuristic,357.8416658942882
Heuristic,448.7107226064411
Heuristic,471.434948628979
Heuristic,209.0624602671855
Heuristic,185.35451391326433
Heuristic,303.6008699162774
Heuristic,331.2285512135374
Heuristic,299.902209513691
Heuristic,341.99334408711906
Heuristic,289.40692792848773
Heuristic,266.5266587756373
Heuristic,274.6838935680436
Heuristic,293.190908070533
Heuristic,349.5496665792481
Heuristic,277.71600238004515
Heuristic,288.3956900424979
Heuristic,334.7917095783951
Heuristic,293.26499453255974
Heuristic,364.302369734851
Heuristic,254.34666345930668
Heuristic,242.63635715086372
Heuristic,320.4499678369905
Heuristic,325.831576962299
Heuristic,257.2921873194957
Heuristic,376.554151671681
Heuristic,407.9465877275922
Heuristic,270.0958725066014
Heuristic,384.3142363274843
Heuristic,175.364862711961
Heuristic,362.11006240277334
Heuristic,257.68081035906545
Heuristic,356.7079248264955
Heuristic,252.09109675834006
Heuristic,300.30167313015306
Heuristic,260.25375778674066
Heuristic,292.45044231976766
Heuristic,402.815897562244
Heuristic,298.17135898395605
Heuristic,417.95628769199516
Heuristic,283.1661217009868
Heuristic,384.5552940055673
Heuristic,216.21259924830863
Heuristic,288.5285110095777
Heuristic,275.0500607924307
Heuristic,387.03610244304565
Heuristic,314.003434445948
Heuristic,191.24350883903526
Heuristic,233.25299864492763
Heuristic,249.31623853351238
Heuristic,354.4387158820571
Heuristic,347.4704041174389
Heuristic,287.7784306200995
Heuristic,274.38047114465104
Heuristic,342.6849650059029
Heuristic,243.00575300867413
Heuristic,328.71412480931906
Heuristic,324.1159718309926
Heuristic,289.1721619743947
Heuristic,325.47461011246867
Heuristic,309.513095066033
Heuristic,330.86065271685317
Heuristic,231.95847534207493
Heuristic,337.1831069485499
Heuristic,359.4364717931227
Heuristic,321.33137671048
Heuristic,336.465655953541
Heuristic,298.0643568598728
Heuristic,352.1319585782043
Heuristic,307.52334491091216
Heuristic,242.01117074745105
Heuristic,348.2916723636961
Heuristic,215.7561026345803
Heuristic,319.27010619157267
Heuristic,283.25196609746314
Heuristic,279.8012095159456
Heuristic,313.28739249601506
Heuristic,265.6984376958283
Heuristic,331.65912476290293
Heuristic,307.0670181615881
Heuristic,270.6661266237413
Heuristic,376.2616967825012
Heuristic,315.0582609561729
Heuristic,338.063250404922
Heuristic,380.4957913926988
Heuristic,379.6096409328961
Heuristic,335.30841450823414
Heuristic,287.65645714547054
Heuristic,226.79599547299057
Heuristic,315.1612978259063
Heuristic,363.10755305413886
Heuristic,323.1330002472374
Heuristic,117.99246131253355
Heuristic,350.9833563606292
Heuristic,354.3009543578901
Heuristic,287.73400153877907
Heuristic,357.3715304636902
Heuristic,337.91013237724235
Heuristic,266.9826332167704
Heuristic,372.650260275755
Heuristic,235.55624615226986
Heuristic,300.90878776389746
Heuristic,295.5218751103074
Heuristic,259.42633978180584
Heuristic,320.4048688530441
Heuristic,374.7599205769451
Heuristic,371.37806108051495
Heuristic,343.07786759606347
Heuristic,212.42018462846403
Heuristic,231.85857575263555
Heuristic,312.9731324669735
Heuristic,302.15130778148875
Heuristic,277.10368931509095
Heuristic,406.8874526625609
Heuristic,309.71644827124163
Heuristic,333.2902880243042
Heuristic,357.34626957121606
Heuristic,306.96775628231285
Heuristic,443.917357067268
Heuristic,253.21989566847202
Heuristic,271.2721341457174
Heuristic,253.08741121274463
Heuristic,388.3835474670744
Heuristic,347.3126372078069
Heuristic,274.615796713196
Heuristic,257.3506757524419
Heuristic,378.7840870325406
Heuristic,323.5311366282984
Heuristic,380.16257030528226
Heuristic,300.75193505779595
Heuristic,331.62290741141436
Heuristic,320.21229338317613
Heuristic,270.2979879438003
Heuristic,296.2162154243135
Heuristic,240.04761940788939
Heuristic,330.68176848127115
Heuristic,345.10743230273044
Heuristic,357.46870480568725
Heuristic,339.9934242312343
Heuristic,297.07665262883665
Heuristic,387.8064148341572
Heuristic,352.18465833739543
Heuristic,378.9815002894837
Heuristic,382.3694820413989
Heuristic,297.2176186134279
Heuristic,324.94549067223477
Heuristic,345.8265199088638
Heuristic,241.94634347314104
Heuristic,243.14344869154482
Heuristic,233.83717111626584
Heuristic,298.16259521992595
Heuristic,286.0008788025737
Heuristic,226.47378607205712
Heuristic,312.0653442957286
Heuristic,298.836578497304
Heuristic,367.84096918415764
Heuristic,412.70087027315276
Heuristic,328.6483183823686
Heuristic,266.3819518462233
Heuristic,338.92311637674175
Heuristic,304.50235785930556
Heuristic,291.0332362957991
Heuristic,257.47353945629015
Heuristic,278.9321178820116
Heuristic,294.3992853912133
Heuristic,347.4212051769342
Heuristic,331.5953813420248
Heuristic,402.5811117181388
Heuristic,340.41425598770945
Heuristic,326.9119259263675
Heuristic,287.463560264481
Heuristic,247.9769989802776
Heuristic,273.22575413993025
Heuristic,266.20871221085594
Heuristic,165.71103183168248
Heuristic,249.53388374099472
Heuristic,390.51932711376253
Heuristic,323.9044114997856
Heuristic,283.66771181136477
Heuristic,325.5179103955611
Heuristic,198.5161556106138
Heuristic,319.2332766889709
Heuristic,372.98458220996406
Heuristic,297.4597388571735
Heuristic,208.3125655825773
Heuristic,281.64721112205837
Heuristic,373.0801477290885
Heuristic,317.96600147247415
Heuristic,227.4112548811474
Heuristic,431.851975675929
Heuristic,236.29434012276283
Heuristic,290.8820725928864
Heuristic,247.981155964781
Heuristic,248.05589119466555
Heuristic,279.58383975030154
Heuristic,338.35210863168817
Heuristic,373.6886980418585
Heuristic,283.1469187102472
Heuristic,249.45224807401408
Heuristic,329.8465230996296
Heuristic,331.4300332621761
Heuristic,316.9803221198863
Heuristic,318.88994989696357
Heuristic,297.9214118974412
Heuristic,309.3001461460176
Heuristic,294.19083905432717
Heuristic,361.7931612600046
Heuristic,424.3368130381174
Heuristic,313.7012701921884
Heuristic,303.6450986095465
Heuristic,317.8165137472637
Heuristic,268.4722227469023
Heuristic,345.3088320396603
Heuristic,327.82352609038094
Heuristic,281.2946087656947
Heuristic,352.7116082282938
Heuristic,305.0254474906509
Heuristic,251.61694152238374
Heuristic,322.98664005283985
Heuristic,316.7975951835636
Heuristic,355.86257988997374
Heuristic,348.90353530404184
Heuristic,298.10177814604685
Heuristic,278.50730543366933
Heuristic,304.09416250312114
Heuristic,323.61867950210745
Heuristic,330.12273639931266
Heuristic,320.27625923935034
Heuristic,299.09885505252447
Heuristic,357.8281190812541
Heuristic,267.58769771896306
Heuristic,437.8877864163604
Heuristic,345.205800528303
Heuristic,243.11578822881944
Heuristic,314.00238387056646
Heuristic,345.72490997373507
Heuristic,285.13406830193566
Heuristic,223.26222143085784
Heuristic,247.89054715365967
Heuristic,333.27301899465976
Heuristic,209.25071048130792
Heuristic,225.7353931203148
Heuristic,332.989076334432
Heuristic,291.9823422902712
Heuristic,266.427858961341
Heuristic,277.2844640445832
Heuristic,224.57605410640673
Heuristic,330.16048524456704
Heuristic,260.44664802905794
Heuristic,275.06938203247097
Heuristic,322.7263973757076
Heuristic,290.1421130854723
Heuristic,265.9487212797458
Heuristic,196.57032506490785
Heuristic,323.840995676862
Heuristic,308.2656202508537
Heuristic,276.06107728509784
Heuristic,247.9804483047903
Heuristic,304.68917384729036
Heuristic,329.9454750683915
Heuristic,309.27897959151244
Heuristic,392.4555381065762
Heuristic,342.05782314067153
Heuristic,298.20671315760177
Heuristic,343.86705282921446
Heuristic,306.62776303311824
Heuristic,306.4404087442233
Heuristic,374.0036450547952
Heuristic,255.50487458041198
Heuristic,305.25872099496775
Heuristic,368.24434014307866
Heuristic,320.6854901414441
Heuristic,284.07113879008597
Heuristic,211.86737266979486
Heuristic,181.4012651215397
Heuristic,416.1137842470804
Heuristic,320.6596383475438
Heuristic,272.4600504893418
Heuristic,322.8706720130114
Heuristic,252.8255965316191
Heuristic,286.1151310206016
Heuristic,253.18921877837988
Heuristic,227.68322643351678
Heuristic,190.3308129247522
Heuristic,217.72650081964295
Heuristic,359.14953925262284
Heuristic,250.7083740946583
Heuristic,332.8841740373555
Heuristic,355.65895905164155
Heuristic,304.8953030012027
Heuristic,287.8773705346622
Heuristic,311.18323770849383
Heuristic,281.50250020769784
Heuristic,369.01110015105803
Heuristic,405.3328292038026
Heuristic,382.2898388400316
Heuristic,187.81558532222735
Heuristic,280.4005550215538
Heuristic,304.22459349418244
Heuristic,329.00512986281734
Heuristic,210.7250149640894
Heuristic,209.85404234007586
Heuristic,374.5666464797712
Heuristic,273.8075567950719
Heuristic,223.68005772352547
Heuristic,244.40339638296012
Heuristic,325.0856307388596
Heuristic,259.5824249309712
Heuristic,317.0477846779387
Heuristic,251.1487224116888
Heuristic,209.81319312126288
Heuristic,380.9165288139515
Heuristic,325.5022552096047
Heuristic,285.9774534931417
Heuristic,275.8464670291931
Heuristic,383.10461993006265
Heuristic,335.94262245855117
Heuristic,365.927903708331
Heuristic,272.4805954155832
Heuristic,306.7359931696972
Heuristic,325.7187414638127
Heuristic,274.2962680970526
Heuristic,298.84126611380344
Heuristic,272.48504164630447
Heuristic,325.5491966651197
Heuristic,232.64471515206864
Heuristic,334.88638103934113
Heuristic,320.77851289411717
Heuristic,293.0213394606046
Heuristic,328.2739258652125
Heuristic,284.29321495841924
Heuristic,267.81293996832653
Heuristic,333.3612123585886
Heuristic,335.6987562783361
Heuristic,276.60740710431213
Heuristic,271.9751762188748
Heuristic,294.1194318769353
Heuristic,274.19169474804306
Heuristic,386.3564319336425
Heuristic,321.08968856648715
Heuristic,304.78841261154963
Heuristic,253.63285142079243
Heuristic,343.9054301399786
Heuristic,270.97333540300156
Heuristic,268.75164520162383
Heuristic,345.7211918061356
Heuristic,324.91542693356246
Heuristic,168.8138291066799
Heuristic,295.4803787567273
Heuristic,310.7780595095715
Heuristic,285.66180758781735
Heuristic,312.65963794724945
Heuristic,206.2768478429134
Heuristic,151.12488763560083
Heuristic,251.32471512800538
Heuristic,319.2413445754261
Heuristic,129.8523636598719
Heuristic,258.44851236906663
Heuristic,200.1709076632331
Heuristic,290.8982946833072
Heuristic,409.72655992961586
Heuristic,292.2724962881385
Heuristic,298.19484635213314
Heuristic,349.31847080256455
Heuristic,305.150554121771
Heuristic,292.3904444097757
Heuristic,354.0388799038302
Heuristic,329.4819061276375
Heuristic,319.58579112458847
Heuristic,296.50587176135684
Heuristic,285.3125059447386
Heuristic,353.52722780250974
Heuristic,285.83101852652464
Heuristic,370.4876554852247
Heuristic,247.45409622037874
Heuristic,381.424333543312
Heuristic,329.4901644867746
Heuristic,251.69911415519167
Heuristic,331.48484626582456
Heuristic,268.88364349086686
Heuristic,305.80511493476365
Heuristic,277.72213459415644
Heuristic,296.82274313681376
Heuristic,354.8372628657328
Heuristic,331.99962921592106
Heuristic,243.23026884446978
Heuristic,246.32279215044431
Heuristic,318.621882954328
Heuristic,322.53210485237196
Heuristic,267.5799711130967
Heuristic,389.93103608103
Heuristic,347.9287266125582
Heuristic,270.21887626922114
Heuristic,264.99821294593636
Heuristic,291.69808645948467
Heuristic,286.0798618019954
Heuristic,371.83250466151594
Heuristic,357.16424054172387
Heuristic,305.89375372907506
Heuristic,340.6069002880176
Heuristic,348.4406622226056
Heuristic,307.14607932639285
Heuristic,325.7414086859309
Heuristic,336.08612792098324
Heuristic,330.3307090770397
Heuristic,261.94459326230725
Heuristic,267.40367310331266
Heuristic,288.41588826895327
Heuristic,265.84012893146803
Heuristic,224.45256907767475
Heuristic,340.50140589124817
Heuristic,322.70603885092606
Heuristic,231.67420488020252
Heuristic,290.99049756671303
Heuristic,294.04856586835814
Heuristic,313.8249991395367
Heuristic,245.57618777302642
Heuristic,230.88431125630171
Heuristic,332.06512278583114
Heuristic,221.16605133749437
Heuristic,291.43617137504816
Heuristic,286.3918319690557
Heuristic,297.3426468157536
Heuristic,317.646751543604
Heuristic,390.322813361816
Heuristic,217.6274211680914
Heuristic,351.3354054675684
Heuristic,168.34347306890564
Heuristic,379.2604020361352
Heuristic,193.68505561099352
Heuristic,435.56531045387874
Heuristic,282.95253720823365
Heuristic,373.6806852817439
Heuristic,362.54442526418666
Heuristic,280.4295890695619
Heuristic,284.57354221786954
Heuristic,258.7934159908571
Heuristic,346.5179889879916
Heuristic,281.13272237220275
Heuristic,259.77488948526036
Heuristic,333.0129046456322
Heuristic,255.55247216408955
Heuristic,286.23495624539186
Heuristic,309.78371670309843
Heuristic,269.3088075798915
Heuristic,277.4563712303235
Heuristic,386.8890928615307
Heuristic,292.9712991846021
Heuristic,284.58014417168494
Heuristic,294.543242544289
Heuristic,328.5405693789496
Heuristic,248.1713611356114
Heuristic,327.06963162475284
Heuristic,317.814290263199
Heuristic,207.41260925999765
Heuristic,400.88980258407315
Heuristic,382.88393228121316
Heuristic,260.76960163177876
Heuristic,243.3889669643467
Heuristic,316.3147808393631
Heuristic,227.00338245711043
Heuristic,377.6712794999218
Heuristic,278.7034982693708
Heuristic,391.5775741286761
Heuristic,259.4822179991416
Heuristic,297.9410873793971
Heuristic,372.4294807551778
Heuristic,286.54506809950317
Heuristic,318.69295413149
Heuristic,363.0035728044527
Heuristic,273.97343765495503
Heuristic,235.8660891104247
Heuristic,225.22962779939078
Heuristic,335.50536846964525
Heuristic,324.9940328978714
Heuristic,361.3298113463789
Heuristic,289.20158517494013
Heuristic,226.7401880895707
Heuristic,176.95137546079488
Heuristic,458.8699768549918
Heuristic,332.4538430010252
Heuristic,311.3867548284439
Heuristic,319.0465470569461
Heuristic,226.70769679544844
Heuristic,261.0769124879955
Heuristic,398.13982691152705
Heuristic,339.5507534360198
Heuristic,262.76572648809145
Heuristic,237.7519722835051
Heuristic,276.1525181169934
Heuristic,286.9667450499646
Heuristic,414.653885935722
Heuristic,293.83356169783843
Heuristic,239.76420365681733
Heuristic,300.8354723650554
Heuristic,318.2742772924121
Heuristic,234.85048481028196
Heuristic,325.7169388604412
Heuristic,369.2814614226648
Heuristic,311.4882492955412
Heuristic,260.9584818001173
Heuristic,275.4409963712119
Heuristic,214.42285726025943
Heuristic,296.77289735846307
Heuristic,320.7821176688153
Heuristic,255.58184041726417
Heuristic,408.74380815549193
Heuristic,346.783092754362
Heuristic,207.19002369678412
Heuristic,208.2978218405919
Heuristic,250.8627146539938
Heuristic,388.95201196500074
Heuristic,352.10977236982757
Heuristic,391.6804585601475
Heuristic,304.55130147438877
Heuristic,292.687576290037
Heuristic,236.6344877527263
Heuristic,322.882931945507
Heuristic,293.4069189864809
Heuristic,291.3277017139794
Heuristic,391.3747454168533
Heuristic,297.17733744531375
Heuristic,375.872997978575
Heuristic,218.24396829829888
Heuristic,449.1580605745978
Heuristic,283.8433950652101
Heuristic,342.1879372567974
Heuristic,350.77873724511164
Heuristic,277.1427365597265
Heuristic,348.2276248631889
Heuristic,351.03417153538686
Heuristic,265.49019694352853
Heuristic,266.12978789417775
Heuristic,306.4465684681761
Heuristic,297.7633268249919
Heuristic,379.2290251758749
Heuristic,341.9440819870343
Heuristic,300.19712724899307
Heuristic,336.72820977021433
Heuristic,193.48073379897866
Heuristic,270.77320742388594
Heuristic,319.54233444921994
Heuristic,364.22973710219236
Heuristic,314.78754407141287
Heuristic,382.74490599879346
Heuristic,350.8687523333642
Heuristic,277.6302111001474
Heuristic,296.43834511849644
Heuristic,326.0547710568828
Heuristic,279.7736801457564
Heuristic,386.68966960749606
Heuristic,244.12878874821638
Heuristic,321.06974832291684
Heuristic,343.7141279346731
Heuristic,287.07386256910047
Heuristic,274.9048360369406
Heuristic,299.8916099917001
Heuristic,347.8479196903994
Heuristic,277.0082081334959
Heuristic,246.2782559068982
Heuristic,366.1315779576234
Heuristic,325.56200953852175
Heuristic,358.42430124643397
Heuristic,345.00391348844175
Heuristic,421.7140226472261
Heuristic,364.2084899227535
Heuristic,264.8997036587597
Heuristic,329.3944702305055
Heuristic,273.8956090636485
Heuristic,279.477187152757
Heuristic,227.72497836677388
Heuristic,288.5498881792069
Heuristic,333.4318515808738
Heuristic,300.434827922778
Heuristic,244.63410622457064
Heuristic,221.756956046711
Heuristic,418.03968051595064
Heuristic,321.55868066424097
Heuristic,259.50026484160617
Heuristic,328.9363068239553
Heuristic,422.2160482015287
Heuristic,337.5049674208783
Heuristic,153.49833507245924
Heuristic,447.2237511512949
Heuristic,204.1406900643196
Heuristic,292.87535494965107
Heuristic,242.79616779822607
Heuristic,264.0398860614465
Heuristic,319.3581229890624
Heuristic,192.1647305248751
Heuristic,299.1267383835622
Heuristic,365.9564908280335
Heuristic,258.46502247227227
Heuristic,228.9246067631236
Heuristic,296.4775244835899
Heuristic,285.7295595372257
Heuristic,271.85770580193866
Heuristic,239.82931188964886
Heuristic,332.0359673840506
Heuristic,336.14422961785345
Heuristic,246.45507633934966
Heuristic,253.92830319139696
Heuristic,311.3705676763092
Heuristic,251.89153046326598
Heuristic,313.64774706562656
Heuristic,383.2745125452674
Heuristic,300.76957521367103
Heuristic,238.46471615828096
Heuristic,325.1735888553744
Heuristic,294.40664460594076
Heuristic,295.89151997546907
Heuristic,329.6674351354546
Heuristic,341.31601975002957
Heuristic,305.91711693555845
Heuristic,300.7232628976987
Heuristic,415.4312404855631
Heuristic,368.82991594099406
Heuristic,349.0114903755191
Heuristic,311.08512107753063
Heuristic,249.6898652616714
Heuristic,364.87886484043565
Heuristic,311.79188392277314
Heuristic,272.8328732535508
Heuristic,290.87041550626446
Heuristic,251.82614142314
Heuristic,361.09576832123656
Heuristic,340.88400248857647
Heuristic,313.80815292253095
Heuristic,301.6895790242354
Heuristic,267.24388062850846
Heuristic,188.9760772370399
Heuristic,227.70194758035638
Heuristic,263.89715166595835
Heuristic,255.77981537125194
Heuristic,319.6254737292675
Heuristic,347.82066206655935
Heuristic,297.0642821793441
Heuristic,380.0815144965575
Heuristic,261.72352314232194
Heuristic,296.680995155593
Heuristic,301.2466923190098
Heuristic,362.97806175705864
Heuristic,309.71790243243765
Heuristic,311.2127213861389
Heuristic,214.63847178957224
Heuristic,255.40503770261924
Heuristic,363.18142277966945
Heuristic,191.93151776575206
Heuristic,376.5216032312539
Heuristic,330.98188240352846
Heuristic,263.6338482683572
Heuristic,259.06935527400645
Heuristic,406.3815861918086
Heuristic,380.21591354988874
Heuristic,297.55019833665114
Heuristic,311.2679533904285
Heuristic,269.1062065108453
Heuristic,311.27833480260966
Heuristic,267.60920081725806
Heuristic,299.75867669459427
Heuristic,401.75778650729603
Heuristic,298.83684148627697
Heuristic,247.40681841122415
Heuristic,230.2159094088114
Heuristic,310.86435889768194
Heuristic,262.91166165738935
Heuristic,317.31656966705697
Heuristic,216.5468329710585
Heuristic,341.2735072670976
Heuristic,246.75109692317773
Heuristic,306.5000520009763
Heuristic,285.73162625824153
Heuristic,396.79300396305894
Heuristic,313.2604153651945
Heuristic,409.0554851981881
Heuristic,334.28008960337064
Heuristic,380.9719198048739
Heuristic,292.72489685316225
Heuristic,322.6571646724774
Heuristic,369.8067538070236
Heuristic,352.86783722353863
Heuristic,332.6736370219667
Heuristic,286.2915190294627
Heuristic,295.4260693344371
Heuristic,365.4337453865813
Heuristic,376.6792074315356
Heuristic,271.98541261889767
Heuristic,263.8370153848316
Heuristic,255.1767754334083
Heuristic,348.8038332494284
Heuristic,253.80834880862398
Heuristic,348.1505839251744
Heuristic,333.4672785285347
Heuristic,274.56504040424784
Heuristic,388.44840294796836
Heuristic,225.03801896253376
Heuristic,393.61476038696225
Heuristic,321.2198366692568
Heuristic,192.03281674043063
Heuristic,389.96150033436714
Heuristic,356.4994752278794
Heuristic,280.87656909569597
Heuristic,251.90508947696458
Heuristic,219.27039583272722
Heuristic,434.43409273776115
Heuristic,254.13737879526042
Heuristic,235.76621765195
Heuristic,318.46763271490806
Heuristic,215.55375279489976
Heuristic,250.99638648399397
Heuristic,357.7283364846653
Heuristic,329.0673721202465
Heuristic,283.13602217407333
Heuristic,304.98856033829446
Heuristic,280.1065913691998
Heuristic,300.65211829407184
Heuristic,262.8621853417788
Heuristic,272.6670767455189
Heuristic,271.0233805725466
Heuristic,264.80351399978923
Heuristic,360.37119380649
Heuristic,345.58633916870485
Heuristic,253.65238350688873
Heuristic,239.50273520270116
Heuristic,295.50706127094674
Heuristic,420.3855303076355
Heuristic,248.50391900038642
Heuristic,295.2938829559818
Heuristic,308.79090234075375
Heuristic,298.13332260156193
Heuristic,279.2566667921476
Heuristic,366.3743184987219
Heuristic,328.54076563894654
Heuristic,349.67348748223407
Heuristic,335.82651728198186
Heuristic,352.2732093775233
Heuristic,389.5579149805994
Heuristic,375.87637420657006
Heuristic,429.53941381817936
Heuristic,369.73642919598836
Heuristic,267.84987406751463
Heuristic,349.75485025751476
Heuristic,342.36349966516815
Heuristic,407.6959248825382
Heuristic,251.77344009948038
Heuristic,334.12935839521856
Heuristic,267.2222013825843
Heuristic,331.67743562140726
Heuristic,292.40368011161513
Heuristic,329.891315426308
Heuristic,227.84173795160308
Heuristic,346.8342300040185
Heuristic,315.1272138200494
Heuristic,312.21841561568283
Heuristic,409.3123281917558
Heuristic,283.34589649353757
Heuristic,322.48233293768703
Heuristic,309.4146177481198
Heuristic,314.6941146529996
Heuristic,423.97741085071004
Heuristic,307.4455829903424
Heuristic,273.3668908276338
Heuristic,405.0287509541499
Heuristic,287.384806666296
Heuristic,217.32038005071104
Heuristic,263.99443985284205
Heuristic,236.6842753216858
Heuristic,206.8018648190196
Heuristic,284.39718976412075
Heuristic,300.20833787523463
Heuristic,367.74850741696093
Heuristic,337.9876870513515
Heuristic,335.527052638948
Heuristic,255.76665971932314
Heuristic,351.7863961460622
Heuristic,379.1265731655317
Heuristic,325.3068281434927
Heuristic,326.81594696008796
Heuristic,235.70661581620115
Heuristic,360.9395336106877
Heuristic,400.16484963311666
Heuristic,321.43942954852923
Heuristic,271.90470696815584
Heuristic,295.2522777766565
Heuristic,281.2972813893203
Heuristic,284.5357187293441
Heuristic,338.9910854394792
Heuristic,319.0910620301985
Heuristic,358.21257672245395
Heuristic,324.0287374180239
Heuristic,257.3392494051781
Heuristic,276.9626307121329
Heuristic,273.6065820694557
Heuristic,293.9306158626036
Heuristic,400.91453933638775
Heuristic,409.56457794897193
Heuristic,349.1764648241156
Heuristic,310.4132450290154
Heuristic,230.47078014676268
Heuristic,315.8804485094245
Heuristic,261.33960599239913
Heuristic,392.0481824145597
Heuristic,217.27029275131358
Heuristic,324.76215399982635
Heuristic,256.7910736068801
Heuristic,303.4861799838925
Heuristic,339.96768227679706
Heuristic,359.1863091942333
Heuristic,300.7227291496946
Heuristic,345.10569370980255
Heuristic,268.22661467494646
Heuristic,317.2590727777539
Heuristic,358.11920037964467
Heuristic,321.93337181955934
Heuristic,275.4154403958415
Heuristic,288.93171215157463
Heuristic,358.8454273775887
Heuristic,245.04039068587952
Heuristic,253.00698276359753
Heuristic,336.4857930298337
Heuristic,280.28624589474293
Heuristic,225.53485739711678
Heuristic,376.94420802026315
Heuristic,244.621584454485
Heuristic,293.2307792807395
Heuristic,270.5458852408967
Heuristic,287.9250917808281
Heuristic,256.2305492868276
Heuristic,342.571078835447
Heuristic,309.98447031257325
Heuristic,357.11729414138813
Heuristic,271.104916576747
Heuristic,419.1831755772574
Heuristic,201.148965582787
Heuristic,218.40271497219612
Heuristic,398.66658177668717
Heuristic,329.5982500421048
Heuristic,322.43484848502806
Heuristic,327.2888665951726
Heuristic,334.84519258812423
Heuristic,320.1874569034333
Heuristic,251.8411574522443
Heuristic,348.1823088739307
Heuristic,339.67662342306454
Heuristic,381.13528192395086
Heuristic,399.26901815266297
Heuristic,321.8457083007362
Heuristic,237.7123530478621
Heuristic,399.71623828491533
Heuristic,249.01990350984119
Heuristic,322.25006645830854
Heuristic,290.1363679732738
Heuristic,280.7462310900212
Heuristic,345.27220656270197
Heuristic,317.2008183604701
Heuristic,331.71504052847905
Heuristic,259.952940331178
Heuristic,294.59995186976835
Heuristic,262.4451110886022
Heuristic,293.2501342492169
Heuristic,297.58683985715993
Heuristic,403.592425353059
Heuristic,289.993020218688
Heuristic,189.2176904753451
Heuristic,379.33494301532244
Heuristic,328.2600061974053
Heuristic,296.92543653411695
Heuristic,280.39037018950086
Heuristic,252.86601457292818
Heuristic,408.65459724267055
Heuristic,306.79962398764195
Heuristic,210.16143825200038
Heuristic,321.6979617974031
Heuristic,369.1332719098814
Heuristic,312.44747209108885
Heuristic,255.31395250145306
Heuristic,250.48198855466853
Heuristic,254.4647779031613
Heuristic,386.16953184053534
Heuristic,300.1301410172115
Heuristic,213.34888160735397
Heuristic,324.74323199560104
Heuristic,311.6159864209718
Heuristic,279.75964478830014
Heuristic,248.8980351712042
Heuristic,246.54967541226472
Heuristic,362.67822603518226
Heuristic,317.36569421347525
Heuristic,329.84675789173633
Heuristic,317.2169757173265
Heuristic,321.69519006523836
Heuristic,278.706688174875
Heuristic,292.88521485803807
Heuristic,366.9052374929523
Heuristic,380.3878690622321
Heuristic,238.0070326609735
Heuristic,292.75402301217974
Heuristic,349.3214093856579
Heuristic,405.63230553964945
Heuristic,400.22581739186046
Heuristic,261.02907799288903
Heuristic,372.85249038311457
Heuristic,307.1663603137789
Heuristic,360.3984984992899
Heuristic,346.56704876434947
Heuristic,235.74594170150277
Heuristic,333.6985936578675
Heuristic,358.3076159231416
Heuristic,302.91161622849705
Heuristic,290.69891292544247
Heuristic,219.13014876425322
Heuristic,340.91534589375044
Heuristic,315.2724118619512
Heuristic,254.20206860565537
Heuristic,286.4046401686744
Heuristic,312.34317545289974
Heuristic,273.8336673911558
Heuristic,304.1445648855341
Heuristic,209.50363705101375
Heuristic,376.8687716300056
Heuristic,304.8591013881794
Heuristic,244.63491064952322
Heuristic,171.17572218706513
Heuristic,359.57328681580316
Heuristic,334.1369438470767
Heuristic,315.3770285273288
Heuristic,350.63699206828863
Heuristic,350.4885134000224
Heuristic,314.4996557828908
Heuristic,290.27243226807786
Heuristic,281.47435367477607
Heuristic,326.7308692908808
Heuristic,379.43969424348484
Heuristic,298.4432287489376
Heuristic,383.729779919503
Heuristic,324.15023356643024
Heuristic,324.5573122998997
Heuristic,433.8759112354945
Heuristic,393.24462367579537
Heuristic,394.6448991969636
Heuristic,260.92886244818965
Heuristic,422.3778551164397
Heuristic,299.56029311752235
Heuristic,291.71547629331064
Heuristic,187.40058567568508
Heuristic,321.61970452590646
Heuristic,245.49888626245746
Heuristic,326.0457067415375
Heuristic,241.27548280516464
Heuristic,401.07579124091944
Heuristic,333.78499399534337
Heuristic,427.1130650904771
Heuristic,248.7567022994043
Heuristic,387.65567921423064
Heuristic,206.65352948022735
Heuristic,315.23607572961185
Heuristic,269.89235152313466
Heuristic,279.8103470964807
Heuristic,276.10919343292323
Heuristic,254.60532599102822
Heuristic,235.9768314408626
Heuristic,280.10895242570064
Heuristic,310.26553345349106
Heuristic,366.83949525780497
Heuristic,319.9489214175369
Heuristic,366.99317086989686
Heuristic,224.1784489143166
Heuristic,280.6196520917279
Heuristic,342.39426563336696
Heuristic,322.53230081273335
Heuristic,257.4965438084044
Heuristic,354.4397201769587
Heuristic,275.311248174566
Heuristic,262.0223676847391
Heuristic,330.29517906682764
Heuristic,304.33314572804875
Heuristic,275.76273390845506
Heuristic,273.92909963665636
Heuristic,246.2309728104383
Heuristic,282.6295947128213
Heuristic,363.4005095163215
Heuristic,317.20572500136086
Heuristic,355.76408036197665
Heuristic,331.8677010344339
Heuristic,270.93870482352173
Heuristic,214.94637116165086
Heuristic,253.94986430599505
Heuristic,267.75326620073395
Heuristic,263.57652500425036
Heuristic,356.9750760504249
Heuristic,356.4117772098839
Heuristic,423.44150057493886
Heuristic,262.7590567556112
Heuristic,390.2622085274784
Heuristic,389.928429105863
Heuristic,291.4577570659013
Heuristic,329.57199143477266
Heuristic,370.9995954536254
Heuristic,300.8180703762379
Heuristic,296.6348440304093
Heuristic,270.12377925965757
Heuristic,176.5579199921964
Heuristic,307.80546729037786
Heuristic,265.66705631751495
Heuristic,245.9311743246913
Heuristic,326.798349107793
Heuristic,225.6291389956607
Heuristic,347.52831412915333
Heuristic,330.11436302406815
Heuristic,282.3895665683484
Heuristic,300.5812463463992
Heuristic,239.72806091567094
Heuristic,344.5182845817303
Heuristic,314.11766901676833
Heuristic,318.1398975478354
Heuristic,331.10208050234905
Heuristic,269.3095676498469
Heuristic,221.97085315426955
Heuristic,355.69519224528204
Heuristic,341.19079433507
Heuristic,275.09062462336954
Heuristic,326.09195075302216
Heuristic,371.9305656907693
Heuristic,365.48984336653274
Heuristic,273.51382283267225
Heuristic,223.60690354655043
Heuristic,232.8703824617753
Heuristic,287.166795300424
Heuristic,382.96512519750655
Heuristic,264.6639477443661
Heuristic,271.7982959374948
Heuristic,270.6868007016108
Heuristic,275.28653700041195
Heuristic,303.39375041932215
Heuristic,234.87729057420518
Heuristic,362.5554376416554
Heuristic,296.17966178747906
Heuristic,437.87326703516806
Heuristic,240.62716607829918
Heuristic,389.85277327854504
Heuristic,379.1326514912703
Heuristic,281.76906352233493
Heuristic,282.6667268703591
Heuristic,254.24991792898558
Heuristic,254.869643037064
Heuristic,303.9672787121577
Heuristic,305.11758314930347
Heuristic,217.4728155851771
Heuristic,427.84928745959667
Heuristic,289.98608971319464
Heuristic,307.54306296972817
Heuristic,270.1831785956741
Heuristic,289.58148488904095
Heuristic,284.67458199281276
Heuristic,303.8417570054359
Heuristic,303.2121448368818
Heuristic,347.4627828212178
Heuristic,316.2698766033339
Heuristic,342.0312831015732
Heuristic,303.47021562250654
Heuristic,316.4876379757181
Heuristic,290.96949313510333
Heuristic,358.16803365423306
Heuristic,321.4216111938599
Heuristic,295.46395785630335
Heuristic,293.8528527342287
Heuristic,298.1010755726622
Heuristic,305.64397187855974
Heuristic,300.9565005341783
Heuristic,273.82255061858655
Heuristic,345.3046299844861
Heuristic,348.7161035976012
Heuristic,400.32826924664033
Heuristic,271.4039956251829
Heuristic,339.9876911582137
Heuristic,200.90658492073516
Heuristic,348.76832551118196
Heuristic,225.34456578961203
Heuristic,250.84612040709658
Heuristic,321.9401677668542
Heuristic,270.43905208719514
Heuristic,263.04891045984283
Heuristic,277.81993478508934
Heuristic,343.39980356360036
Heuristic,253.62391859344186
Heuristic,301.07563733198305
Heuristic,283.5525606348758
Heuristic,348.2741016517667
Heuristic,349.7877747204735
Heuristic,204.8947829384499
Heuristic,360.435908613273
Heuristic,271.01918105122417
Heuristic,316.7597787242204
Heuristic,253.298928019302
Heuristic,324.0412685463283
Heuristic,441.7728434955395
Heuristic,310.8669403093918
Heuristic,279.1682232470967
Heuristic,291.4632933275208
Heuristic,224.67238230914694
Heuristic,382.2440174528807
Heuristic,320.89568781021694
Heuristic,247.35951305991628
Heuristic,249.11881233304734
Heuristic,304.82524847403664
Heuristic,354.3277512402783
Heuristic,241.84654492820354
Heuristic,364.12410446082725
Heuristic,299.05178819432723
Heuristic,253.76685720961677
Heuristic,278.7447169650592
Heuristic,398.42190936500435
Heuristic,229.03647982655178
Heuristic,264.47778037890805
Heuristic,355.4395135702857
Heuristic,315.68868034649626
Heuristic,261.27299581406515
Heuristic,356.09883476370044
Heuristic,358.66396959113575
Heuristic,321.8950960999764
Heuristic,270.9305842704902
Heuristic,279.2515505289447
Heuristic,319.3725075261135
Heuristic,233.15583069447752
Heuristic,375.7003835811881
Heuristic,395.8112907884953
Heuristic,291.2584381086254
Heuristic,323.22964259126354
Heuristic,368.0333103138636
Heuristic,409.6002852826552
Heuristic,388.0769921164977
Heuristic,210.2809742786252
Heuristic,286.960100830314
Heuristic,331.0371655800938
Heuristic,277.3122659672957
Heuristic,400.2694042321797
Heuristic,391.9862593313422
Heuristic,259.9397723720286
Heuristic,295.2303989250909
Heuristic,263.5240766457596
Heuristic,293.46306401826683
Heuristic,291.8266531359973
Heuristic,355.5299273963303
Heuristic,256.02290815837296
Heuristic,162.69552133238875
Heuristic,217.35467355931974
Heuristic,248.4717129138366
Heuristic,268.5926541941581
Heuristic,314.10741763322153
Heuristic,245.6911291014416
Heuristic,238.60056812596366
Heuristic,253.80983944678604
Heuristic,243.7546839373718
Heuristic,274.05733780803513
Heuristic,271.7464806216665
Heuristic,341.2090681165858
Heuristic,250.56541320624038
Heuristic,284.68978207019234
Heuristic,274.56877528449445
Heuristic,347.67978870602866
Heuristic,295.668919095044
Heuristic,360.7376230635565
Heuristic,241.77201049574032
Heuristic,301.33420314451973
Heuristic,272.90188508038364
Heuristic,237.7935107141774
Heuristic,300.35440378680687
Heuristic,397.57809894470205
Heuristic,257.94292464198884
Heuristic,297.1174309807606
Heuristic,233.13949254200224
Heuristic,225.2017003171835
Heuristic,261.48837421548336
Heuristic,279.70091737202426
Heuristic,282.0985157897179
Heuristic,291.79464918572177
Heuristic,214.99003740201806
Heuristic,270.1989045786235
Heuristic,331.09495756379846
Heuristic,230.65476606369498
Heuristic,284.82213247836614
Heuristic,319.81356303665564
Heuristic,261.75758621072185
Heuristic,322.44231739268577
Heuristic,221.85918091320832
Heuristic,351.9762769383391
Heuristic,323.75323958705957
Heuristic,307.00593178951124
Heuristic,364.7401734205154
Heuristic,286.2151508012228
Heuristic,270.63576992705674
Heuristic,378.1173913412513
Heuristic,403.40135332067894
Heuristic,266.55436386964084
Heuristic,297.85786519617795
Heuristic,360.43229733611855
Heuristic,299.7801699022183
Heuristic,336.10777947185113
Heuristic,346.14179426437266
Heuristic,273.63555291994663
Heuristic,326.640831823614
Heuristic,303.6655944964634
Heuristic,238.28909595673684
Heuristic,250.5587570928664
Heuristic,268.7694860825961
Random,413.2823101529719
Random,415.44963871267964
Random,401.49425260922675
Random,381.0473064155308
Random,379.24653627232505
Random,370.3189896706188
Random,378.90140565782787
Random,383.37393052183734
Random,259.30813706199285
Random,299.8436883676803
Random,284.0911727841852
Random,425.0715705051646
Random,461.17060683651846
Random,208.84283725279647
Random,455.27776438352964
Random,357.7236106530809
Random,418.83950806447433
Random,385.4268322026032
Random,447.0660735375948
Random,365.8430006015947
Random,262.0120057183475
Random,345.02545767096814
Random,386.03329904304917
Random,337.7465672987323
Random,395.41029366207624
Random,347.6639723497307
Random,312.6963849384186
Random,280.3254267014383
Random,326.14018475279926
Random,365.5017288802216
Random,222.68014091910726
Random,300.51495689280847
Random,220.2183250448897
Random,311.27305963744936
Random,431.02277246295677
Random,273.71631880589683
Random,398.40854322684777
Random,540.0224584026131
Random,447.9335166629851
Random,360.81188310581996
Random,408.65667408256786
Random,261.60093503917176
Random,248.15463287490343
Random,353.89407519924
Random,378.30829718891516
Random,424.2306827604499
Random,314.4616986675132
Random,364.7641019678686
Random,362.5013627324963
Random,343.32798903195317
Random,347.21665817515594
Random,295.589502825789
Random,370.46068895340755
Random,364.87329869287515
Random,322.95922344690166
Random,395.94110155755544
Random,419.83688483653157
Random,396.7068355343805
Random,283.1987408759922
Random,358.5766206128915
Random,291.8455168510121
Random,358.372613255789
Random,292.1025779966857
Random,436.29278026541584
Random,403.6998769553096
Random,428.09729415259767
Random,421.4136579529028
Random,334.1404190361381
Random,323.9097569271899
Random,466.9537726942101
Random,341.1021030886206
Random,262.59767759684803
Random,418.49280442194447
Random,361.48919410540555
Random,451.39231218261284
Random,368.035998746736
Random,350.67990183511694
Random,452.7239733791295
Random,250.46122122755884
Random,313.3660878962015
Random,293.4340438575563
Random,207.12473461416323
Random,409.6296442490958
Random,315.210384677126
Random,411.75429074867395
Random,377.67970842148384
Random,392.07140279742714
Random,321.94363426451724
Random,301.5596224969868
Random,357.9242177645016
Random,412.66510009833917
Random,348.67478763807304
Random,305.6722027062687
Random,272.8648059677083
Random,365.47475901137256
Random,315.43154269471654
Random,347.2651212322772
Random,336.24060037158847
Random,322.66755567082004
Random,371.3910350101278
Random,388.59726955351107
Random,481.7084103469517
Random,402.0258691691778
Random,457.1830337452933
Random,297.97237548748535
Random,246.33764513201643
Random,351.0476031224696
Random,408.62979811384054
Random,398.27667339852235
Random,431.9511837735539
Random,184.58800630697638
Random,434.6964750623577
Random,374.14053334435624
Random,250.09511922174914
Random,399.75290388410116
Random,363.18585007097556
Random,377.16113370615136
Random,417.94120392081385
Random,380.39817431642723
Random,254.79354350100078
Random,342.560266194328
Random,245.23541872384112
Random,394.8380841168869
Random,444.2660359445466
Random,270.0641704715465
Random,307.6833918048609
Random,293.7636248059369
Random,322.0422520520698
Random,379.21992844112526
Random,322.75743794132353
Random,395.06699139813566
Random,422.31506482501436
Random,424.7161112477323
Random,278.20004770560325
Random,443.47131033519975
Random,448.76077080183177
Random,454.4768754616531
Random,341.5842218986321
Random,302.3783967615217
Random,287.0400813623144
Random,279.28252748606195
Random,352.77156683988136
Random,407.9582225283681
Random,438.2328571051647
Random,319.9532303200848
Random,349.4465743727009
Random,345.1236214755046
Random,310.07150350890083
Random,400.55946896420085
Random,375.9479842771329
Random,361.36032955789403
Random,375.64815898693104
Random,392.61978236519394
Random,391.9588432626056
Random,296.6596628959574
Random,411.15768421703444
Random,368.85416376691694
Random,323.3153311313025
Random,367.45915963544724
Random,374.7355134638535
Random,423.3977220328322
Random,282.9537285199781
Random,439.44896734117674
Random,353.5289795164486
Random,318.5938854505925
Random,316.5739654094291
Random,285.9097279493898
Random,237.09961767205496
Random,396.7083921037074
Random,482.73850242784965
Random,245.2373869768362
Random,289.2717575485963
Random,401.604490483592
Random,348.9879640276861
Random,407.0716699901599
Random,345.2864454721768
Random,313.67858504841905
Random,337.0944206955733
Random,194.78209813110644
Random,276.5300331872013
Random,414.58643869843434
Random,430.6653897158037
Random,444.80695963609287
Random,381.09737686557014
Random,203.09945429710618
Random,310.08956907364865
Random,439.4272746522097
Random,459.12157975311453
Random,441.93475103847805
Random,336.4073373251932
Random,265.7659928060787
Random,349.3183150627402
Random,352.9772632031973
Random,455.3272781260359
Random,367.03422580806597
Random,353.1009578061309
Random,356.85067977746826
Random,378.3906827643373
Random,393.3450456800635
Random,304.1805293548123
Random,282.1970539547125
Random,442.4568624127101
Random,243.69127456724488
Random,460.091332307515
Random,225.8952059812558
Random,313.42028523315264
Random,416.1423620585075
Random,352.02256467916607
Random,265.1125309517185
Random,380.14425817231574
Random,356.42228655883173
Random,337.74081296282947
Random,310.82112880832807
Random,349.7160040309804
Random,313.59317361114455
Random,512.6791561440444
Random,336.15886798009296
Random,327.33204104793873
Random,316.2520143978059
Random,469.2787556273207
Random,243.8215860588926
Random,375.72253984536155
Random,336.2068618561573
Random,258.0555930936272
Random,297.94096236103434
Random,372.91896359778497
Random,294.9500475026982
Random,369.13121926252285
Random,466.12411309329923
Random,363.25964469634414
Random,256.06817641738326
Random,296.1114467181053
Random,333.1632212428127
Random,328.7524821463525
Random,362.0329137776506
Random,372.6212341771524
Random,466.21484503784467
Random,351.754502104199
Random,275.9551665061899
Random,428.1512045964054
Random,435.35962206754755
Random,367.341244204394
Random,335.7379699162085
Random,393.08806256823806
Random,338.06873229715103
Random,216.32321070068605
Random,389.1893026761828
Random,410.8885974803221
Random,447.11175720503576
Random,303.76994276513074
Random,366.926910846844
Random,368.35477081829686
Random,357.6352489404518
Random,359.5804985268902
Random,354.45097701487975
Random,365.9754605044659
Random,400.8849482436933
Random,432.53897662256486
Random,302.08206023421985
Random,340.62811058397995
Random,324.1078640874146
Random,314.66562442479614
Random,245.34192658980226
Random,353.5986820862955
Random,383.635144389989
Random,341.7634163746744
Random,351.4087788377924
Random,379.61683724200265
Random,445.1338998807997
Random,324.29554105147963
Random,274.6736004539633
Random,346.0309502984215
Random,476.31504338241643
Random,275.38056314372636
Random,394.90895590829876
Random,428.4222731328175
Random,195.8747415199788
Random,379.07468655816
Random,391.82510204682427
Random,334.3558767089296
Random,309.3350549680787
Random,313.0162847334173
Random,330.314479272209
Random,332.0616619086067
Random,319.60871517805333
Random,329.26463332295856
Random,430.5922603738775
Random,271.8477005916011
Random,236.56214406407503
Random,431.6478170774648
Random,339.32682788352156
Random,326.37666869615265
Random,344.6596698336438
Random,365.8122622514224
Random,317.4126190101879
Random,385.391454424722
Random,288.49067012861286
Random,332.0794722619537
Random,205.83004715120634
Random,429.36765090100914
Random,340.3782120270645
Random,396.22687005465247
Random,383.4539225615725
Random,388.28770950450723
Random,351.48681511409313
Random,377.62300792078554
Random,288.55522876761165
Random,274.70221528883764
Random,345.32700838865316
Random,307.13475889387945
Random,446.0806354344621
Random,376.75953233426924
Random,304.7122282520444
Random,334.0783310586317
Random,360.77843441121456
Random,347.51180489417146
Random,369.9352381736615
Random,356.5311999345123
Random,260.2166546009747
Random,210.0402985447419
Random,327.3418030371286
Random,388.99251853649156
Random,328.0836437188038
Random,433.61323148474486
Random,348.9054778462727
Random,441.5749402406306
Random,428.02562699144414
Random,421.38493310151483
Random,272.56823214233793
Random,353.1312840862313
Random,432.7030501738327
Random,369.97475183403054
Random,388.5877537299319
Random,260.399437862369
Random,478.6401354201324
Random,299.76928943068253
Random,220.36794064448702
Random,328.8257013035456
Random,190.4660657996096
Random,280.381740443783
Random,520.8617809848934
Random,326.9173086847875
Random,257.7660469133338
Random,353.66966051336374
Random,292.7449528278896
Random,409.05826717847935
Random,293.2900445605213
Random,369.8684248689205
Random,276.2941035664177
Random,523.5358575561766
Random,385.23916552180276
Random,342.39661736615716
Random,332.6647554583352
Random,315.46240110554197
Random,301.7797103327038
Random,299.9658160720417
Random,462.7697041304888
Random,315.5274787903983
Random,211.4583521618642
Random,275.046130421927
Random,413.2298249199431
Random,335.3466122649718
Random,343.1506143909995
Random,429.2077537936601
Random,300.707005114628
Random,393.73956966063963
Random,307.9197121140189
Random,390.007858025654
Random,326.18507344920255
Random,336.05775445952446
Random,406.1288213957443
Random,401.36963730704497
Random,341.0817529632974
Random,320.8728377803442
Random,457.5437405757892
Random,390.89583355886595
Random,326.1846406285796
Random,308.8964320228762
Random,419.6432354581812
Random,359.6164056795085
Random,341.2055023216783
Random,359.5883615871312
Random,374.29459372604146
Random,348.2585162695691
Random,431.44333321163765
Random,435.1163394299911
Random,387.1046158673188
Random,442.7314533727114
Random,352.56078669712264
Random,397.5618463303046
Random,418.29411704554815
Random,419.2565264810963
Random,412.4559437507307
Random,393.6584868093912
Random,481.17045563211366
Random,316.38007817247757
Random,341.7554280210261
Random,337.84230854109114
Random,327.70756844558855
Random,220.7410451346142
Random,442.74107717674434
Random,284.2813297029457
Random,363.2077839772424
Random,258.1571622734575
Random,392.9672382275027
Random,300.1638616279469
Random,277.0265130088022
Random,364.8266686557926
Random,305.7515176881465
Random,314.1054996582994
Random,363.338114603175
Random,404.79930393987155
Random,297.98556780046704
Random,286.58129671656104
Random,353.54992200103015
Random,387.59067029703345
Random,448.54184266280123
Random,281.2922465126157
Random,331.0141713161549
Random,429.60187765496676
Random,482.22423938515544
Random,286.4559940456222
Random,303.2384132927611
Random,377.15260624425076
Random,313.86895261525626
Random,301.89070420234316
Random,368.13506002034785
Random,454.26171694682535
Random,265.5741685234405
Random,450.89005111344784
Random,314.0652315735294
Random,374.8222668030411
Random,456.99614759272276
Random,373.4713570919394
Random,332.36559081885355
Random,399.3995910978528
Random,340.57103064605894
Random,386.4091692732445
Random,338.4910541070639
Random,408.83609120127653
Random,259.98070829168574
Random,285.1075728098174
Random,259.0107239587156
Random,348.27565767304156
Random,251.05047755855514
Random,306.33911604558995
Random,278.9044320984587
Random,449.6586311495624
Random,286.6150967563946
Random,267.0879836070594
Random,368.3903432285408
Random,463.3301962010696
Random,344.3395727697848
Random,349.44452577251377
Random,437.1899924311794
Random,409.96313632228544
Random,380.0773889843849
Random,313.56551192558726
Random,382.09322181491643
Random,262.1882497067227
Random,310.83741374008855
Random,446.47653496304645
Random,437.93151719291404
Random,380.8739901561348
Random,224.66265438914056
Random,272.2573791531121
Random,307.1548197114715
Random,340.66786393164466
Random,269.47286406660646
Random,335.7432942435727
Random,468.6414857182535
Random,378.4551678726724
Random,366.4425575114284
Random,284.8413423447798
Random,243.82700407697453
Random,270.9390359141595
Random,241.16031622929333
Random,356.9523273079396
Random,377.33646309088573
Random,288.29086311392314
Random,361.7626764340037
Random,448.95359187133073
Random,481.2080245949177
Random,402.8470831494484
Random,340.4605267387493
Random,400.7148800958329
Random,441.21945892274545
Random,219.5229429058231
Random,449.81655649456343
Random,316.0572698408579
Random,316.69244497412564
Random,328.5747538093294
Random,373.12555315919985
Random,278.6572192558814
Random,333.2022737103972
Random,386.6682956288608
Random,366.4257024520835
Random,377.13375794785696
Random,330.61806498283886
Random,397.78485686253543
Random,421.7234640521885
Random,417.76499460273897
Random,380.22227536764694
Random,413.9669121757628
Random,409.4899985515722
Random,528.6495218411537
Random,432.39242662321476
Random,346.14288698207145
Random,291.8291670351066
Random,334.7647431858987
Random,330.1021995304014
Random,385.7538894699073
Random,305.78308781750627
Random,430.68369332034666
Random,260.2888416109105
Random,244.25334100311653
Random,343.08234347692695
Random,296.3911027530962
Random,268.9565656370364
Random,309.9533829696804
Random,301.7419352807911
Random,352.66886586145847
Random,311.04892797125876
Random,316.4171323554952
Random,351.67886259739464
Random,418.93994366853804
Random,449.0692007222602
Random,361.75265912394826
Random,366.8858458388543
Random,339.9096568584745
Random,383.76240892389916
Random,377.7544777985532
Random,439.5059470838352
Random,227.3454944757417
Random,336.5231489149943
Random,374.3865313624245
Random,350.26525880222067
Random,290.01457988165663
Random,266.2417991701285
Random,405.2172801179049
Random,302.04289387383665
Random,236.17656756063025
Random,408.5338087606533
Random,382.2928714294403
Random,344.3523095677565
Random,291.6395948777721
Random,344.5128647375474
Random,432.22878163426753
Random,245.4298471220992
Random,248.7774772951868
Random,310.5674886877809
Random,350.24151667164847
Random,319.2447347396705
Random,394.4258939610233
Random,423.8630403335909
Random,370.39873912409286
Random,388.98853468790287
Random,369.9585704335624
Random,352.627534000411
Random,266.6251258122301
Random,284.1525472982265
Random,262.83938051985285
Random,342.19868353256845
Random,367.33035006278857
Random,256.34868260442914
Random,356.7912731087325
Random,294.2357223348262
Random,281.4328433265673
Random,310.72693850699324
Random,278.04855110922693
Random,392.0395017853129
Random,340.9117084087708
Random,405.8041277611808
Random,322.7292407609862
Random,325.22471991567676
Random,475.6432542936881
Random,244.8780088690976
Random,436.7757620657002
Random,461.19858648462457
Random,402.54395475325896
Random,330.18894902151237
Random,446.1755367348229
Random,330.7637502472601
Random,305.4181513430924
Random,326.3742892833502
Random,314.3672132181765
Random,289.5228737553076
Random,425.26051705119164
Random,300.9524087269623
Random,350.0432987311894
Random,256.71105529967895
Random,354.03350499544666
Random,275.7088810812992
Random,274.0879356869346
Random,344.78699793365854
Random,421.76016950194173
Random,381.06730339082657
Random,385.6019454847621
Random,343.4254661213855
Random,329.84774250006586
Random,404.21528214061954
Random,314.83030728682706
Random,407.0726541935479
Random,433.57249796964794
Random,296.4684723235987
Random,306.16659728820827
Random,315.98409657663615
Random,255.18046670027474
Random,321.01941971216536
Random,437.89568265648734
Random,282.99201420586706
Random,439.4629431711606
Random,323.39266577509693
Random,491.52635204878175
Random,307.0003376891818
Random,342.4971913117375
Random,291.9279176973016
Random,306.61174894333544
Random,440.31982501265384
Random,383.3194212191727
Random,419.9019734257117
Random,265.17110613465786
Random,395.21867790842236
Random,287.8847410964489
Random,263.7369781398317
Random,367.7585651643347
Random,367.0835300051533
Random,355.5208218957439
Random,399.3588552334259
Random,409.6553769638227
Random,449.0021363867843
Random,273.4373621118149
Random,451.13307219971483
Random,476.23255831990804
Random,327.8288189141657
Random,241.87954891717035
Random,260.6890717374382
Random,321.517808858375
Random,484.93334496028984
Random,353.1272800134098
Random,311.26584829438036
Random,306.7634509484184
Random,264.7003265496178
Random,409.7220179589057
Random,345.9234628485404
Random,490.5887476443205
Random,393.4618201641457
Random,406.7757968597798
Random,336.0210811709833
Random,279.9919976805498
Random,294.3436552982741
Random,261.6297017033206
Random,412.086051507994
Random,326.5955976417715
Random,414.8650356130764
Random,360.9703505522992
Random,332.67398851915056
Random,274.8062128920757
Random,371.9077603755367
Random,337.57022091451154
Random,411.5441392450578
Random,304.7828953922105
Random,392.6631130508044
Random,460.29599547068744
Random,369.9886903675415
Random,403.8292358809642
Random,389.74475624772026
Random,477.27403797815646
Random,376.5229878317927
Random,398.19728421454363
Random,349.6057821179469
Random,300.8903566449379
Random,272.2604047450428
Random,435.6169883320205
Random,285.4482814913923
Random,401.22705698570655
Random,379.4570976053283
Random,412.5738327631183
Random,318.02900650950755
Random,299.8118256441081
Random,376.972541314584
Random,332.7054495683041
Random,270.75212978398565
Random,479.9426857944628
Random,299.767061046472
Random,286.420241008989
Random,336.01903930016107
Random,434.6886655644223
Random,208.9954871538413
Random,429.21231856197966
Random,291.842748903884
Random,369.4586658471448
Random,307.3835405262292
Random,483.4665123641324
Random,360.2249257183952
Random,305.2659576774784
Random,332.1279727587124
Random,357.9160469435114
Random,363.72665611230525
Random,380.9583239124072
Random,351.9072958929672
Random,261.10728050382477
Random,329.5423337204904
Random,392.03945273949665
Random,307.78773477898596
Random,396.4035644600929
Random,354.09339677521547
Random,337.6291496534117
Random,430.8134969076131
Random,237.28332467063743
Random,307.4288207145331
Random,433.3402948387992
Random,472.7832447681333
Random,502.8755039883322
Random,355.3234650023281
Random,382.22122705462584
Random,405.950236597554
Random,436.15496796244673
Random,372.66406768853426
Random,413.1258289474404
Random,382.34507082933845
Random,386.46678016595285
Random,291.3876303645947
Random,330.2718945211692
Random,317.4972329268639
Random,273.5329000638176
Random,242.99405520207958
Random,324.0405850929182
Random,334.58376645520684
Random,358.93244701783755
Random,388.6786974954493
Random,364.4160680779843
Random,335.043862282982
Random,291.60166315872624
Random,409.88656043508036
Random,345.2797336588995
Random,323.36987352954395
Random,339.6940173607242
Random,303.6388730745893
Random,316.975521054867
Random,314.8777513228476
Random,333.0357304119691
Random,395.27982714999393
Random,378.8693965236801
Random,454.08466888053175
Random,431.9741200793926
Random,481.123837033482
Random,388.90445965827473
Random,387.84494467665303
Random,319.830558675949
Random,406.5169832347029
Random,308.6962826171561
Random,254.94993539081582
Random,452.7373438883518
Random,269.55401475424367
Random,380.9642181133095
Random,293.8981293929981
Random,426.36006310426103
Random,435.3546990608659
Random,386.9257352899303
Random,434.2600708254291
Random,352.4842470048541
Random,499.4555289345193
Random,401.2469054105319
Random,292.56359706483624
Random,356.59404277711315
Random,341.9348662698055
Random,335.4720121431144
Random,242.62881095865234
Random,377.53305993326836
Random,260.54030338992357
Random,185.32311948552268
Random,329.29509968586194
Random,302.1110188761123
Random,295.1385571660535
Random,147.19566727587562
Random,295.8443701870988
Random,340.53963689860166
Random,310.1458399536578
Random,377.5646826327199
Random,443.9156027993871
Random,386.0802510568416
Random,419.742023410731
Random,425.2023615167976
Random,284.755189373597
Random,380.98156971728883
Random,417.68038532212074
Random,323.2266084488004
Random,299.8186410980008
Random,387.0068263082852
Random,254.21249446201318
Random,280.1916975176247
Random,307.9940810594934
Random,381.73393806662676
Random,366.4482264226739
Random,420.1364780504407
Random,291.1565764120144
Random,287.61878389634444
Random,386.5781899374779
Random,299.28798432893564
Random,312.1687415773682
Random,229.45352060938458
Random,371.19583609329675
Random,453.7251711398671
Random,284.06693152417495
Random,419.4324383735275
Random,348.07969365466323
Random,235.48263386493795
Random,292.94802752854355
Random,288.8731560349511
Random,331.10916618071866
Random,379.68794303748246
Random,474.02890725793446
Random,257.5443775353799
Random,320.00469180328076
Random,292.86526370789306
Random,268.31335554170636
Random,358.2995473162313
Random,352.09767941833195
Random,232.28904509253067
Random,353.1979348444007
Random,272.44386446786484
Random,352.7806294629084
Random,435.78676855160194
Random,382.56248543101196
Random,363.7161282308679
Random,317.10146001137645
Random,356.4132649557551
Random,389.17477866833383
Random,382.634978625355
Random,345.4515615883061
Random,366.3468373799684
Random,265.1069198772227
Random,303.5337728646693
Random,398.6989436680351
Random,407.5741747906977
Random,358.1775069953979
Random,449.61173846810004
Random,385.5292814864502
Random,336.61358382103776
Random,271.4963182993232
Random,446.9563945019084
Random,402.8409521722021
Random,470.6885539134142
Random,495.0119320632584
Random,267.0619397523378
Random,267.2339728876058
Random,163.02880577044155
Random,412.61190104396394
Random,395.3278573741815
Random,358.45341400830586
Random,271.0752067511355
Random,346.12377651776507
Random,364.1905626705086
Random,403.6598940140252
Random,370.0171363547089
Random,395.810885469417
Random,343.8073625856728
Random,429.9778049990666
Random,393.6941851112672
Random,273.66241733374557
Random,443.688544265312
Random,432.887720499199
Random,382.72133264549416
Random,370.5273685291727
Random,461.4683635459695
Random,244.2013508260431
Random,433.920818587937
Random,320.5703578940928
Random,424.28171146308546
Random,359.9448059131568
Random,269.9668824550563
Random,319.2296925376444
Random,419.43411882895373
Random,338.1262798328884
Random,310.98196262860506
Random,310.54064418552866
Random,394.3883298674302
Random,467.5419119892376
Random,210.7016975380054
Random,536.845173524657
Random,365.4472511124247
Random,390.2947929297226
Random,323.2067246882712
Random,351.7680017594494
Random,364.7058588006531
Random,282.75966450575567
Random,298.82502507500305
Random,430.1814576988227
Random,249.5451082062914
Random,381.10858081869367
Random,327.54588398163384
Random,288.593328134612
Random,482.14750222998043
Random,289.0028309567451
Random,277.4132680175249
Random,339.6598015676446
Random,301.2751301492613
Random,352.4211233616402
Random,362.25635357899176
Random,367.48743233190515
Random,343.8232040819248
Random,305.65732759591316
Random,394.4646008168358
Random,344.62827741072647
Random,319.2892574043714
Random,449.6795841404365
Random,343.99341061416425
Random,424.071115698775
Random,432.9713375092198
Random,436.9864071381023
Random,397.61641533533265
Random,351.9581892061995
Random,347.7732484170323
Random,335.88807218010294
Random,208.98488577913372
Random,399.4412491793589
Random,368.13472738141525
Random,406.48460156976944
Random,344.2778976028504
Random,395.8784606889327
Random,261.08453385114467
Random,274.82846978873636
Random,188.57003441838881
Random,343.13295307511265
Random,301.0133112066124
Random,292.37679623875226
Random,374.0870569457103
Random,323.91652518295655
Random,257.41599355095826
Random,519.9546070016385
Random,349.557299047787
Random,280.51123850624407
Random,307.7908595784187
Random,340.57256404539254
Random,340.43376649102476
Random,437.9428420210278
Random,346.7576227962743
Random,474.4437393433046
Random,323.46008569520103
Random,380.14477865715287
Random,419.4506928256368
Random,430.8800521109708
Random,438.5835663503017
Random,334.0472251019111
Random,351.6377088218553
Random,188.35811060679742
Random,339.063337452363
Random,424.0227757433788
Random,411.19120767048827
Random,346.2918500133346
Random,464.1432032333772
Random,326.65565123324274
Random,304.7347716146866
Random,321.10132547505964
Random,277.9173083608164
Random,393.07807209243344
Random,371.0397995661682
Random,392.2586434606214
Random,324.65150397254007
Random,348.16718336360924
Random,208.2243642550121
Random,376.83088638652913
Random,358.52353603393686
Random,279.3651743414313
Random,345.09260288228455
Random,334.981946063369
Random,468.4445877104945
Random,281.9656201035649
Random,373.87412780520236
Random,280.0092887232282
Random,315.18035269136215
Random,370.2700509436872
Random,338.0500426030346
Random,351.6046034899053
Random,373.95965914331
Random,319.4164883008952
Random,410.353671297819
Random,331.83833694631807
Random,345.5613395375303
Random,375.8465441227985
Random,366.9820132768791
Random,394.5190430198283
Random,372.9196504979905
Random,382.95602366270754
Random,330.5254140651006
Random,281.46110752635565
Random,257.7758324183112
Random,241.73313025560822
Random,468.3399633701322
Random,205.9569548809877
Random,430.7857509324887
Random,297.82264525436676
Random,430.3051041599071
Random,206.6323581575803
Random,336.4838024757033
Random,447.9656105996677
Random,399.0718311893884
Random,329.74047959440776
Random,223.7634980991202
Random,264.7157575380385
Random,443.683708372919
Random,329.0160807172541
Random,347.259609174713
Random,370.71331691037363
Random,266.0126317362213
Random,378.8811518694518
Random,324.3053782758456
Random,371.3843838479857
Random,313.8486392445557
Random,248.1743400359636
Random,323.79341290040685
Random,394.2913227291281
Random,378.00796587908434
Random,354.041437244092
Random,411.2767022986826
Random,338.56279517208105
Random,355.71423672500435
Random,320.3353859402141
Random,415.13678646572805
Random,371.2408841496365
Random,315.24076472855745
Random,253.7240367291649
Random,424.92744414328956
Random,302.89170662181374
Random,356.7562472643101
Random,507.2715790875417
Random,404.8996297543984
Random,458.3358728625814
Random,316.4837623722842
Random,422.68444219013367
Random,353.76015353482484
Random,376.1571167707264
Random,485.37555306061097
Random,333.6093756061194
Random,353.2707939426514
Random,292.3878330004745
Random,410.63892468993305
Random,314.99862471308205
Random,419.498887444046
Random,243.10572604483983
Random,388.21011274101807
Random,309.5162417998383
Random,400.2141641957939
Random,351.1050945916209
Random,316.6676316186928
Random,326.48706528618436
Random,295.87437219612974
Random,407.2939918511767
Random,282.7899349379226
Random,334.37280984363537
Random,374.7858122603633
Random,458.4906386796023
Random,351.3862923411403
Random,335.9943012884629
Random,370.05990109765787
Random,215.15136176548765
Random,272.8893837544125
Random,327.22581107402226
Random,304.9440360516449
Random,246.3450029099348
Random,408.6133909770606
Random,369.1439441507833
Random,361.2575063206455
Random,306.19658402381134
Random,357.2399356678019
Random,385.95366432310993
Random,334.51686044238346
Random,381.3417677898641
Random,299.4600081995424
Random,358.4340306573211
Random,427.4048866731226
Random,433.3133004360186
Random,439.6208611266777
Random,370.8475154185725
Random,354.0865210206112
Random,322.37993153347867
Random,232.7060060698505
Random,263.2366200375675
Random,340.9083718502929
Random,344.8529623575236
Random,445.20671990122844
Random,438.7767425387913
Random,306.6919146618854
Random,406.0094971958752
Random,320.51345493812187
Random,397.0526786382509
Random,405.19717005504515
Random,433.97812560175066
Random,319.485538584342
Random,418.94404335394097
Random,228.39427361599604
Random,437.55023498156487
Random,350.34889629397793
Random,351.75395213294394
Random,217.52919062443013
Random,326.34805144167285
Random,441.4616403744944
Random,323.8376751476143
Random,399.0885422243638
Random,354.2806384291312
Random,422.13616321358006
Random,364.63906370347223
Random,290.50043894752525
Random,355.72574487003027
Random,457.68031564428003
Random,384.8445751503893
Random,344.31454371861815
Random,500.87909206279824
Random,428.50823636904056
Random,405.9044384162984
Random,372.94460270612876
Random,400.1980730935731
Random,402.3403168300675
Random,207.9341871935589
Random,378.0657900467436
Random,341.38681328384655
Random,319.014765972986
Random,339.1011395170803
Random,249.31398666973473
Random,232.89573339754617
Random,434.2691595516008
Random,382.5024161007891
Random,192.74119960398957
Random,313.9586202674851
Random,410.116414404171
Random,333.51905133443836
Random,434.17032695069184
Random,421.28361875225784
Random,262.4570601854929
Random,342.5406094759771
Random,322.42609796262553
Random,260.3102725727614
Random,256.0178945595521
Random,298.80257794804595
Random,309.69892297216586
Random,370.69316529806196
Random,420.9180892321517
Random,385.9005670836164
Random,401.5245678585344
Random,334.40322378295576
Random,391.7980129764507
Random,342.2072512150428
Random,322.8628227053163
Random,477.2086626271113
Random,198.1885868678651
Random,228.36191637771418
Random,377.2581837728179
Random,334.51116499685827
Random,257.1590328889831
Random,282.3956772231913
Random,290.9892174071224
Random,410.8942114506403
Random,432.019088450253
Random,460.21112930522077
Random,247.12525933418368
Random,261.7698468542389
Random,257.2486526829655
Random,437.06456238082063
Random,379.536813991689
Random,357.2931482870016
Random,367.1554937939315
Random,348.2526337088429
Random,278.0046248711707
Random,385.86940412580367
Random,339.7148586268567
Random,272.77878011036665
Random,389.90283939363184
Random,323.8980160060092
Random,367.0139101315309
Random,343.7513753543303
Random,410.83099896683734
Random,366.5307562991101
Random,293.6757884594508
Random,373.2522127535431
Random,375.4094558152221
Random,385.7479762865656
Random,420.3677008123062
Random,311.3451361783066
Random,396.0837540339151
Random,238.16206230250688
Random,344.0810021909718
Random,333.8724476026956
Random,447.55778453189845
Random,341.681861687552
Random,392.1272593593262
Random,235.72261089041126
Random,328.7839743305536
Random,296.1402487493838
Random,515.3837341375047
Random,307.99141402999044
Random,356.83641879565585
Random,360.3540029501612
Random,247.0944327981809
Random,317.2816629041545
Random,378.7145898348508
Random,357.6576701659248
Random,200.17287584747618
Random,314.57856466269635
Random,419.3742296554949
Random,390.8227132026537
Random,432.3902012204635
Random,286.9472757300628
Random,436.5413493284178
Random,349.069200812914
Random,457.08668506197
Random,352.218092649529
Random,216.86661748085533
Random,408.0508017062715
Random,322.7280972536736
Random,327.16884564968007
Random,256.09563554939524
Random,459.0651669343988
Random,317.6073225290121
Random,455.9523611442263
Random,323.5379513348717
Random,290.76881665814767
Random,439.0889254859677
Random,347.15990656598484
Random,347.80424751455973
Random,267.41268794131406
Random,321.79685859004707
Random,380.2939243596459
Random,266.2541204119157
Random,316.4202121846601
Random,324.2505351311078
Random,356.38509311112387
Random,449.6509366121254
Random,332.20309322312306
Random,306.4269562807709
Random,533.2604617136283
Random,323.40976666745365
Random,339.4165613628331
Random,328.38213963339183
Random,333.7332393267646
Random,357.1318209590534
Random,412.77256752115613
Random,378.6631897360448
Random,423.08830718218377
Random,420.9058925240906
Random,365.7644389706478
Random,376.83659002420916
Random,425.1766206337291
Random,278.6601447518361
Random,516.8819393477279
Random,318.1693813851779
Random,328.83631517644756
Random,272.01453567153146
Random,273.97804667500975
Random,416.2862485467226
Random,501.8327563243886
Random,314.56215268664903
Random,374.9228908564162
Random,366.53099531700275
Random,418.0161411195061
Random,498.4351546581483
Random,452.3842455867847
Random,336.24848745527066
Random,386.8986639568359
Random,393.45181762098696
Random,350.67401834293713
Random,279.66821518921574
Random,299.2807695748406
Random,427.7780749613282
Random,434.5863277242553
Random,338.30055392061365
Random,369.2296560079658
Random,431.0194122077565
Random,239.5182544458023
Random,322.5407395646355
Random,485.1795111778545
Random,371.7543092694189
Random,277.47173840957333
Random,359.7406313758651
Random,419.4147490897062
Random,183.9288261363136
Random,363.6348639346121
Random,327.4206393968958
Random,243.62812365516146
Random,357.4071988386004
Random,342.9923047038104
Random,350.4100433549558
Random,329.01479906384566
Random,284.59172157102677
Random,255.98301298251573
Random,306.41446394187477
Random,408.7106395290202
Random,367.3826393859652
Random,347.43456025652506
Random,283.3753021612817
Random,327.3216144316221
Random,400.65239885157604
Random,385.31572832404237
Random,320.5048745950008
Random,179.64745800312508
Random,307.4600564093356
Random,320.1421618376979
Random,292.13100811161775
Random,324.73039831277947
Random,405.8923084608844
Random,349.5384341048701
Random,417.31993916172615
Random,252.4474423474033
Random,331.8657721749737
Random,224.02454068422998
Random,323.845883030768
Random,282.9866079503536
Random,436.5626870062732
Random,379.0409923856714
Random,418.97874670913893
Random,323.66304353198666
Random,284.69860559030155
Random,282.59684236046303
Random,369.51899253087663
Random,471.470658616766
Random,379.21723127335224
Random,327.26532986701955
Random,339.54112356164546
Random,349.9341781043814
Random,485.7584089717585
Random,433.41816534510224
Random,369.15729427392415
Random,359.24230987520303
Random,371.7573237644118
Random,384.62219417268307
Random,324.7289351036107
Random,296.290789473142
Random,420.12653719662114
Random,353.4508602177509
Random,414.6160437637879
Random,460.64647741924523
Random,386.36057245057094
Random,375.66419965162464
Random,563.2160367141262
Random,365.663328466468
Random,280.02391068214104
Random,333.43913467664885
Random,454.4111909752057
Random,266.5849548815169
Random,302.3376661259033
Random,425.02416919392215
Random,334.07303759413975
Random,344.7237780595513
Random,422.8426061286215
Random,304.68980240683857
Random,255.07223819954396
Random,260.3335259230726
Random,390.39750926503507
Random,369.1027181928324
Random,306.2906101235642
Random,275.5197530267292
Random,334.14217374017477
Random,425.6901408925312
Random,296.8360150472691
Random,308.2628545511309
Random,273.425576555139
Random,327.75074931925667
Random,374.3132133872943
Random,491.60116436484395
Random,366.37357984611583
Random,348.45724505435675
Random,408.95381599501866
Random,397.9502264207961
Random,313.8743862517989
Random,503.93596484638505
Random,350.3906987485991
Random,367.6007711434825
Random,388.38900676088474
Random,374.8275762624549
Random,452.6762461457229
Random,313.066023217422
Random,403.7032284242785
Random,362.8615173954086
Random,416.85973087722857
Random,337.81096030209363
Random,328.872586493894
Random,400.3168501701168
Random,375.6275549679387
Random,297.8605760465323
Random,440.81041090334105
Random,400.3456187571584
Random,347.10252342726045
Random,321.09674662574633
Random,376.0326391936566
Random,395.5920247857677
Random,246.79104511792525
Random,376.7949408865069
Random,395.0686103592933
Random,196.7383924021271
Random,364.9485174771891
Random,397.84420287010823
Random,390.33796874146003
Random,404.9615914155345
Random,330.3806049267956
Random,283.3661753114199
Random,233.21687410348383
Random,424.08673387749184
Random,398.40232259042665
Random,429.1202694346789
Random,304.14067031628645
Random,405.05320389327403
Random,252.82305717085129
Random,294.61342512515245
Random,360.3144962895172
Random,395.7717035685438
Random,462.8148215612036
Random,336.15577168370527
Random,294.8605183619218
Random,291.4681740631257
Random,306.60216762839667
Random,498.5877685673579
Random,401.9536563548742
Random,425.4271021239223
Random,336.226951246127
Random,351.89118696168276
Random,398.15145739326255
Random,318.617282118458
Random,332.77367948791937
Random,307.46951512658654
Random,322.46548181603043
Random,355.2325884252193
Random,297.76713167317865
Random,370.87461262253953
Random,370.78239520637374
Random,340.1695895714919
Random,297.3876495328142
Random,358.92756123082285
Random,318.6762988451818
Random,355.0752150289983
Random,424.4764128486267
Random,269.30595227113383
Random,495.45009823496275
Random,347.2134429420091
Random,379.18139207779075
Random,302.3184940440389
Random,427.3859622697488
Random,343.70865301625577
Random,325.9881915532545
Random,314.01600859581214
Random,334.27952629791315
Random,379.610923314892
Random,363.405505581618
Random,349.369257614722
Random,305.04618641531187
Random,301.2345507209516
Random,321.58229734973776
Random,382.3781970026071
Random,395.7091518008466
Random,404.60491699526926
Random,351.9031850264387
Random,377.3150881005764
Random,340.88225347772783
Random,237.0083325987277
Random,337.74883189039974
Random,327.2284427263884
Random,283.4230165076826
Random,314.55198440031495
Random,360.9160333432045
Random,277.205712144785
Random,305.0881588865566
Random,454.1615330264794
Random,246.2213824918998
Random,339.9099774659311
Random,275.0235818595704
Random,302.39197134347677
Random,338.94934284520446
Random,286.81997590650127
Random,389.87942061418426
Random,441.17594090497926
Random,407.5507569827803
Random,419.6244657695773
Random,260.93744518409824
Random,335.9573125599372
Random,382.8497904453265
Random,409.49860033155943
Random,467.72129751224844
Random,422.5566130475104
Random,411.16824916247634
Random,525.8173083155978
Random,358.35639938608153
Random,332.92214307605644
Random,363.70562164158963
Random,291.60651812467114
Random,356.4638298606753
Random,238.0277552106862
Random,317.0517435865248
Random,344.38796378367095
Random,414.67592919630084
Random,425.33197592949983
Random,288.4012737264286
Random,489.0182066415971
Random,361.7926495770071
Random,367.8429677580308
Random,245.2322299907704
Random,311.07621225207623
Random,421.28837156114355
Random,363.20537853906455
Random,359.1157719326897
Random,366.99336325798174
Random,256.7485158643208
Random,345.6238354755018
Random,444.949803449643
Random,423.7227030563226
Random,343.7368368203705
Random,455.20213250786264
Random,268.899498553286
Random,287.86795411948685
Random,474.9990768923823
Random,390.14622580836254
Random,332.9334354212473
Random,348.3489746416737
Random,298.76234653360586
Random,370.2551117192914
Random,365.02763745655704
Random,353.31239085093756
Random,275.45608979606766
Random,369.4739033305481
Random,317.0522454601459
Random,286.9255008077136
Random,435.6050044414659
Random,495.20160961712713
Random,480.212928502096
Random,394.90810240831075
Random,334.47138478077346
Random,347.356531548095
Random,378.76974938851015
Random,324.2636483375615
Random,439.0414639680781
Random,217.64198537431645
Random,332.4821134368294
Random,404.87071847644313
Random,296.21946327953185
Random,336.150173182263
Random,391.18046547205137
Random,452.20576106449454
Random,266.60007337702785
Random,261.7070838081792
Random,289.5620076025705
Random,250.52263386646143
Random,255.21902194284297
Random,287.80436095214975
Random,433.41057418423543
Random,331.40293000746203
Random,354.07075700633607
Random,288.9393590542242
Random,393.8134469542624
Random,475.800425836963
Random,293.4164276533982
Random,465.83339249093245
Random,376.0520092890778
Random,353.1129909530549
Random,378.4081729334659
Random,377.774748931823
Random,474.56889165817415
Random,386.33456830023385
Random,387.71307329530407
Random,324.1810118824721
Random,407.3790910066507
Random,288.84809974088296
Random,359.1942633122532
Random,542.2967146815347
Random,186.72346530334477
Random,367.38770175813977
Random,369.9271127780072
Random,336.9461231958446
Random,338.5017287695496
Random,358.0330450286579
Random,335.36778381934096
Random,366.6506621021863
Random,319.8176934160847
Random,485.4779260373072
Random,335.36709294237477
Random,389.59435290323125
Random,307.8436174103477
Random,413.5874400064757
Random,400.4088739651881
Random,379.6711756111232
Random,284.19586648957767
Random,302.3413993228076
Random,463.2874170592479
Random,301.6107352910951
Random,394.2995432340253
Random,289.65169220803404
Random,418.5532935497167
Random,306.6977744051726
Random,288.42959942236
Random,304.9853965380045
Random,315.4490286203725
Random,378.7084414249985
Random,356.5793246050937
Random,279.7196987257532
Random,350.15549708927784
Random,276.52890711878763
Random,394.47478609006464
Random,406.57559132557884
Random,350.41947565574213
Random,369.9291245975223
Random,467.64019130385105
Random,341.59820250212016
Random,289.6789752966413
Random,390.2268855718942
Random,277.2448514594872
Random,338.1024484239858
Random,312.4666569584879
Random,305.67989100821455
Random,335.4942186874623
Random,411.39282753012947
Random,424.97414002939627
Random,413.12958696398425
Random,374.19936988247537
Random,334.9907069484147
Random,196.38355030360282
Random,376.2656255563001
Random,201.56410616591344
Random,225.05775975278112
Random,341.3299347180615
Random,369.46209814561286
Random,322.2283963472688
Random,453.3450558072019
Random,382.49870939622144
Random,335.53907815151297
Random,443.4964563819985
Random,455.29748093923
Random,385.82887376932814
Random,300.8329944560052
Random,315.68215155256564
Random,256.5152449424398
Random,349.20048593316614
Random,282.69726486466084
Random,330.2810652330298
Random,369.19962000164065
Random,221.07522962774001
Random,268.59307627759836
Random,318.5480283808685
Random,348.53319366427064
Random,319.4032072172849
Random,334.1458165284991
Random,305.3916450557132
Random,256.3396104406307
Random,316.7064486921479
Random,337.9308773545999
Random,331.5142531619876
Random,359.3785306405659
Random,379.647041651363
Random,396.9939309751802
Random,310.18564485624825
Random,247.9974109412942
Random,435.9253601380881
Random,377.4394304303318
Random,288.99228482252005
Random,370.3285337284998
Random,422.48765239569616
Random,466.1256506657998
Random,368.54027822641024
Random,421.93826206509084
Random,272.1662632272282
Random,349.63041839461937
Random,329.88916514908294
Random,374.60961021247783
Random,458.3387997387906
Random,368.49270002243105
Random,290.1124112083861
Random,268.61305372766384
Random,460.62148414175994
Random,385.91036521742535
Random,381.5733689003537
Random,329.3137283551607
Random,369.67887778807767
Random,286.8606461956305
Random,377.555091476441
Random,274.4585709861142
Random,328.2869626281679
Random,309.5690521884792
Random,137.01373558400604
Random,329.11327064879515
Random,292.6748159854467
Random,338.1142676632083
Random,352.11370483180235
Random,468.6835082367846
Random,372.11079381239557
Random,374.0514337769135
Random,384.71051312447014
Random,409.5393618079143
Random,381.9824439543982
Random,370.59305961199186
Random,398.9422966251675
Random,191.84212822514712
Random,489.8774044964025
Random,456.9221697510843
Random,366.3309596227131
Random,258.7415742730214
Random,431.8831285445343
Random,306.2041510617291
Random,387.2335070939457
Random,267.3282302821592
Random,498.9428553322261
Random,256.8136937008311
Random,356.5530806408891
Random,211.93564384224146
Random,349.27931815504274
Random,323.9311764608738
Random,427.05410399779373
Random,323.92495751493686
Random,427.1491564678578
Random,284.40804253914774
Random,333.3905341990469
Random,334.7138015372466
Random,384.70882487177255
Random,376.31271214286573
Random,399.66686022494184
Random,369.6108198171228
Random,395.6467785564656
Random,292.74098070625286
Random,377.66071201416145
Random,458.14159121141495
Random,241.1204773524186
Random,384.27452502794927
Random,396.66746534391575
Random,448.4383009131311
Random,399.91909759715384
Random,358.6208521824748
Random,380.38483090366253
Random,303.4875029189515
Random,326.3941072243888
Random,263.84361257966833
Random,450.14394794671875
Random,381.7103830507558
Random,291.5365776185755
Random,369.9095595357306
Random,428.5169488596259
Random,417.52429347998935
Random,290.7758515310175
Random,145.16663815194985
Random,378.0954816031611
Random,293.4666042986766
Random,393.07361539471304
Random,414.7178456301919
Random,425.49978533678325
Random,467.1528720745831
Random,433.599556593102
Random,467.4702226997454
Random,443.0179826535318
Random,448.770359885463
Random,349.302702806347
Random,266.9044555386631
Random,515.8298367958392
Random,356.1548937242573
Random,433.09473222229946
Random,315.6818611524013
Random,415.61888120801217
Random,190.63242054736227
Random,324.91073619393705
Random,345.50486849610894
Random,382.5321787081423
Random,422.75362865567314
Random,279.7865671723992
Random,395.55790046873346
Random,432.9600204580249
Random,506.830164461781
Random,398.63744693327726
Random,321.6726052222393
Random,268.06353263085475
Random,472.7273516591052
Random,400.66456774913416
Random,350.5496083157042
Random,245.09199258136
Random,290.5418592407285
Random,393.66713905907983
Random,375.3529795923094
Random,223.54211710821406
Random,393.75242872912065
Random,248.48319441748265
Random,441.36459852774914
Random,365.76469038372716
Random,321.4141843825462
Random,417.3501863813044
Random,375.3309530374218
Random,439.44522216133123
Random,357.3113904837114
Random,361.1620781827771
Random,333.173471448538
Random,369.3558314226328
Random,464.06475806609075
Random,318.8175647759711
Random,394.76503985582195
Random,293.89072352147525
Random,215.59568023322234
Random,365.69227686442724
Random,376.44675794898194
Random,344.73661621679605
Random,253.26499192903242
Random,372.083870926347
Random,369.5766998532034
Random,293.34047834789015
Random,262.66955628278066
Random,335.34239677140613
Random,395.0933302873327
Random,379.4992122982714
Random,293.86475814295085
Random,361.0370556114525
Random,410.5503427613874
Random,274.6040631883902
Random,356.1682542908508
Random,440.4163046912776
Random,267.8544777506027
Random,428.2647352092676
Random,458.8663718532774
Random,337.3344353387215
Random,329.36143114492546
Random,420.18423165529094
Random,339.7153952480517
Random,196.69363775412393
Random,345.47955675048775
Random,383.0466619008411
Random,400.8455343364429
Random,293.8784751263731
Random,334.19312611480785
Random,416.47587943405176
Random,348.04009098671975
Random,251.1032923985797
Random,433.6841086349448
Random,337.8686725231018
Random,424.0204392939711
Random,259.8998580728078
Random,344.0148746591204
Random,385.6425775626975
Random,346.2484391409348
Random,273.9215906468145
Random,194.47098174832803
Random,452.5354985472218
Random,368.37052132548746
Random,429.0088694842151
Random,413.29216055778966
Random,391.39189052389224
Random,330.79173456029355
Random,384.3246170921825
Random,446.5474384604678
Random,357.47872126606796
Random,477.5122689303465
Random,253.0381554931875
Random,245.9440316566785
Random,417.21296415828
Random,297.962966189622
Random,486.8602367482994
Random,440.2645305013743
Random,456.77971944603075
Random,410.37279616638256
Random,291.1754808377606
Random,242.48345439107732
Random,450.6894481664755
Random,253.02849840320422
Random,456.60245539001636
Random,396.19457417513746
Random,346.9673248478733
Random,381.1751471661305
Random,382.70920173964055
Random,338.6409143532527
Random,446.0953575046747
Random,443.83245679956923
Random,362.2735139201821
Random,312.4003704777799
Random,438.1929669306832
Random,218.51101491083793
Random,381.2969120627473
Random,400.8119571417888
Random,297.3287789046512
Random,416.26984217088466
Random,350.25853315310263
Random,315.9837919513582
Random,415.5727404178024
Random,280.34482770594855
Random,409.366760213216
Random,221.16514988792912
Random,370.856493484259
Random,354.8937011100906
Random,316.3800793868598
Random,377.7152412806747
Random,346.748371461726
Random,421.60991140216606
Random,388.9699652610267
Random,381.87781936970725
Random,371.2628394349735
Random,320.8370138678952
Random,332.080965701604
Random,368.3822454545787
Random,340.558273850929
Random,425.35588680857774
Random,358.1677125098877
Random,376.81379611645866
Random,259.42286036289295
Random,414.2531979559849
Random,313.64254281749334
Random,283.18486356841686
Random,460.6482766014297
Random,398.04302048055104
Random,416.4883174468572
Random,381.99674807188296
Random,345.85204747035505
Random,333.5461354682866
Random,403.42127224014024
Random,426.74625678772736
Random,347.49987263689417
Random,488.7878290702529
Random,338.97697571908657
Random,259.9954426372618
Random,238.37949909439754
Random,240.60682571996443
Random,324.68842169021536
Random,336.6868106065563
Random,397.05157608687284
Random,350.1118696732511
Random,407.66248828585617
Random,354.9629269531066
Random,352.89241412437315
Random,313.8840183154425
Random,445.89083838625567
Random,250.92203642585235
Random,371.8864791871162
Random,340.0110695245506
Random,403.59580343529706
Random,350.62525952371396
Random,352.5704845706493
Random,334.40178492755905
Random,443.95492267271186
Random,352.15878841397915
Random,481.99697996648916
Random,369.9683073874174
Random,353.4361494926236
Random,342.4084206496071
Random,389.2402953792218
Random,313.1660373881244
Random,361.61899833657645
Random,352.537042931116
Random,373.46634815150253
Random,375.1020015332758
Random,378.5316620921383
Random,358.2637132474373
Random,455.55027049505867
Random,379.8895418680439
Random,523.9950950317157
Random,355.2901929653476
Random,415.28827730204154
Random,304.08075224727105
Random,444.452090850546
Random,305.517260172885
Random,382.0879491851023
Random,334.5478046967677
Random,381.8325146097143
Random,336.5034483664817
Random,299.90930900119974
Random,334.0749088733462
Random,453.74428819334867
Random,382.84023372133976
Random,266.9358980279774
Random,424.295258281844
Random,293.1600640983996
Random,401.06171301183804
Random,388.5088997413298
Random,392.67649077258943
Random,474.3104849670999
Random,297.309698956467
Random,392.3124552085307
Random,435.13284842053747
Random,309.5394476927585
Random,302.78026368601036
Random,333.0456224410193
Random,373.43238036425646
Random,258.9085659185772
Random,388.39253139664885
Random,259.046475044782
Random,437.3598345032915
Random,385.90861065394813
Random,478.2672315609499
Random,396.13972820021365
Random,331.88581022601454
Random,299.2873090756342
Random,367.7668098331389
Random,350.0034611604603
Random,430.28517630190026
Random,290.71115812057997
Random,485.37953203042457
Random,436.1352781531896
Random,338.5674404030285
Random,470.65617924408286
Random,300.31354572622
Random,365.56892613440505
Random,267.75291059640284
Random,473.8735709158931
Random,243.27247033665546
Random,256.9308480466976
Random,310.10893493396054
Random,439.27336252862665
Random,415.01976248120644
Random,360.055341463121
Random,419.2491299370415
Random,344.38269416906417
Random,379.8802994316878
Random,461.01392099330366
Random,335.72315436852193
Random,301.41940702906743
Random,383.0445331455814
Random,400.85810429444234
Random,359.2895506515884
Random,418.22316670459816
Random,338.7168970085882
Random,360.41803663251045
Random,376.72194224919826
Random,370.96582851047134
Random,458.475927533064
Random,376.39071250002195
Random,331.9424590951908
Random,386.84679229840674
Random,418.58415545782833
Random,403.0995391402405
Random,399.4412996967566
Random,253.12869052807372
Random,187.4941672885384
Random,436.1674595489612
Random,380.9645914496047
Random,350.5758905033922
Random,397.8246598334902
Random,479.2024557539503
Random,445.2930569458631
Random,415.50655780492923
Random,293.4761082330455
Random,302.0518070039882
Random,194.49729102973134
Random,393.8118892764047
Random,425.16939503243697
Random,430.5517510486398
Random,396.5784111042672
Random,341.83158735699726
Random,314.7576875139305
Random,297.5259234580095
Random,341.21395995509687
Random,287.4634672428344
Random,467.8929682905667
Random,266.0434774976703
Random,338.9944837253113
Random,224.20958471356232
Random,371.5726208456723
Random,351.84267515602943
Random,328.4518366597904
Random,290.4363044420164
Random,352.16248114878266
Random,316.0655812590603
Random,342.96671930179986
Random,481.1903801265875
Random,363.36369624890955
Random,387.16923572628616
Random,321.34532480508733
Random,300.2272563614657
Random,350.48479091238926
Random,517.2591163202468
Random,333.0297721369986
Random,375.85489502207827
Random,297.32569800402433
Random,170.15204546548446
Random,299.8711320925107
Random,509.1268288053483
Random,391.29575945183456
Random,460.3009972695278
Random,329.05033249448957
Random,196.44914715206036
Random,278.82520577147864
Random,378.2036342289151
Random,367.68251482180574
Random,351.3120294258369
Random,317.00356517920295
Random,414.0212353290141
Random,318.91111951593655
Random,372.3159134307382
Random,364.89165889215184
Random,327.678838738094
Random,293.8344606313888
Random,323.79621427628456
Random,475.6590376580513
Random,425.4215589755678
Random,419.34565626461057
Random,300.0933953528622
Random,257.1125079841853
Random,424.36861824006894
Random,411.7146391896963
Random,361.0584324610484
Random,327.5443674194916
Random,255.37965282048793
Random,409.24842932898116
Random,430.28491758775004
Random,307.17989971958116
Random,301.6684263511849
Random,433.910087050581
Random,309.6369454490302
Random,469.41797371852124
Random,344.8025839808631
Random,326.4869273468011
Random,354.9771280800842
Random,326.4823055319747
Random,426.330017498947
Random,410.4634692119755
Random,423.8150153215549
Random,364.17830288580814
Random,321.88060311164804
Random,351.4017755097696
Random,323.9040117563619
Random,448.7953698700753
Random,418.15006577070767
Random,345.95947758742415
Random,290.8526528530961
Random,453.69541942145196
Random,361.02115294592386
Random,343.40894762701555
Random,454.2770795014512
Random,318.3433783170475
Random,330.9508245122507
Random,336.7699094071995
Random,265.1064346716385
Random,372.8385341181126
Random,301.68524685122225
Random,314.3323656674659
Random,305.50725835949015
Random,313.2533665819397
Random,296.63164537495624
Random,368.31613572291815
Random,341.73085589594285
Random,355.16853712173565
Random,507.3500130465127
Random,341.732962047453
Random,391.92654306760016
Random,399.4374735561746
Random,347.85146279195794
Random,370.07074268197255
Random,353.3660805573201
Random,365.36885411695755
Random,313.289891903023
Random,319.38205356773165
Random,353.11686871668303
Random,221.85435950583442
Random,450.74080412451144
Random,494.6166291879425
Random,363.24311715503114
Random,395.9209656985663
Random,423.3498062233328
Random,264.57179718783425
Random,413.2663443887719
Random,323.8549735673411
Random,503.18779916791175
Random,339.5748683800862
Random,411.9400267293296
Random,340.2247465962312
Random,496.9817219178095
Random,318.18488567543227
Random,428.8958599636077
Random,393.36074024182847
Random,378.68445746983457
Random,367.114488468955
Random,307.97717383200705
Random,181.3202835113509
Random,422.9098791584666
Random,319.7366187172772
Random,429.193609483014
Random,375.21205268243386
Random,431.21694754732795
Random,404.92490632722524
Random,189.33011808837276
Random,392.5831106723678
Random,329.31741794944406
Random,428.89073835969964
Random,391.01969467902876
Random,391.7959565057301
Random,334.03197548325545
Random,291.76799132088576
Random,323.4294607079453
Random,233.2071107389574
Random,313.0373135199214
Random,255.36549943039748
Random,257.1091069519845
Random,359.68760391692985
Random,387.2472300072614
Random,349.90163030843576
Random,319.07982717566546
Random,289.4710612922309
Random,331.0652625039291
Random,297.7332792789688
Random,347.85317101999345
Random,251.57890291079224
Random,398.28696016157807
Random,314.5759459430043
Random,376.83295541863436
Random,410.5566517116587
Random,373.639478207446
Random,404.74236811347345
Random,215.6018086516313
Random,319.4714601955435
Random,424.80306000807957
Random,385.6091495288706
Random,473.9985755263965
Random,464.48911167782313
Random,371.773080873742
Random,335.36941115360275
Random,288.7430449375787
Random,320.5966346746737
Random,325.0557040397018
Random,312.8455533028068
Random,291.38970864909095
Random,378.50405477645495
Random,463.9782187573875
Random,413.5949467031971
Random,330.7202761541587
Random,418.9259039416468
Random,374.87895721136624
Random,349.3135128381684
Random,345.1939001072713
Random,338.8039508927746
Random,394.9703641006598
Random,361.2182254302438
Random,303.9240953599187
Random,300.72776079937677
Random,372.1896627645901
Random,380.2909802350962
Random,331.3332454750922
Random,277.28762889874787
Random,434.5636977276187
Random,420.54790422878864
Random,220.83315093574913
Random,440.412472938693
Random,338.20759737602106
Random,364.53914728179143
Random,427.1227219634734
Random,461.06755991751754
Random,418.18910881300496
Random,367.9080129307369
Random,261.2077147040021
Random,218.26869961700726
Random,409.9584899756172
Random,440.57400281913544
Random,298.23343918468885
Random,334.1945223272438
Random,315.22045136656
Random,313.46259514972576
Random,422.9474381368697
Random,366.4126267617404
Random,336.87423144788585
Random,527.3963213536846
Random,257.328220665501
Random,388.1621313787218
Random,282.76743317863514
Random,341.60916644838005
Random,361.8101333745364
Random,407.7433174959161
Random,334.7619949193725
Random,327.7814255454084
Random,333.58038354430846
Random,280.7231227041224
Random,393.73244693805134
Random,370.56806847160595
Random,380.7211323067933
Random,347.4101618328167
Random,339.27005464725386
Random,429.5896223232362
Random,419.437907030363
Random,445.37683868816964
Random,376.59122719872744
Random,441.27583024725766
Random,324.53854577845266
Random,338.7437821146721
Random,430.87664974300947
Random,407.6658215251758
Random,332.8302731436168
Random,282.9469564226991
Random,338.5383623384968
Random,306.7986828757157
Random,465.81722984425255
Random,402.1626824723036
Random,301.4491098924735
Random,283.03059659610915
Random,300.6313239302193
Random,315.117534261222
Random,340.9977740093852
Random,425.5600683981386
Random,288.2098851707018
Random,503.1094581598723
Random,289.7421843693088
Random,259.0028497477565
Random,463.4281184713491
Random,439.20286958923907
Random,339.9649793480852
Random,377.16793279821877
Random,378.8335618607329
Random,361.0230202970749
Random,266.4323504609488
Random,188.19016594402734
Random,296.2480719666545
Random,471.86619115048256
Random,474.4572911799593
Random,334.7187603435076
Random,288.7743613134377
Random,370.3560005021391
Random,380.9727589008237
Random,391.6474882734078
Random,185.21610693271856
Random,560.4119081324607
Random,426.74332809087974
Random,338.940995553182
Random,304.58047640938366
Random,417.1621758092539
Random,384.69604459227975
Random,358.0817342102778
Random,382.2500858202936
Random,344.5605061211754
Random,378.52290953734195
Random,399.9399481629312
Random,374.6589136894138
Random,371.2008452892467
Random,443.92876879193796
Random,246.5909301183819
Random,299.3397696151436
Random,353.75300527474747
Random,303.8287395266701
Random,325.86185247589987
Random,436.9909576707429
Random,342.16791571879014
Random,231.27207217087772
Random,324.0594458639376
Random,355.83546949283556
Random,354.6195091421176
Random,388.69847112886333
Random,383.30964593386125
Random,342.83747749728497
Random,273.2593759558014
Random,322.8848093919209
Random,310.8967472629613
Random,333.1831490227071
Random,397.6171233270205
Random,378.67078147120765
Random,406.38437710695126
Random,326.6505085622156
Random,451.55181070679237
Random,396.4073418313835
Random,359.40748900156916
Random,391.82087456894595
Random,307.3998126343519
Random,212.8222217466122
Random,311.95803964139463
Random,401.3321591779831
Random,357.2942586194716
Random,342.96892480326034
Random,296.04255532866995
Random,222.91549548950863
Random,446.0398109737762
Random,338.27894704043393
Random,323.6504931947854
Random,307.6713463719364
Random,434.7984835233575
Random,410.16915361703934
Random,288.16219536207706
Random,428.8598356928733
Random,342.42535235119635
Random,311.704215592843
Random,332.62158247136165
Random,300.3023814660168
Random,264.82211121857983
Random,403.2246437235669
Random,337.4334793039231
Random,392.73582922058785
Random,370.95607985455007
Random,388.20371334931383
Random,216.96487084313227
Random,294.7938235424369
Random,389.578073856522
Random,267.8611741870261
Random,376.6222955316073
Random,260.2134977187741
Random,353.08530291064983
Random,458.25936599977973
Random,403.1236076118872
Random,229.85109746891152
Random,407.9925126848682
Random,472.2677229641525
Random,536.6030566706747
Random,383.3549986729335
Random,261.94828502356654
Random,380.68874654961235
Random,457.33821749053664
Random,339.65218013647996
Random,420.84518891024885
Random,296.5862020740726
Random,376.5753147063721
Random,187.6877519987716
Random,289.2778647987766
Random,351.5960372793975
Random,328.01845578195525
Random,266.15924537780074
Random,319.0226909263929
Random,373.7572331988878
Random,346.30897925072554
Random,356.02187961147735
Random,400.30994100365876
Random,329.3512617516057
Random,441.70574028142636
Random,286.7081096373068
Random,479.24816850192826
Random,425.4605496126213
Random,328.50414648619335
Random,332.9049655207487
Random,365.64454904637455
Random,391.51228137155044
Random,424.24018616540815
Random,263.5209776310045
Random,380.8712130560423
Random,212.31005933746079
Random,340.2981679348581
Random,447.9582252499722
Random,258.4378038735791
Random,246.45030612191027
Random,366.57247657016643
Random,443.5703248353917
Random,373.47609977163125
Random,226.29521880581763
Random,240.9135247389459
Random,358.4512645733417
Random,274.17000032647934
Random,361.0212953977733
Random,364.935677475618
Random,319.6760042965911
Random,471.77378340062165
Random,390.9708355256633
Random,431.9649980004156
Random,412.75839604592704
Random,342.09514491130875
Random,339.166481411603
Random,332.35707756930117
Random,396.9527486650161
Random,309.075898293457
Random,465.85217417428146
Random,302.77262595762204
Random,366.15535477160387
Random,336.88066640496737
Random,322.2476412504892
Random,495.37489226259845
Random,323.02241346677744
Random,331.88840205449986
Random,308.16718250191127
Random,354.7086806354689
Random,345.3137797553822
Random,278.1292933735159
Random,323.9915889530547
Random,392.23931182374145
Random,419.78113206184895
Random,353.5840404557217
Random,355.89365618311183
Random,328.17432526349177
Random,318.8388476707797
Random,291.30818002776806
Random,249.26113602022923
Random,305.63851950896856
Random,411.66748924447387
Random,323.9884817819863
Random,329.16276687619325
Random,327.8779768188333
Random,434.15070594496046
Random,290.7267503449317
Random,370.28552033373956
Random,347.48123518436915
Random,356.48317045625475
Random,368.12712686968575
Random,355.77288605769263
Random,404.3394445189607
Random,350.0690163544467
Random,467.12884196609605
Random,354.93567597181186
Random,239.57118574838222
Random,394.1284836374863
Random,377.8783891471456
Random,354.147972096287
Random,334.86829316900446
Random,212.43514161365414
Random,223.50829189046544
Random,460.73626855283374
Random,313.35682819544047
Random,415.73094821844575
Random,246.19980396612954
Random,282.90735250569446
Random,396.7903024941932
Random,345.2349316438902
Random,387.486033351299
Random,351.1002506486327
Random,338.29365037556386
Random,307.1171073404572
Random,273.19582470861997
Random,444.57828512234494
Random,455.44240100457216
Random,283.44560498688384
Random,279.1307792675414
Random,329.0469726001419
Random,374.468710980968
Random,339.9999982748598
Random,384.9683243063496
Random,348.74956945764984
Random,344.4343446643506
Random,511.26319662681135
Random,317.33658539470974
Random,460.2364949264201
Random,447.492962466937
Random,385.2701714345868
Random,224.87529879433131
Random,354.04979436395547
Random,318.0301460118939
Random,353.3259856350713
Random,281.84419170239977
Random,401.91302463730347
Random,417.0090117893303
Random,429.22160393641815
Random,326.77620471862076
Random,282.07794326491296
Random,375.2109734870718
Random,467.9009052618169
Random,356.5797158844932
Random,381.8516076833986
Random,336.49505257178816
Random,318.7709664108796
Random,395.4462119478969
Random,344.9995933556349
Random,378.6325121609358
Random,385.4954525802838
Random,374.93611138316794
Random,388.81845107959083
Random,295.70162163783397
Random,291.6740624811091
Random,349.1869739639211
Random,350.77495286275763
Random,317.5266934365045
Random,367.9060195633686
Random,411.9423504350466
Random,430.37578369413006
Random,445.2092835947123
Random,265.2230902382258
Random,275.2420941352439
Random,332.88340403285133
Random,357.2989117064868
Random,336.26441174543874
Random,315.52580420795175
Random,331.9083961469734
Random,383.8987122805452
Random,264.24491851172587
Random,506.6615733907488
Random,353.38557386336373
Random,421.35592801909587
Random,313.7196769323425
Random,389.9070731066347
Random,358.606010806686
Random,408.54935399662736
Random,338.8893034236324
Random,454.4031954279188
Random,253.5243140658551
Random,414.6586727930695
Random,359.8355038651812
Random,284.7904379073857
Random,480.83634742310926
Random,474.0140499534602
Random,215.12453084165196
Random,363.6677695648244
Random,398.5737286122286
Random,381.1525173489758
Random,452.02495414637656
Random,438.3037586959646
Random,369.502365516934
Random,502.288838419168
Random,413.8318704987001
Random,328.8066433182571
Random,315.5450587413288
Random,434.0605391962581
Random,299.66502104899087
Random,324.9572735557405
Random,336.18825516398005
Random,375.47312395622595
Random,339.2317480445356
Random,265.07992083231085
Random,428.6972627073904
Random,325.30968918018243
Random,485.3157277407664
Random,372.0633404791494
Random,435.6356939705425
Random,393.6368599359323
Random,438.79371391613734
Random,389.6423737534525
Random,367.52114304345923
Random,424.1534500625301
Random,516.0741595630755
Random,334.1934020520782
Random,404.4651811898509
Random,351.6538351143302
Random,385.3998953525403
Random,354.78246480005123
Random,209.5889695431134
Random,338.7876766292803
Random,417.97063480536326
Random,301.4963628642744
Random,412.78246524272186
Random,364.1182048497628
Random,339.3616249636222
Random,411.78381542870227
Random,396.94808187524126
Random,379.7561066990703
Random,419.04941338350733
Random,365.40448909284635
Random,243.45204182272442
Random,327.0440223732669
Random,232.90944009652884
Random,395.38607852976986
Random,411.14918939333586
Random,414.15234798078075
Random,384.28025014916705
Random,415.8830585396937
Random,247.9441796743476
Random,344.900583161577
Random,258.61554473865783
Random,328.3502455548113
Random,458.672614571562
Random,424.1536540354098
Random,395.7108368273118
Random,340.01306491235755
Random,286.4227442265916
Random,364.3438271297723
Random,425.30460490027224
Random,379.05151829110946
Random,247.3444079138189
Random,358.9043192096451
Random,225.72033932362103
Random,405.0761329849965
Random,306.2614886275968
Random,271.2739876097064
Random,405.9834237403254
Random,388.9189372541431
Random,367.33833151933794
Random,496.6527245119694
Random,393.9099891928931
Random,309.43284262479375
Random,386.26745525400617
Random,333.1188953358348
Random,435.6060822452021
Random,370.54449565080824
Random,377.07493692882963
Random,256.80368492711057
Random,356.0492068871948
Random,348.2864536184929
Random,284.4019119561036
Random,337.3809018983362
Random,380.7596612765492
Random,351.71292644329515
Random,258.8014203554538
Random,333.96768900900173
Random,321.1103639233683
Random,364.7718925200581
Random,357.6451490850319
Random,324.8335379006181
Random,322.2562127340588
Random,356.43669080697697
Random,415.55646582911317
Random,370.39027449874027
Random,445.9225754691871
Random,426.79060460356476
Random,450.78104474980404
Random,442.3294250190017
Random,455.1546681048877
Random,275.8925745088985
Random,394.73013434209093
Random,432.40915648901716
Random,444.3358032425368
Random,301.1325583410791
Random,395.3871146454749
Random,356.96340228672767
Random,473.9059753785024
Random,260.43875278996626
Random,301.2268876260909
Random,232.49816755248523
Random,361.54467494418344
Random,501.41345777179697
Random,349.07345317680273
Random,358.6681992866008
Random,388.3157588611315
Random,344.3248279895188
Random,376.1577172635093
Random,377.88597017563575
Random,296.1932609618272
Random,345.7929170377219
Random,400.9675731483562
Random,413.2860236931643
Random,437.70110930882214
Random,374.1387804076644
Random,375.4818569421331
Random,401.51220110416523
Random,312.7451659042937
Random,310.0385825687153
Random,343.7633413948097
Random,267.8488318294292
Random,378.855450932194
Random,421.2394143871054
Random,305.13711944066864
Random,380.7198465324279
Random,310.4773506378284
Random,284.90601686833486
Random,487.667028888138
Random,285.852613022862
Random,267.5649250062022
Random,366.17121620565064
Random,369.72241757841056
Random,396.0373213185361
Random,484.0810515316539
Random,300.7094321971544
Random,313.82316869372255
Random,458.18116282225253
Random,413.98216852338174
Random,404.80536829227435
Random,313.06866609651695
Random,426.30862254720864
Random,405.01006613194835
Random,364.50945969587815
Random,313.3947645245895
Random,359.0419065896374
Random,460.80013463989593
Random,279.7981283281571
Random,299.21326150781096
Random,310.56503928533607
Random,324.8858037033568
Random,350.9613786896122
Random,415.2656878613258
Random,382.45333155155254
Random,356.0155093332263
Random,370.2815693553028
Random,393.18340338396985
Random,241.00740754884674
Random,422.72455665580367
Random,297.45674576949745
Random,322.7283155022858
Random,374.4687312324367
Random,347.02321535174144
Random,384.1374091121604
Random,361.36064261812277
Random,332.904069053933
Random,452.8980391788346
Random,398.7323251126689
Random,371.9397434589509
Random,397.7063094967182
Random,305.4482534813053
Random,495.5349349599012
Random,280.21594472851285
Random,359.4691314473645
Random,333.09586561122916
Random,330.5886512218148
Random,322.01905408322585
Random,301.0671399340989
Random,430.4305855173359
Random,272.48961555752965
Random,416.91521731313213
Random,394.80349049158485
Random,326.86118530916315
Random,387.1520807303943
Random,341.57866483202605
Random,279.3335816583828
Random,280.03137879172016
Random,395.2591400869996
Random,391.8356413632115
Random,367.9727533450685
Random,326.1599084035266
Random,339.4315187803526
Random,330.51349162717423
Random,236.70168707832676
Random,356.04271451691443
Random,386.48202083982704
Random,356.4621807193616
Random,468.76384535326736
Random,285.69889844122133
Random,308.36715468501444
Random,360.77925371512225
Random,368.0886094727005
Random,226.52023074826604
Random,391.7780679917898
Random,368.3889114106695
Random,212.12006570701598
Random,344.29718825359515
Random,298.63625955204793
Random,322.08066455528984
Random,263.68534821126104
Random,379.46845279245576
Random,468.2772411176349
Random,369.49155589523866
Random,209.48064928359932
Random,370.8493384639647
Random,339.1538397148637
Random,279.3331727062292
Random,375.3391728718078
Random,410.06447205640546
Random,307.8794301950529
Random,243.51363448641519
Random,219.2296321901706
Random,308.06478382336877
Random,341.73677102885256
Random,317.9436327999264
Random,306.9033818842828
Random,389.48136879045825
Random,382.546519045631
Random,365.17316458217266
Random,405.88819376671097
Random,308.683714715509
Random,279.7590904861345
Random,317.52597750099346
Random,312.97401706900314
Random,216.61489590089624
Random,315.9924697898999
Random,424.9201366420269
Random,404.85632642077894
Random,386.6621345591013
Random,360.6867908536406
Random,447.6273027253741
Random,282.0289189387146
Random,288.3214099504508
Random,426.20348806344316
Random,353.82192319135476
Random,307.7022317350842
Random,388.427025365927
Random,323.061180528593
Random,296.7233172987995
Random,294.886780350772
Random,373.22225782771704
Random,365.5838227776237
Random,452.10528659929275
Random,332.8541097243008
Random,331.7281363793378
Random,447.0158130147765
Random,417.05268835632097
Random,361.5632880483408
Random,248.9731603096335
Random,298.41758436930667
Random,282.4297433724094
Random,354.40581727535834
Random,318.44948644025806
Random,457.79172292759176
Random,248.28514389091544
Random,275.351578683761
Random,368.1454998020702
Random,386.4147792844352
Random,181.24900876087446
Random,237.46292949509393
Random,334.60215625271945
Random,441.4988796780078
Random,476.59221842432
Random,324.6431656492403
Random,340.73729949025255
Random,296.7668600192136
Random,393.7916223924841
Random,452.88295257659945
Random,434.89736866708324
Random,350.0859595647425
Random,296.6569074610752
Random,352.54100228444815
Random,443.1319224926161
Random,325.5658715091232
Random,232.1816840630483
Random,328.2393892810471
Random,333.58430026976964
Random,231.79432135621317
Random,367.31446391188905
Random,385.39630777485627
Random,474.7529125780085
Random,264.0631208483546
Random,400.21441446505844
Random,415.81118597760786
Random,386.29498144173044
Random,285.5510922322878
Random,281.71483907099423
Random,358.4149856507318
Random,357.95172554985527
Random,315.0773675745054
Random,437.24804289319485
Random,325.550395555524
Random,227.01575088814357
Random,337.21227004268076
Random,383.69804098421656
Random,374.569436036029
Random,374.05869075123644
Random,450.60327494754074
Random,278.42382226765983
Random,324.0352490088555
Random,453.9735665086866
Random,222.15490746035726
Random,348.4561664846172
Random,433.1087936056442
Random,432.1250725616479
Random,395.5676806078593
Random,397.2389939162718
Random,283.2924738783611
Random,442.62968753932626
Random,272.7959270551376
Random,276.73274072135723
Random,377.59969265680724
Random,319.46104328266483
Random,365.64198213662405
Random,380.430627232495
Random,469.3552427987862
Random,380.625822647383
Random,311.1767359255417
Random,396.64820524028494
Random,297.1042227945806
Random,412.2682646088187
Random,356.26544269157085
Random,378.4358918663586
Random,234.4768375104311
Random,203.45079071802184
Random,252.90600066071346
Random,467.22087647609885
Random,276.221781692092
Random,400.3324469312695
Random,309.63408527189347
Random,336.15801345153017
Random,349.04846316542887
Random,460.4893762355587
Random,390.577365032234
Random,377.4121872611432
Random,437.58209651933896
Random,310.2090069917356
Random,422.5106364787946
Random,411.4859712804763
Random,410.73335797407316
Random,341.7688976078405
Random,323.1372168786897
Random,294.5916394188186
Random,298.7259639122085
Random,291.47713203013956
Random,376.211952280521
Random,336.9298033241752
Random,380.4724130468813
Random,384.20021329708504
Random,282.05610041697
Random,280.07527688079085
Random,336.9084147105614
Random,300.8420322414904
Random,293.89279879126514
Random,463.9153425989415
Random,250.79858505609076
Random,485.5222522003487
Random,371.06584130169983
Random,417.0917266791831
Random,409.3099659437953
Random,392.7193056995584
Random,461.68089874345026
Random,280.5604985605324
Random,341.679027066625
Random,295.71210377495066
Random,240.05875095186275
Random,308.3580861751572
Random,475.5881533627722
Random,340.55119797043085
Random,482.9120370800149
Random,489.6645927872514
Random,549.6786040039415
Random,477.7625392604882
Random,507.6367031120312
Random,373.4610577096778
Random,367.06966342332043
Random,371.4593978402131
Random,352.00410550428404
Random,361.87776692105786
Random,401.6440493001256
Random,321.25602155042844
Random,261.07680030462507
Random,375.99884063978675
Random,306.27488093456213
Random,313.1079491668917
Random,342.5782867992647
Random,327.43854751076424
Random,425.2628045061017
Random,340.99505839145934
Random,428.58967609986337
Random,365.59707243018215
Random,346.1570858722458
Random,362.44255209492843
Random,266.7524289746316
Random,374.3130945050659
Random,408.04649355678737
Random,417.3961281718508
Random,262.7565103650607
Random,251.74730665196356
Random,316.5699773446648
Random,443.38771562752993
Random,366.58437597629626
Random,300.87011417661864
Random,256.10599518259494
Random,306.85670590606134
Random,302.39762551813686
Random,413.7507694305869
Random,418.8279204595449
Random,282.7064764353982
Random,401.70896006438556
Random,394.94995531257825
Random,274.1410662256465
Random,346.4679658773585
Random,374.4941192183895
Random,362.7735376353457
Random,239.10428893063528
Random,360.65804199809685
