algorithm,energy_j
Centralized-DQN,2.066595430985858
Centralized-DQN,2.2839384965070773
Centralized-DQN,1.765910507486097
Centralized-DQN,1.7943275927357432
Centralized-DQN,1.8718770971429506
Centralized-DQN,1.9870961482714113
Centralized-DQN,1.9423528936603058
Centralized-DQN,2.059232560427618
Centralized-DQN,1.660757020673631
Centralized-DQN,2.011435090013925
Centralized-DQN,1.7489935763960092
Centralized-DQN,1.8869758689663947
Centralized-DQN,2.3135263397198296
Centralized-DQN,1.5978448568603116
Centralized-DQN,1.855610695271569
Centralized-DQN,1.626321614059632
Centralized-DQN,1.9552668613367283
Centralized-DQN,2.16151286370586
Centralized-DQN,1.9590885393817197
Centralized-DQN,1.8931086673914632
Centralized-DQN,2.2260638966135926
Centralized-DQN,1.996147760971502
Centralized-DQN,2.1088280193742412
Centralized-DQN,2.0847953019291188
Centralized-DQN,1.2573142108822823
Centralized-DQN,1.9023355071849335
Centralized-DQN,1.6716116423697363
Centralized-DQN,1.728925387586259
Centralized-DQN,2.2597446391277476
Centralized-DQN,1.8336448023576748
Centralized-DQN,2.3560477123137042
Centralized-DQN,1.5956685879695949
Centralized-DQN,1.6703222522240944
Centralized-DQN,2.0956455922833337
Centralized-DQN,1.8413480018476396
Centralized-DQN,1.9908082183528817
Centralized-DQN,1.8941245072044095
Centralized-DQN,1.8871504347726318
Centralized-DQN,1.8499040097641295
Centralized-DQN,1.9613552702379424
Centralized-DQN,2.067833461446429
Centralized-DQN,2.2919628635840583
Centralized-DQN,1.8733411118570147
Centralized-DQN,1.8293057366854941
Centralized-DQN,1.7996248573918159
Centralized-DQN,2.2586382001994876
Centralized-DQN,2.0790508562950234
Centralized-DQN,1.4824626985486455
Centralized-DQN,1.4723049900757135
Centralized-DQN,1.7287546645636411
Centralized-DQN,1.9730255103101277
Centralized-DQN,1.9122884799240136
Centralized-DQN,2.038604978344784
Centralized-DQN,1.8795778309209723
Centralized-DQN,2.2419652849257083
Centralized-DQN,2.097894461669533
Centralized-DQN,1.937873650279454
Centralized-DQN,2.1838862047950576
Centralized-DQN,1.540092005917773
Centralized-DQN,1.9003987862019323
Centralized-DQN,1.9516828353318878
Centralized-DQN,2.058709209589058
Centralized-DQN,1.5248257529482858
Centralized-DQN,1.8600022486561194
Centralized-DQN,2.0122661674792877
Centralized-DQN,2.0299381539219463
Centralized-DQN,2.1932843154710477
Centralized-DQN,2.095450828586514
Centralized-DQN,1.9059810702246816
Centralized-DQN,2.075513951757793
Centralized-DQN,1.8736058183682125
Centralized-DQN,1.9538167187165612
Centralized-DQN,2.1031224614739523
Centralized-DQN,1.909562697249475
Centralized-DQN,2.003402422164135
Centralized-DQN,2.1414855404506397
Centralized-DQN,2.084082783914278
Centralized-DQN,2.2041919155950676
Centralized-DQN,2.4564744878483507
Centralized-DQN,2.0819545589814394
Centralized-DQN,1.8137181961563444
Centralized-DQN,2.037924030217682
Centralized-DQN,2.028015763159392
Centralized-DQN,2.061352863784792
Centralized-DQN,2.2644517433634905
Centralized-DQN,1.531980708330085
Centralized-DQN,2.2687882732023708
Centralized-DQN,2.346336046400589
Centralized-DQN,2.050883480817457
Centralized-DQN,2.0564279227138096
Centralized-DQN,1.8643250364074113
Centralized-DQN,1.9214570472537689
Centralized-DQN,2.080808177467734
Centralized-DQN,2.065970471294283
Centralized-DQN,2.0860515217927804
Centralized-DQN,2.0643844388973966
Centralized-DQN,2.126989050042402
Centralized-DQN,2.101243853564693
Centralized-DQN,1.6839900675240655
Centralized-DQN,2.1117545572242156
Centralized-DQN,2.3482183564222985
Centralized-DQN,1.9138651963494753
Centralized-DQN,2.265480180015163
Centralized-DQN,1.7086551629003695
Centralized-DQN,1.9131426924417556
Centralized-DQN,1.7722771618230087
Centralized-DQN,2.2377725765584433
Centralized-DQN,2.2979657981357993
Centralized-DQN,1.8971452139318257
Centralized-DQN,2.1898125748212904
Centralized-DQN,2.300304375068928
Centralized-DQN,1.9124154951256314
Centralized-DQN,1.949894771358025
Centralized-DQN,2.089024981162057
Centralized-DQN,1.7258792490577264
Centralized-DQN,1.9453664859374347
Centralized-DQN,2.4136981492689262
Centralized-DQN,1.8047968849343317
Centralized-DQN,2.116721565858781
Centralized-DQN,2.0406845443899675
Centralized-DQN,1.8822683346348397
Centralized-DQN,1.9710693334063238
Centralized-DQN,2.3238036306138845
Centralized-DQN,2.047548782571871
Centralized-DQN,2.083542210799395
Centralized-DQN,2.2888386730564045
Centralized-DQN,1.853319835315622
Centralized-DQN,1.6787908047733604
Centralized-DQN,2.3274272390224002
Centralized-DQN,1.9514546187152864
Centralized-DQN,2.1258856358743325
Centralized-DQN,1.7443593556332992
Centralized-DQN,2.009516460728716
Centralized-DQN,1.667266686367828
Centralized-DQN,1.9346856590733525
Centralized-DQN,1.7707184981349242
Centralized-DQN,1.7177884412361482
Centralized-DQN,1.8501605369780911
Centralized-DQN,1.3916027958601251
Centralized-DQN,1.6527584783360563
Centralized-DQN,2.1002682216023794
Centralized-DQN,2.0001023361517962
Centralized-DQN,1.6725073274198152
Centralized-DQN,2.0462300704047514
Centralized-DQN,1.7176597081762055
Centralized-DQN,2.0863404757432518
Centralized-DQN,1.8933567574743952
Centralized-DQN,1.8450916261496078
Centralized-DQN,1.8990189410931944
Centralized-DQN,2.509715356415779
Centralized-DQN,1.7451721299020504
Centralized-DQN,1.9721991167077735
Centralized-DQN,2.1000273506670424
Centralized-DQN,1.6982600795699094
Centralized-DQN,1.552682994261673
Centralized-DQN,1.7815069878615153
Centralized-DQN,2.094980321535483
Centralized-DQN,1.8412024047218036
Centralized-DQN,1.8667531934144197
Centralized-DQN,2.129841327657695
Centralized-DQN,1.7342185544843844
Centralized-DQN,1.8995507763119348
Centralized-DQN,1.571211024080605
Centralized-DQN,1.9938936715912232
Centralized-DQN,1.9728784299805617
Centralized-DQN,2.1032915630977267
Centralized-DQN,1.6561329872629127
Centralized-DQN,1.8757891013900352
Centralized-DQN,1.6254404289504336
Centralized-DQN,1.8632970195097038
Centralized-DQN,2.261403972581658
Centralized-DQN,1.8460985650235944
Centralized-DQN,1.6052920724939743
Centralized-DQN,1.7633558173498023
Centralized-DQN,1.5488366975806744
Centralized-DQN,1.6214539287228167
Centralized-DQN,2.07459539270294
Centralized-DQN,1.5867763421117713
Centralized-DQN,1.9919605072177637
Centralized-DQN,1.925931112523345
Centralized-DQN,1.7975358914088957
Centralized-DQN,1.9723814354053117
Centralized-DQN,1.7039627882463924
Centralized-DQN,2.113730549950551
Centralized-DQN,1.7591023952089349
Centralized-DQN,1.8309810688649732
Centralized-DQN,1.8035671283565065
Centralized-DQN,2.078854709239549
Centralized-DQN,2.0454398776724503
Centralized-DQN,1.3159600513711562
Centralized-DQN,1.9785775725184924
Centralized-DQN,1.518045811547386
Centralized-DQN,1.8413594775116167
Centralized-DQN,1.8950767053895603
Centralized-DQN,1.8388857839158648
Centralized-DQN,2.0353887487715903
Centralized-DQN,2.0859056408247243
Centralized-DQN,1.7417934813344353
Centralized-DQN,1.7334227706246172
Centralized-DQN,1.91171261483846
Centralized-DQN,1.5643241286375575
Centralized-DQN,1.8101042745167588
Centralized-DQN,2.230597132812447
Centralized-DQN,1.572948349775451
Centralized-DQN,1.8416369604141907
Centralized-DQN,1.783533892700901
Centralized-DQN,2.3820137198717393
Centralized-DQN,1.7960767779833118
Centralized-DQN,1.8094515720134026
Centralized-DQN,1.6825117606344813
Centralized-DQN,1.9221477435418945
Centralized-DQN,1.9822464894774576
Centralized-DQN,1.7159071071084455
Centralized-DQN,2.147801733286341
Centralized-DQN,1.9824530498200723
Centralized-DQN,2.116277591523498
Centralized-DQN,1.8443975743856824
Centralized-DQN,1.9760296698373632
Centralized-DQN,1.8709025675810116
Centralized-DQN,2.2558498290027607
Centralized-DQN,1.9467872572502927
Centralized-DQN,1.9220169096917756
Centralized-DQN,1.8144210434255812
Centralized-DQN,1.8011219795392135
Centralized-DQN,1.9747711660394096
Centralized-DQN,2.1088329506394734
Centralized-DQN,1.7622778142415156
Centralized-DQN,1.9491638654613799
Centralized-DQN,1.962432650730804
Centralized-DQN,2.0025669541729405
Centralized-DQN,1.5265928290112905
Centralized-DQN,1.7069415859865882
Centralized-DQN,1.605309422563914
Centralized-DQN,1.9275765719005622
Centralized-DQN,1.7124157355772722
Centralized-DQN,1.8056660463144771
Centralized-DQN,1.6448377672909409
Centralized-DQN,1.8270943018365382
Centralized-DQN,1.6610065302791956
Centralized-DQN,2.0946221050443916
Centralized-DQN,2.030414124240901
Centralized-DQN,1.9546128264516909
Centralized-DQN,1.850432579401597
Centralized-DQN,1.4505169690438522
Centralized-DQN,1.8144291934859875
Centralized-DQN,1.744560412334429
Centralized-DQN,1.976971979657976
Centralized-DQN,2.0627805316925274
Centralized-DQN,1.994795365438407
Centralized-DQN,2.2110040264227657
Centralized-DQN,1.789060400397675
Centralized-DQN,1.7795076369437237
Centralized-DQN,2.1591271439391537
Centralized-DQN,1.958296257301586
Centralized-DQN,1.8630914901790734
Centralized-DQN,2.3454384717837575
Centralized-DQN,2.05310911811697
Centralized-DQN,1.876098622325587
Centralized-DQN,1.761958314935662
Centralized-DQN,2.2256285195329233
Centralized-DQN,1.9676921136129797
Centralized-DQN,1.9256486982616534
Centralized-DQN,2.075814088885653
Centralized-DQN,2.1227722422191557
Centralized-DQN,2.0466900444267027
Centralized-DQN,2.1236679726256
Centralized-DQN,2.023996652291178
Centralized-DQN,2.0478467904223243
Centralized-DQN,1.7514306382440725
Centralized-DQN,2.3371055343246856
Centralized-DQN,1.635760897768542
Centralized-DQN,1.9912806023802179
Centralized-DQN,1.6120088697956487
Centralized-DQN,1.8973911385721958
Centralized-DQN,1.7883739458351933
Centralized-DQN,1.9512781527576537
Centralized-DQN,1.9987409697848013
Centralized-DQN,1.699660714830046
Centralized-DQN,1.9132229095791569
Centralized-DQN,2.2411025408539276
Centralized-DQN,1.6176541215356635
Centralized-DQN,1.72322601158506
Centralized-DQN,2.118317870879693
Centralized-DQN,1.937868628971975
Centralized-DQN,1.9548260958315795
Centralized-DQN,2.155538461138712
Centralized-DQN,1.7370465711056733
Centralized-DQN,1.8003451629855138
Centralized-DQN,1.7719353139660403
Centralized-DQN,1.8397740178938864
Centralized-DQN,2.228625888371945
Centralized-DQN,1.5280711459911522
Centralized-DQN,1.644851985966319
Centralized-DQN,1.6053466212956513
Centralized-DQN,2.242950286238047
Centralized-DQN,1.7784422550451744
Centralized-DQN,1.8447343919420163
Centralized-DQN,1.5479882854070162
Centralized-DQN,1.8595462572673722
Centralized-DQN,2.1196466044819893
Centralized-DQN,1.9782813039220906
Centralized-DQN,1.8951481225807967
Centralized-DQN,1.5594503749359188
Centralized-DQN,1.8444398390842431
Centralized-DQN,1.9538491616085232
Centralized-DQN,1.6914835529395265
Centralized-DQN,2.070886922798104
Centralized-DQN,2.123919793147024
Centralized-DQN,1.7981993375260963
Centralized-DQN,2.0872317374450007
Centralized-DQN,1.8947159967396787
Centralized-DQN,2.1843005909557585
Centralized-DQN,2.3886683120773817
Centralized-DQN,1.66801947296258
Centralized-DQN,2.097289206577152
Centralized-DQN,2.2206638360438924
Centralized-DQN,1.6963552495829377
Centralized-DQN,1.7874921980424205
Centralized-DQN,1.7848987165679913
Centralized-DQN,1.8894072026412774
Centralized-DQN,1.8378933873667687
Centralized-DQN,1.874315230912109
Centralized-DQN,2.11307251083529
Centralized-DQN,1.4832049792774296
Centralized-DQN,1.695614955653827
Centralized-DQN,2.074351428758753
Centralized-DQN,2.047359624642249
Centralized-DQN,1.6761118784947067
Centralized-DQN,2.0489553293499654
Centralized-DQN,2.2257101468512763
Centralized-DQN,1.9087042910671466
Centralized-DQN,1.6877657805164805
Centralized-DQN,2.1215894606548025
Centralized-DQN,2.3169896672956893
Centralized-DQN,1.7158332740875242
Centralized-DQN,1.9290436778380877
Centralized-DQN,2.1711718582779693
Centralized-DQN,1.946578647927518
Centralized-DQN,1.5174229248749371
Centralized-DQN,2.0221634424082477
Centralized-DQN,1.694482490191204
Centralized-DQN,1.6272255131917792
Centralized-DQN,1.5219268628768727
Centralized-DQN,2.1942698403453726
Centralized-DQN,1.727682512098385
Centralized-DQN,1.9968006559291096
Centralized-DQN,2.053391100805494
Centralized-DQN,1.957283095253422
Centralized-DQN,1.988329907706003
Centralized-DQN,2.007793479336844
Centralized-DQN,1.9518177070030986
Centralized-DQN,1.744859247901588
Centralized-DQN,1.7243127178402737
Centralized-DQN,1.8958122522218666
Centralized-DQN,1.8909318033295066
Centralized-DQN,2.0189152663510828
Centralized-DQN,2.1738201754748525
Centralized-DQN,1.9992357950752107
Centralized-DQN,1.733172391115406
Centralized-DQN,1.4174617002860659
Centralized-DQN,1.7428368677654038
Centralized-DQN,1.6102294207042884
Centralized-DQN,1.7517222445760718
Centralized-DQN,1.9758206182345446
Centralized-DQN,1.9394435730060309
Centralized-DQN,2.3481241229425636
Centralized-DQN,2.0313019895997355
Centralized-DQN,2.3598721420757074
Centralized-DQN,2.0847681186792792
Centralized-DQN,2.17014683365748
Centralized-DQN,1.837308916618531
Centralized-DQN,1.672433061120931
Centralized-DQN,1.8165596411594773
Centralized-DQN,1.917265260131789
Centralized-DQN,1.775272193125243
Centralized-DQN,1.689336785401916
Centralized-DQN,2.016039404333743
Centralized-DQN,1.688356492908153
Centralized-DQN,1.5666834551534905
Centralized-DQN,1.661471359357994
Centralized-DQN,1.8660044955041475
Centralized-DQN,1.6916922375710537
Centralized-DQN,1.8674480862754153
Centralized-DQN,2.05834236793633
Centralized-DQN,2.052351677997316
Centralized-DQN,1.7677457105458227
Centralized-DQN,1.619571858346226
Centralized-DQN,1.7873763536296225
Centralized-DQN,2.0710605641741298
Centralized-DQN,2.1248708111718684
Centralized-DQN,2.0013058378060844
Centralized-DQN,2.196810866149345
Centralized-DQN,2.3184081683603033
Centralized-DQN,1.8086642853589567
Centralized-DQN,2.2625041737184874
Centralized-DQN,1.8599693904095822
Centralized-DQN,2.154973139848719
Centralized-DQN,2.0832550967822043
Centralized-DQN,1.4644857402041953
Centralized-DQN,1.6973812681128675
Centralized-DQN,1.6386152640820935
Centralized-DQN,1.5094163639133953
Centralized-DQN,2.122594172174359
Centralized-DQN,2.396645035419663
Centralized-DQN,1.860632254917338
Centralized-DQN,2.1167976957004138
Centralized-DQN,2.2620576731959474
Centralized-DQN,1.9679996237221078
Centralized-DQN,1.9141678698435747
Centralized-DQN,1.863393501448222
Centralized-DQN,2.043853566460026
Centralized-DQN,2.1215295091275066
Centralized-DQN,2.026399850351427
Centralized-DQN,2.018487492668206
Centralized-DQN,1.9082028515616871
Centralized-DQN,1.5529832774232322
Centralized-DQN,2.1268338559695197
Centralized-DQN,1.624022372440739
Centralized-DQN,2.062706451936573
Centralized-DQN,2.0941217241583767
Centralized-DQN,1.6572444431253366
Centralized-DQN,1.7799626978445724
Centralized-DQN,2.408787736640197
Centralized-DQN,1.9016872923948944
Centralized-DQN,1.638862769179887
Centralized-DQN,2.1045225768298845
Centralized-DQN,1.741975632635939
Centralized-DQN,1.4775112652265763
Centralized-DQN,2.039754903869906
Centralized-DQN,1.708811255243567
Centralized-DQN,1.9940017940480497
Centralized-DQN,1.7327562152212153
Centralized-DQN,2.0829398463597353
Centralized-DQN,1.9622780139892075
Centralized-DQN,1.3234463411038506
Centralized-DQN,2.008015689378337
Centralized-DQN,1.8532459019296381
Centralized-DQN,2.2464117447607617
Centralized-DQN,2.011055888413252
Centralized-DQN,2.0942187672006947
Centralized-DQN,1.7562913994447789
Centralized-DQN,1.7379683902115413
Centralized-DQN,1.9140903941236458
Centralized-DQN,1.8369140443866971
Centralized-DQN,2.228277285629203
Centralized-DQN,1.8846752888701452
Centralized-DQN,1.637801068803749
Centralized-DQN,1.7293253574861325
Centralized-DQN,2.142347769895067
Centralized-DQN,1.8814639078818216
Centralized-DQN,1.869148008664375
Centralized-DQN,2.1642672159477803
Centralized-DQN,1.709238561285379
Centralized-DQN,1.4050153808423431
Centralized-DQN,1.7234995246794296
Centralized-DQN,1.975777326001077
Centralized-DQN,1.862512545714104
Centralized-DQN,1.5604770155325467
Centralized-DQN,2.1541001160233972
Centralized-DQN,1.9576696963778568
Centralized-DQN,2.0096289856619887
Centralized-DQN,2.0166782038540885
Centralized-DQN,1.6208200137561841
Centralized-DQN,1.9897833023453546
Centralized-DQN,2.1290773516497423
Centralized-DQN,2.182727477077399
Centralized-DQN,2.0861790700829843
Centralized-DQN,2.0382250733396026
Centralized-DQN,1.5196981405968966
Centralized-DQN,1.9165590560000707
Centralized-DQN,1.6996052698898427
Centralized-DQN,2.2154114800004407
Centralized-DQN,2.1804394350436724
Centralized-DQN,1.7009981620100674
Centralized-DQN,1.909406626474134
Centralized-DQN,1.9772565757840375
Centralized-DQN,2.1275423057254734
Centralized-DQN,1.5339375552305388
Centralized-DQN,1.4109030188918095
Centralized-DQN,1.9287894168977253
Centralized-DQN,1.3367615641247008
Centralized-DQN,1.9565350832206996
Centralized-DQN,2.056444671033464
Centralized-DQN,2.2047928108787187
Centralized-DQN,1.7765602749106193
Centralized-DQN,1.95713625126954
Centralized-DQN,2.0701078670577386
Centralized-DQN,1.649114110061332
Centralized-DQN,2.1308961326019684
Centralized-DQN,1.9832084717324505
Centralized-DQN,1.7805051654053812
Centralized-DQN,1.9525740838407772
Centralized-DQN,1.887897334614588
Centralized-DQN,2.099729038137108
Centralized-DQN,1.8369499952301467
Centralized-DQN,1.972321649674489
Centralized-DQN,1.7769373551774768
Centralized-DQN,1.7039210099654247
Centralized-DQN,1.959521155256029
Centralized-DQN,1.7133847295189215
Centralized-DQN,2.1044536991498086
Centralized-DQN,2.0564503754136094
Centralized-DQN,1.7437176292583683
Centralized-DQN,1.9692550115035812
Centralized-DQN,1.7426611429630425
Centralized-DQN,1.550366329543294
Centralized-DQN,1.7823993214202027
Centralized-DQN,1.9084070025355675
Centralized-DQN,2.040132570220078
Centralized-DQN,1.954440175980366
Centralized-DQN,2.129128231302504
Centralized-DQN,1.6939393141056214
Centralized-DQN,1.8332086914250383
Centralized-DQN,2.2988620880869615
Centralized-DQN,1.47507915580013
Centralized-DQN,1.8158697279146507
Centralized-DQN,1.6731277944354856
Centralized-DQN,1.87498020765986
Centralized-DQN,1.8199032988947186
Centralized-DQN,2.058736612935955
Centralized-DQN,1.9788719599279498
Centralized-DQN,1.6191857114318713
Centralized-DQN,1.7844874583395383
Centralized-DQN,1.9199730318814419
Centralized-DQN,2.0903533556825886
Centralized-DQN,2.480553127990255
Centralized-DQN,2.081924149775328
Centralized-DQN,1.6867200183053985
Centralized-DQN,1.898378053156025
Centralized-DQN,1.9616969153357895
Centralized-DQN,1.8003323434728526
Centralized-DQN,2.028347398487319
Centralized-DQN,1.3966747188325277
Centralized-DQN,2.047445672753971
Centralized-DQN,1.810240337872019
Centralized-DQN,1.8947239146173511
Centralized-DQN,2.2577025651517055
Centralized-DQN,1.6293464427397044
Centralized-DQN,1.9828345217903225
Centralized-DQN,2.1029195318030856
Centralized-DQN,1.9592455199891636
Centralized-DQN,1.5480900928081514
Centralized-DQN,2.2311313829302257
Centralized-DQN,1.8713040267863754
Centralized-DQN,1.7984545881420222
Centralized-DQN,1.8484647439427513
Centralized-DQN,1.8319534715123136
Centralized-DQN,1.6457826033984515
Centralized-DQN,1.9580046150322141
Centralized-DQN,1.7823975149766143
Centralized-DQN,2.0745726579033206
Centralized-DQN,2.0392540017289376
Centralized-DQN,2.294554232470382
Centralized-DQN,1.8712397237669343
Centralized-DQN,1.7349312573592743
Centralized-DQN,1.5813713659808144
Centralized-DQN,2.4253463161516366
Centralized-DQN,2.072549682397317
Centralized-DQN,1.760466450160176
Centralized-DQN,2.310102932567148
Centralized-DQN,2.232459813247342
Centralized-DQN,1.6086656634343364
Centralized-DQN,1.7463993887806528
Centralized-DQN,1.8895123556750506
Centralized-DQN,1.6734523938811479
Centralized-DQN,1.897748091745339
Centralized-DQN,2.084036032459727
Centralized-DQN,1.6036006982425435
Centralized-DQN,1.987507326253195
Centralized-DQN,2.189221933539695
Centralized-DQN,2.012210743127928
Centralized-DQN,1.902577991858667
Centralized-DQN,1.7660693545936306
Centralized-DQN,2.1114259673316904
Centralized-DQN,1.6488376061841326
Centralized-DQN,1.9759392332763162
Centralized-DQN,1.925878824895484
Centralized-DQN,2.179340780438717
Centralized-DQN,1.7857346854497276
Centralized-DQN,1.8053216689398257
Centralized-DQN,1.63387433380652
Centralized-DQN,2.0207502968679343
Centralized-DQN,1.8223528297653697
Centralized-DQN,1.7213781556370262
Centralized-DQN,1.7433255321575543
Centralized-DQN,2.043749106385054
Centralized-DQN,1.665877900863806
Centralized-DQN,1.686336161668681
Centralized-DQN,2.126521672439205
Centralized-DQN,1.8817258193288895
Centralized-DQN,2.140134547810784
Centralized-DQN,1.8372044201527682
Centralized-DQN,1.9197405927790159
Centralized-DQN,1.9560113522541043
Centralized-DQN,2.239630755950628
Centralized-DQN,2.220873099158846
Centralized-DQN,2.185705813599514
Centralized-DQN,1.7751201323668857
Centralized-DQN,1.6926344672141067
Centralized-DQN,2.0952863530892327
Centralized-DQN,2.2372054354101083
Centralized-DQN,2.187913435880157
Centralized-DQN,1.92300654888962
Centralized-DQN,2.087687088739004
Centralized-DQN,2.0917373152708136
Centralized-DQN,1.9543164191338147
Centralized-DQN,1.9643228831394046
Centralized-DQN,1.942624205599366
Centralized-DQN,1.7384225587325408
Centralized-DQN,1.7619335183871083
Centralized-DQN,1.7583766207081792
Centralized-DQN,1.551535846629311
Centralized-DQN,1.9529149272610735
Centralized-DQN,1.9106518948982263
Centralized-DQN,2.0955565368615248
Centralized-DQN,2.2104692619983872
Centralized-DQN,2.22511742166064
Centralized-DQN,2.246814441594567
Centralized-DQN,1.7455685313126126
Centralized-DQN,1.5900765823517575
Centralized-DQN,2.134443320386276
Centralized-DQN,2.2384435441614876
Centralized-DQN,2.278500659837282
Centralized-DQN,2.031743126713123
Centralized-DQN,1.4599594104721243
Centralized-DQN,2.0042364203750997
Centralized-DQN,2.047973575966328
Centralized-DQN,2.208478084897979
Centralized-DQN,2.249386451093737
Centralized-DQN,2.129579536139981
Centralized-DQN,1.7846909418326349
Centralized-DQN,1.6828913707270674
Centralized-DQN,2.043024649378477
Centralized-DQN,1.7374275585579497
Centralized-DQN,2.2598715894164823
Centralized-DQN,1.5272696208341172
Centralized-DQN,2.050610675495731
Centralized-DQN,1.9936208581806694
Centralized-DQN,1.87236095980082
Centralized-DQN,1.7068532104001874
Centralized-DQN,1.4449667399171182
Centralized-DQN,1.7975588307288537
Centralized-DQN,1.8016013150436894
Centralized-DQN,2.1761441261986842
Centralized-DQN,1.7396300609402588
Centralized-DQN,2.0243183493650974
Centralized-DQN,1.6222679492870102
Centralized-DQN,2.0306491839168586
Centralized-DQN,1.4044338388566524
Centralized-DQN,2.402756239395232
Centralized-DQN,1.8874980418257747
Centralized-DQN,1.2761470330984683
Centralized-DQN,1.7546305208310045
Centralized-DQN,1.7182474214970163
Centralized-DQN,1.768899502418004
Centralized-DQN,1.8359866224079466
Centralized-DQN,1.7673330078737834
Centralized-DQN,1.7318986574434838
Centralized-DQN,1.6530394478594663
Centralized-DQN,2.109340283274183
Centralized-DQN,2.196741645750431
Centralized-DQN,1.8613461911263591
Centralized-DQN,1.9159365158325636
Centralized-DQN,1.66049336981163
Centralized-DQN,1.9363631688967122
Centralized-DQN,1.9729836508002399
Centralized-DQN,1.869450560321935
Centralized-DQN,2.0112556748780808
Centralized-DQN,1.991126503384556
Centralized-DQN,1.6771262847535304
Centralized-DQN,2.1948781471631515
Centralized-DQN,1.8721583017352659
Centralized-DQN,2.3060516970816733
Centralized-DQN,2.0168649038021895
Centralized-DQN,2.37410299323767
Centralized-DQN,2.190782016608205
Centralized-DQN,1.9723444903236544
Centralized-DQN,1.7533961779308387
Centralized-DQN,1.7583588538131083
Centralized-DQN,2.0428110992599726
Centralized-DQN,1.9529762497054273
Centralized-DQN,1.7842883552276538
Centralized-DQN,2.1119370119293537
Centralized-DQN,1.9289329145140297
Centralized-DQN,2.1133078614452874
Centralized-DQN,1.695251696631961
Centralized-DQN,2.150278272309082
Centralized-DQN,2.0354293791776135
Centralized-DQN,2.1959200506920222
Centralized-DQN,2.1451999873650442
Centralized-DQN,1.9004267364768967
Centralized-DQN,1.88189770583578
Centralized-DQN,2.330810340692953
Centralized-DQN,1.8530530246543966
Centralized-DQN,2.0924391242122393
Centralized-DQN,1.8321284369994835
Centralized-DQN,1.4910221383362856
Centralized-DQN,1.6372210718655082
Centralized-DQN,2.013524171872201
Centralized-DQN,2.081540743589016
Centralized-DQN,2.014282769484325
Centralized-DQN,2.1840267651210628
Centralized-DQN,2.010146339765943
Centralized-DQN,1.7413859236606268
Centralized-DQN,2.056927222611555
Centralized-DQN,1.9590776741982634
Centralized-DQN,1.787391435659626
Centralized-DQN,2.0288684470579645
Centralized-DQN,1.9382868862504194
Centralized-DQN,1.780607873075555
Centralized-DQN,1.8790197257710892
Centralized-DQN,2.245685868028909
Centralized-DQN,2.2381565528224465
Centralized-DQN,1.9633484096879326
Centralized-DQN,1.9331943531772307
Centralized-DQN,1.5898262045344111
Centralized-DQN,2.3161417221195917
Centralized-DQN,2.1587731708495794
Centralized-DQN,2.0932496418902766
Centralized-DQN,1.3959020427823168
Centralized-DQN,1.9294285787110954
Centralized-DQN,1.890709545603282
Centralized-DQN,2.0773206769844577
Centralized-DQN,1.8160825005590484
Centralized-DQN,1.8666139661291092
Centralized-DQN,2.0627127411351633
Centralized-DQN,1.7417675442227682
Centralized-DQN,1.7877405657424925
Centralized-DQN,1.9645424578009254
Centralized-DQN,2.2283871060517417
Centralized-DQN,2.1062714274562593
Centralized-DQN,2.1677730974820473
Centralized-DQN,1.934588192152003
Centralized-DQN,2.264465976679597
Centralized-DQN,1.5188315693948984
Centralized-DQN,2.3859239159196703
Centralized-DQN,2.41576526788148
Centralized-DQN,2.0252044069332995
Centralized-DQN,2.111753311665142
Centralized-DQN,1.9112448313331838
Centralized-DQN,1.871715449147903
Centralized-DQN,1.7792554655160566
Centralized-DQN,1.9087076314526767
Centralized-DQN,2.048087072779554
Centralized-DQN,2.0167412383864525
Centralized-DQN,2.3777133477176613
Centralized-DQN,1.943103255352908
Centralized-DQN,1.576973899466105
Centralized-DQN,2.298849167129875
Centralized-DQN,1.638692134288949
Centralized-DQN,1.7911163307635503
Centralized-DQN,1.982609619767248
Centralized-DQN,2.016117138953447
Centralized-DQN,1.5869710113184008
Centralized-DQN,1.7480127967395178
Centralized-DQN,1.5788277209228079
Centralized-DQN,2.0632426897895177
Centralized-DQN,2.192650725435545
Centralized-DQN,1.6384885146056032
Centralized-DQN,2.149400053182228
Centralized-DQN,2.1344514226924023
Centralized-DQN,1.7681500900043896
Centralized-DQN,1.4632137901360527
Centralized-DQN,1.6731826131775343
Centralized-DQN,1.7828526519762142
Centralized-DQN,2.275200963104838
Centralized-DQN,1.8927430867162627
Centralized-DQN,1.6880268343318339
Centralized-DQN,1.954064307060927
Centralized-DQN,1.6215518966325697
Centralized-DQN,2.0385039475675426
Centralized-DQN,1.6947462007437855
Centralized-DQN,1.7281865302600912
Centralized-DQN,2.006513367958708
Centralized-DQN,2.3232538405176313
Centralized-DQN,2.4263702538783507
Centralized-DQN,1.6804149874683934
Centralized-DQN,1.7825419023247904
Centralized-DQN,2.0387786384726074
Centralized-DQN,2.1892890658503257
Centralized-DQN,1.4213951179189885
Centralized-DQN,1.9401224030760114
Centralized-DQN,1.8077622581996784
Centralized-DQN,1.4767055157434164
Centralized-DQN,1.611916543489758
Centralized-DQN,1.7891847644987258
Centralized-DQN,1.9335509806039577
Centralized-DQN,2.152266899004859
Centralized-DQN,2.0016418057149075
Centralized-DQN,2.138313086323427
Centralized-DQN,1.9261572869792092
Centralized-DQN,1.7575804538257156
Centralized-DQN,1.8776640106282196
Centralized-DQN,2.0802471968569063
Centralized-DQN,2.1579023238128907
Centralized-DQN,1.8859296727041377
Centralized-DQN,1.705931843546948
Centralized-DQN,1.997335639945859
Centralized-DQN,2.0301268140692477
Centralized-DQN,2.2040184774266383
Centralized-DQN,1.763613034070107
Centralized-DQN,1.7661395126171857
Centralized-DQN,2.094219309513118
Centralized-DQN,1.8261273052395013
Centralized-DQN,1.8163927643107343
Centralized-DQN,2.208953826080312
Centralized-DQN,1.6041203083128177
Centralized-DQN,2.3937492034042775
Centralized-DQN,1.7788488008199566
Centralized-DQN,2.119694224005284
Centralized-DQN,1.8949325578923937
Centralized-DQN,1.98252187043454
Centralized-DQN,1.85945399045489
Centralized-DQN,2.117355260628397
Centralized-DQN,1.8399765794258918
Centralized-DQN,1.7879931328868885
Centralized-DQN,2.337793956680446
Centralized-DQN,1.9267697733919544
Centralized-DQN,1.7643197427410977
Centralized-DQN,1.5766379696842985
Centralized-DQN,2.34982917835069
Centralized-DQN,1.79283639326471
Centralized-DQN,2.395047530150664
Centralized-DQN,2.011896042565528
Centralized-DQN,1.9529207501496848
Centralized-DQN,1.9591320143603705
Centralized-DQN,2.4305550964093503
Centralized-DQN,1.4149128416054335
Centralized-DQN,1.9693842860945292
Centralized-DQN,1.8588970888250747
Centralized-DQN,1.8709032840768622
Centralized-DQN,1.9544014507334946
Centralized-DQN,1.8586550439560923
Centralized-DQN,1.9633453057201855
Centralized-DQN,1.9145677527194755
Centralized-DQN,1.6173561957462568
Centralized-DQN,2.0078667351116266
Centralized-DQN,2.0849789456715833
Centralized-DQN,1.7951080817261376
Centralized-DQN,2.350363256422826
Centralized-DQN,2.227715730201007
Centralized-DQN,2.114446609729038
Centralized-DQN,2.1116514994240543
Centralized-DQN,1.926934337881318
Centralized-DQN,2.1829721329308103
Centralized-DQN,2.281901862619108
Centralized-DQN,2.1061687325518728
Centralized-DQN,1.788606718046431
Centralized-DQN,1.9108573966187672
Centralized-DQN,2.052173575597691
Centralized-DQN,2.1130164258922317
Centralized-DQN,1.9021492497691659
Centralized-DQN,1.7894073107465307
Centralized-DQN,2.2850012898918526
Centralized-DQN,1.6729375377748321
Centralized-DQN,1.7031171635021756
Centralized-DQN,1.6142297526908742
Centralized-DQN,1.7026058911585558
Centralized-DQN,2.2073882596882184
Centralized-DQN,2.215103867100642
Centralized-DQN,1.9029399088592247
Centralized-DQN,2.0343508367362824
Centralized-DQN,1.9175797453154497
Centralized-DQN,1.6453685393004391
Centralized-DQN,2.4310518545681896
Centralized-DQN,2.2367400879521226
Centralized-DQN,2.0016582309879647
Centralized-DQN,1.722802961880821
Centralized-DQN,1.8681751195000826
Centralized-DQN,1.760465152952839
Centralized-DQN,1.942482948309919
Centralized-DQN,1.9914062994276898
Centralized-DQN,1.8414046862260924
Centralized-DQN,1.5849033017302268
Centralized-DQN,2.4112263903089395
Centralized-DQN,1.9747261624699433
Centralized-DQN,2.025198796844796
Centralized-DQN,1.8226768774483233
Centralized-DQN,1.5601126390281492
Centralized-DQN,1.9008075576811383
Centralized-DQN,1.8455296491294182
Centralized-DQN,2.0834767213177905
Centralized-DQN,2.1287602729058697
Centralized-DQN,2.0962627921250387
Centralized-DQN,2.147697946195311
Centralized-DQN,2.3355646020426084
Centralized-DQN,2.009821840788992
Centralized-DQN,2.1732593251145857
Centralized-DQN,2.0337854762117518
Centralized-DQN,1.4822318438450877
Centralized-DQN,1.8843985268687518
Centralized-DQN,1.7200792688093682
Centralized-DQN,1.9733222393942846
Centralized-DQN,1.737751259294138
Centralized-DQN,2.0595488770629897
Centralized-DQN,2.1460288738113626
Centralized-DQN,2.1973025386030445
Centralized-DQN,2.293077863775191
Centralized-DQN,1.5338440510300662
Centralized-DQN,1.643750391948253
Centralized-DQN,2.5945686189081103
Centralized-DQN,2.152594265055639
Centralized-DQN,1.9717128125292314
Centralized-DQN,1.9273814423758606
Centralized-DQN,1.9068994221093305
Centralized-DQN,1.4744647931438393
Centralized-DQN,1.7420553742947473
Centralized-DQN,1.8942303142261265
Centralized-DQN,1.7550658846939269
Centralized-DQN,1.7851846677774148
Centralized-DQN,2.5095317196243343
Centralized-DQN,1.8620191392231011
Centralized-DQN,1.9840788499046549
Centralized-DQN,1.9758803600648573
Centralized-DQN,2.055811468482758
Centralized-DQN,1.8100340507435284
Centralized-DQN,2.2073044795481125
Centralized-DQN,2.022196729406992
Centralized-DQN,1.6234373282938368
Centralized-DQN,1.8952310785774935
Centralized-DQN,1.8803370269172195
Centralized-DQN,1.8697346790918243
Centralized-DQN,2.0373419832321984
Centralized-DQN,2.0662406835868925
Centralized-DQN,2.0390368702803423
Centralized-DQN,1.9980860985010704
Centralized-DQN,1.9397309278439827
Centralized-DQN,1.4243619062525243
Centralized-DQN,2.099226461707355
Centralized-DQN,2.032516783512532
Centralized-DQN,1.693111001854946
Centralized-DQN,1.9846461569425862
Centralized-DQN,2.0692850260408835
Centralized-DQN,2.189855323827854
Centralized-DQN,2.0375734525072637
Centralized-DQN,1.994097056290491
Centralized-DQN,2.1381363419521713
Centralized-DQN,1.8493731793472756
Centralized-DQN,2.0149255417947
Centralized-DQN,1.7768955200554393
Centralized-DQN,2.1758123614359484
Centralized-DQN,1.5491225592752627
Centralized-DQN,2.1081762449242345
Centralized-DQN,1.9240801448097808
Centralized-DQN,2.142425240999338
Centralized-DQN,1.740162577061845
Centralized-DQN,1.9407322165592746
Centralized-DQN,1.9339691726740864
Centralized-DQN,2.019966772235625
Centralized-DQN,1.6786417265707052
Centralized-DQN,2.066583956294635
Centralized-DQN,1.494705992892129
Centralized-DQN,1.7661291900401594
Centralized-DQN,1.5599470063551286
Centralized-DQN,2.110821749687568
Centralized-DQN,2.0121901311380817
Centralized-DQN,2.025071304245469
Centralized-DQN,2.259422836895668
Centralized-DQN,1.8472070394251208
Centralized-DQN,2.0604485409974767
Centralized-DQN,1.93521154878946
Centralized-DQN,1.9001315586043526
Centralized-DQN,2.2210465917109774
Centralized-DQN,2.3996650053278303
Centralized-DQN,1.8205900808762692
Centralized-DQN,2.112088993886181
Centralized-DQN,1.9935245366738252
Centralized-DQN,1.9962883021325817
Centralized-DQN,1.9769497487693155
Centralized-DQN,1.8432588307673492
Centralized-DQN,1.0940204787636398
Centralized-DQN,2.273620068387492
Centralized-DQN,1.759933611800279
Centralized-DQN,1.8643452338033797
Centralized-DQN,1.8692445158358324
Centralized-DQN,1.7394116981944217
Centralized-DQN,1.975351328715791
Centralized-DQN,1.9097904148787517
Centralized-DQN,1.7549101104776743
Centralized-DQN,1.954399184636472
Centralized-DQN,1.9123860419423928
Centralized-DQN,2.133774006824779
Centralized-DQN,1.6111758057181287
Centralized-DQN,1.7344383004665331
Centralized-DQN,2.087108569536938
Centralized-DQN,1.7726032258295294
Centralized-DQN,1.7118561187096126
Centralized-DQN,1.783996967191616
Centralized-DQN,1.896734503674766
Centralized-DQN,1.8976099731301534
Centralized-DQN,1.8716255763220224
Centralized-DQN,1.683018589797431
Centralized-DQN,2.0981358168392137
Centralized-DQN,2.2255610332241686
Centralized-DQN,1.479837230656497
Centralized-DQN,1.5620642417456194
Centralized-DQN,2.151058246988157
Centralized-DQN,2.28168107688017
Centralized-DQN,1.4294371649192286
Centralized-DQN,2.107876569894643
Centralized-DQN,2.2973675258377986
Centralized-DQN,1.72130021395212
Centralized-DQN,2.2839554673161957
Centralized-DQN,1.8789901176852466
Centralized-DQN,1.9924923856680468
Centralized-DQN,1.7542886443283507
Centralized-DQN,2.150636972395328
Centralized-DQN,2.1122577678986034
Centralized-DQN,2.317373035560151
Centralized-DQN,2.2519159378429956
Centralized-DQN,1.9178918298123488
Centralized-DQN,2.636170432937909
Centralized-DQN,2.2312226262083406
Centralized-DQN,2.0445348944745194
Centralized-DQN,1.690255626780608
Centralized-DQN,1.5674804591859528
Centralized-DQN,1.5870655817295374
Centralized-DQN,1.7048834718125847
Centralized-DQN,2.2373305319171086
Centralized-DQN,2.0322252856329652
Centralized-DQN,1.7786788185519071
Centralized-DQN,1.8886957798893986
Centralized-DQN,1.860615228765415
Centralized-DQN,2.1043316744886518
Centralized-DQN,1.7175249955347847
Centralized-DQN,2.000567743361182
Centralized-DQN,1.9891397627781195
Centralized-DQN,1.724420810460769
Centralized-DQN,2.2858765891300643
Centralized-DQN,1.851900394017071
Centralized-DQN,1.6912703713022432
Centralized-DQN,2.1165035472814524
Centralized-DQN,1.9325557809764295
Centralized-DQN,2.014101883236646
Centralized-DQN,1.6470497740358692
Centralized-DQN,2.1071807043783104
Centralized-DQN,2.420527495186457
Centralized-DQN,1.6290431086576596
Centralized-DQN,2.0016097088999873
Centralized-DQN,1.739064646191357
Centralized-DQN,2.5396852361312554
Centralized-DQN,2.2056113229658174
Centralized-DQN,1.984997531834105
Centralized-DQN,1.6370993335596855
Centralized-DQN,1.69281268037155
Centralized-DQN,2.091941646109084
Centralized-DQN,1.60608179764589
Centralized-DQN,1.6133113701714275
Centralized-DQN,1.922034723494679
Centralized-DQN,1.9507392006628395
Centralized-DQN,2.007559236217565
Centralized-DQN,1.818733371382937
Centralized-DQN,2.132001764228602
Centralized-DQN,1.7214378901302312
Centralized-DQN,2.064378859059404
Centralized-DQN,1.969333404365136
Centralized-DQN,2.0583895493288136
Centralized-DQN,2.192332351163644
Centralized-DQN,1.8150914276878352
Centralized-DQN,1.7676877366688035
Centralized-DQN,1.5309940785826752
Centralized-DQN,1.4548219170993786
Centralized-DQN,1.8794555539807922
Centralized-DQN,1.895226728247641
Centralized-DQN,1.6697664482433423
Centralized-DQN,1.719298629150311
Centralized-DQN,2.271003768720982
Centralized-DQN,2.121793485381768
Centralized-DQN,1.629325776064138
Centralized-DQN,1.8180830090222042
Centralized-DQN,2.0135430201576354
Centralized-DQN,1.7756656839873313
Centralized-DQN,1.7336765993305883
Centralized-DQN,1.8420681714165046
Centralized-DQN,2.171288267980602
Centralized-DQN,2.1921948601003174
Centralized-DQN,1.7505530531806608
Centralized-DQN,2.026110972203745
Centralized-DQN,1.9185227321369662
Centralized-DQN,1.687702542531214
Centralized-DQN,1.85155403214719
Centralized-DQN,1.628720443085344
Centralized-DQN,2.187967926640073
Centralized-DQN,2.277689558627782
Centralized-DQN,1.8254039620053295
Centralized-DQN,1.77045212638979
Centralized-DQN,2.1629785584342316
Centralized-DQN,2.2002007160017962
Centralized-DQN,1.6632396130039644
Centralized-DQN,1.8858905083193893
Centralized-DQN,1.9064205954344675
Centralized-DQN,1.7424131465499066
Centralized-DQN,2.008930182317748
Centralized-DQN,1.7587325947966577
Centralized-DQN,1.795523924269891
Centralized-DQN,1.8966506350460064
Centralized-DQN,1.5769200501752771
Centralized-DQN,1.4461931665973815
Centralized-DQN,2.13156995327347
Centralized-DQN,1.7494295602686303
Centralized-DQN,2.411872684728969
Centralized-DQN,2.3743114579392754
Centralized-DQN,1.8033073255559295
Centralized-DQN,2.4589178101822373
Centralized-DQN,2.1360171715708973
Centralized-DQN,1.7713196998019152
Centralized-DQN,1.325144123947252
Centralized-DQN,2.078550943703115
Centralized-DQN,1.9272105695726158
Centralized-DQN,2.019385709355348
Centralized-DQN,1.8672761449333748
Centralized-DQN,1.6564553631900216
Centralized-DQN,1.8216130565173616
Centralized-DQN,2.082809230681737
Centralized-DQN,1.8383519153569816
Centralized-DQN,1.8369597256682633
Centralized-DQN,1.5699332149115182
Centralized-DQN,1.9410125910017144
Centralized-DQN,1.663810880681273
Centralized-DQN,2.131628436410445
Centralized-DQN,1.750863152586966
Centralized-DQN,1.8518697775497774
Centralized-DQN,2.4185818135475032
Centralized-DQN,1.8493652990897844
Centralized-DQN,1.8184915623629392
Centralized-DQN,2.0549273055511135
Centralized-DQN,1.5086756807672095
Centralized-DQN,2.208186467737772
Centralized-DQN,2.149003786012169
Centralized-DQN,2.040833682019137
Centralized-DQN,1.1419167375030583
Centralized-DQN,1.860231544671181
Centralized-DQN,1.6267316215283714
Centralized-DQN,2.1789942030242777
Centralized-DQN,2.162510074503785
Centralized-DQN,2.0093974786170103
Centralized-DQN,1.642803180178941
Centralized-DQN,2.2642853861049437
Centralized-DQN,1.85957503356991
Centralized-DQN,2.3359574938138903
Centralized-DQN,1.981145180205154
Centralized-DQN,2.0367685675583957
Centralized-DQN,1.813945869796793
Centralized-DQN,2.2441625651209285
Centralized-DQN,2.0601831669412474
Centralized-DQN,2.252442245955369
Centralized-DQN,1.9609054921452378
Centralized-DQN,1.9091622929074636
Centralized-DQN,2.057117989531886
Centralized-DQN,2.252361333294614
Centralized-DQN,2.154255584387905
Centralized-DQN,1.9518467651683444
Centralized-DQN,1.4920968558425318
Centralized-DQN,2.1067129434711527
Centralized-DQN,1.5885224146666004
Centralized-DQN,1.9280653262174987
Centralized-DQN,1.8933274704298195
Centralized-DQN,1.5933461415016827
Centralized-DQN,2.0058247119069312
Centralized-DQN,2.4163548073437564
Centralized-DQN,1.8479756856161464
Centralized-DQN,2.096458674219985
Centralized-DQN,2.462750938846182
Centralized-DQN,2.1187460856596445
Centralized-DQN,1.7714281019156592
Centralized-DQN,1.9746082090266812
Centralized-DQN,2.030771754188386
Centralized-DQN,2.2503505459063207
Centralized-DQN,2.1997171984830146
Centralized-DQN,1.2818188143011555
Centralized-DQN,1.7227304711740008
Centralized-DQN,1.903865843109826
Centralized-DQN,1.686077860791315
Centralized-DQN,1.0674989047855161
Centralized-DQN,1.752817500422244
Centralized-DQN,1.9191681160348426
Centralized-DQN,1.7989744090802444
Centralized-DQN,1.690304274030411
Centralized-DQN,1.9295534495504245
Centralized-DQN,1.9990475155780907
Centralized-DQN,1.8120352249423552
Centralized-DQN,2.236049776697934
Centralized-DQN,1.9332974014186313
Centralized-DQN,1.7192032505161234
Centralized-DQN,1.6609066009305982
Centralized-DQN,1.8709317573292044
Centralized-DQN,2.1765321185750297
Centralized-DQN,1.730222121413422
Centralized-DQN,2.05729063311284
Centralized-DQN,1.9417859120672976
Centralized-DQN,2.3792408761738777
Centralized-DQN,2.0099139372273953
Centralized-DQN,1.759128674436282
Centralized-DQN,2.089659539427384
Centralized-DQN,2.0974130667024315
Centralized-DQN,1.8285286627670443
Centralized-DQN,1.6518153897223655
Centralized-DQN,2.043502508058602
Centralized-DQN,1.9346338967266563
Centralized-DQN,1.5705868588636676
Centralized-DQN,1.9786416381674372
Centralized-DQN,1.773236836295914
Centralized-DQN,1.5708052895548843
Centralized-DQN,1.8388723944833352
Centralized-DQN,2.2155844763612613
Centralized-DQN,2.198337369620288
Centralized-DQN,2.1381316843024973
Centralized-DQN,1.982031257877225
Centralized-DQN,2.057271675653015
Centralized-DQN,1.9427277115725314
Centralized-DQN,1.6653962896401864
Centralized-DQN,1.711372362504399
Centralized-DQN,1.7801055147515048
Centralized-DQN,2.24287313125701
Centralized-DQN,2.1680695444501503
Centralized-DQN,1.6711962094094994
Centralized-DQN,1.9323013129918922
Centralized-DQN,1.8272393143097716
Centralized-DQN,1.8842648357451224
Centralized-DQN,1.796495734513407
Centralized-DQN,2.243871349894566
Centralized-DQN,1.9156439339043143
Centralized-DQN,1.9698025277801332
Centralized-DQN,1.9716690906931176
Centralized-DQN,1.683201751688981
Centralized-DQN,1.9450107719824574
Centralized-DQN,2.164757795739688
Centralized-DQN,2.2593080030547545
Centralized-DQN,1.6555434314374402
Centralized-DQN,1.5701142749056367
Centralized-DQN,1.9343158072415665
Centralized-DQN,2.1755568174493516
Centralized-DQN,2.0028510230669614
Centralized-DQN,2.076740215928787
Centralized-DQN,1.6065986255831373
Centralized-DQN,1.7882140836241933
Centralized-DQN,1.4140157247453153
Centralized-DQN,1.8871707534537312
Centralized-DQN,1.4213638408297102
Centralized-DQN,2.227045256104046
Centralized-DQN,2.2782308662062185
Centralized-DQN,1.9524042605710308
Centralized-DQN,1.5715031559910049
Centralized-DQN,2.006564195461596
Centralized-DQN,2.348344141469401
Centralized-DQN,2.029609459127868
Centralized-DQN,2.193020311409108
Centralized-DQN,1.808217912185191
Centralized-DQN,1.7192732049791883
Centralized-DQN,1.9036733930889256
Centralized-DQN,1.4760870862216557
Centralized-DQN,2.4416460045267327
Centralized-DQN,1.9521753707091056
Centralized-DQN,2.1197044886861587
Centralized-DQN,1.8136684350575139
Centralized-DQN,1.5644729003846505
Centralized-DQN,2.2485077369888735
Centralized-DQN,1.661007295193864
Centralized-DQN,2.000372451126353
Centralized-DQN,2.022086740528002
Centralized-DQN,1.9370383803676148
Centralized-DQN,1.7392317919836213
Centralized-DQN,1.8855247325891562
Centralized-DQN,1.7011082896798355
Centralized-DQN,2.106434540365579
Centralized-DQN,2.0516844120955886
Centralized-DQN,1.9150688794142443
Centralized-DQN,1.789051820921465
Centralized-DQN,2.4055260441097763
Centralized-DQN,1.6200044575902712
Centralized-DQN,1.564121142483262
Centralized-DQN,1.9011058220633035
Centralized-DQN,1.8605458959580632
Centralized-DQN,2.1728829975754094
Centralized-DQN,2.0688652312197133
Centralized-DQN,1.9268026952406618
Centralized-DQN,2.0352778251616064
Centralized-DQN,2.031090988396721
Centralized-DQN,2.404659468329921
Centralized-DQN,1.9783749251701481
Centralized-DQN,1.7630798286306444
Centralized-DQN,1.9657346534004196
Centralized-DQN,1.3166562631825363
Centralized-DQN,1.9124780064567484
Centralized-DQN,2.17182316134282
Centralized-DQN,2.058743220987745
Centralized-DQN,1.9887873124559634
Centralized-DQN,2.069584701443442
Centralized-DQN,2.174190307939826
Centralized-DQN,2.248373777041502
Centralized-DQN,2.023093839426691
Centralized-DQN,1.8471679254882758
Centralized-DQN,1.3869645333750276
Centralized-DQN,2.1453711575825807
Centralized-DQN,2.0387026591343393
Centralized-DQN,1.9551727459236403
Centralized-DQN,1.7614729355072476
Centralized-DQN,2.142371021569664
Centralized-DQN,1.8607327274891983
Centralized-DQN,1.9120691456150052
Centralized-DQN,1.9071002290556367
Centralized-DQN,2.023645835865331
Centralized-DQN,1.6553551846586583
Centralized-DQN,2.0496119489834523
Centralized-DQN,1.7539073225914303
Centralized-DQN,1.7619908259304344
Centralized-DQN,2.1239593069573055
Centralized-DQN,1.6907454425635804
Centralized-DQN,2.123545129192811
Centralized-DQN,1.9433548933729317
Centralized-DQN,1.5402370370603353
Centralized-DQN,2.2343752362193534
Centralized-DQN,1.991482458761509
Centralized-DQN,2.010806599501026
Centralized-DQN,2.1520686283587285
Centralized-DQN,2.265420459546923
Centralized-DQN,1.9663165968881957
Centralized-DQN,2.062222999103094
Centralized-DQN,2.005521238414255
Centralized-DQN,1.8410032803759329
Centralized-DQN,1.5551762758129586
Centralized-DQN,1.9695180424176095
Centralized-DQN,2.2377072761805055
Centralized-DQN,2.054399914757604
Centralized-DQN,1.6740656967990277
Centralized-DQN,2.172868954900586
Centralized-DQN,1.848698146132299
Centralized-DQN,1.437997238977151
Centralized-DQN,2.154525039018053
Centralized-DQN,1.7021843042089468
Centralized-DQN,2.3302798171663666
Centralized-DQN,2.184446991497645
Centralized-DQN,1.8675150473480078
Centralized-DQN,2.025836508461828
Centralized-DQN,2.4784708375269355
Centralized-DQN,2.1504016215176414
Centralized-DQN,1.9748812857103692
Centralized-DQN,2.5856610802651243
Centralized-DQN,1.9470906649243749
Centralized-DQN,2.054050134269684
Centralized-DQN,1.7042964812407466
Centralized-DQN,1.5341447733669373
Centralized-DQN,1.8536903519350991
Centralized-DQN,1.9288492226385066
Centralized-DQN,1.9958623298480314
Centralized-DQN,1.5928847508232133
Centralized-DQN,2.072219363815975
Centralized-DQN,1.7286791752603368
Centralized-DQN,2.060252396404473
Centralized-DQN,2.135407061647177
Centralized-DQN,1.8288747056518742
Centralized-DQN,1.697936118005545
Centralized-DQN,2.2756568027251878
Centralized-DQN,2.1211189465265345
Centralized-DQN,1.9550153473184424
Centralized-DQN,2.258325756751838
Centralized-DQN,1.9391835012039582
Centralized-DQN,1.7770351387711523
Centralized-DQN,1.6892078443685161
Centralized-DQN,1.8951630792145207
Centralized-DQN,2.097804398126959
Centralized-DQN,2.240200523160841
Centralized-DQN,1.925416753774343
Centralized-DQN,2.19950398339638
Centralized-DQN,1.870632322981932
Centralized-DQN,1.7399198165016911
Centralized-DQN,1.6190254309323904
Centralized-DQN,1.803362312676434
Centralized-DQN,1.6277013287155995
Centralized-DQN,2.382991479826222
Centralized-DQN,2.0212138966216733
Centralized-DQN,1.8979703387525426
Centralized-DQN,2.3167492060444204
Centralized-DQN,1.6199575981889651
Centralized-DQN,1.8884022906096205
Centralized-DQN,2.380724841700269
Centralized-DQN,1.8868130672506365
Centralized-DQN,2.483745894544403
Centralized-DQN,2.1010033550073306
Centralized-DQN,2.2208853293488664
Centralized-DQN,2.227559767324002
Centralized-DQN,1.9203692068411478
Centralized-DQN,1.807516032477179
Centralized-DQN,1.8934025502995526
Centralized-DQN,1.6926107512365403
Centralized-DQN,1.9048021517038554
Centralized-DQN,1.918984846253961
Centralized-DQN,2.3091997429215443
Centralized-DQN,2.0566907237516108
Centralized-DQN,2.4643470853140954
Centralized-DQN,1.4224410399028342
Centralized-DQN,1.6395931315131012
Centralized-DQN,1.8381284365058994
Centralized-DQN,2.2638707245088727
Centralized-DQN,1.8947534130547168
Centralized-DQN,1.5818126970659516
Centralized-DQN,1.8635233299112788
Centralized-DQN,1.6440733614132679
Centralized-DQN,1.5989086230182847
Centralized-DQN,2.380529929187458
Centralized-DQN,1.8389893171167777
Centralized-DQN,1.959894419589699
Centralized-DQN,1.8985828576124728
Centralized-DQN,1.8620554080902134
Centralized-DQN,1.7263116981609292
Centralized-DQN,1.8484297871988524
Centralized-DQN,1.9976990542519635
Centralized-DQN,2.246853575899535
Centralized-DQN,2.1382891706620586
Centralized-DQN,1.6391269868263487
Centralized-DQN,2.1477578691617136
Centralized-DQN,2.029540917855906
Centralized-DQN,1.7760642814586505
Centralized-DQN,1.9619551709613854
Centralized-DQN,2.0518549671129365
Centralized-DQN,1.9308409991783904
Centralized-DQN,2.0306480641897084
Centralized-DQN,1.7211760857007563
Centralized-DQN,2.3791485029943966
Centralized-DQN,1.4754927984434167
Centralized-DQN,2.053136921854804
Centralized-DQN,2.0045023018775785
Centralized-DQN,2.068134157851275
Centralized-DQN,1.7567914709802404
Centralized-DQN,2.189382995327936
Centralized-DQN,1.895121250941317
Centralized-DQN,1.6466960780382869
Centralized-DQN,1.6677556865412195
Centralized-DQN,1.9487320478601802
Centralized-DQN,1.5521614409944724
Centralized-DQN,2.3348365785851337
Centralized-DQN,2.1616714630370235
Centralized-DQN,2.3409049315240695
Centralized-DQN,2.3166159718906907
Centralized-DQN,1.838920750509713
Centralized-DQN,1.7197064918053993
Centralized-DQN,1.3030411740293717
Centralized-DQN,1.8264036576246607
Centralized-DQN,2.3268064179846033
Centralized-DQN,1.729263208512644
Centralized-DQN,1.8716342027833905
Centralized-DQN,1.7922270146113037
Centralized-DQN,2.0063988833912174
Centralized-DQN,2.216313911242977
Centralized-DQN,1.5653658737246552
Centralized-DQN,1.6094724138323113
Centralized-DQN,2.2625172570488115
Centralized-DQN,2.088898607873697
Centralized-DQN,1.860238718665315
Centralized-DQN,2.313311868347845
Centralized-DQN,1.6054973445757659
Centralized-DQN,2.134551588370414
Centralized-DQN,1.9042779397177345
Centralized-DQN,2.0597476998173705
Centralized-DQN,1.370000153366337
Centralized-DQN,1.8599339458803419
Centralized-DQN,2.08975796337478
Centralized-DQN,1.9054087176818313
Centralized-DQN,2.2092206068533162
Centralized-DQN,2.2015038736452373
Centralized-DQN,1.6991469407491755
Centralized-DQN,2.1098479068672797
Centralized-DQN,1.6912905237746134
Centralized-DQN,1.9324451576420558
Centralized-DQN,2.0711719486404756
Centralized-DQN,1.7275508126375618
Centralized-DQN,2.1013077931540334
Centralized-DQN,1.8035660360866015
Centralized-DQN,1.786207289684195
Centralized-DQN,2.0828123866075505
Centralized-DQN,1.7273918337753402
Centralized-DQN,1.7156731078587428
Centralized-DQN,2.159882351622931
Centralized-DQN,1.9450115678035047
Centralized-DQN,1.5849708682821209
Centralized-DQN,2.117139773580644
Centralized-DQN,1.8263190760911103
Centralized-DQN,1.5967457265650382
Centralized-DQN,1.3423146214283581
Centralized-DQN,2.128146654036267
Centralized-DQN,1.721874877567894
Centralized-DQN,1.6334181646928252
Centralized-DQN,2.0673184121209323
Centralized-DQN,2.1056543837895596
Centralized-DQN,1.7386514691237973
Centralized-DQN,2.130272407973217
Centralized-DQN,2.3934473290244647
Centralized-DQN,2.2302712176317407
Centralized-DQN,2.1944195547333787
Centralized-DQN,1.9923753497393348
Centralized-DQN,1.8177673254461362
Centralized-DQN,1.9071238534125874
Centralized-DQN,2.0215468654839004
Centralized-DQN,1.6302692447259108
Centralized-DQN,1.7427344084874716
Centralized-DQN,1.5910463670568125
Centralized-DQN,1.9741869977759414
Centralized-DQN,1.9391356237199315
Centralized-DQN,1.7696159234760314
Centralized-DQN,2.1090430169194923
Centralized-DQN,1.6793240756901175
Centralized-DQN,1.7610620758631639
Centralized-DQN,2.0998333021238413
Centralized-DQN,2.133999155741062
Centralized-DQN,1.7366646828958825
Centralized-DQN,1.9734626161328426
Centralized-DQN,1.740562811724511
Centralized-DQN,1.874532971463789
Centralized-DQN,1.9531401356125202
Centralized-DQN,2.049108372207191
Centralized-DQN,1.9931655967088124
Centralized-DQN,1.9829366032604718
Centralized-DQN,1.6715139831305459
Centralized-DQN,2.0094589376964476
Centralized-DQN,2.0469654569156273
Centralized-DQN,2.078730515732075
Centralized-DQN,1.7542225506499076
Centralized-DQN,2.130950926060863
Centralized-DQN,1.6165090878466195
Centralized-DQN,1.8207394973082511
Centralized-DQN,1.8565204034394245
Centralized-DQN,1.62914095199924
Centralized-DQN,1.8530201829492932
Centralized-DQN,1.9710292026650422
Centralized-DQN,1.4993420893055993
Centralized-DQN,1.8290637963791971
Centralized-DQN,1.51716842520653
Centralized-DQN,2.390370535906624
Centralized-DQN,1.9689579763815899
Centralized-DQN,1.9489910669946642
Centralized-DQN,1.973469714046266
Centralized-DQN,2.0592815532904316
Centralized-DQN,2.1453668774018753
Centralized-DQN,1.5597571748011014
Centralized-DQN,2.2218649184471246
Centralized-DQN,2.2070381477415753
Centralized-DQN,1.9047137408584223
Centralized-DQN,1.8926449096665907
Centralized-DQN,1.2051239124578137
Centralized-DQN,1.633384436228754
Centralized-DQN,2.0395428732510315
Centralized-DQN,2.196622264237799
Centralized-DQN,2.08792402685571
Centralized-DQN,1.902555248844682
Centralized-DQN,2.3637210702109694
Centralized-DQN,2.151592448186989
Centralized-DQN,1.8292623931211738
Centralized-DQN,2.4227582942100665
Centralized-DQN,1.6674430691235993
Centralized-DQN,1.58088801318817
Centralized-DQN,1.822977318806648
Centralized-DQN,1.7452093029840572
Centralized-DQN,1.8359197560222185
Centralized-DQN,2.103880096450817
Centralized-DQN,1.912171106702282
Centralized-DQN,1.9180884247404013
Centralized-DQN,1.9335509336545316
Centralized-DQN,1.3872402064186091
Centralized-DQN,1.5708839789756772
Centralized-DQN,1.8312242844450612
Centralized-DQN,1.7257892041694811
Centralized-DQN,1.8665961629615344
Centralized-DQN,2.243511178661704
Centralized-DQN,1.9028468358006072
Centralized-DQN,1.615372442636624
Centralized-DQN,1.7372698090142191
Centralized-DQN,2.314116689431815
Centralized-DQN,2.2730866110241568
Centralized-DQN,2.057290161173502
Centralized-DQN,1.5600039005117958
Centralized-DQN,1.990687857047996
Centralized-DQN,2.0084038116443215
Centralized-DQN,1.9258844640131112
Centralized-DQN,1.7886694527876035
Centralized-DQN,1.836449807492411
Centralized-DQN,1.7726096853840985
Centralized-DQN,1.6561749599940807
Centralized-DQN,2.2347235972918833
Centralized-DQN,2.1232850983748417
Centralized-DQN,1.8543522564288053
Centralized-DQN,2.001141882247934
Centralized-DQN,2.0097870851459794
Centralized-DQN,2.4598003717807244
Centralized-DQN,2.1210398240829784
Centralized-DQN,2.1123309201549554
Centralized-DQN,1.9287508254111747
Centralized-DQN,1.8199087199822954
Centralized-DQN,2.238576442213236
Centralized-DQN,2.070283495887249
Centralized-DQN,1.7288735337858663
Centralized-DQN,2.0245708541198986
Centralized-DQN,2.112933754772155
Centralized-DQN,1.4371205476701245
Centralized-DQN,1.7074820829884927
Centralized-DQN,2.003581015919594
Centralized-DQN,1.4766041155978546
Centralized-DQN,1.5130833793800282
Centralized-DQN,1.8576856150131622
Centralized-DQN,2.0332517972954745
Centralized-DQN,2.0439053660700175
Centralized-DQN,2.2845848569401124
Centralized-DQN,1.9389535997697405
Centralized-DQN,1.8341407825626956
Centralized-DQN,1.6187843513498308
Centralized-DQN,1.8313817971752109
Centralized-DQN,2.083014752562446
Centralized-DQN,2.093427195683432
Centralized-DQN,1.9809682191502447
Centralized-DQN,2.0460552810919026
Centralized-DQN,2.2140787720107857
Centralized-DQN,1.9373426326548384
Centralized-DQN,2.235030260217654
Centralized-DQN,1.7525805682254305
Centralized-DQN,1.9031137433378709
Centralized-DQN,1.8092160238401591
Centralized-DQN,2.1026392623526675
Centralized-DQN,1.68626278350533
Centralized-DQN,1.8458652344439956
Centralized-DQN,1.4915305365144604
Centralized-DQN,2.056944250115296
Centralized-DQN,2.207260479527151
Centralized-DQN,2.129827111979542
Centralized-DQN,2.1072294021434366
Centralized-DQN,2.11339785123378
Centralized-DQN,2.0812094580717706
Centralized-DQN,2.0615567514254005
Centralized-DQN,2.0764216606376356
Centralized-DQN,1.7689308372692985
Centralized-DQN,1.8738754306130272
Centralized-DQN,1.9361840472672414
Centralized-DQN,1.842653536043632
Centralized-DQN,1.559122259857573
Centralized-DQN,1.6354539294196369
Centralized-DQN,1.9729864969014084
Centralized-DQN,2.12869076936953
Centralized-DQN,1.9221523758703962
Centralized-DQN,2.5570149569712064
Centralized-DQN,1.7080867360922256
Centralized-DQN,2.0225146695319367
Centralized-DQN,2.217493081493631
Centralized-DQN,2.165532008716549
Centralized-DQN,2.070927404952872
Centralized-DQN,2.166586515573222
Centralized-DQN,1.932762857700334
Centralized-DQN,2.3031279540066545
Centralized-DQN,2.215639858104022
Centralized-DQN,1.72364676079629
Centralized-DQN,1.9940892528309626
Centralized-DQN,1.563502856557013
Centralized-DQN,2.2706201794335072
Centralized-DQN,1.9716629240137116
Centralized-DQN,2.2307572632730395
Centralized-DQN,1.894804030901492
Centralized-DQN,1.4923159682844722
Centralized-DQN,2.5276494814625257
Centralized-DQN,1.9502028012719401
Centralized-DQN,1.6895519331682252
Centralized-DQN,2.1839836312452605
Centralized-DQN,2.3890615175986856
Centralized-DQN,1.873358244605104
Centralized-DQN,1.8971345485685056
Centralized-DQN,1.9748458524775478
Centralized-DQN,1.664032366490396
Centralized-DQN,1.7608702196164523
Centralized-DQN,2.330555719149701
Centralized-DQN,1.8895396367079518
Centralized-DQN,1.7270268722629916
Centralized-DQN,1.8158495470779015
Centralized-DQN,2.167178577560863
Centralized-DQN,1.464753357667214
Centralized-DQN,1.9786713363503268
Centralized-DQN,2.487295198857783
Centralized-DQN,2.3879568293273925
Centralized-DQN,2.052065920700622
Centralized-DQN,2.223308377354133
Centralized-DQN,2.221092776017062
Centralized-DQN,1.8910036983961116
Centralized-DQN,2.133072492295136
Centralized-DQN,2.332089527528607
Centralized-DQN,1.6288291791842
Centralized-DQN,2.0528603621717596
Centralized-DQN,2.003283943239602
Centralized-DQN,1.9437690973380581
Centralized-DQN,1.9233715136253036
Centralized-DQN,1.9733767616710107
Centralized-DQN,1.9927078343845213
Centralized-DQN,2.1777289634756762
Centralized-DQN,2.029788978407542
Centralized-DQN,1.879017232586564
Centralized-DQN,1.7264820961940668
Centralized-DQN,1.8111492438926504
Centralized-DQN,1.9801726701033286
Centralized-DQN,1.7573213019919118
Centralized-DQN,2.137930081239849
Centralized-DQN,2.019084704411026
Centralized-DQN,2.183468717581135
Centralized-DQN,1.772816051489197
Centralized-DQN,1.7285220100650434
Centralized-DQN,2.18174758493207
Centralized-DQN,1.9499413916162045
Centralized-DQN,1.8733400535010045
Centralized-DQN,2.080971378198312
Centralized-DQN,2.0723979045839753
Centralized-DQN,1.6306720350566495
Centralized-DQN,2.239022236359035
Centralized-DQN,1.8254422402370978
Centralized-DQN,2.3116841581997347
Centralized-DQN,1.612750399434932
Centralized-DQN,1.9931287025234636
Centralized-DQN,1.877232875303775
Centralized-DQN,1.464905930549564
Centralized-DQN,2.071651118143103
Centralized-DQN,1.4767249090379506
Centralized-DQN,1.852799955233197
Centralized-DQN,2.1744250700658094
Centralized-DQN,1.797879710831223
Centralized-DQN,1.7117796514908243
Centralized-DQN,2.104402130817487
Centralized-DQN,1.8625110411580263
Centralized-DQN,1.8266742463434649
Centralized-DQN,2.213758266739812
Centralized-DQN,1.6510589794203854
Centralized-DQN,1.8141064883396147
Centralized-DQN,2.1196293913504753
Centralized-DQN,1.636159329290607
Centralized-DQN,2.329039985603219
Centralized-DQN,1.8700383394406155
Centralized-DQN,2.1214911086774086
Centralized-DQN,2.1210090650163935
Centralized-DQN,1.8849128623190565
Centralized-DQN,1.8096356094305528
Centralized-DQN,1.9101009649257532
Centralized-DQN,2.0842024506217824
Centralized-DQN,1.6927277159514182
Centralized-DQN,1.6427692211563536
Centralized-DQN,2.2619603070920347
Centralized-DQN,1.7506893917722606
Centralized-DQN,2.001580926419344
Centralized-DQN,1.8734121502696466
Centralized-DQN,1.8836277631741258
Centralized-DQN,2.2495617918077135
Centralized-DQN,1.9003770191406664
Centralized-DQN,1.837787260058601
Centralized-DQN,1.8578575174022647
Centralized-DQN,1.8040031802445426
Centralized-DQN,1.7656111044191898
Centralized-DQN,1.8049274427841813
Centralized-DQN,2.303203610009537
Centralized-DQN,2.083927025754722
Centralized-DQN,1.8404667151427314
Centralized-DQN,2.1461734582161767
Centralized-DQN,1.5543105481603499
Centralized-DQN,2.2369562922352904
Centralized-DQN,2.218403889368123
Centralized-DQN,2.435251356831047
Centralized-DQN,2.1530614515637225
Centralized-DQN,2.0207388389065355
Centralized-DQN,2.2174787446736213
Centralized-DQN,1.7758135070115233
Centralized-DQN,1.8288960403118246
Centralized-DQN,1.9051979938283277
Centralized-DQN,2.2353903047194503
Centralized-DQN,1.7228056275189734
Centralized-DQN,1.6983409848799504
Centralized-DQN,1.9744983732188965
Centralized-DQN,2.0853190265262795
Centralized-DQN,1.7580102353034064
Centralized-DQN,2.0744642963186535
Centralized-DQN,2.235279208408413
Centralized-DQN,2.196586374178604
Centralized-DQN,2.001398653868907
Centralized-DQN,1.8991262786559795
Centralized-DQN,2.319887685653164
Centralized-DQN,1.9235490803308302
Centralized-DQN,2.136657704359343
Centralized-DQN,2.3711880528043565
Centralized-DQN,2.112445765546737
Centralized-DQN,1.6902701799382243
Centralized-DQN,1.6345291511865705
Centralized-DQN,1.8514261816174615
Centralized-DQN,2.083468598044775
Centralized-DQN,2.0224786637208605
Centralized-DQN,2.42851170788283
Centralized-DQN,2.020236968700228
Centralized-DQN,1.8445575436606538
Centralized-DQN,1.6588779794434811
Centralized-DQN,2.1919727718675484
Centralized-DQN,1.918603492790419
Centralized-DQN,1.5729853973991785
Centralized-DQN,1.925128842911678
Centralized-DQN,1.6905819391963375
Centralized-DQN,1.8219331176154023
Centralized-DQN,1.9214266313723902
Centralized-DQN,1.711446977663618
Centralized-DQN,1.8076513914724555
Centralized-DQN,1.7485547902202914
Centralized-DQN,1.7547365691678176
Centralized-DQN,1.6877520728528885
Centralized-DQN,1.8087710443154406
Centralized-DQN,1.713861479015281
Centralized-DQN,2.0551489803208347
Centralized-DQN,1.9662643323333788
Centralized-DQN,2.1952623878378774
Centralized-DQN,2.3546964611568235
Centralized-DQN,2.0760556832075756
Centralized-DQN,2.023584850475514
Centralized-DQN,2.0905737075367434
Centralized-DQN,2.0275020634372973
Centralized-DQN,1.9315659291862868
Centralized-DQN,1.9132433342175592
Centralized-DQN,1.6846072402801078
Centralized-DQN,2.1132870653118347
Centralized-DQN,1.9127896758086407
Centralized-DQN,2.2539691716765637
Centralized-DQN,2.1308473121860567
Centralized-DQN,1.7757807462276147
Centralized-DQN,2.207237617205473
Centralized-DQN,1.330005053221576
Centralized-DQN,2.36472401163828
Centralized-DQN,1.611622208006477
Centralized-DQN,2.034073846080968
Centralized-DQN,2.0184766846803903
Centralized-DQN,2.1789043649683393
Centralized-DQN,1.8442682555970633
Centralized-DQN,1.4256725440829823
Centralized-DQN,1.8445928652179198
Centralized-DQN,1.8695050055040787
Centralized-DQN,1.4478661593713733
Centralized-DQN,1.930453618704554
Centralized-DQN,1.6721238170116888
Centralized-DQN,2.0695492077527318
Centralized-DQN,1.863303228865571
Centralized-DQN,2.3718362616237467
Centralized-DQN,1.8609764374639528
Centralized-DQN,2.0191621477650115
Centralized-DQN,1.8709083249117304
Centralized-DQN,1.545999009378722
Centralized-DQN,1.8728341236163208
Centralized-DQN,2.093586456845909
Centralized-DQN,2.058698451225207
Centralized-DQN,1.8524311132044593
Centralized-DQN,1.5843633906625616
Centralized-DQN,2.068483258613749
Centralized-DQN,2.0166497092907876
Centralized-DQN,2.114321860727639
Centralized-DQN,1.856844550217943
Centralized-DQN,1.531920047736678
Centralized-DQN,2.0429783461808704
Centralized-DQN,1.9178935069270693
Centralized-DQN,2.2406439413913857
Centralized-DQN,1.9266200906756545
Centralized-DQN,1.9095244287307387
Centralized-DQN,2.016135430317922
Centralized-DQN,1.7824670817482193
Centralized-DQN,1.7713607298531295
Centralized-DQN,1.8974449306357382
Centralized-DQN,1.7079383865745983
Centralized-DQN,1.8672164047566415
Centralized-DQN,2.3668749367561803
Centralized-DQN,2.160222810637755
Centralized-DQN,1.9909719416984792
Centralized-DQN,2.277506440924013
Centralized-DQN,1.7299439390192688
Centralized-DQN,2.493797346020351
Centralized-DQN,1.8139002199542387
Centralized-DQN,2.381676878325315
Centralized-DQN,2.380662462208431
Centralized-DQN,1.5160558525139238
Centralized-DQN,2.258018029779874
Centralized-DQN,1.8545873340397032
Centralized-DQN,1.7891400674339166
Centralized-DQN,2.040876622886013
Centralized-DQN,1.6877763091765037
Centralized-DQN,2.0356601290559104
Centralized-DQN,1.7032409512786406
Centralized-DQN,1.960799065941923
Centralized-DQN,2.22766753822237
Centralized-DQN,2.009053732323637
Centralized-DQN,1.8371040182904237
Centralized-DQN,2.044741119937057
Centralized-DQN,1.595946952242071
Centralized-DQN,1.7267264753212337
Centralized-DQN,1.8208657780591837
Centralized-DQN,2.101290296705616
Centralized-DQN,2.013496032880457
Centralized-DQN,2.043302351117109
Centralized-DQN,1.913691060731036
Centralized-DQN,1.738421841561009
Centralized-DQN,2.262862142185575
Centralized-DQN,1.759228388090651
Centralized-DQN,2.016546574012221
Centralized-DQN,1.894171087913376
Centralized-DQN,2.0497136256847845
Centralized-DQN,1.7804957986060177
Centralized-DQN,2.1625368178683764
Centralized-DQN,2.2375552318086
Centralized-DQN,2.1484008382071638
Centralized-DQN,1.9563168751043285
Centralized-DQN,1.819747143297711
Centralized-DQN,2.5702145550012423
Centralized-DQN,1.6915297048868423
Centralized-DQN,2.1230352887163186
Centralized-DQN,1.996673638212854
Centralized-DQN,1.9055913733220224
Centralized-DQN,1.962661541314717
Centralized-DQN,1.802446394105556
Centralized-DQN,2.018393597163705
Centralized-DQN,1.9929963615651995
Centralized-DQN,2.53693130256196
Centralized-DQN,2.1667174383552985
Centralized-DQN,2.038859390697924
Centralized-DQN,2.052608778234538
Centralized-DQN,2.3438294758262197
Centralized-DQN,1.6964137194838413
Centralized-DQN,1.877898375837288
Centralized-DQN,1.4805952141028211
Centralized-DQN,2.048741493234102
Centralized-DQN,2.1154192321254066
Centralized-DQN,1.6906137479650942
Centralized-DQN,2.250642436147362
Centralized-DQN,1.7543700496992491
Centralized-DQN,1.8410953476825838
Centralized-DQN,1.9475479869588554
Centralized-DQN,2.2873028419798613
Centralized-DQN,1.722271222714161
Centralized-DQN,1.9871033376842533
Centralized-DQN,2.098522618704174
Centralized-DQN,2.0509755257117535
Centralized-DQN,2.0594843980185686
Centralized-DQN,2.095449651188876
Centralized-DQN,1.7921918842509799
Centralized-DQN,2.308864462885707
Centralized-DQN,1.8943911786610728
Centralized-DQN,1.8638173740328539
Centralized-DQN,2.2304929155026887
Centralized-DQN,1.774717393871546
Centralized-DQN,1.9937920951370545
Centralized-DQN,1.7534589026314973
Centralized-DQN,2.500431931878532
Centralized-DQN,2.451914000653852
Centralized-DQN,1.8946004778770198
Centralized-DQN,2.0397750927745224
Centralized-DQN,1.9211980350829165
Centralized-DQN,1.839682677870705
Centralized-DQN,1.9475630973939915
Centralized-DQN,1.9106454293247452
Centralized-DQN,1.5696382293276754
Centralized-DQN,1.980600573288712
Centralized-DQN,1.9102557221730867
Centralized-DQN,1.9919309852083669
Centralized-DQN,1.9021399040030633
Centralized-DQN,1.836977810654543
Centralized-DQN,2.1215792778875207
Centralized-DQN,2.042834166614417
Centralized-DQN,2.2416492979051825
Centralized-DQN,2.033985737734425
Centralized-DQN,1.8744714504617932
Centralized-DQN,2.062103468432894
Centralized-DQN,1.463666728111341
Centralized-DQN,2.404687846363573
Centralized-DQN,1.9832171851263514
Centralized-DQN,2.4232986380065737
Centralized-DQN,1.7197028982495823
Centralized-DQN,1.6624945038457195
Centralized-DQN,2.004287990629858
Centralized-DQN,2.0035280047334383
Centralized-DQN,1.997931596030272
Centralized-DQN,1.9628143572289107
Centralized-DQN,1.77528180612256
Centralized-DQN,1.5777740250443086
Centralized-DQN,1.985237888252318
Centralized-DQN,1.6244908031312528
Centralized-DQN,1.6027377490009973
Centralized-DQN,1.8323024336329181
Centralized-DQN,2.0192238302196595
Centralized-DQN,2.37797972826385
Centralized-DQN,2.145621343469674
Centralized-DQN,2.2502133320745403
Centralized-DQN,2.0706036528099236
Centralized-DQN,2.0045230968446357
Centralized-DQN,2.4973340885428437
Centralized-DQN,1.6152140665591928
Centralized-DQN,1.8247917351027658
Centralized-DQN,1.8427745810882123
Centralized-DQN,2.1258755377209573
Centralized-DQN,1.6944898350291253
Centralized-DQN,2.0958941815856487
Centralized-DQN,2.05355132123967
Centralized-DQN,2.107395249011742
Centralized-DQN,2.1032193899931104
Centralized-DQN,2.27442884428015
Centralized-DQN,1.9086621397392287
Centralized-DQN,2.0421483823468556
Centralized-DQN,1.7502990446063058
Centralized-DQN,1.6977112296343524
Centralized-DQN,2.32661655197267
Centralized-DQN,1.7328878313929297
Centralized-DQN,2.0677583025299455
Centralized-DQN,2.042352261006524
Centralized-DQN,2.1907155980553075
Centralized-DQN,1.5379505705627723
Centralized-DQN,2.12533409108264
Centralized-DQN,1.9066294257219387
Centralized-DQN,1.781780939106262
Centralized-DQN,1.8622116452904058
Centralized-DQN,2.1588719893342474
Centralized-DQN,2.088477815191697
Centralized-DQN,1.8905264352755327
Centralized-DQN,1.6575496402784378
Centralized-DQN,1.6738073248715581
Centralized-DQN,2.093498148846642
Centralized-DQN,1.6256081451292275
Centralized-DQN,1.8927772059085113
Centralized-DQN,2.5377190181483296
Centralized-DQN,2.02588281716047
Centralized-DQN,2.091014216600449
Centralized-DQN,1.6755374733619979
Centralized-DQN,1.6372296984178687
Centralized-DQN,2.103357397333567
Centralized-DQN,1.8549461017586246
Centralized-DQN,2.19040238935227
Centralized-DQN,1.952977897948689
Centralized-DQN,2.73938598579075
Centralized-DQN,1.8111775145518045
Centralized-DQN,2.0096559043252444
Centralized-DQN,1.737028839339847
Centralized-DQN,2.18083123445432
Centralized-DQN,2.0445340555486355
Centralized-DQN,1.7215818577733388
Centralized-DQN,1.8699375603962662
Centralized-DQN,2.259110731814521
Centralized-DQN,2.2314337778778137
Centralized-DQN,1.6171632447131952
Centralized-DQN,1.8356805940840997
Centralized-DQN,2.3626898126508213
Centralized-DQN,1.9045222347199358
Centralized-DQN,1.9853005473521492
Centralized-DQN,2.1796451135984816
Centralized-DQN,1.6361099428688435
Centralized-DQN,1.7265336965922666
Centralized-DQN,1.8684597312268858
Centralized-DQN,2.2205852820146497
Centralized-DQN,2.1779939362373293
Centralized-DQN,2.1088741709999073
Centralized-DQN,1.9109775478262547
Centralized-DQN,2.203292867561401
Centralized-DQN,1.9078705388148531
Centralized-DQN,2.0762038300506025
Centralized-DQN,2.153173779930917
Centralized-DQN,2.333987343554453
Centralized-DQN,1.930062815712347
Centralized-DQN,1.8594946050939454
Centralized-DQN,2.2414253635864396
Centralized-DQN,2.259114834128451
Centralized-DQN,1.8178465169532712
Centralized-DQN,1.6884402281784734
Centralized-DQN,2.2239055410046724
Centralized-DQN,1.5647860131236255
Centralized-DQN,1.5530185508640033
Centralized-DQN,1.8812248055480731
Centralized-DQN,1.9436021105039971
Centralized-DQN,1.6757870208897332
Centralized-DQN,1.9711175435621022
Centralized-DQN,1.981394708421845
Centralized-DQN,1.809318629209894
Centralized-DQN,2.3885101468802743
Centralized-DQN,2.0190169827856828
Centralized-DQN,2.180003874014619
Centralized-DQN,1.584488527410588
Centralized-DQN,1.582500446411394
Centralized-DQN,2.0259984254935124
Centralized-DQN,2.3473592116424307
Centralized-DQN,1.6873107965247631
Centralized-DQN,1.9530339793538953
Centralized-DQN,1.6354338252219682
Centralized-DQN,1.7544293531409438
Centralized-DQN,1.9644928478534114
Centralized-DQN,1.8065023764412196
Centralized-DQN,1.6192072927097065
Centralized-DQN,1.6140477640823994
Centralized-DQN,1.485463733883439
Centralized-DQN,2.0298049082606413
Centralized-DQN,2.0576826682593343
Centralized-DQN,2.0565243117805174
Centralized-DQN,1.7105258961718481
Centralized-DQN,2.1517711773482917
Centralized-DQN,2.0828418049945014
Centralized-DQN,1.9216806312910075
Centralized-DQN,1.883866657553069
Centralized-DQN,1.7704437959341126
Centralized-DQN,1.964274086537178
Centralized-DQN,2.2926138943452665
Centralized-DQN,2.182162164238045
Centralized-DQN,1.8609691183958603
Centralized-DQN,2.0440983847928123
Centralized-DQN,1.666230516590187
Centralized-DQN,2.088207477674158
Centralized-DQN,1.7285705143299004
Centralized-DQN,2.0790348813183757
Centralized-DQN,2.604074232685302
Centralized-DQN,1.7886691355918294
Centralized-DQN,2.5934138824484423
Centralized-DQN,2.0330424163851983
Centralized-DQN,1.7472862540964467
Centralized-DQN,1.7367268991843907
Centralized-DQN,2.464885772048269
Centralized-DQN,2.033584592955594
Centralized-DQN,1.7895583819393908
Centralized-DQN,1.8731226752157148
Centralized-DQN,2.0192507391841428
Centralized-DQN,1.9179907564309173
Centralized-DQN,1.9996951633015685
Centralized-DQN,2.328639950589145
Centralized-DQN,1.6601155588847594
Centralized-DQN,2.068522827516805
Centralized-DQN,1.903204391881237
Centralized-DQN,1.8050199522680719
Centralized-DQN,2.1670289282588024
Centralized-DQN,1.5832875337686427
Centralized-DQN,1.3747737542826393
Centralized-DQN,1.9717324066011994
Centralized-DQN,1.8881633879332846
Centralized-DQN,1.6083039934894177
Centralized-DQN,1.5258887048789682
Centralized-DQN,2.3648179302148926
Centralized-DQN,2.02667862096991
Centralized-DQN,1.924526374595738
Centralized-DQN,2.4257844270242552
Centralized-DQN,2.1554831984023064
Centralized-DQN,2.3276413679324635
Centralized-DQN,1.6481386149619535
Centralized-DQN,1.6395127472352726
Centralized-DQN,2.0621741341707303
Centralized-DQN,2.0155006198492695
Centralized-DQN,2.207922133016035
Centralized-DQN,1.544266243127963
Centralized-DQN,2.082108844639867
Centralized-DQN,2.1479274931400356
Centralized-DQN,2.1356940441933436
Centralized-DQN,1.826297614569787
Centralized-DQN,2.039488935535736
Centralized-DQN,1.7412886060111827
Centralized-DQN,1.852505222742421
Centralized-DQN,1.679707467425756
Centralized-DQN,1.7452034159603516
Centralized-DQN,1.8644822795414506
Centralized-DQN,1.8068881733442343
Centralized-DQN,1.7451744515199805
Centralized-DQN,1.6205728391781378
Centralized-DQN,2.371836469660956
Centralized-DQN,1.8046702978811306
Centralized-DQN,1.9960240681415953
Centralized-DQN,1.5147328612813014
Centralized-DQN,2.2328023602223297
Centralized-DQN,1.9585138138721694
Centralized-DQN,1.8177313053100506
Centralized-DQN,1.8197434973190263
Centralized-DQN,2.120312031229299
Centralized-DQN,1.2396068132172005
Centralized-DQN,1.7301058547614288
Centralized-DQN,1.8925630838166851
Centralized-DQN,1.8899072068843163
Centralized-DQN,2.497223876431507
Centralized-DQN,1.8422184644087503
Centralized-DQN,2.1481482989710052
Centralized-DQN,2.337405815777883
Centralized-DQN,2.0745094853656543
Centralized-DQN,1.7647527771767795
Centralized-DQN,1.6240540601886075
Centralized-DQN,2.0917448331373527
Centralized-DQN,2.299013811530446
Centralized-DQN,2.045789897209909
Centralized-DQN,2.204186454666889
Centralized-DQN,2.5171845997988553
Centralized-DQN,2.1129310351235984
Centralized-DQN,1.6664141877210814
Centralized-DQN,1.9317644003722263
Centralized-DQN,2.235697580587273
Centralized-DQN,1.8626811361655777
Centralized-DQN,2.2669145690449057
Centralized-DQN,1.9045777387034746
Centralized-DQN,1.9970336457861508
Centralized-DQN,1.839189264304777
Centralized-DQN,1.9567571728099755
Centralized-DQN,1.9689478873581021
Centralized-DQN,1.5493919401535883
Centralized-DQN,1.81825690538932
Centralized-DQN,1.6358688567889672
Centralized-DQN,1.8262021768577221
Centralized-DQN,1.736794267469138
Centralized-DQN,2.1531235990046764
Centralized-DQN,2.1557913455045017
Centralized-DQN,2.049091773158433
Centralized-DQN,1.627933617128102
Centralized-DQN,1.8973897473299997
Centralized-DQN,1.6096068913658592
Centralized-DQN,1.8860636038768672
Centralized-DQN,2.0691658369296237
Centralized-DQN,2.14858083599964
Centralized-DQN,2.0289434372795236
Centralized-DQN,2.209951848348835
Centralized-DQN,1.9798478715503904
Centralized-DQN,1.8661877133288274
Centralized-DQN,2.1212913814347445
Centralized-DQN,2.1288520934807056
Centralized-DQN,1.7992308407062163
Centralized-DQN,2.0073175123745437
Centralized-DQN,1.8521901985528408
Centralized-DQN,1.4572197575730268
Centralized-DQN,2.0214005357829086
Centralized-DQN,1.621742089315465
Centralized-DQN,1.9956228578304984
Centralized-DQN,1.5662654279820578
Centralized-DQN,1.7541887054544212
Centralized-DQN,1.8200988360800987
Centralized-DQN,2.1968773870797342
Centralized-DQN,1.7970781301792422
Centralized-DQN,1.6723266922885538
Centralized-DQN,2.003945106891324
Centralized-DQN,1.8700092851557197
Centralized-DQN,2.1021451531736077
Centralized-DQN,1.686862859712491
Centralized-DQN,1.9685807344450048
Centralized-DQN,2.4889881899659434
Centralized-DQN,1.8648701278384872
Centralized-DQN,1.9630226863950246
Centralized-DQN,1.537296324548132
Centralized-DQN,1.7234735720466077
Centralized-DQN,2.025919649750654
Centralized-DQN,1.8439915601274885
Centralized-DQN,2.0615653541224193
Centralized-DQN,2.017905873207535
Centralized-DQN,1.616326017973764
Centralized-DQN,2.153926567516758
Centralized-DQN,1.633685389035479
Centralized-DQN,1.7437619929019688
Centralized-DQN,1.9728733245390826
Centralized-DQN,2.281042101044716
Centralized-DQN,1.6887068884698262
Centralized-DQN,1.9540264980678648
Centralized-DQN,1.9559471160185105
Centralized-DQN,2.0714557388787695
Centralized-DQN,2.192800638646062
Centralized-DQN,1.826901059173953
Centralized-DQN,2.1531300651869834
Centralized-DQN,2.2265061240175976
Centralized-DQN,2.3310241948120103
Centralized-DQN,2.0356431282558614
Centralized-DQN,1.9562734641452466
Centralized-DQN,1.810655737279134
Centralized-DQN,1.5838494569127304
Centralized-DQN,1.8559595060754819
Centralized-DQN,1.9458826144265875
Centralized-DQN,1.8947729735194583
Centralized-DQN,2.057714225544536
Centralized-DQN,1.5849584775767362
Centralized-DQN,1.8780731281252288
Centralized-DQN,2.379594894903623
Centralized-DQN,2.149385954189312
Centralized-DQN,2.061970205770611
Centralized-DQN,2.010013219205182
Centralized-DQN,1.8358045000553471
Centralized-DQN,1.5158622139952533
Centralized-DQN,2.0253224272309245
Centralized-DQN,1.3558821159268604
Centralized-DQN,1.8449919292540162
Centralized-DQN,1.919156922738663
Centralized-DQN,1.816967323682224
Centralized-DQN,2.420286657055157
Centralized-DQN,2.340328577687054
Centralized-DQN,2.157959823439126
Centralized-DQN,1.7068047130969242
Centralized-DQN,2.3626940913328407
Centralized-DQN,2.062610489584981
Centralized-DQN,1.702967886392906
Centralized-DQN,1.9275379763626541
Centralized-DQN,2.1408556462551855
Centralized-DQN,1.782018315116012
Centralized-DQN,1.9523787005966111
Centralized-DQN,1.9929161573023086
Centralized-DQN,1.666363191965184
Centralized-DQN,1.8577706078765794
Centralized-DQN,1.6837334227100493
Centralized-DQN,2.120141110818828
Centralized-DQN,1.7107840299470096
Centralized-DQN,1.9872315734318722
Centralized-DQN,1.5997080994421151
Centralized-DQN,1.658856142124242
Centralized-DQN,1.6476945694070748
Centralized-DQN,1.8532818845460295
Centralized-DQN,1.9615599252411942
Centralized-DQN,2.0040396200121515
Centralized-DQN,1.511677025653948
Centralized-DQN,1.8811454859195647
Centralized-DQN,1.7470681859227923
Centralized-DQN,2.0430747247342675
Centralized-DQN,1.858336589319338
Centralized-DQN,1.9013765363055006
Centralized-DQN,1.748363764568895
Centralized-DQN,2.317358832289651
Centralized-DQN,1.6242633008870702
Centralized-DQN,1.8279012886143984
Centralized-DQN,1.9447906836340918
Centralized-DQN,1.862086549505611
Centralized-DQN,1.7439891495843365
Centralized-DQN,1.5025881132108116
Centralized-DQN,1.760676337714539
Centralized-DQN,1.698957732518124
Centralized-DQN,2.3068933461610834
Centralized-DQN,2.441785941948991
Centralized-DQN,1.908297597389813
Centralized-DQN,1.596344093115082
Centralized-DQN,2.0900453619561303
Centralized-DQN,1.6939599764003561
Centralized-DQN,1.7934709892517888
Centralized-DQN,1.77511306110337
Centralized-DQN,1.804683495889008
Centralized-DQN,1.838272454056531
Centralized-DQN,1.6173691508745374
Centralized-DQN,1.758256052353591
Centralized-DQN,2.1549951547077355
Centralized-DQN,1.9122684809377946
Centralized-DQN,1.9488723090790128
Centralized-DQN,1.4056900307670612
Centralized-DQN,2.1383693549238934
Centralized-DQN,1.7620562173064174
Centralized-DQN,2.1789623549263166
Centralized-DQN,1.9555449148871493
Centralized-DQN,1.790502889947957
Centralized-DQN,1.533437277185008
Centralized-DQN,2.4210845085914285
Centralized-DQN,2.1050681717101174
Centralized-DQN,2.1188523416883465
Centralized-DQN,2.339057903336285
Centralized-DQN,1.9716296476175295
Centralized-DQN,2.2315929718383556
Centralized-DQN,1.8097362606151306
Centralized-DQN,2.0899380939647707
Centralized-DQN,1.7748257186093477
Centralized-DQN,1.8039109335204142
Centralized-DQN,1.9423489325846652
Centralized-DQN,1.6279912911452796
Centralized-DQN,1.9958993408351264
Centralized-DQN,1.8481248284449683
Centralized-DQN,1.4620660302057182
Centralized-DQN,1.814554701521144
Centralized-DQN,1.8404993963934582
Centralized-DQN,2.116493521498731
Centralized-DQN,1.9857096082545662
Centralized-DQN,2.253497633362133
Centralized-DQN,2.03983325083196
Centralized-DQN,1.7923673694180204
Centralized-DQN,1.9065540033462074
Centralized-DQN,1.8398097322955806
Centralized-DQN,2.032428946048474
Centralized-DQN,1.9337830227755275
Centralized-DQN,1.7751798603358644
Centralized-DQN,1.9219815485328033
Centralized-DQN,2.0262560253438164
Centralized-DQN,1.68812047757527
Centralized-DQN,1.99303881868294
Centralized-DQN,1.5562714146466194
Centralized-DQN,2.1747236374598264
Centralized-DQN,2.041462458801863
Centralized-DQN,2.2953868114072624
Centralized-DQN,1.6627361802757419
Centralized-DQN,2.181147278319312
Centralized-DQN,2.135603726646097
Centralized-DQN,1.878013736323302
Centralized-DQN,1.8332213714561494
Centralized-DQN,1.6699823485846956
Centralized-DQN,1.6099254456447376
Centralized-DQN,1.746915612793414
Centralized-DQN,1.6306692919903587
Centralized-DQN,2.2876544602192785
Centralized-DQN,1.5739272368788357
Centralized-DQN,1.9543055181556441
Centralized-DQN,2.0203864612343283
Centralized-DQN,2.002367823040808
Centralized-DQN,2.022594495835925
Centralized-DQN,2.138050633140405
Centralized-DQN,1.8172595337745912
Centralized-DQN,1.9401716687670247
Centralized-DQN,1.8523634274126957
Centralized-DQN,2.2201018962240417
Centralized-DQN,2.4038091087686113
Centralized-DQN,1.644917661658819
Centralized-DQN,1.4520343658639636
Centralized-DQN,2.0511279135019826
Centralized-DQN,2.1666139125279074
Centralized-DQN,2.370887572972444
Centralized-DQN,2.0900099369203176
Centralized-DQN,2.2415879328815325
Centralized-DQN,2.3024779928547017
Centralized-DQN,2.257484798583752
Centralized-DQN,2.123019381541589
Centralized-DQN,1.6245789166978124
Centralized-DQN,1.9180734284148426
Centralized-DQN,1.9891288978312323
Centralized-DQN,1.8970038605121897
Centralized-DQN,1.9112203873116338
Centralized-DQN,2.281089345873693
Centralized-DQN,1.745625980078201
Centralized-DQN,2.1041016644044768
Centralized-DQN,1.9929081503721746
Centralized-DQN,1.7224245375194889
Centralized-DQN,1.6719510148023753
Centralized-DQN,1.52801700707017
Centralized-DQN,2.031876947700197
Centralized-DQN,1.9054283949924007
Centralized-DQN,1.729740880133351
Centralized-DQN,1.4877453793299327
Centralized-DQN,2.0196965917859844
Centralized-DQN,1.879973231554487
Centralized-DQN,1.7555650240856033
Centralized-DQN,1.697885201360449
Centralized-DQN,1.8650322823472794
Centralized-DQN,2.0282871903143254
Centralized-DQN,1.843971920389321
Centralized-DQN,1.646163534190892
Centralized-DQN,1.9066080103598235
Centralized-DQN,2.1608941364550027
Centralized-DQN,1.929277653022666
Centralized-DQN,1.935764784144604
Centralized-DQN,1.8449658723583084
Centralized-DQN,1.715021458045915
Centralized-DQN,1.7073644352721038
Centralized-DQN,1.5371088230203587
Centralized-DQN,2.1921544327035996
Centralized-DQN,2.0265494421614245
Centralized-DQN,1.9390049677638674
Centralized-DQN,1.9881022694655104
Centralized-DQN,1.9982275728902148
Centralized-DQN,1.750760534725266
Centralized-DQN,1.845059559330823
Centralized-DQN,1.8107423207310451
Centralized-DQN,2.498632093488001
Centralized-DQN,2.155054550351482
Centralized-DQN,1.9586800784237703
Centralized-DQN,2.234722776989879
Centralized-DQN,2.205624171534739
Centralized-DQN,1.6019271995370232
Centralized-DQN,1.8686546040403296
Centralized-DQN,1.9162388589753019
Centralized-DQN,2.060896039445468
Centralized-DQN,1.8683920714846234
Centralized-DQN,1.8972984310837533
Centralized-DQN,1.8137052301920753
Centralized-DQN,2.161674661459609
Centralized-DQN,1.587454361995456
Centralized-DQN,1.8215374606308852
Centralized-DQN,1.495217050891138
Centralized-DQN,1.682771072298642
Centralized-DQN,1.9930776882520864
Centralized-DQN,1.997449948406933
Centralized-DQN,1.847840634153833
Centralized-DQN,2.178966177670144
Centralized-DQN,2.231971481233756
Centralized-DQN,1.9040500219514942
Centralized-DQN,1.977699730113226
Centralized-DQN,1.8157337605117287
Centralized-DQN,2.0644349310224315
Centralized-DQN,1.6448884654023213
Centralized-DQN,2.3337603400809845
Centralized-DQN,2.182652604532583
Centralized-DQN,1.6437673680519698
Centralized-DQN,1.7382101432446428
Centralized-DQN,2.017055715235928
Centralized-DQN,1.8420669457112937
Centralized-DQN,2.045475736025468
Centralized-DQN,1.8371950816474891
Centralized-DQN,2.2713166290708613
Centralized-DQN,1.9219139311183804
Centralized-DQN,2.477695902184415
Centralized-DQN,2.058856388454796
Centralized-DQN,1.60909724046763
Centralized-DQN,2.400728812832236
Centralized-DQN,2.173135631202167
Centralized-DQN,2.0075860128186576
Centralized-DQN,2.068984348308118
Centralized-DQN,1.6460436254322
Centralized-DQN,1.5042717441785247
Centralized-DQN,1.9103808673916876
Centralized-DQN,2.237668686139968
Centralized-DQN,2.0111713174890866
Centralized-DQN,2.313793113003067
Centralized-DQN,2.2244092684474803
Centralized-DQN,1.9247482460433682
Centralized-DQN,2.1927375946737926
Centralized-DQN,2.2708059769009297
Centralized-DQN,1.901526073862505
Centralized-DQN,1.8707461108504728
Centralized-DQN,1.952359792281579
Centralized-DQN,1.3642964364920873
Centralized-DQN,1.9846115101230741
Centralized-DQN,2.0859889113027412
Centralized-DQN,1.9532953554621315
Centralized-DQN,1.9994129864512604
Centralized-DQN,1.9099830430618743
Centralized-DQN,1.4598861565545278
Centralized-DQN,2.3030618329121353
Centralized-DQN,1.835252233558644
Centralized-DQN,1.777665762617048
Centralized-DQN,2.232879232155301
Centralized-DQN,2.1454925879334636
Centralized-DQN,1.982914373216819
Centralized-DQN,2.0972627842021465
Centralized-DQN,1.6538906874569128
Centralized-DQN,1.901361936225896
Centralized-DQN,2.2183182588189503
Centralized-DQN,1.763986524872409
Centralized-DQN,1.6899840065294396
Centralized-DQN,1.9381103507335733
Centralized-DQN,1.9435139353569317
Centralized-DQN,2.06920061180314
Centralized-DQN,1.6024736784599858
Centralized-DQN,1.3326235920996947
Centralized-DQN,2.1322518360819154
Centralized-DQN,1.6704809533736258
Centralized-DQN,1.779458220783854
Centralized-DQN,1.4169825449578084
Centralized-DQN,2.1556790819386884
Centralized-DQN,2.000717926826311
Centralized-DQN,1.9914688229493385
Centralized-DQN,1.9899160513972691
Centralized-DQN,1.4453386397111458
Centralized-DQN,1.6930177562708186
Centralized-DQN,1.8159220737531965
Centralized-DQN,1.7474896655301884
Centralized-DQN,1.8574437389615142
Centralized-DQN,1.9767244114971942
Centralized-DQN,2.1518833880651957
Centralized-DQN,1.5789609921698227
Centralized-DQN,1.9179643268816309
Centralized-DQN,2.0839396636240384
Centralized-DQN,1.7070912376384926
Centralized-DQN,1.8755713289238807
Centralized-DQN,2.027493607408285
Centralized-DQN,1.9225825212240804
Centralized-DQN,2.075335164034421
Centralized-DQN,1.941818453080227
Centralized-DQN,1.848146870861358
Centralized-DQN,1.6498076724793633
Centralized-DQN,1.976947635397708
Centralized-DQN,1.943033727934242
Centralized-DQN,1.6912515007935898
Centralized-DQN,2.0541056620443485
Centralized-DQN,2.2121295758607404
Centralized-DQN,1.767914557141092
Centralized-DQN,1.7523535539583581
Centralized-DQN,1.743940172485328
Centralized-DQN,1.5332363783760554
Centralized-DQN,2.3818325806560217
Centralized-DQN,1.8165768083291667
Centralized-DQN,1.7222121575237597
Centralized-DQN,1.6603910291736554
Centralized-DQN,1.8306122957428268
Centralized-DQN,1.7598237619207717
Centralized-DQN,2.251332062229632
Centralized-DQN,1.6322908071788993
Centralized-DQN,1.565521713111167
Centralized-DQN,2.0471310525590196
Centralized-DQN,1.8952996232503352
Centralized-DQN,1.8686335097212916
Centralized-DQN,2.0489401911485485
Centralized-DQN,1.9514983612326604
Centralized-DQN,1.9092132279873901
Centralized-DQN,1.596139138116793
Centralized-DQN,1.5356708775156105
Centralized-DQN,1.7586213009506577
Centralized-DQN,1.6701623176168865
Centralized-DQN,1.9820250159797421
Centralized-DQN,1.5055760845724706
Centralized-DQN,1.8169743145877222
Centralized-DQN,1.8801235526403588
Centralized-DQN,1.9108634235959148
Centralized-DQN,2.011921366128278
Centralized-DQN,1.8447651394196833
Centralized-DQN,1.766209842287515
Centralized-DQN,2.206728226663632
Centralized-DQN,1.8462644685590397
Centralized-DQN,2.2469676366845106
Centralized-DQN,1.845090681728022
Centralized-DQN,1.9162514695826385
Centralized-DQN,1.8880326111356018
Centralized-DQN,1.9732727674288877
Centralized-DQN,1.8232669758959725
Centralized-DQN,1.9421494979510205
Centralized-DQN,2.2726995517276323
Centralized-DQN,2.161655452352539
Centralized-DQN,2.1632421143699405
Centralized-DQN,1.610819196250944
Centralized-DQN,1.6481003654320636
Centralized-DQN,1.9701698126032103
Centralized-DQN,2.0975780180250476
Centralized-DQN,1.8003911687174896
Centralized-DQN,1.7592764473905707
Centralized-DQN,2.241141427815851
Centralized-DQN,2.0780259840200386
Centralized-DQN,2.1637601312400783
Centralized-DQN,1.8182899065369849
Centralized-DQN,1.8001872566824295
Centralized-DQN,2.1386243953143915
Centralized-DQN,1.8594679617970409
Centralized-DQN,1.7792585404280745
Centralized-DQN,1.7095995410568463
Centralized-DQN,1.8021975998270403
Centralized-DQN,2.121619250256079
Centralized-DQN,1.5721732170098797
Centralized-DQN,2.0649336887064407
Centralized-DQN,1.7568263979848873
Centralized-DQN,1.871546789041088
Centralized-DQN,1.886305018225761
Centralized-DQN,1.8691403815747634
Centralized-DQN,1.853845794067476
Centralized-DQN,1.8176203928429882
Centralized-DQN,1.7883436399239008
Centralized-DQN,2.2240758252208446
Centralized-DQN,1.9257713624225112
Centralized-DQN,1.890981513240972
Centralized-DQN,1.7714720127700794
Centralized-DQN,1.8260097436114906
Centralized-DQN,1.772274153593541
Centralized-DQN,2.0963352972091007
Centralized-DQN,1.7463707704770983
Centralized-DQN,1.4024649511722513
Centralized-DQN,1.9334341718319097
Centralized-DQN,1.8556283533278237
Centralized-DQN,1.7850343948475975
Centralized-DQN,2.130022530035949
Centralized-DQN,1.2901970834577141
Centralized-DQN,2.2831666325690625
Centralized-DQN,2.162997756007102
Centralized-DQN,1.7752965281599138
Centralized-DQN,1.8161393038042364
Centralized-DQN,2.0362107536170035
Centralized-DQN,2.0423921640593656
Centralized-DQN,1.7739536200155124
Centralized-DQN,1.5474946359096744
Centralized-DQN,2.4069948029649417
Centralized-DQN,2.140290981105151
Centralized-DQN,1.9561389377190181
Centralized-DQN,1.9604986174249062
Centralized-DQN,2.0631514433655984
Centralized-DQN,2.09074098110477
Centralized-DQN,1.4393011175067723
Centralized-DQN,1.8391590959542286
Centralized-DQN,1.8152071780905235
Centralized-DQN,1.8828054546811432
Centralized-DQN,2.0975909244998734
Centralized-DQN,1.5075655225058353
Centralized-DQN,1.6091575943661978
Centralized-DQN,1.7629259435821916
Centralized-DQN,1.9555611171378955
Centralized-DQN,2.1117217413136222
Centralized-DQN,2.2958569158668904
Centralized-DQN,1.854023992346646
Centralized-DQN,2.1113428015775964
Centralized-DQN,2.0836214349924287
Centralized-DQN,2.044800572406558
Centralized-DQN,1.9144056714612785
Centralized-DQN,1.827947841383308
Centralized-DQN,1.6745319942291579
Centralized-DQN,1.659281003645555
Centralized-DQN,1.9999676521339405
Centralized-DQN,1.907461053631047
Centralized-DQN,1.824267100145621
Centralized-DQN,2.073171907498785
Centralized-DQN,1.8738072959027463
Centralized-DQN,1.7096035229678832
Centralized-DQN,1.8585988448954456
Centralized-DQN,2.1090731167967216
Centralized-DQN,1.6841825466986684
Centralized-DQN,1.9682173787606498
Centralized-DQN,1.907229908491649
Centralized-DQN,1.7447094010284778
Centralized-DQN,1.852411656106101
Centralized-DQN,1.5578842347773978
Centralized-DQN,1.9452611007338494
Centralized-DQN,1.6055655206252482
Centralized-DQN,2.1670895348481305
Centralized-DQN,1.8988095537329228
Centralized-DQN,1.7882541335264392
Centralized-DQN,2.187392869184207
Centralized-DQN,1.6822620262906134
Centralized-DQN,1.747733858495538
Centralized-DQN,1.4985415690679087
Centralized-DQN,2.221710252518272
Centralized-DQN,2.3515082564950727
Centralized-DQN,1.5344039474245497
Centralized-DQN,1.73204602968192
Centralized-DQN,1.936085049179455
Centralized-DQN,1.8011840708332063
Centralized-DQN,1.9127850225846763
Centralized-DQN,1.892905434229945
Centralized-DQN,2.0138999485850815
Centralized-DQN,1.6985935501930105
Centralized-DQN,1.9643887834162737
Centralized-DQN,1.6628442417617209
Centralized-DQN,1.8251079361463254
Centralized-DQN,1.519852494141691
Centralized-DQN,1.8267920966895586
Centralized-DQN,1.7880412608980025
Centralized-DQN,2.1374006837925874
Centralized-DQN,1.9063464793375637
Centralized-DQN,1.9482247449071193
Centralized-DQN,1.9148270526342492
Centralized-DQN,1.4294533222488848
Centralized-DQN,1.4599035816564476
Centralized-DQN,1.8465766732690625
Centralized-DQN,1.9841802212752446
Centralized-DQN,1.865887059597286
Centralized-DQN,1.720920812175333
Centralized-DQN,1.864631857298142
Centralized-DQN,1.8446394929561714
Centralized-DQN,2.099482348542499
Centralized-DQN,2.0865838038218816
Centralized-DQN,1.792493292830906
Centralized-DQN,1.908497451913142
Centralized-DQN,1.9836363155387309
Centralized-DQN,2.0178380687095325
Centralized-DQN,2.300758600118118
Centralized-DQN,1.9135147857388917
Centralized-DQN,2.1892788028891816
Centralized-DQN,1.6527168589109138
Centralized-DQN,1.7730799508235162
Centralized-DQN,1.4279060543205822
Centralized-DQN,1.954861026818243
Centralized-DQN,2.069189519199475
Centralized-DQN,1.331239270714422
Centralized-DQN,1.9633811790929296
Centralized-DQN,2.059210064002217
Centralized-DQN,2.0460835421963766
Centralized-DQN,1.6444735979440173
Centralized-DQN,2.098126841800454
Centralized-DQN,1.9221437561975958
Centralized-DQN,2.056175067398365
Centralized-DQN,1.8910023419488446
Centralized-DQN,2.007791009369578
Centralized-DQN,2.175567928329395
Centralized-DQN,1.8729933187348033
Centralized-DQN,1.9854577479698017
Centralized-DQN,2.2079467073871646
Centralized-DQN,1.8893037700278317
Centralized-DQN,1.6607087234877276
Centralized-DQN,2.075760335805541
Centralized-DQN,2.2505958014844
Centralized-DQN,2.216935721353166
Centralized-DQN,2.0847331813621723
Centralized-DQN,1.3799060926252604
Centralized-DQN,1.7735041397000497
Centralized-DQN,1.7853080476434118
Centralized-DQN,1.9303376774771985
Centralized-DQN,2.3089762178551307
Centralized-DQN,1.671043207628422
Centralized-DQN,2.4366033612126174
Centralized-DQN,1.8319116372616144
Centralized-DQN,1.7433059373757183
Centralized-DQN,2.114735165716636
Centralized-DQN,2.1329597030762786
Centralized-DQN,2.069747768299868
Centralized-DQN,1.7427174604478963
Centralized-DQN,2.035667280631082
Centralized-DQN,1.6818682958052884
Centralized-DQN,1.73631455293896
Centralized-DQN,1.898141914190379
Centralized-DQN,1.731080386582786
Centralized-DQN,2.162553196311237
Centralized-DQN,1.7867902006480287
Centralized-DQN,1.8692068873080347
Centralized-DQN,1.7172023159023064
Centralized-DQN,2.1590653005515517
Centralized-DQN,1.7665243451098307
Centralized-DQN,2.183119358072391
Centralized-DQN,2.166192442049031
Centralized-DQN,1.8172552049022146
Centralized-DQN,1.9268354630233377
Centralized-DQN,1.810857451798744
Centralized-DQN,2.0457343477072074
Centralized-DQN,1.875193809869821
Centralized-DQN,1.823812455066755
Centralized-DQN,1.9306396792105067
Centralized-DQN,1.5554574880836378
Centralized-DQN,1.90252456439691
Centralized-DQN,2.069670597920113
Centralized-DQN,1.9518077292121734
Centralized-DQN,2.139261672743009
Centralized-DQN,1.8330705205568771
Centralized-DQN,1.814179419880031
Centralized-DQN,1.6625697014838914
Centralized-DQN,1.8265163742223736
Centralized-DQN,2.3729416607917906
Centralized-DQN,1.9834851913389586
Centralized-DQN,1.78509245588009
Centralized-DQN,1.6881848974693479
Centralized-DQN,1.5516985207835314
Centralized-DQN,1.7286773216085538
Centralized-DQN,2.0949181843673026
Centralized-DQN,1.8216118794450518
Centralized-DQN,1.6992372292279514
Centralized-DQN,1.724578456158511
Centralized-DQN,2.06964037630616
Centralized-DQN,1.901276987432073
Centralized-DQN,1.7754921029659907
Centralized-DQN,1.8489473196546267
Centralized-DQN,2.4282354721261274
Centralized-DQN,2.2010011562969805
Centralized-DQN,2.2583712759559327
Centralized-DQN,1.5163152509269138
Centralized-DQN,1.8851860351863687
Centralized-DQN,1.7714405915556364
Centralized-DQN,2.045300781120118
Centralized-DQN,2.1641795047953867
Centralized-DQN,1.995208599456777
Centralized-DQN,1.7189829021712606
Centralized-DQN,1.767702526925437
Centralized-DQN,2.0629795275570095
Centralized-DQN,2.085904859107452
Centralized-DQN,1.9524754266095778
Centralized-DQN,1.949903827827357
Centralized-DQN,1.931548232241074
Centralized-DQN,1.9819998469049618
Centralized-DQN,2.0849574086795855
Centralized-DQN,2.0651901789472964
Centralized-DQN,1.9254340839667392
Centralized-DQN,1.9086990142477818
Centralized-DQN,1.899886469590328
Centralized-DQN,1.7402118195763743
Centralized-DQN,1.7372863143939652
Centralized-DQN,2.0453275257146366
Centralized-DQN,1.7557550085746925
Centralized-DQN,2.1075303631671605
Centralized-DQN,1.9081706393773914
Centralized-DQN,2.1088347475434612
Centralized-DQN,2.0667553083390273
Centralized-DQN,2.1142110546674866
Centralized-DQN,1.8102453297019687
Centralized-DQN,2.0142104333903714
Centralized-DQN,2.090009392791943
Centralized-DQN,1.5625743284583709
Centralized-DQN,2.3120701703152573
Centralized-DQN,2.4420755818246827
Centralized-DQN,2.138255223052296
Centralized-DQN,2.10567492759475
Centralized-DQN,2.055649980854673
Centralized-DQN,1.8454809580753784
Centralized-DQN,1.8946167833237333
Centralized-DQN,2.1421988878910656
Centralized-DQN,1.6957707583027761
Centralized-DQN,1.6756108232150495
Centralized-DQN,1.8284553549137283
Centralized-DQN,2.0712007314959253
Centralized-DQN,1.7204883091336243
Centralized-DQN,1.8680641381822407
Centralized-DQN,1.8954219408264168
Centralized-DQN,1.6868653274186212
Centralized-DQN,1.3578774719725701
Centralized-DQN,1.6834915109179074
Centralized-DQN,1.9801082535897658
Centralized-DQN,2.03200745509113
Centralized-DQN,2.033901231481668
Centralized-DQN,2.0604454797718588
Centralized-DQN,1.7756786149161723
Centralized-DQN,1.726323657602952
Centralized-DQN,2.006413364317637
Centralized-DQN,1.8712127838174089
Centralized-DQN,2.1289909146346218
Centralized-DQN,2.007868469223371
Centralized-DQN,2.2157922576766973
Centralized-DQN,1.8127404354833827
Centralized-DQN,2.1659598912248477
Centralized-DQN,2.3887893267006683
Centralized-DQN,1.9323822861943971
Centralized-DQN,2.035040258367153
Centralized-DQN,1.7056062822838685
Centralized-DQN,2.1259906235632906
Centralized-DQN,2.1801350022583987
Centralized-DQN,1.8060779863910528
Centralized-DQN,2.0550511651756427
Centralized-DQN,1.984620919029797
Centralized-DQN,2.010036930879556
Centralized-DQN,2.1070893482723188
Centralized-DQN,2.0395544468734808
Centralized-DQN,1.887977204849777
Centralized-DQN,2.1119914802911035
Centralized-DQN,2.176171643026471
Centralized-DQN,1.7923136024017925
Centralized-DQN,1.919585481128469
Centralized-DQN,1.5124931776771042
Centralized-DQN,2.0544609901511914
Centralized-DQN,2.2018062895712878
Centralized-DQN,1.8607191795864741
Centralized-DQN,1.9507436907651134
Centralized-DQN,1.8692669026689162
Centralized-DQN,1.831550310019001
Centralized-DQN,1.9734922644894557
Centralized-DQN,1.7393105190079985
Centralized-DQN,1.8657921938434332
Centralized-DQN,1.7115914661644052
Centralized-DQN,2.0557232453797654
Centralized-DQN,1.9751204629096786
Centralized-DQN,1.8206427838345134
Centralized-DQN,1.9285429429913998
Centralized-DQN,1.8691449010691292
Centralized-DQN,2.1835534472999347
Centralized-DQN,1.8183907625448739
Centralized-DQN,2.066314360035506
Centralized-DQN,1.757520241464969
Centralized-DQN,2.107600527447529
Centralized-DQN,2.1589952102408314
Centralized-DQN,2.1698702498137825
Centralized-DQN,2.258922291718356
Centralized-DQN,1.9873793280182073
Centralized-DQN,2.205222920063211
Centralized-DQN,2.2942110610146256
Centralized-DQN,1.6614791353610103
Centralized-DQN,1.781013932137758
Centralized-DQN,1.5753905565272552
Centralized-DQN,2.164487606336587
Centralized-DQN,1.5724341655937257
Centralized-DQN,1.5099243247532472
Centralized-DQN,1.667160726321755
Centralized-DQN,1.519492912775171
Centralized-DQN,1.9827052100717795
Centralized-DQN,1.6701213745030727
Centralized-DQN,1.5305588170743276
Centralized-DQN,1.9103523870477683
Centralized-DQN,1.9239426113541995
Centralized-DQN,1.4892019743392026
Centralized-DQN,1.7555632496323912
Centralized-DQN,1.902803231545421
Centralized-DQN,1.837787917792538
Centralized-DQN,1.844087064487049
Centralized-DQN,2.1917077199008
Centralized-DQN,2.4145639201513514
Centralized-DQN,1.8478160288297927
Centralized-DQN,1.6154384948936245
Centralized-DQN,1.865952054079377
Centralized-DQN,1.964765131027858
Centralized-DQN,1.9077246232850282
Centralized-DQN,2.0607032336389004
Centralized-DQN,2.4296238912452077
Centralized-DQN,1.5252969545286943
Centralized-DQN,1.8031688447154115
Centralized-DQN,2.275079388064091
Centralized-DQN,1.7997207029147515
Centralized-DQN,2.101899303684347
Centralized-DQN,2.0653595206689004
Centralized-DQN,2.2049771190099
Centralized-DQN,2.3608334770543555
Centralized-DQN,1.9967399517159605
Centralized-DQN,1.517760817439254
Centralized-DQN,1.758626186588747
Centralized-DQN,2.4236665804631685
Centralized-DQN,1.594168824717702
Centralized-DQN,2.034464233541508
Centralized-DQN,1.3406570747746895
Centralized-DQN,1.608677257292657
Centralized-DQN,2.1243503496345397
Centralized-DQN,1.9282853960439756
Centralized-DQN,1.8332678034305405
Centralized-DQN,1.7323723719886281
Centralized-DQN,1.4599965988680745
Centralized-DQN,2.0797607161866174
Centralized-DQN,1.8547628460308956
Centralized-DQN,1.5693622637920541
Centralized-DQN,1.9269555777431693
Centralized-DQN,2.0539195427504935
Centralized-DQN,1.873764781795114
Centralized-DQN,1.9467247142351818
Centralized-DQN,1.9287844182883065
Centralized-DQN,1.757154476092068
Centralized-DQN,1.9325014149042812
Centralized-DQN,2.0893939809770363
Centralized-DQN,2.1583819023342143
Centralized-DQN,2.1021840396109845
Centralized-DQN,1.7644574136032456
Centralized-DQN,2.066583371881678
Centralized-DQN,2.0272434648583397
Centralized-DQN,1.7564830942206269
Centralized-DQN,1.8130223452709138
Centralized-DQN,2.076601290849993
Centralized-DQN,2.2372396384066042
Centralized-DQN,1.502590794705293
Centralized-DQN,2.2978701093202853
Centralized-DQN,2.1882223893292427
Centralized-DQN,1.9658769024382539
Centralized-DQN,1.864538889978317
Centralized-DQN,2.0099558667000905
Centralized-DQN,1.7724137409041731
Centralized-DQN,1.879059067404287
Centralized-DQN,1.580153790388459
Centralized-DQN,1.5187531106914496
Centralized-DQN,2.4573634486362357
Centralized-DQN,1.9345325303212695
Centralized-DQN,1.9669299504389453
Centralized-DQN,1.9129191644672545
Centralized-DQN,1.7292808659116026
Centralized-DQN,1.8492528899105432
Centralized-DQN,1.941009875090308
FL-DQN,1.9528068133875285
FL-DQN,1.8194713453533249
FL-DQN,2.1150773103737706
FL-DQN,2.045207526048354
FL-DQN,2.0942978652184863
FL-DQN,2.1692107548847606
FL-DQN,1.9590742610484158
FL-DQN,1.9594668943324454
FL-DQN,2.355788614940493
FL-DQN,1.7734363498618113
FL-DQN,1.550328380426152
FL-DQN,2.1333292884937953
FL-DQN,1.8489559772301754
FL-DQN,1.7414357702495724
FL-DQN,2.2124571241021807
FL-DQN,1.965255587897802
FL-DQN,1.6967446261683579
FL-DQN,2.464387068562293
FL-DQN,1.6134352965446241
FL-DQN,1.979197185839336
FL-DQN,1.5465735740366746
FL-DQN,2.0649579761245347
FL-DQN,1.8461339119494988
FL-DQN,2.196625955679049
FL-DQN,1.99582726728639
FL-DQN,2.324145866961639
FL-DQN,1.8968686598230582
FL-DQN,1.6149093545249797
FL-DQN,2.0570038527264476
FL-DQN,1.939386204689793
FL-DQN,1.5633776284694108
FL-DQN,1.7467087337394296
FL-DQN,1.8230882130856425
FL-DQN,2.373292013696176
FL-DQN,2.169786991896795
FL-DQN,1.9165435609297437
FL-DQN,2.113008735169337
FL-DQN,1.510529628833589
FL-DQN,1.8644225333244797
FL-DQN,2.096238890962007
FL-DQN,2.0396903135349125
FL-DQN,1.8705545249831341
FL-DQN,1.99080604828856
FL-DQN,2.0811460411308844
FL-DQN,1.997754401559563
FL-DQN,2.2066409496616335
FL-DQN,2.076488506373034
FL-DQN,2.122697712903123
FL-DQN,2.41125314917522
FL-DQN,2.198601519911616
FL-DQN,2.4178300271314335
FL-DQN,1.838740552107157
FL-DQN,1.6178206705170683
FL-DQN,1.9663326102293823
FL-DQN,1.9458568731974284
FL-DQN,2.3502593965734455
FL-DQN,1.7287893361623587
FL-DQN,1.981069049489614
FL-DQN,2.097243047850293
FL-DQN,2.024024600956246
FL-DQN,1.958832884662713
FL-DQN,2.0860564287695227
FL-DQN,2.258983431418874
FL-DQN,2.368578913093439
FL-DQN,2.0078737297894604
FL-DQN,1.8041970191373045
FL-DQN,2.3682881825824076
FL-DQN,1.7413679727834823
FL-DQN,2.429738922347632
FL-DQN,2.3225924875804953
FL-DQN,2.3574557099429287
FL-DQN,2.1644938054335405
FL-DQN,1.4930023903669243
FL-DQN,1.7506110005418694
FL-DQN,2.073653172966334
FL-DQN,1.8378447203477761
FL-DQN,1.924332829198907
FL-DQN,2.147073963398222
FL-DQN,1.959206171593127
FL-DQN,1.7074350549621584
FL-DQN,2.2125580911532556
FL-DQN,2.1235766660368944
FL-DQN,1.9402409736849047
FL-DQN,2.1707038841851216
FL-DQN,2.022811295143421
FL-DQN,2.319526686179659
FL-DQN,2.0362898925338024
FL-DQN,2.3177426399793633
FL-DQN,1.550323332469949
FL-DQN,2.110212565570839
FL-DQN,1.9045131687965986
FL-DQN,1.7938277627975592
FL-DQN,2.27804013905723
FL-DQN,2.2133809836503167
FL-DQN,1.5184455946178068
FL-DQN,2.1717189524759517
FL-DQN,2.1425955311374243
FL-DQN,1.826462838402162
FL-DQN,1.7995270527288403
FL-DQN,1.618261946096382
FL-DQN,1.9189923446631285
FL-DQN,1.957402990806424
FL-DQN,2.191279227286043
FL-DQN,2.064651287480134
FL-DQN,1.74562205232696
FL-DQN,2.057329837986763
FL-DQN,1.9390290993430608
FL-DQN,1.7756417087205332
FL-DQN,1.6185182614946294
FL-DQN,2.1499528004061217
FL-DQN,2.1071353158750723
FL-DQN,2.1336245667874176
FL-DQN,1.8252213359619769
FL-DQN,2.0410591669044233
FL-DQN,1.6699126047038604
FL-DQN,1.7632201251555486
FL-DQN,2.0080957279396006
FL-DQN,2.062964727277323
FL-DQN,1.609083704974553
FL-DQN,1.7461892685673668
FL-DQN,1.9123057193400232
FL-DQN,2.23004449589847
FL-DQN,1.8048553393121074
FL-DQN,2.033738067870819
FL-DQN,2.0588942337521794
FL-DQN,1.9400739618263665
FL-DQN,2.0643248091582644
FL-DQN,1.6772199669047008
FL-DQN,1.8426110723451319
FL-DQN,2.344246365792535
FL-DQN,2.361143576479426
FL-DQN,2.202300978866457
FL-DQN,2.2640941255888754
FL-DQN,1.561781394550457
FL-DQN,1.7723129875295431
FL-DQN,1.9253356232772532
FL-DQN,2.5797540623393695
FL-DQN,1.9248598461184534
FL-DQN,2.178777031909562
FL-DQN,2.0908092867811634
FL-DQN,2.0854696305754903
FL-DQN,1.9943526503510693
FL-DQN,1.7119921207457307
FL-DQN,1.3517206607634764
FL-DQN,2.307642195688574
FL-DQN,1.8520405312981907
FL-DQN,1.5518928332069462
FL-DQN,2.105110645040703
FL-DQN,2.100509458176569
FL-DQN,2.184294154755528
FL-DQN,2.267771768431609
FL-DQN,1.7794432713728918
FL-DQN,1.790004390399598
FL-DQN,1.9235112155846066
FL-DQN,2.1971936441732387
FL-DQN,1.4953666414850275
FL-DQN,2.030769520661902
FL-DQN,2.2237092378753607
FL-DQN,2.2138055472843536
FL-DQN,2.17005478036096
FL-DQN,2.25512012485893
FL-DQN,1.3406761504362326
FL-DQN,2.387232485497346
FL-DQN,2.07929718885761
FL-DQN,2.320316305202721
FL-DQN,1.7180877255407903
FL-DQN,1.579081557298724
FL-DQN,2.4287306444013534
FL-DQN,1.7776347596913165
FL-DQN,1.9253962628880583
FL-DQN,2.126589113710997
FL-DQN,2.1854927984692436
FL-DQN,2.2588199107674285
FL-DQN,2.0536126801737926
FL-DQN,1.746965786465831
FL-DQN,2.169591831801013
FL-DQN,2.1734134535360323
FL-DQN,1.5643916261153075
FL-DQN,2.3404843619968045
FL-DQN,1.403101852985531
FL-DQN,2.248259752782524
FL-DQN,1.8478136076661222
FL-DQN,2.1693222755080495
FL-DQN,2.1224466092718086
FL-DQN,1.9910905882626238
FL-DQN,2.1082607934512767
FL-DQN,1.9792523227006347
FL-DQN,2.1713481983768292
FL-DQN,2.524465222907691
FL-DQN,1.67810264224763
FL-DQN,1.234844881294837
FL-DQN,1.9002381759329805
FL-DQN,1.8838337840206332
FL-DQN,1.9093836379044862
FL-DQN,1.7776546510573732
FL-DQN,2.209384200608382
FL-DQN,1.668480930588395
FL-DQN,2.108186025373198
FL-DQN,2.15323174828569
FL-DQN,2.075951817689747
FL-DQN,2.116914386198222
FL-DQN,2.227824141374591
FL-DQN,2.012855667741656
FL-DQN,1.9168408127058434
FL-DQN,2.1167289052699676
FL-DQN,2.144087897026878
FL-DQN,2.2135234450925005
FL-DQN,1.589025737626285
FL-DQN,1.9559524350357063
FL-DQN,1.7443116110182342
FL-DQN,2.134631558386886
FL-DQN,2.174410201121063
FL-DQN,1.9341409565223002
FL-DQN,1.824975684329976
FL-DQN,2.1432712483822627
FL-DQN,1.9680218439216899
FL-DQN,2.3423519989095927
FL-DQN,2.425508732995877
FL-DQN,2.2401706516723734
FL-DQN,2.055837777451545
FL-DQN,2.438137972683835
FL-DQN,2.057772869739152
FL-DQN,1.8849934663002545
FL-DQN,1.837918295255343
FL-DQN,1.8311596250117317
FL-DQN,1.998471260639586
FL-DQN,2.1111408358789445
FL-DQN,1.6603623345233798
FL-DQN,1.8922577773837606
FL-DQN,2.051084243347375
FL-DQN,2.1544703045986116
FL-DQN,1.993778539500843
FL-DQN,2.0586819521188016
FL-DQN,1.702754622322269
FL-DQN,1.781171182957394
FL-DQN,1.9853931590518223
FL-DQN,2.1225322676455987
FL-DQN,2.0555127901236467
FL-DQN,1.7962821472251078
FL-DQN,1.9432251215484333
FL-DQN,2.3628412022904337
FL-DQN,2.130621975823175
FL-DQN,1.9609920695944627
FL-DQN,1.7537991771872847
FL-DQN,1.8287909318863815
FL-DQN,2.0015816869361776
FL-DQN,2.0662273036640015
FL-DQN,2.1357352268243743
FL-DQN,2.0931165402533156
FL-DQN,1.9111432730555156
FL-DQN,1.8773348241457808
FL-DQN,2.49127733174952
FL-DQN,1.866447842737308
FL-DQN,1.6899911131285046
FL-DQN,1.606707805267415
FL-DQN,1.9152346670888691
FL-DQN,2.2255961169600393
FL-DQN,1.8617725545581134
FL-DQN,2.3546034900663826
FL-DQN,1.9982524291667465
FL-DQN,2.2662939360192182
FL-DQN,1.8181469281933844
FL-DQN,1.82186798529925
FL-DQN,2.0218509687991935
FL-DQN,2.115813119922775
FL-DQN,1.9570502617841712
FL-DQN,2.0701917081633883
FL-DQN,2.1412366288280555
FL-DQN,1.659078636854392
FL-DQN,1.9181750121946064
FL-DQN,1.8755161930256585
FL-DQN,1.8871706821709915
FL-DQN,2.097650654844404
FL-DQN,1.8788505354602567
FL-DQN,1.5187813673091597
FL-DQN,1.943235523559762
FL-DQN,1.744542552498005
FL-DQN,2.119119675483811
FL-DQN,2.1933672780448927
FL-DQN,1.478041073594392
FL-DQN,1.8141843031903224
FL-DQN,2.0848095256206096
FL-DQN,1.6618699675516249
FL-DQN,2.1878386105232503
FL-DQN,2.251835968366933
FL-DQN,1.9611162478656234
FL-DQN,1.814261216115578
FL-DQN,1.445463769885925
FL-DQN,2.195366070742664
FL-DQN,2.4806088748823254
FL-DQN,2.430956287600437
FL-DQN,1.9532063558022787
FL-DQN,1.7377578037477046
FL-DQN,2.2010298143187517
FL-DQN,1.9695514937235137
FL-DQN,2.11475161367442
FL-DQN,2.072660408791267
FL-DQN,2.0223208314031536
FL-DQN,2.2468433128358076
FL-DQN,2.255760336567348
FL-DQN,1.874554955669225
FL-DQN,1.7784530068672577
FL-DQN,1.4002121985079548
FL-DQN,1.9169212735760495
FL-DQN,1.7376019619572798
FL-DQN,2.1006072605593014
FL-DQN,1.9193919356370968
FL-DQN,1.9454171239286493
FL-DQN,2.1948718629804516
FL-DQN,2.0953411232080987
FL-DQN,1.9719943856152022
FL-DQN,2.404742162224462
FL-DQN,2.1771557399199284
FL-DQN,1.9001933951014058
FL-DQN,1.9108992161714888
FL-DQN,2.1892111264409686
FL-DQN,2.048682967611077
FL-DQN,1.7309216695198455
FL-DQN,2.214731081546737
FL-DQN,2.301735728047251
FL-DQN,2.2835333283214028
FL-DQN,2.370259760363471
FL-DQN,2.496607551093678
FL-DQN,2.4151901684774963
FL-DQN,2.081758827622333
FL-DQN,1.949977309930166
FL-DQN,1.560895592719487
FL-DQN,2.002608282905611
FL-DQN,2.124592654138868
FL-DQN,2.010452697302565
FL-DQN,1.54682696031862
FL-DQN,1.9312108763007023
FL-DQN,2.1548796917256037
FL-DQN,1.7537803916086612
FL-DQN,2.039765898856928
FL-DQN,2.1035904802110204
FL-DQN,2.2683122338461787
FL-DQN,2.4110252942705657
FL-DQN,1.90932174497344
FL-DQN,2.0441017716297685
FL-DQN,2.051616601413805
FL-DQN,2.155849966253208
FL-DQN,2.128976740553923
FL-DQN,2.342001334471945
FL-DQN,1.440488784746999
FL-DQN,2.1003250587735183
FL-DQN,2.116978642165816
FL-DQN,1.9435449841928083
FL-DQN,1.4566376618010597
FL-DQN,1.9853609334143278
FL-DQN,1.829465416954406
FL-DQN,2.402709298381694
FL-DQN,2.0900699287586897
FL-DQN,1.8090836414013776
FL-DQN,1.5073651988491648
FL-DQN,2.14174824373241
FL-DQN,2.167075806498475
FL-DQN,1.9482135557231501
FL-DQN,2.144882115717346
FL-DQN,1.9164150731688046
FL-DQN,2.2561316660403588
FL-DQN,2.238244360584927
FL-DQN,1.6066579108632986
FL-DQN,1.6651539574541332
FL-DQN,2.487507613530447
FL-DQN,2.2237271240065017
FL-DQN,1.6970285587931453
FL-DQN,1.6231087907785025
FL-DQN,2.049865295746429
FL-DQN,1.7258443059504138
FL-DQN,1.9239902268980362
FL-DQN,1.9886529944958182
FL-DQN,1.9782947866724683
FL-DQN,2.2703691876277983
FL-DQN,2.4403414973901207
FL-DQN,1.885059715320282
FL-DQN,1.7286418006872224
FL-DQN,2.0933230771960583
FL-DQN,2.391555227466253
FL-DQN,1.9032283624784854
FL-DQN,2.2040861340834113
FL-DQN,1.7990874577918115
FL-DQN,2.0051051283440295
FL-DQN,1.7211338522479624
FL-DQN,2.0025996945150193
FL-DQN,1.9720508051082561
FL-DQN,2.1459494957988983
FL-DQN,2.4267347860854858
FL-DQN,1.9066650989817575
FL-DQN,1.5200650046370339
FL-DQN,1.9514950665969015
FL-DQN,2.071836229637223
FL-DQN,2.048456021181617
FL-DQN,1.9622185255315385
FL-DQN,2.3570515857911243
FL-DQN,2.0326914895682755
FL-DQN,1.974848896371328
FL-DQN,1.8133505295605667
FL-DQN,1.5807894350381129
FL-DQN,2.0790156647163047
FL-DQN,2.0589002959681655
FL-DQN,1.7457606716172385
FL-DQN,1.989350633707564
FL-DQN,1.9654756559534927
FL-DQN,1.850119874141798
FL-DQN,1.8096054288441838
FL-DQN,2.097219601065165
FL-DQN,1.9458051916279158
FL-DQN,1.858161538057338
FL-DQN,1.7931987138231433
FL-DQN,1.9688035842169915
FL-DQN,2.2218760565287448
FL-DQN,2.049593617811236
FL-DQN,1.9430907147260872
FL-DQN,2.074037701896421
FL-DQN,2.327452403520224
FL-DQN,2.117699368443232
FL-DQN,2.062448235577486
FL-DQN,2.1532470810223723
FL-DQN,1.9620767032346393
FL-DQN,2.0441762769846856
FL-DQN,1.882650698268957
FL-DQN,1.6278672028794725
FL-DQN,2.0822806045729627
FL-DQN,2.0832032202645285
FL-DQN,1.9309488900151388
FL-DQN,2.248597056464424
FL-DQN,1.826815202993208
FL-DQN,1.5748677411524752
FL-DQN,1.832692196994753
FL-DQN,1.6301745673875234
FL-DQN,2.081128725317762
FL-DQN,1.819501311270651
FL-DQN,2.236325406198987
FL-DQN,2.2313117126142705
FL-DQN,1.7780062176228488
FL-DQN,1.8060543528187245
FL-DQN,2.1282655166440767
FL-DQN,2.2351615475475177
FL-DQN,1.5169710532104492
FL-DQN,2.067601008807094
FL-DQN,1.4725782577176165
FL-DQN,1.8683561336242973
FL-DQN,2.2624776338950956
FL-DQN,2.7223448320206467
FL-DQN,1.9426822798042478
FL-DQN,1.700692189191189
FL-DQN,1.876761878140384
FL-DQN,2.015856725129673
FL-DQN,1.8391421025106698
FL-DQN,1.7780423177648468
FL-DQN,1.8975559984466375
FL-DQN,2.094938543894058
FL-DQN,1.959341854626477
FL-DQN,1.7884153279776722
FL-DQN,1.8391850000754095
FL-DQN,1.9006739480790962
FL-DQN,1.760137664579788
FL-DQN,1.8302852008669364
FL-DQN,2.1544726401448977
FL-DQN,1.9447229693058823
FL-DQN,1.5791631298198356
FL-DQN,2.2459876877755938
FL-DQN,2.1000127567484173
FL-DQN,1.6680480887006726
FL-DQN,1.9123090385326649
FL-DQN,1.8098962810261308
FL-DQN,2.1624573701791117
FL-DQN,1.9108034657485629
FL-DQN,1.9825343998673692
FL-DQN,1.9545933392378583
FL-DQN,1.6447677128659057
FL-DQN,2.337295080309717
FL-DQN,2.1589592137240445
FL-DQN,1.8206279357480317
FL-DQN,2.046046861038882
FL-DQN,2.233788299563373
FL-DQN,2.013377843061822
FL-DQN,2.3736210048003414
FL-DQN,2.7002842020602733
FL-DQN,1.969730783381268
FL-DQN,1.8601928616701926
FL-DQN,1.7625417795150262
FL-DQN,1.4687420904571309
FL-DQN,2.299554812347915
FL-DQN,1.9151614855848125
FL-DQN,2.210085379392816
FL-DQN,2.2583485210133167
FL-DQN,1.740567144816555
FL-DQN,1.7766045932611545
FL-DQN,2.418724853468104
FL-DQN,1.9831843640495357
FL-DQN,1.8415309910915112
FL-DQN,1.7491584092229882
FL-DQN,1.9660506127037332
FL-DQN,2.3618946610347864
FL-DQN,2.1645051156231503
FL-DQN,2.043622963114591
FL-DQN,2.3812450264618517
FL-DQN,2.3349860395929216
FL-DQN,2.080189330573406
FL-DQN,2.666268717808672
FL-DQN,1.940618442657558
FL-DQN,2.263526839318206
FL-DQN,1.9056808147898894
FL-DQN,2.216683624740661
FL-DQN,1.9403870759444537
FL-DQN,2.110728395820085
FL-DQN,2.5736326183718123
FL-DQN,2.228444432331506
FL-DQN,2.1144418670455645
FL-DQN,1.814071329877186
FL-DQN,2.045174889080774
FL-DQN,1.7580793996221158
FL-DQN,2.2128743235768877
FL-DQN,2.2068506335255615
FL-DQN,1.9568874929807385
FL-DQN,2.3992476768520903
FL-DQN,2.3654950566487982
FL-DQN,2.035915183627029
FL-DQN,2.135722669197073
FL-DQN,1.8587702676941356
FL-DQN,1.9346766734488188
FL-DQN,1.7412781486487425
FL-DQN,1.8851991224669604
FL-DQN,1.974946672578606
FL-DQN,1.6015118608027887
FL-DQN,2.1384353539990695
FL-DQN,2.2453107849263056
FL-DQN,1.9980997436217622
FL-DQN,1.3526619059747587
FL-DQN,1.9392817365403767
FL-DQN,1.6655873090318047
FL-DQN,1.8536914321911797
FL-DQN,2.3484647121508457
FL-DQN,1.4157264601113115
FL-DQN,1.8040729940270341
FL-DQN,2.1990967068451743
FL-DQN,1.8315377313083214
FL-DQN,1.8131767574787379
FL-DQN,2.4877774804658066
FL-DQN,2.0908129744185255
FL-DQN,2.2242325786476744
FL-DQN,2.1187207322898125
FL-DQN,2.038807373983707
FL-DQN,2.30336597839331
FL-DQN,2.4572831850721486
FL-DQN,1.5959559380934452
FL-DQN,1.9915238345151087
FL-DQN,1.9896323003843774
FL-DQN,1.8969734635250606
FL-DQN,2.2354545510736252
FL-DQN,2.061653043804574
FL-DQN,2.462113487466267
FL-DQN,2.2640639382310646
FL-DQN,2.3275285850693175
FL-DQN,1.712200587203304
FL-DQN,1.8065393782359074
FL-DQN,1.8263140508312543
FL-DQN,2.3175485125401076
FL-DQN,1.767877691328366
FL-DQN,1.7748957561894172
FL-DQN,1.7308746998238667
FL-DQN,2.6607265325309006
FL-DQN,1.9658643416801302
FL-DQN,2.1271731239741754
FL-DQN,1.7262518436811514
FL-DQN,2.230222015980795
FL-DQN,1.574320009941803
FL-DQN,1.7650393411518936
FL-DQN,1.82447026412672
FL-DQN,2.0525291692419856
FL-DQN,1.8096602446190737
FL-DQN,2.36575954426296
FL-DQN,2.120773569062342
FL-DQN,1.834495177739772
FL-DQN,2.23942809849644
FL-DQN,1.9056117028944661
FL-DQN,1.858295207062373
FL-DQN,2.2149957553988706
FL-DQN,1.4113221017868325
FL-DQN,2.17635609601489
FL-DQN,1.8288572493887219
FL-DQN,1.8284942471234307
FL-DQN,2.4699528643814532
FL-DQN,1.8725089347752457
FL-DQN,2.229419511862974
FL-DQN,2.0670187349996056
FL-DQN,2.0919178460838976
FL-DQN,1.9398698581215004
FL-DQN,1.9273482794377044
FL-DQN,2.366717213638854
FL-DQN,2.2233104167491757
FL-DQN,1.8800765699357482
FL-DQN,1.7489897262345373
FL-DQN,1.8597263039886405
FL-DQN,2.2355588648121882
FL-DQN,2.2828860259199377
FL-DQN,2.1331864644838237
FL-DQN,1.6119749765099798
FL-DQN,2.1809069793268914
FL-DQN,2.3128587688646967
FL-DQN,2.041653570962729
FL-DQN,2.4751527333444
FL-DQN,1.6829670425818661
FL-DQN,2.164353804907274
FL-DQN,1.75514687396888
FL-DQN,2.2540500580312997
FL-DQN,2.147086605377847
FL-DQN,2.432325396023055
FL-DQN,2.1199300617699737
FL-DQN,1.9030385556655014
FL-DQN,1.8821431490189535
FL-DQN,1.9399574621569375
FL-DQN,1.8774262301057956
FL-DQN,2.3233061530033488
FL-DQN,2.3061531864228133
FL-DQN,1.640823813213836
FL-DQN,2.009206434339835
FL-DQN,2.014997964032035
FL-DQN,1.8124891323678447
FL-DQN,2.1051799980977224
FL-DQN,2.3506042010787205
FL-DQN,2.214034156148784
FL-DQN,2.323296413346081
FL-DQN,1.8275677165914417
FL-DQN,2.0087618654640003
FL-DQN,1.816244556976125
FL-DQN,2.057463216939336
FL-DQN,2.079068218185739
FL-DQN,2.2303611212962178
FL-DQN,2.3152380449232695
FL-DQN,2.165354519346983
FL-DQN,1.7935592329181886
FL-DQN,1.6754785485621877
FL-DQN,2.124804807369279
FL-DQN,2.360125066126691
FL-DQN,1.994049949503622
FL-DQN,1.6334255450880755
FL-DQN,2.5003414296099233
FL-DQN,2.1174570920387468
FL-DQN,2.0410739638517903
FL-DQN,1.7196869237584695
FL-DQN,2.0038918934949086
FL-DQN,2.164852198926933
FL-DQN,2.1207249729328512
FL-DQN,1.8368270892434162
FL-DQN,1.9863043320902
FL-DQN,1.8521583915111763
FL-DQN,2.3993987798951344
FL-DQN,2.214769754872667
FL-DQN,1.874159631536086
FL-DQN,1.7195672818747914
FL-DQN,2.066675619735503
FL-DQN,1.8817238264678533
FL-DQN,1.8996064007113747
FL-DQN,1.7275486079454938
FL-DQN,1.7572619061147818
FL-DQN,2.039040836614526
FL-DQN,1.9359491725179145
FL-DQN,2.5991634526449667
FL-DQN,2.142620823840275
FL-DQN,1.7235931564611169
FL-DQN,1.6314473016758928
FL-DQN,2.095561133277944
FL-DQN,1.904751897265516
FL-DQN,2.3195539878811173
FL-DQN,2.0676473212303854
FL-DQN,1.52419512567336
FL-DQN,1.7553381683797924
FL-DQN,1.837932306558289
FL-DQN,2.106088865208377
FL-DQN,1.747339416836301
FL-DQN,2.0366762225500583
FL-DQN,1.6793240429090206
FL-DQN,2.0014845005548287
FL-DQN,2.0888062362675712
FL-DQN,2.3507624761659103
FL-DQN,2.0589381016652397
FL-DQN,1.8039836181798121
FL-DQN,2.358321220869958
FL-DQN,1.9560372713101284
FL-DQN,2.1856560243443472
FL-DQN,1.8529050149191653
FL-DQN,2.0217867823741793
FL-DQN,1.8076956957012933
FL-DQN,2.0773423892838103
FL-DQN,2.192918742839268
FL-DQN,1.8812481738741071
FL-DQN,1.8677580993471983
FL-DQN,2.0856363724313507
FL-DQN,1.8019961672048508
FL-DQN,1.6356935150394838
FL-DQN,2.0847671404162966
FL-DQN,1.9741526776112157
FL-DQN,1.969073746054261
FL-DQN,2.1250568994994974
FL-DQN,2.1585800845832988
FL-DQN,1.9613595460190723
FL-DQN,1.7305593427304116
FL-DQN,1.846739167238925
FL-DQN,2.1403913433116935
FL-DQN,2.032736639226796
FL-DQN,1.8680577522182047
FL-DQN,1.8117472433995703
FL-DQN,2.1482774744614224
FL-DQN,1.9468034226651068
FL-DQN,2.180652026905313
FL-DQN,2.2110405913852547
FL-DQN,1.9249184599315556
FL-DQN,2.2279153963606637
FL-DQN,2.0332183410708637
FL-DQN,2.0642619770201693
FL-DQN,1.4747002171731305
FL-DQN,1.766978888402371
FL-DQN,1.7799933526694143
FL-DQN,1.9235228666231434
FL-DQN,2.0274442418369065
FL-DQN,2.0372600780098336
FL-DQN,2.0685792672299006
FL-DQN,1.835613298096119
FL-DQN,2.1659271113059613
FL-DQN,2.434229226452382
FL-DQN,1.9152020270122097
FL-DQN,1.8407196398159245
FL-DQN,1.8355203622613905
FL-DQN,2.020512278367318
FL-DQN,1.873816853692879
FL-DQN,1.5847211808600297
FL-DQN,1.6503795506115988
FL-DQN,2.2448456334721865
FL-DQN,2.30763056962961
FL-DQN,2.383973501109914
FL-DQN,2.0543130653070505
FL-DQN,1.7621826780910852
FL-DQN,1.8948761242022762
FL-DQN,1.6420669676048365
FL-DQN,1.6328259225099262
FL-DQN,2.061263050535054
FL-DQN,2.1293627718576844
FL-DQN,2.4700096533742983
FL-DQN,1.980057541715361
FL-DQN,1.6741196454066558
FL-DQN,1.9707391078987921
FL-DQN,1.9322097922127837
FL-DQN,1.8821043975683729
FL-DQN,2.08249989619397
FL-DQN,1.7085265930145535
FL-DQN,2.0313731438782305
FL-DQN,2.156375183772675
FL-DQN,2.340737064855671
FL-DQN,2.0744902037686255
FL-DQN,2.2503489081246264
FL-DQN,1.8934649503265373
FL-DQN,1.9269703342209858
FL-DQN,2.323483289891754
FL-DQN,1.6708197380086842
FL-DQN,1.9032463274610576
FL-DQN,2.270827113614232
FL-DQN,1.9493331884593974
FL-DQN,1.931455512350899
FL-DQN,1.936320292024037
FL-DQN,2.028116425963339
FL-DQN,2.2606601220606177
FL-DQN,2.221815564397571
FL-DQN,2.0027497379597508
FL-DQN,2.2621732561977907
FL-DQN,2.0820303111991367
FL-DQN,2.2061888402769996
FL-DQN,1.7531913262176806
FL-DQN,2.417252656023935
FL-DQN,2.0528511329949026
FL-DQN,1.3404057566437246
FL-DQN,2.3982865216326457
FL-DQN,2.001213183490559
FL-DQN,1.9050814493236656
FL-DQN,1.8546360643550721
FL-DQN,2.1054804484482483
FL-DQN,1.7867866594550506
FL-DQN,1.8615424489590242
FL-DQN,1.8673092550851949
FL-DQN,1.929860709511463
FL-DQN,1.8763500200643535
FL-DQN,2.204675391597167
FL-DQN,2.065054953151448
FL-DQN,2.094328817202628
FL-DQN,2.146544531244149
FL-DQN,1.9776573751602318
FL-DQN,1.7551257610102824
FL-DQN,2.4332413950504517
FL-DQN,2.222608317111059
FL-DQN,2.38707848334454
FL-DQN,2.2482892210307477
FL-DQN,1.8895108630722843
FL-DQN,1.4364852948010722
FL-DQN,1.7050168578733411
FL-DQN,2.1527652912099766
FL-DQN,1.9755804993592398
FL-DQN,1.8992360338602212
FL-DQN,1.4010671596036768
FL-DQN,1.9968494565813724
FL-DQN,1.7403731479394478
FL-DQN,1.8261481806161788
FL-DQN,2.2040249832553127
FL-DQN,1.7530059310198376
FL-DQN,1.775914566710434
FL-DQN,2.0445392785784287
FL-DQN,2.209366901987194
FL-DQN,1.9033505851023689
FL-DQN,2.3521316972054978
FL-DQN,1.6931193972979615
FL-DQN,1.651026655853982
FL-DQN,1.6305713604115384
FL-DQN,1.6034758965414966
FL-DQN,2.080771751638428
FL-DQN,1.7653305633465985
FL-DQN,1.6615538326761874
FL-DQN,2.0911512068325453
FL-DQN,2.1977478193257722
FL-DQN,2.252206015259696
FL-DQN,2.2100682715207456
FL-DQN,1.7796551681497785
FL-DQN,2.066261831467929
FL-DQN,2.119249178574182
FL-DQN,1.8860280211786178
FL-DQN,2.039540504937132
FL-DQN,1.699611624809196
FL-DQN,1.8493759577373916
FL-DQN,2.0892289533411397
FL-DQN,2.3618102370433265
FL-DQN,2.2763455071972416
FL-DQN,2.1586060346562363
FL-DQN,2.0191280093059465
FL-DQN,1.9819446768859235
FL-DQN,1.6525760110669636
FL-DQN,1.7994784318665187
FL-DQN,1.807314834897514
FL-DQN,2.137942235729756
FL-DQN,2.2267874651565984
FL-DQN,2.1767776206863507
FL-DQN,2.2838399451367515
FL-DQN,2.017341812366355
FL-DQN,1.7640967561774674
FL-DQN,1.9880161048761782
FL-DQN,1.826039098296205
FL-DQN,2.1578863980214633
FL-DQN,1.9138190232566257
FL-DQN,1.9763524118637312
FL-DQN,2.16646933512106
FL-DQN,1.8221373704980242
FL-DQN,2.23135438059734
FL-DQN,1.6765768755296926
FL-DQN,2.073572232305318
FL-DQN,1.9781842406425743
FL-DQN,2.198562031141755
FL-DQN,1.6701502491526437
FL-DQN,1.6326101305301093
FL-DQN,2.180010652606673
FL-DQN,1.906178686028195
FL-DQN,1.9782074950956308
FL-DQN,1.8416602013818069
FL-DQN,2.219074491158537
FL-DQN,2.0718118904984095
FL-DQN,2.0577593811336903
FL-DQN,1.7192910876380334
FL-DQN,2.1203613327690567
FL-DQN,1.761868899498205
FL-DQN,1.841947273356494
FL-DQN,1.6723165604515637
FL-DQN,1.9624300460997413
FL-DQN,2.2554735824161543
FL-DQN,2.0544067973991633
FL-DQN,1.8939629824408393
FL-DQN,2.0261951163442853
FL-DQN,2.024867353312212
FL-DQN,2.015856484142358
FL-DQN,2.0425602632623576
FL-DQN,1.7504013550531936
FL-DQN,2.025569206407251
FL-DQN,1.5787403913679066
FL-DQN,2.1381496660169548
FL-DQN,1.7353401939415087
FL-DQN,2.28262347923814
FL-DQN,1.413143296721167
FL-DQN,2.4018619862064114
FL-DQN,1.6065870375733005
FL-DQN,1.7120156890070883
FL-DQN,2.0717736891058403
FL-DQN,2.1484915962618993
FL-DQN,1.9319874976361477
FL-DQN,2.214225452541889
FL-DQN,1.8088269793385456
FL-DQN,1.9040739327723102
FL-DQN,1.9275012938042309
FL-DQN,1.8707849940372199
FL-DQN,1.5357971421461065
FL-DQN,1.9940799040379613
FL-DQN,1.9723982831113445
FL-DQN,2.258763863290481
FL-DQN,1.6913733402310653
FL-DQN,1.8465422422232742
FL-DQN,2.288837894125651
FL-DQN,2.0703893267082445
FL-DQN,2.1318511246775294
FL-DQN,2.1088240696014875
FL-DQN,2.109889195384293
FL-DQN,2.437051998763444
FL-DQN,2.0219697579152762
FL-DQN,1.7572776135577426
FL-DQN,2.153311396694694
FL-DQN,1.8640275981854941
FL-DQN,1.9736151256596102
FL-DQN,2.0888434404213725
FL-DQN,1.8028749643474746
FL-DQN,1.8775292605232556
FL-DQN,2.114203657056899
FL-DQN,1.8683252069098226
FL-DQN,2.2336124758376856
FL-DQN,1.7633221765129683
FL-DQN,1.7625141496612236
FL-DQN,2.4574534077812773
FL-DQN,1.6327456540176915
FL-DQN,1.9935880330404103
FL-DQN,2.444356123415096
FL-DQN,1.9931380525041746
FL-DQN,2.3232249605753594
FL-DQN,2.1565939674572037
FL-DQN,1.9982715477836477
FL-DQN,1.9686451372489102
FL-DQN,1.4913638206057414
FL-DQN,1.923413201627513
FL-DQN,2.0557324413994866
FL-DQN,2.0555990983262182
FL-DQN,2.591806101716935
FL-DQN,2.0674299358758814
FL-DQN,2.151234876990523
FL-DQN,2.2795911601783763
FL-DQN,2.12972031476667
FL-DQN,1.9793482239831943
FL-DQN,1.9805150358705432
FL-DQN,1.9158429242632926
FL-DQN,2.1066106469927792
FL-DQN,1.959123026964829
FL-DQN,2.1499847337275853
FL-DQN,1.7578190455208722
FL-DQN,2.0352436300180745
FL-DQN,2.3724961571377685
FL-DQN,1.9460903606372446
FL-DQN,2.4423203904720268
FL-DQN,2.0392811473589427
FL-DQN,1.9864380338849599
FL-DQN,2.027988440552928
FL-DQN,1.9252584214006914
FL-DQN,1.5246665429344608
FL-DQN,2.211241965973556
FL-DQN,2.526251159347307
FL-DQN,2.1153030248078406
FL-DQN,2.1299170307255504
FL-DQN,1.9561777554660809
FL-DQN,2.277869383719354
FL-DQN,1.990574811569654
FL-DQN,2.064132823567255
FL-DQN,1.6243480478085863
FL-DQN,1.8729579511413323
FL-DQN,2.088164755563497
FL-DQN,2.2177308163001577
FL-DQN,2.224385538111081
FL-DQN,1.62099658032374
FL-DQN,1.6453328539404604
FL-DQN,2.1401929042532513
FL-DQN,1.8207659868788402
FL-DQN,2.214702225450026
FL-DQN,1.6087596298203157
FL-DQN,1.9763816135039727
FL-DQN,1.991783163861652
FL-DQN,2.115312103280779
FL-DQN,1.7525216009248754
FL-DQN,1.5279766252818998
FL-DQN,2.0411054627709637
FL-DQN,2.126343265410915
FL-DQN,2.241789191031929
FL-DQN,1.913947603187804
FL-DQN,2.186163593843707
FL-DQN,2.1165857059732227
FL-DQN,2.3173772186514405
FL-DQN,1.9867069001493876
FL-DQN,1.5848241673294212
FL-DQN,1.9837616783313807
FL-DQN,2.0212281796310507
FL-DQN,2.1243666181756384
FL-DQN,1.632156232078252
FL-DQN,1.9251092444461102
FL-DQN,2.2083448571755078
FL-DQN,1.9750194913469281
FL-DQN,1.9266237482882995
FL-DQN,2.45751833546804
FL-DQN,1.7431989951604274
FL-DQN,2.2959571303962356
FL-DQN,2.2450999366098054
FL-DQN,1.945960049211929
FL-DQN,1.9921062672602416
FL-DQN,1.9912499040914806
FL-DQN,2.043667461522449
FL-DQN,1.8573100742149309
FL-DQN,1.8972444256571193
FL-DQN,1.914746112584525
FL-DQN,1.9224085518562681
FL-DQN,1.9254185046675032
FL-DQN,1.4622020506313427
FL-DQN,2.0234357811030685
FL-DQN,1.8734077327630563
FL-DQN,1.551965339212472
FL-DQN,1.9159877564213752
FL-DQN,1.9085702052782263
FL-DQN,2.306058686499793
FL-DQN,1.8705848099769402
FL-DQN,2.160269643169639
FL-DQN,2.331874880812572
FL-DQN,1.849263509834818
FL-DQN,1.9886006696331786
FL-DQN,2.4148860259783285
FL-DQN,2.054954277235819
FL-DQN,2.0896999620965424
FL-DQN,1.9022590582476013
FL-DQN,2.1648921993037376
FL-DQN,1.9904857727154597
FL-DQN,1.5602952949088333
FL-DQN,1.914744191844124
FL-DQN,1.716037090347252
FL-DQN,2.026937831425411
FL-DQN,1.7799586167058692
FL-DQN,2.1147508317661954
FL-DQN,2.010743221024111
FL-DQN,1.7004778391410724
FL-DQN,1.881790852252716
FL-DQN,2.14893504839146
FL-DQN,2.2755183285953517
FL-DQN,1.7834189044942559
FL-DQN,1.7366142812141487
FL-DQN,2.468236385672253
FL-DQN,1.9976556928411981
FL-DQN,2.0219525444772737
FL-DQN,1.8225461467756041
FL-DQN,2.0516528548496926
FL-DQN,2.411622962369642
FL-DQN,2.0610476645256637
FL-DQN,2.2555911797934427
FL-DQN,2.0069561255687183
FL-DQN,1.7538072342502535
FL-DQN,1.8360231993696816
FL-DQN,1.731727477926841
FL-DQN,2.0522687800608046
FL-DQN,2.293733310476
FL-DQN,2.038642626116198
FL-DQN,1.926132363528736
FL-DQN,1.8104864594510304
FL-DQN,2.0853070070828417
FL-DQN,1.7028483073295304
FL-DQN,1.727815741216867
FL-DQN,2.21603918423374
FL-DQN,1.9333435850382565
FL-DQN,1.928610993675996
FL-DQN,1.9594241560849401
FL-DQN,2.174209056019025
FL-DQN,2.0397206415258484
FL-DQN,1.8216604540001808
FL-DQN,1.8302978679323596
FL-DQN,1.9531734053967118
FL-DQN,2.072532738246474
FL-DQN,1.9914776135604983
FL-DQN,1.9701223553184597
FL-DQN,2.011108054174434
FL-DQN,1.9913061427773961
FL-DQN,1.8127081033846548
FL-DQN,2.265692218961306
FL-DQN,1.8842452507539598
FL-DQN,2.0310129321641743
FL-DQN,1.5055195409507913
FL-DQN,1.9483581708660047
FL-DQN,1.7360986007808727
FL-DQN,1.7650347752721705
FL-DQN,2.5813246272720276
FL-DQN,2.059886216151406
FL-DQN,2.2942453227317285
FL-DQN,2.2052728599969886
FL-DQN,2.2359782916795354
FL-DQN,1.9522228012176566
FL-DQN,2.3855364828587673
FL-DQN,2.2032049516583583
FL-DQN,2.009920388432553
FL-DQN,2.0631895098698263
FL-DQN,1.9671842200490004
FL-DQN,2.0125374043679303
FL-DQN,1.9895358235791816
FL-DQN,2.091568071496758
FL-DQN,2.4175937123385114
FL-DQN,1.7107486119299034
FL-DQN,2.2741651432421137
FL-DQN,1.9116237239092957
FL-DQN,2.3047191555835536
FL-DQN,1.9199731128766018
FL-DQN,2.0990608823696606
FL-DQN,1.961877380289113
FL-DQN,1.584657890389218
FL-DQN,2.417354450310557
FL-DQN,1.7737391327547278
FL-DQN,2.0201318866775155
FL-DQN,1.7474187713179823
FL-DQN,1.6791196036430112
FL-DQN,1.9508144384746082
FL-DQN,1.8575572971031349
FL-DQN,1.7194843948864575
FL-DQN,1.9914961724654756
FL-DQN,1.6443423864565208
FL-DQN,2.030113711619485
FL-DQN,1.9694415634406048
FL-DQN,1.4047025517196934
FL-DQN,1.8744536232680373
FL-DQN,2.112418402454421
FL-DQN,1.7447489876104352
FL-DQN,2.1228301266645944
FL-DQN,2.1038430103792587
FL-DQN,1.755746857531471
FL-DQN,1.9970522472065637
FL-DQN,2.1979978600034373
FL-DQN,1.7896586646894763
FL-DQN,1.9506054661804908
FL-DQN,2.2760573883154738
FL-DQN,1.7941683044577896
FL-DQN,2.1101979885925086
FL-DQN,1.7409941340098545
FL-DQN,1.9613691432331986
FL-DQN,2.107214411497735
FL-DQN,1.4229135704151905
FL-DQN,1.871762460531528
FL-DQN,2.103039662524731
FL-DQN,2.0542025862076154
FL-DQN,1.8746291876870904
FL-DQN,1.7349003186605192
FL-DQN,2.150831571726619
FL-DQN,1.922622382994764
FL-DQN,2.1308833283909614
FL-DQN,2.091253552524202
FL-DQN,1.8926196114635632
FL-DQN,2.257414818318716
FL-DQN,1.8573733735913214
FL-DQN,2.2857089537964566
FL-DQN,2.3171102073314076
FL-DQN,2.252027521877654
FL-DQN,1.9566653231920885
FL-DQN,2.611298994648317
FL-DQN,2.0364426701814184
FL-DQN,2.0578535549231503
FL-DQN,1.994705277142854
FL-DQN,1.7288560455064779
FL-DQN,2.3108175769723434
FL-DQN,1.862623176880655
FL-DQN,2.220706646248955
FL-DQN,2.27829274599645
FL-DQN,2.144797131331829
FL-DQN,1.833927373784407
FL-DQN,1.9181412186770763
FL-DQN,1.357501716636483
FL-DQN,1.9720477624720172
FL-DQN,2.192650445047996
FL-DQN,1.9429987810203384
FL-DQN,1.8583807298582413
FL-DQN,1.92854073821372
FL-DQN,2.2916878328765646
FL-DQN,1.9869522346655688
FL-DQN,2.4458998823380673
FL-DQN,1.8630239588276665
FL-DQN,2.052135628431503
FL-DQN,1.8959835378495136
FL-DQN,2.4978767393019172
FL-DQN,2.0431292747142464
FL-DQN,2.5107382729282834
FL-DQN,1.8991693868234434
FL-DQN,2.3666190022052147
FL-DQN,2.028320809345639
FL-DQN,2.2007973426909433
FL-DQN,1.7072693653018278
FL-DQN,2.0836193478102336
FL-DQN,1.743411094882232
FL-DQN,2.061703136169207
FL-DQN,1.6355863872708434
FL-DQN,1.9774200753028575
FL-DQN,2.2629468889104087
FL-DQN,2.1314129309586094
FL-DQN,1.7038519880981877
FL-DQN,1.5443872681190967
FL-DQN,2.119266699310584
FL-DQN,2.379487710886019
FL-DQN,1.76865295115116
FL-DQN,2.5033769787623266
FL-DQN,1.9984416108394398
FL-DQN,1.5299135519181521
FL-DQN,1.6253887143887595
FL-DQN,2.184787795849139
FL-DQN,2.031096329800408
FL-DQN,2.355733031790383
FL-DQN,1.7124500559924354
FL-DQN,2.028438751559307
FL-DQN,2.0016226547332057
FL-DQN,1.965676514466262
FL-DQN,1.9081742651247218
FL-DQN,1.9129521498707647
FL-DQN,2.04191499782729
FL-DQN,2.0726194466811716
FL-DQN,2.0606174840247786
FL-DQN,2.2894370021377086
FL-DQN,1.711693157050707
FL-DQN,1.5651959517188634
FL-DQN,2.2440716130530873
FL-DQN,1.773553990181842
FL-DQN,1.9089258035323573
FL-DQN,1.8530960864281336
FL-DQN,1.8479570426979746
FL-DQN,1.6500166308260182
FL-DQN,1.8633133789436684
FL-DQN,2.1558394669470875
FL-DQN,1.9990564544936058
FL-DQN,2.1210817108416595
FL-DQN,1.8809403206132362
FL-DQN,2.216683037787663
FL-DQN,1.8779931499175515
FL-DQN,1.4939462478737853
FL-DQN,2.0759897103023115
FL-DQN,2.1841723445668833
FL-DQN,1.8657826370193855
FL-DQN,2.2878095041780195
FL-DQN,1.7958338749508407
FL-DQN,2.16097443508816
FL-DQN,2.4187462261177157
FL-DQN,2.008815436249172
FL-DQN,1.9456440593544737
FL-DQN,1.9746387978862243
FL-DQN,2.390790892868431
FL-DQN,2.0966678177098825
FL-DQN,2.514608642532481
FL-DQN,2.067020333106565
FL-DQN,1.8430888016231015
FL-DQN,1.8599583355488296
FL-DQN,2.014785743718307
FL-DQN,1.5100825721672755
FL-DQN,1.8860024391870494
FL-DQN,1.8913285198280556
FL-DQN,2.057549541300528
FL-DQN,2.466036372896348
FL-DQN,2.013155957218203
FL-DQN,1.5385618190896724
FL-DQN,1.7806621640295293
FL-DQN,2.0629490868490192
FL-DQN,2.0223187423228874
FL-DQN,2.3898693253550203
FL-DQN,2.2304185516091297
FL-DQN,2.223227713706652
FL-DQN,1.9478880578833975
FL-DQN,2.2637890487722108
FL-DQN,1.7849784497126502
FL-DQN,2.2323906342304967
FL-DQN,1.9322194632422318
FL-DQN,1.6524815825694739
FL-DQN,2.14237680814757
FL-DQN,2.335410468467453
FL-DQN,1.902415550884169
FL-DQN,2.3750628200584307
FL-DQN,1.6025741805628289
FL-DQN,1.712769623173673
FL-DQN,1.964785749979487
FL-DQN,1.9110166673773534
FL-DQN,1.8398879873457863
FL-DQN,2.0320826525163738
FL-DQN,1.873138290120715
FL-DQN,1.9138460806873439
FL-DQN,2.066822016884089
FL-DQN,1.8397911482068732
FL-DQN,1.9745556412834464
FL-DQN,1.8450706288736984
FL-DQN,1.7106510999775928
FL-DQN,2.183288521921689
FL-DQN,2.4098706658020834
FL-DQN,2.25549727881774
FL-DQN,2.079611859646716
FL-DQN,1.846033173743368
FL-DQN,1.9311395061961423
FL-DQN,2.2536851025121587
FL-DQN,1.4524431759143805
FL-DQN,1.9128175461454757
FL-DQN,2.176187820738624
FL-DQN,1.7268127082757192
FL-DQN,2.101613188218929
FL-DQN,2.0904774249837654
FL-DQN,1.6509602167370019
FL-DQN,2.020874746434304
FL-DQN,1.8518131356796352
FL-DQN,2.0998636822120478
FL-DQN,2.160749284613903
FL-DQN,2.095745344105556
FL-DQN,2.017422157818343
FL-DQN,2.0693291053814176
FL-DQN,1.717744378660159
FL-DQN,1.9926195718728263
FL-DQN,1.8088440207867187
FL-DQN,2.2475693008368918
FL-DQN,2.1639771574355455
FL-DQN,2.163296324028769
FL-DQN,2.4112379733833555
FL-DQN,1.9208054084479163
FL-DQN,1.868238235469396
FL-DQN,1.9151353480982136
FL-DQN,1.6154632621188312
FL-DQN,1.6343400509969581
FL-DQN,2.149064722152347
FL-DQN,1.6651663685782814
FL-DQN,1.7420209843975858
FL-DQN,1.9755872294948096
FL-DQN,1.90106537534296
FL-DQN,2.212556565871056
FL-DQN,2.014510713200359
FL-DQN,1.8083675169986722
FL-DQN,2.233191922338339
FL-DQN,2.1749099323613077
FL-DQN,1.6613639749822642
FL-DQN,2.0605439947184077
FL-DQN,1.8283815704995643
FL-DQN,1.8220549297279598
FL-DQN,2.4486835187150024
FL-DQN,2.029825133228429
FL-DQN,1.9477907627566529
FL-DQN,2.020388294070949
FL-DQN,2.2098176630790305
FL-DQN,1.8316149257711734
FL-DQN,1.8725960073341597
FL-DQN,2.1576011499551186
FL-DQN,1.6360665702823114
FL-DQN,2.23778524181823
FL-DQN,1.6147568636423455
FL-DQN,1.9410159659419017
FL-DQN,1.6162801104398385
FL-DQN,1.7464996011357576
FL-DQN,2.3114400460651887
FL-DQN,2.250669889720333
FL-DQN,2.2763173519467452
FL-DQN,1.6522428119507828
FL-DQN,1.7477465220316009
FL-DQN,2.081569416519472
FL-DQN,2.1716761976430434
FL-DQN,1.80811671557633
FL-DQN,1.8610588681894589
FL-DQN,1.7284765649459275
FL-DQN,2.39797886973957
FL-DQN,1.886010608227156
FL-DQN,2.0075101528670634
FL-DQN,2.0200747045334304
FL-DQN,2.2653489088337144
FL-DQN,1.7714080244882218
FL-DQN,2.280382600214277
FL-DQN,1.693107028250794
FL-DQN,2.2797728618666535
FL-DQN,1.5883280995748608
FL-DQN,1.974906643551655
FL-DQN,2.3901049332086943
FL-DQN,2.167341465978957
FL-DQN,2.1010981492739
FL-DQN,1.7483803660101986
FL-DQN,1.8236477013995942
FL-DQN,2.3226549970474784
FL-DQN,2.1133614779016754
FL-DQN,2.2136598192801356
FL-DQN,2.017710514995378
FL-DQN,1.9323844438367634
FL-DQN,2.1839987913141035
FL-DQN,2.062244728269433
FL-DQN,1.9592095997388697
FL-DQN,1.6606383064300636
FL-DQN,2.2289379913566982
FL-DQN,2.105606314793452
FL-DQN,1.8544971082045152
FL-DQN,2.2830206561907325
FL-DQN,2.0585149997759897
FL-DQN,2.0632157213828184
FL-DQN,2.2121349382987603
FL-DQN,2.1604895888732716
FL-DQN,2.070481874991403
FL-DQN,1.9547395871492008
FL-DQN,2.476079397016287
FL-DQN,1.8238878029926366
FL-DQN,2.1790332413585793
FL-DQN,1.9798738000706415
FL-DQN,2.109131270591161
FL-DQN,2.2960215964088655
FL-DQN,1.92522117752749
FL-DQN,2.1444407221120794
FL-DQN,2.0637337473223454
FL-DQN,1.846087641373204
FL-DQN,2.30194375969261
FL-DQN,2.1706850709617336
FL-DQN,1.8957080164371996
FL-DQN,2.2648625065371393
FL-DQN,1.8004592839824722
FL-DQN,1.993055776907568
FL-DQN,1.8969862797065322
FL-DQN,2.180314877364798
FL-DQN,1.8848759946720481
FL-DQN,2.1820359480706504
FL-DQN,2.1426704342213685
FL-DQN,1.9099402046208387
FL-DQN,2.439132221949513
FL-DQN,1.8211436840663684
FL-DQN,1.6618366193463774
FL-DQN,2.205463792800485
FL-DQN,1.4841420942110097
FL-DQN,2.3580360383193533
FL-DQN,2.024420930366328
FL-DQN,1.6575235820467429
FL-DQN,1.7723685194054308
FL-DQN,1.6078187178763967
FL-DQN,2.0918919086488503
FL-DQN,1.6815405989618581
FL-DQN,2.1205013673670274
FL-DQN,1.9268422036511421
FL-DQN,1.8859126063490974
FL-DQN,2.122243032046782
FL-DQN,2.149642719110742
FL-DQN,2.2749926892909094
FL-DQN,1.8478931993046515
FL-DQN,1.9928457289613768
FL-DQN,1.8475214881924615
FL-DQN,2.0391169941312306
FL-DQN,1.8132104755351683
FL-DQN,1.8982167846798759
FL-DQN,1.899439877654945
FL-DQN,2.070406626566531
FL-DQN,2.000709192136299
FL-DQN,2.121512385384493
FL-DQN,1.9743208202849796
FL-DQN,1.860859359965728
FL-DQN,2.0459078953417937
FL-DQN,1.779875853586199
FL-DQN,2.1365978757870447
FL-DQN,1.931488354888438
FL-DQN,2.0490846583278883
FL-DQN,2.0528057611868626
FL-DQN,2.3843709162525295
FL-DQN,2.0915800883750673
FL-DQN,2.0175725487367453
FL-DQN,1.8338310032334908
FL-DQN,2.192572437183321
FL-DQN,1.9351506751009948
FL-DQN,1.633884764977652
FL-DQN,1.9531788266572807
FL-DQN,2.0459575506483714
FL-DQN,1.8035586325633555
FL-DQN,1.9716367267736636
FL-DQN,1.9828441192042154
FL-DQN,1.9865821053738033
FL-DQN,2.296314048731709
FL-DQN,1.6852261133156692
FL-DQN,2.488112590204535
FL-DQN,1.99211952315411
FL-DQN,2.139250696148591
FL-DQN,2.030680703969085
FL-DQN,1.5857543427763543
FL-DQN,1.7464213628033898
FL-DQN,1.8741737888869305
FL-DQN,2.2384927563480717
FL-DQN,1.6677629274200685
FL-DQN,1.79462301751014
FL-DQN,2.0395642016667814
FL-DQN,2.1134855474679046
FL-DQN,2.10625301043956
FL-DQN,1.7638387727063083
FL-DQN,1.616482073554078
FL-DQN,2.1293743143711277
FL-DQN,2.343949745969535
FL-DQN,1.9171276123098355
FL-DQN,1.7252752437238321
FL-DQN,1.8968287226084377
FL-DQN,2.0945750176123354
FL-DQN,1.9440456423736079
FL-DQN,2.337726473963555
FL-DQN,2.221992972657029
FL-DQN,2.0442411358890205
FL-DQN,1.5309625040889532
FL-DQN,1.8338567290781311
FL-DQN,1.8684746416770401
FL-DQN,1.8208121644044815
FL-DQN,2.045797105247582
FL-DQN,2.050746099448455
FL-DQN,1.5982220316427476
FL-DQN,2.1931035348946764
FL-DQN,2.0038696895183197
FL-DQN,2.085833939242067
FL-DQN,2.1787583203684457
FL-DQN,1.8159272673583602
FL-DQN,2.302137365435797
FL-DQN,1.9659695462990785
FL-DQN,2.3630113343760644
FL-DQN,1.785456215532518
FL-DQN,2.3451791856634134
FL-DQN,1.783043834151786
FL-DQN,2.611707508785342
FL-DQN,1.7715598967878163
FL-DQN,2.253580812909294
FL-DQN,1.9130253863137994
FL-DQN,2.1716053720799717
FL-DQN,1.9902739838898398
FL-DQN,1.7381047099129487
FL-DQN,1.328760762245019
FL-DQN,2.6018199910862942
FL-DQN,2.017525814147603
FL-DQN,1.2935527812960663
FL-DQN,2.0726260655515776
FL-DQN,2.1655007975671583
FL-DQN,1.8283806119566404
FL-DQN,1.8299949109031348
FL-DQN,1.995237956710404
FL-DQN,2.288622615382922
FL-DQN,2.0239904287575263
FL-DQN,2.3511740730421966
FL-DQN,2.271492601407258
FL-DQN,1.9450916541767578
FL-DQN,1.623074297793639
FL-DQN,1.945598998688875
FL-DQN,2.1263557760948046
FL-DQN,2.0143744343310725
FL-DQN,2.1522619596059105
FL-DQN,2.207220794275933
FL-DQN,2.127406052819812
FL-DQN,1.9339211470274418
FL-DQN,2.124772033998083
FL-DQN,2.5365162155669454
FL-DQN,1.6424289054389571
FL-DQN,2.1169489920539504
FL-DQN,2.439680788413376
FL-DQN,1.7180984009397344
FL-DQN,2.2402640220430197
FL-DQN,2.2723321386959903
FL-DQN,1.6455569228218727
FL-DQN,2.170966811460366
FL-DQN,1.9348841837213289
FL-DQN,1.9854930088376352
FL-DQN,1.922010865947272
FL-DQN,2.3150453819443113
FL-DQN,1.9730909551041376
FL-DQN,1.8888047516838484
FL-DQN,1.8928698767978696
FL-DQN,1.9181624105866186
FL-DQN,1.7409114752166712
FL-DQN,1.8866878261833255
FL-DQN,2.0282407099288204
FL-DQN,2.097051540795803
FL-DQN,2.2889693738822734
FL-DQN,2.0578349358900216
FL-DQN,1.8861272648967515
FL-DQN,1.7573504014844101
FL-DQN,2.0706768513935843
FL-DQN,1.9718310126181189
FL-DQN,1.979763861436598
FL-DQN,2.0630070841155437
FL-DQN,2.124653379498735
FL-DQN,2.064736453792753
FL-DQN,1.9590756552212716
FL-DQN,1.8076683670295763
FL-DQN,1.8529316554697515
FL-DQN,2.2035823580301033
FL-DQN,1.898339302784787
FL-DQN,1.6769497298150093
FL-DQN,2.2782979235629357
FL-DQN,1.7738291618646034
FL-DQN,2.008459304913685
FL-DQN,2.117879140450268
FL-DQN,2.0007724101290667
FL-DQN,1.4052469050292318
FL-DQN,2.0937171191856145
FL-DQN,2.318351180030099
FL-DQN,2.1887677347199657
FL-DQN,1.4902414443210876
FL-DQN,2.510538637520648
FL-DQN,1.681795627535766
FL-DQN,1.741179329685309
FL-DQN,2.18765062244895
FL-DQN,2.108681948214156
FL-DQN,2.0192804252575542
FL-DQN,1.8633425018728538
FL-DQN,2.319405614775156
FL-DQN,1.9905617959564064
FL-DQN,1.6242039176901073
FL-DQN,2.295751987994831
FL-DQN,2.052628398312122
FL-DQN,2.2676016097491125
FL-DQN,2.137411669629398
FL-DQN,2.573989459089365
FL-DQN,1.9256071347698653
FL-DQN,2.0038623779170925
FL-DQN,2.17275935455035
FL-DQN,1.92708985140639
FL-DQN,2.19263305011927
FL-DQN,1.292620864162958
FL-DQN,1.9825320186018376
FL-DQN,1.9752818075200502
FL-DQN,1.9665883487628468
FL-DQN,1.789537532357973
FL-DQN,2.2174694812511118
FL-DQN,1.8789332422947354
FL-DQN,2.0480658560172764
FL-DQN,1.9910807264685548
FL-DQN,2.120087409884911
FL-DQN,2.343430591736933
FL-DQN,2.046824925251208
FL-DQN,2.201935286331558
FL-DQN,2.034768841241501
FL-DQN,1.8785580334576424
FL-DQN,1.966026191225614
FL-DQN,1.931949828458525
FL-DQN,2.1363589116606883
FL-DQN,2.025596490144604
FL-DQN,1.8093765001851196
FL-DQN,1.9467290566128312
FL-DQN,1.6337799922217393
FL-DQN,1.9556952347238998
FL-DQN,2.0003134082970195
FL-DQN,2.4340275680926253
FL-DQN,2.323628494602674
FL-DQN,1.7518220965648679
FL-DQN,2.0484246606396272
FL-DQN,2.0526344753892993
FL-DQN,1.9446950353364505
FL-DQN,1.959994754028508
FL-DQN,1.915052061609873
FL-DQN,2.449450036851993
FL-DQN,1.9001157791758534
FL-DQN,2.0818249144638243
FL-DQN,1.3930327679049999
FL-DQN,2.1976564120159656
FL-DQN,2.2842211537405848
FL-DQN,1.7475127930158507
FL-DQN,1.8771471799787793
FL-DQN,2.1083608448303313
FL-DQN,2.0046705666589872
FL-DQN,2.1119287017246133
FL-DQN,1.9310621445020555
FL-DQN,2.447183692892365
FL-DQN,1.8392623682866378
FL-DQN,2.6459779311315716
FL-DQN,2.2980617401637926
FL-DQN,2.1997076689722372
FL-DQN,1.750285367754248
FL-DQN,2.2183237720867934
FL-DQN,2.1449452233633477
FL-DQN,1.4912935033584978
FL-DQN,1.6628959262669063
FL-DQN,2.0858307023397193
FL-DQN,1.9680080668002056
FL-DQN,1.8760452297078005
FL-DQN,2.258947806669311
FL-DQN,1.787892970779362
FL-DQN,1.8907421736761458
FL-DQN,1.8447128508759307
FL-DQN,2.1224406218911347
FL-DQN,1.5873300320429578
FL-DQN,1.880558755555903
FL-DQN,1.5865363470409553
FL-DQN,1.9249098859419453
FL-DQN,2.173531762341805
FL-DQN,2.1778151588593064
FL-DQN,1.8253764001358073
FL-DQN,2.127997268699823
FL-DQN,1.9555607786612148
FL-DQN,2.326660393538818
FL-DQN,1.9688089132462523
FL-DQN,1.286468633052027
FL-DQN,2.2147234420906337
FL-DQN,1.8898161921826186
FL-DQN,1.9341920114841358
FL-DQN,2.0806216333377203
FL-DQN,1.658070100862063
FL-DQN,2.0179168579708757
FL-DQN,2.128279278772524
FL-DQN,2.0873754054711364
FL-DQN,1.856256499751979
FL-DQN,2.238063671245099
FL-DQN,1.7606009721809734
FL-DQN,1.8498748082291998
FL-DQN,1.9673596554734853
FL-DQN,2.0709124062252435
FL-DQN,1.922109603594562
FL-DQN,2.2948608557603825
FL-DQN,2.0708686912642764
FL-DQN,2.018157911287968
FL-DQN,2.062432678189561
FL-DQN,2.175897423430808
FL-DQN,2.0577859743538442
FL-DQN,1.5657159600442203
FL-DQN,2.261482127366929
FL-DQN,2.0287220499382634
FL-DQN,2.164364673733219
FL-DQN,1.9025735537520418
FL-DQN,1.561588028939142
FL-DQN,1.4530616912301593
FL-DQN,1.7733517305541353
FL-DQN,2.124150616845812
FL-DQN,2.3114938291914267
FL-DQN,2.07247309406622
FL-DQN,1.7474654217502006
FL-DQN,1.8118102055255245
FL-DQN,2.3265879436762824
FL-DQN,1.685412591070028
FL-DQN,2.504425491563447
FL-DQN,2.450249006197911
FL-DQN,2.5123332967687726
FL-DQN,2.0913683569962664
FL-DQN,1.9180340437763612
FL-DQN,2.0855231038763686
FL-DQN,2.218060388252466
FL-DQN,1.8438137826103234
FL-DQN,1.7357112229217213
FL-DQN,1.9318552414326409
FL-DQN,1.814646133392232
FL-DQN,2.2978127548760865
FL-DQN,1.8520569167049645
FL-DQN,2.022953951983362
FL-DQN,2.235929724945882
FL-DQN,2.3071621544830014
FL-DQN,2.0500542276451332
FL-DQN,2.0922310967871804
FL-DQN,1.755922249399166
FL-DQN,2.245533595261737
FL-DQN,2.303245578151344
FL-DQN,1.5511152626194111
FL-DQN,2.4231069969285493
FL-DQN,1.8318417279511243
FL-DQN,2.142711413152466
FL-DQN,2.018614813955813
FL-DQN,1.9855097969334616
FL-DQN,1.9504356852135527
FL-DQN,1.7617848003143466
FL-DQN,2.1257187225555145
FL-DQN,1.9313492794986358
FL-DQN,1.6857386428821461
FL-DQN,1.7515988747722315
FL-DQN,1.6898128967140678
FL-DQN,1.8740982679275155
FL-DQN,2.116423834023766
FL-DQN,1.8293316678562688
FL-DQN,2.2341059736167894
FL-DQN,1.9713885249398329
FL-DQN,1.930542818758071
FL-DQN,2.0040237032710566
FL-DQN,2.3348371836215174
FL-DQN,1.6708787139338461
FL-DQN,2.397528073140595
FL-DQN,2.2304384261419123
FL-DQN,1.9948024411910243
FL-DQN,2.283926164344827
FL-DQN,1.922606515502165
FL-DQN,2.068562810078474
FL-DQN,1.870060518189984
FL-DQN,2.23195403933247
FL-DQN,1.8302586547434399
FL-DQN,1.9876717306395824
FL-DQN,2.162993316398047
FL-DQN,2.2515655139571638
FL-DQN,1.8029227899754683
FL-DQN,2.1807531764288877
FL-DQN,1.764323580529717
FL-DQN,1.4839206018538569
FL-DQN,1.820464724664611
FL-DQN,2.200318394258316
FL-DQN,1.9970679490453167
FL-DQN,1.8716004867785137
FL-DQN,2.013314797637842
FL-DQN,2.0053759215240214
FL-DQN,2.1492556517274384
FL-DQN,1.6131896181378444
FL-DQN,1.9754352903597157
FL-DQN,2.029826545169966
FL-DQN,1.6723111606749783
FL-DQN,1.6690202189036873
FL-DQN,1.9124699794442266
FL-DQN,2.00204582798483
FL-DQN,2.002891046013327
FL-DQN,1.8664763644776212
FL-DQN,1.8566396976878903
FL-DQN,1.9051576828449752
FL-DQN,2.0716452227236983
FL-DQN,2.2987090416303966
FL-DQN,1.4671047472534111
FL-DQN,2.1495205091124383
FL-DQN,1.9733236013135649
FL-DQN,2.1261733474637206
FL-DQN,2.2845304009426375
FL-DQN,1.818769741804022
FL-DQN,2.2266331226953393
FL-DQN,1.6990297125612972
FL-DQN,2.0306238158641414
FL-DQN,1.941795975359364
FL-DQN,2.011107072321773
FL-DQN,1.76263177163612
FL-DQN,2.1048520294520485
FL-DQN,2.3807089437235476
FL-DQN,1.766754351004069
FL-DQN,2.0455149251991736
FL-DQN,2.205409549058963
FL-DQN,1.928782225240292
FL-DQN,2.326494301173598
FL-DQN,1.8968747980595084
FL-DQN,1.9720892712322893
FL-DQN,1.761642992857623
FL-DQN,2.0303816856967494
FL-DQN,2.000725506919753
FL-DQN,2.152616298762768
FL-DQN,1.8473105502986495
FL-DQN,1.8363210501078622
FL-DQN,2.1109981082959957
FL-DQN,2.3353257176178954
FL-DQN,2.1509624594314363
FL-DQN,2.4433789396666747
FL-DQN,2.133273793093269
FL-DQN,2.1246302854050483
FL-DQN,2.1630302913607804
FL-DQN,2.357160981386999
FL-DQN,2.297016815868125
FL-DQN,1.7396292240538953
FL-DQN,2.192139653026417
FL-DQN,2.063685561391642
FL-DQN,1.9534315961866573
FL-DQN,1.574497002690219
FL-DQN,1.6303613815375333
FL-DQN,1.9125278671728563
FL-DQN,1.6484980379756613
FL-DQN,1.9174983634990606
FL-DQN,2.17144190066287
FL-DQN,1.8605704823705225
FL-DQN,2.020031024660297
FL-DQN,1.7432115300130238
FL-DQN,2.0717041483929997
FL-DQN,2.121952493952696
FL-DQN,1.6584957783166059
FL-DQN,1.8195472888164828
FL-DQN,1.6958791358222347
FL-DQN,2.1222115512362842
FL-DQN,2.039361574531563
FL-DQN,1.988069169383461
FL-DQN,1.9692124308460834
FL-DQN,2.077480504503822
FL-DQN,2.0822843580827373
FL-DQN,1.8810614014847498
FL-DQN,1.8474567670711004
FL-DQN,1.9858411531911515
FL-DQN,1.9544636244800644
FL-DQN,2.4945637340118365
FL-DQN,1.9078652786309407
FL-DQN,2.069519674907451
FL-DQN,2.1118223571879557
FL-DQN,2.336125829747406
FL-DQN,1.8053156979809277
FL-DQN,2.321515478994001
FL-DQN,1.9646250621629981
FL-DQN,2.6003228551151367
FL-DQN,2.087024532614276
FL-DQN,1.7050570089557917
FL-DQN,1.9526819185657076
FL-DQN,2.3207046457587808
FL-DQN,2.0195698770586943
FL-DQN,1.985689902176695
FL-DQN,2.172559319328244
FL-DQN,1.917200554239787
FL-DQN,1.9494240378120953
FL-DQN,1.773278117616428
FL-DQN,2.4149169874319334
FL-DQN,1.7065732929805923
FL-DQN,2.040671998343237
FL-DQN,2.115172291539664
FL-DQN,1.9967237312195691
FL-DQN,1.6990729290824425
FL-DQN,1.760296633349328
FL-DQN,2.1254040604055886
FL-DQN,1.812828965936923
FL-DQN,1.5027158666027685
FL-DQN,2.092874797469384
FL-DQN,1.7906011088106126
FL-DQN,2.1514926256568603
FL-DQN,1.9516108884261716
FL-DQN,1.9400450411566872
FL-DQN,2.012537163924098
FL-DQN,1.7267616007855084
FL-DQN,1.8018912589765732
FL-DQN,1.9376182282988808
FL-DQN,1.7253576980550631
FL-DQN,2.1713162382707942
FL-DQN,1.9262290446828583
FL-DQN,1.6521352156037823
FL-DQN,1.865833045090633
FL-DQN,2.024288615581258
FL-DQN,1.892938291157147
FL-DQN,2.0959558127349656
FL-DQN,2.137768723883033
FL-DQN,2.5764080662287476
FL-DQN,2.276154608326574
FL-DQN,1.607271117352799
FL-DQN,1.913544203600318
FL-DQN,1.9360060898124882
FL-DQN,2.138017021381913
FL-DQN,1.7759393430315893
FL-DQN,1.8724994805923987
FL-DQN,1.7013411497817628
FL-DQN,1.855456226362038
FL-DQN,1.8644082686595014
FL-DQN,1.924878604914466
FL-DQN,1.7152369431392582
FL-DQN,2.2356861774562145
FL-DQN,2.1133313270800125
FL-DQN,1.652280854548532
FL-DQN,2.006233505400183
FL-DQN,1.6243388288617884
FL-DQN,2.322141374246392
FL-DQN,2.3873860095575905
FL-DQN,1.9866230494667492
FL-DQN,1.7953651598348797
FL-DQN,1.8405753613770617
FL-DQN,1.8911019002538068
FL-DQN,1.9743614633780961
FL-DQN,2.3289127153775184
FL-DQN,2.2293444344741755
FL-DQN,2.233041080896183
FL-DQN,2.0409387849614835
FL-DQN,1.723133186253988
FL-DQN,1.815186389688409
FL-DQN,2.0145731031565832
FL-DQN,1.7117359767574178
FL-DQN,2.0729559081325055
FL-DQN,2.1932296451384836
FL-DQN,2.130882894069998
FL-DQN,2.1212454735004
FL-DQN,1.552092164010464
FL-DQN,2.320005391201063
FL-DQN,1.6238275207923167
FL-DQN,1.9633401886770026
FL-DQN,2.148450450508658
FL-DQN,2.0860634062363577
FL-DQN,1.6933192815089693
FL-DQN,1.736401850503113
FL-DQN,2.0688971893776276
FL-DQN,2.122602803304678
FL-DQN,1.7342710772929213
FL-DQN,2.0942222333515943
FL-DQN,1.6363343648734245
FL-DQN,2.1498534217529097
FL-DQN,1.7878779627759127
FL-DQN,2.019323229900369
FL-DQN,1.9790245538490787
FL-DQN,2.2785577586987045
FL-DQN,2.058111206888081
FL-DQN,1.8562155548862762
FL-DQN,2.086302249330602
FL-DQN,2.514179177413035
FL-DQN,2.1776295011088402
FL-DQN,1.985799916703913
FL-DQN,1.7999328868788858
FL-DQN,1.8520420398541482
FL-DQN,2.1631983011924554
FL-DQN,1.7874073826427983
FL-DQN,2.0006453026589925
FL-DQN,2.3450285389614587
FL-DQN,2.036094174325677
FL-DQN,1.7410083700886165
FL-DQN,2.5226834846414263
FL-DQN,2.4229875915070185
FL-DQN,2.120282374010982
FL-DQN,2.306181298721381
FL-DQN,1.9359248765277666
FL-DQN,2.173869074639708
FL-DQN,1.8983504467566195
FL-DQN,1.6747003928108108
FL-DQN,2.6220614266017623
FL-DQN,1.662430864010407
FL-DQN,2.0714139514538976
FL-DQN,2.068610404442761
FL-DQN,2.1238413402054843
FL-DQN,1.9784757761139566
FL-DQN,1.9809800376252542
FL-DQN,2.0332188160136786
FL-DQN,2.1151684355217886
FL-DQN,1.9995640732567448
FL-DQN,1.983593325002025
FL-DQN,1.68293361369455
FL-DQN,2.4832837927273705
FL-DQN,2.1285677958325677
FL-DQN,2.050137622712997
FL-DQN,1.8501278493584936
FL-DQN,1.7591325937160374
FL-DQN,2.2063967475314086
FL-DQN,1.961633027579711
FL-DQN,2.1490555002974947
FL-DQN,1.675483967911724
FL-DQN,2.3712451625543918
FL-DQN,2.216330584498265
FL-DQN,1.9805449537364859
FL-DQN,2.1122301004214976
FL-DQN,2.1778410462883557
FL-DQN,1.6791246679005272
FL-DQN,2.4026784539331008
FL-DQN,2.115982639539912
FL-DQN,1.831015450992151
FL-DQN,1.7368180024005053
FL-DQN,2.236903457932171
FL-DQN,2.050678207334481
FL-DQN,2.1158242167037025
FL-DQN,2.006399493093507
FL-DQN,1.7593415145977476
FL-DQN,2.122068269582748
FL-DQN,1.9525915666038904
FL-DQN,1.9947941296416465
FL-DQN,2.5704806493693386
FL-DQN,2.20857659306353
FL-DQN,2.222423578341902
FL-DQN,2.652925550585014
FL-DQN,2.0922977293232288
FL-DQN,2.028729808747835
FL-DQN,1.836990236146102
FL-DQN,1.891387554025437
FL-DQN,1.5086950960284293
FL-DQN,2.189701601313578
FL-DQN,1.695938960645504
FL-DQN,2.216656635669381
FL-DQN,1.9896737559294622
FL-DQN,2.0307340915434478
FL-DQN,1.9898316967653442
FL-DQN,2.332657862931912
FL-DQN,2.290266166384743
FL-DQN,1.9930660626428907
FL-DQN,1.7842390216608088
FL-DQN,2.2217333852796894
FL-DQN,1.7661020068603372
FL-DQN,1.6268332901316414
FL-DQN,2.1196039684370547
FL-DQN,2.2924375812327744
FL-DQN,1.9027795597294697
FL-DQN,2.0970842451763425
FL-DQN,1.900238285182952
FL-DQN,2.1732784036845962
FL-DQN,2.2628071247389316
FL-DQN,1.9369123485243145
FL-DQN,1.7533752421465931
FL-DQN,1.6503126553732306
FL-DQN,2.2221652237904594
FL-DQN,1.7272240419901217
FL-DQN,2.089285817888568
FL-DQN,2.1865776964262036
FL-DQN,1.8796875491478695
FL-DQN,1.9601093959568106
FL-DQN,2.2397704274016252
FL-DQN,1.8060334910396576
FL-DQN,1.7816692147918167
FL-DQN,1.943746106909823
FL-DQN,2.3066990388983295
FL-DQN,2.3865754627048648
FL-DQN,1.9762920750942239
FL-DQN,1.829090809269248
FL-DQN,2.2553875078207004
FL-DQN,1.5993690604014859
FL-DQN,2.059426604995542
FL-DQN,1.9894607377185907
FL-DQN,2.3105186824458515
FL-DQN,2.3348044495132103
FL-DQN,1.7737931460926541
FL-DQN,2.040242728513994
FL-DQN,1.8630549578620303
FL-DQN,1.9296014276223823
FL-DQN,2.1481730658939138
FL-DQN,1.9196254106979362
FL-DQN,2.046542109566726
FL-DQN,2.2297453196671433
FL-DQN,2.363638813711022
FL-DQN,2.069283234754269
FL-DQN,2.028263697689633
FL-DQN,1.7342503617243568
FL-DQN,2.380591628986573
FL-DQN,2.1189682562787557
FL-DQN,2.032694029876806
FL-DQN,2.0204118133272067
FL-DQN,2.086556833653261
FL-DQN,2.1852297175713757
FL-DQN,2.2149321272313425
FL-DQN,2.3865924549935853
FL-DQN,2.0582452420430277
FL-DQN,2.421008292623697
FL-DQN,2.2538535870758145
FL-DQN,1.9855684685193262
FL-DQN,1.5998303051736018
FL-DQN,2.020534943431276
FL-DQN,2.3740346731736772
FL-DQN,1.8139368487682694
FL-DQN,2.0197910353910125
FL-DQN,2.039652538237226
FL-DQN,2.226110382039488
FL-DQN,1.9069252285320086
FL-DQN,1.7913479003707304
FL-DQN,2.1368005162936963
FL-DQN,1.8215871154309753
FL-DQN,1.5594787154858936
FL-DQN,2.4416892618626873
FL-DQN,2.2224873589130127
FL-DQN,2.452013068500125
FL-DQN,2.2097630607237284
FL-DQN,2.1632875812061885
FL-DQN,2.0886885520208858
FL-DQN,1.9553532124250532
FL-DQN,2.122905579657223
FL-DQN,1.8672242037502156
FL-DQN,1.7433849986049876
FL-DQN,1.9202658039389422
FL-DQN,2.3099581499243347
FL-DQN,1.7042223951379398
FL-DQN,1.708036003807976
FL-DQN,2.1419141990510773
FL-DQN,1.9003811109352
FL-DQN,2.1165188108382718
FL-DQN,2.2375657836510667
FL-DQN,2.1107677962218907
FL-DQN,1.8482610611171726
FL-DQN,2.307904114046865
FL-DQN,2.1781094438248427
FL-DQN,2.0064386850054987
FL-DQN,1.9948201246643766
FL-DQN,2.0897582094744775
FL-DQN,1.925123911938007
FL-DQN,1.6085108732671856
FL-DQN,2.180037859102802
FL-DQN,2.1657783247690823
FL-DQN,1.447744168232786
FL-DQN,2.122562274237741
FL-DQN,2.421556049333531
FL-DQN,1.7293667952383505
FL-DQN,1.9824100901862294
FL-DQN,1.956324244607826
FL-DQN,2.398498864249012
FL-DQN,2.2690272905976707
FL-DQN,1.7891801248370167
FL-DQN,2.082108445606046
FL-DQN,2.5526413117466062
FL-DQN,1.850070104206127
FL-DQN,1.9973230919217604
FL-DQN,2.1232417528370284
FL-DQN,1.8535869080673781
FL-DQN,2.4231687403982587
FL-DQN,1.8865596079319549
FL-DQN,1.6666315690101934
FL-DQN,1.8740043106600905
FL-DQN,2.1567248206846807
FL-DQN,1.8084382098189793
FL-DQN,2.0725278533281046
FL-DQN,2.135012105634
FL-DQN,1.709855829900883
FL-DQN,1.8647114677773862
FL-DQN,2.083753006289136
FL-DQN,2.1685789184008435
FL-DQN,1.8706918352557667
FL-DQN,2.036425354459527
FL-DQN,1.9318553000610172
FL-DQN,2.1746840409921426
FL-DQN,2.124659258999746
FL-DQN,1.9103640763530385
FL-DQN,2.114826524287078
FL-DQN,1.9009763907697523
FL-DQN,2.1097668690455547
FL-DQN,2.113110690882701
FL-DQN,2.569051166856442
FL-DQN,1.9192970618950134
FL-DQN,1.9660955631287618
FL-DQN,1.8446644159058903
FL-DQN,1.7521223125305934
FL-DQN,1.8904494815378192
FL-DQN,2.159624166853097
FL-DQN,2.1769907675238334
FL-DQN,2.070963162724959
FL-DQN,1.9290164286728215
FL-DQN,1.8815900033766058
FL-DQN,1.7799606774891141
FL-DQN,1.8663469757688784
FL-DQN,1.6891692658082538
FL-DQN,2.325885994850159
FL-DQN,2.440916356717291
FL-DQN,1.5353929391600176
FL-DQN,2.0694232730841464
FL-DQN,2.0654460692854464
FL-DQN,2.0501141095016315
FL-DQN,1.857741362908878
FL-DQN,2.2454033501013657
FL-DQN,2.0985145523788544
FL-DQN,2.24818922095132
FL-DQN,1.822997124940927
FL-DQN,1.6680361268820967
FL-DQN,2.1043773270996846
FL-DQN,1.7688935058036193
FL-DQN,2.2531039054001294
FL-DQN,1.4896108845495601
FL-DQN,1.8875504252234736
FL-DQN,1.8521787565632641
FL-DQN,1.920229605960281
FL-DQN,2.0626637772711693
FL-DQN,2.095096576640335
FL-DQN,2.153537024555527
FL-DQN,2.1811967274295117
FL-DQN,1.9588338558387768
FL-DQN,2.5060890468095502
FL-DQN,2.332901680149677
FL-DQN,1.9251228282412733
FL-DQN,1.9671503138859252
FL-DQN,1.9200685297519395
FL-DQN,2.0871916673265387
FL-DQN,1.7667349207657161
FL-DQN,1.8105110093782517
FL-DQN,1.4798321011005497
FL-DQN,1.9043215690944377
FL-DQN,2.2555422041537607
FL-DQN,1.963495755164128
FL-DQN,1.9769211340448802
FL-DQN,2.0667581945253226
FL-DQN,1.7594630161291696
FL-DQN,2.006068691034617
FL-DQN,2.213679078919718
FL-DQN,2.0735751599868757
FL-DQN,2.23475953550281
FL-DQN,2.303391657504478
FL-DQN,2.1590215427930737
FL-DQN,1.8287919141967859
FL-DQN,1.9174075127311376
FL-DQN,2.4635573247119926
FL-DQN,2.0754004431988395
FL-DQN,2.0434295815453756
FL-DQN,1.7936097583102508
FL-DQN,1.9780493226523228
FL-DQN,2.171929660676669
FL-DQN,2.003562970519152
FL-DQN,1.8753492236358447
FL-DQN,1.9310273208926194
FL-DQN,2.2860380763238632
FL-DQN,2.160267395039417
FL-DQN,2.1281696544469364
FL-DQN,2.1058117133476792
FL-DQN,1.7160728097835465
FL-DQN,2.065363780819824
FL-DQN,2.25632179453523
FL-DQN,1.937378830107141
FL-DQN,2.234582734966598
FL-DQN,2.1308544124450948
FL-DQN,2.1986414822136093
FL-DQN,2.0122247567736995
FL-DQN,2.2127805346921985
FL-DQN,1.6484764127790466
FL-DQN,2.0079549728416106
FL-DQN,2.171123566658605
FL-DQN,2.071111886299029
FL-DQN,2.262949677440969
FL-DQN,1.962296281952925
FL-DQN,1.8686107344787861
FL-DQN,1.6066220002010336
FL-DQN,1.9344880399105044
FL-DQN,2.124049987236791
FL-DQN,2.1826420432997864
FL-DQN,1.664195460402555
FL-DQN,2.2820780303183916
FL-DQN,1.7661390029288688
FL-DQN,1.970924446089281
FL-DQN,1.8634840684021905
FL-DQN,2.100139972119773
FL-DQN,2.0225779322100426
FL-DQN,2.1627124532887616
FL-DQN,2.442513107485852
FL-DQN,2.0954845935216193
FL-DQN,1.8615968867277808
FL-DQN,2.1106565666133332
FL-DQN,2.4668334192169703
FL-DQN,2.15752166331895
FL-DQN,2.2269664661743978
FL-DQN,1.6175416520244275
FL-DQN,2.0928508637497703
FL-DQN,1.935675740017843
FL-DQN,1.83677003310262
FL-DQN,1.9946438414578573
FL-DQN,2.026072155511316
FL-DQN,1.8501459435219267
FL-DQN,2.045231302450095
FL-DQN,1.9583630965282672
FL-DQN,2.168585329883868
FL-DQN,2.0546179617969376
FL-DQN,2.0902216061238312
FL-DQN,2.235053112484799
FL-DQN,2.133189406361411
FL-DQN,1.998539745773809
FL-DQN,1.499138011996064
FL-DQN,2.1232947185108024
FL-DQN,1.7811384074583099
FL-DQN,1.9793029220719296
FL-DQN,2.0890512764623472
FL-DQN,2.319926965709891
FL-DQN,2.442157472348053
FL-DQN,1.7789076111508604
FL-DQN,1.6841929096730086
FL-DQN,2.078172120604838
FL-DQN,2.0581826609690945
FL-DQN,1.7115497892982159
FL-DQN,1.99601527953678
FL-DQN,2.1434098269792217
FL-DQN,1.7047635866770579
FL-DQN,1.7612995058885812
FL-DQN,1.8454016155130595
FL-DQN,1.9490575402391799
FL-DQN,2.1665531613861115
FL-DQN,1.9216446383419383
FL-DQN,2.013276038245881
FL-DQN,2.5390826792575902
FL-DQN,1.7704855321571005
FL-DQN,1.8432815846476909
FL-DQN,2.162741329829819
FL-DQN,2.2371303658718626
FL-DQN,2.0995522096750387
FL-DQN,2.4341522165036804
FL-DQN,2.0761894243692773
FL-DQN,1.5257351159576462
FL-DQN,2.0232789649873664
FL-DQN,1.8629639302165977
FL-DQN,2.332114819725346
FL-DQN,2.2315097754116064
FL-DQN,1.6184742136494537
FL-DQN,2.32407633526101
FL-DQN,2.2254482645116993
FL-DQN,1.9221290890158014
FL-DQN,1.9811739453522257
FL-DQN,2.334122489872765
FL-DQN,1.5268371402140113
FL-DQN,2.106895521209527
FL-DQN,2.262418312430008
FL-DQN,1.9787088726291118
FL-DQN,2.1554983551540294
FL-DQN,2.0247570887738777
FL-DQN,1.8118305752691397
FL-DQN,1.8058327958205793
FL-DQN,2.1708630241709868
FL-DQN,1.8474303858708438
FL-DQN,1.6341005747850177
FL-DQN,2.02937568601316
FL-DQN,1.8768604589675568
FL-DQN,1.7122140499424696
FL-DQN,2.017219383936293
FL-DQN,2.184146417620879
FL-DQN,2.0048360154059406
FL-DQN,1.74410219454422
FL-DQN,2.1156328549768526
FL-DQN,2.248437531698349
FL-DQN,2.531128199191261
FL-DQN,2.346042567263764
FL-DQN,1.758713986352314
FL-DQN,2.205939857142703
FL-DQN,2.0615657409578234
FL-DQN,1.7234962013913728
FL-DQN,2.068110850837273
FL-DQN,2.460482407497702
FL-DQN,2.2870074105726013
FL-DQN,1.7567720465032068
FL-DQN,2.003292132052385
FL-DQN,2.1180018632736433
FL-DQN,1.584823135606605
FL-DQN,1.5930949367144993
FL-DQN,2.0371106825860785
FL-DQN,2.0402420119841644
FL-DQN,1.5586834559689395
FL-DQN,2.0931136461698303
FL-DQN,2.26087104883962
FL-DQN,1.9476075994749171
FL-DQN,2.014354828685883
FL-DQN,2.137138812004219
FL-DQN,2.105367026310573
FL-DQN,1.5995305994803481
FL-DQN,1.7827709138927315
FL-DQN,1.9049951753147338
FL-DQN,1.7934015078113155
FL-DQN,2.352072439514512
FL-DQN,2.152274225184172
FL-DQN,1.7336659026088161
FL-DQN,1.9485594181293189
FL-DQN,2.271294112892079
FL-DQN,1.8449025460667965
FL-DQN,2.2043801250426216
FL-DQN,2.331963125734557
FL-DQN,2.291873831515176
FL-DQN,2.043296994700119
FL-DQN,2.3002459993556696
FL-DQN,1.8746628760195254
FL-DQN,2.596611521107063
FL-DQN,2.057803889944289
FL-DQN,2.275230598906375
FL-DQN,1.9131178738363726
FL-DQN,2.119859487980358
FL-DQN,2.13043123535873
FL-DQN,1.7770799181763959
FL-DQN,1.769973591221178
FL-DQN,1.9509193864585899
FL-DQN,2.2652798105230376
FL-DQN,1.5604573654771956
FL-DQN,1.912916187273753
FL-DQN,2.314369429487884
FL-DQN,1.7042889455749555
FL-DQN,2.3009361591813797
FL-DQN,1.7293296856237586
FL-DQN,1.780030012619744
FL-DQN,1.9646667733097638
FL-DQN,2.4496301764114246
FL-DQN,1.8463982728610442
FL-DQN,1.584088930793065
FL-DQN,1.66353534860501
FL-DQN,2.2236675656654024
FL-DQN,1.6748623315778524
FL-DQN,2.28511149811548
FL-DQN,2.0167497970641453
FL-DQN,1.9922549056124135
FL-DQN,2.07135301903027
FL-DQN,1.807779119384775
FL-DQN,2.033089261158846
FL-DQN,1.713662480783107
FL-DQN,2.3237338231169753
FL-DQN,1.7534491448214393
FL-DQN,2.105331352381687
FL-DQN,1.7516599274574531
FL-DQN,1.8720308992420618
FL-DQN,1.9102803118016456
FL-DQN,2.7155235154211237
FL-DQN,1.996532939183548
FL-DQN,1.8028328487103507
FL-DQN,1.8933066531742695
FL-DQN,1.6388785875709935
FL-DQN,1.960931378850786
FL-DQN,2.444260799458128
FL-DQN,2.080649487435206
FL-DQN,2.2168162279344448
FL-DQN,1.781613526446775
FL-DQN,1.9511978793819904
FL-DQN,2.048936632461481
FL-DQN,1.8259263606976996
FL-DQN,2.0960016168154603
FL-DQN,2.147702819645304
FL-DQN,2.1302835322007696
FL-DQN,1.963740013438797
FL-DQN,2.2618187121566145
FL-DQN,1.938171814755565
FL-DQN,1.9162830109334532
FL-DQN,2.34596936170411
FL-DQN,1.7343280880718615
FL-DQN,1.5912874590114847
FL-DQN,1.7917240841028577
FL-DQN,2.0929380624027294
FL-DQN,2.308061843471645
FL-DQN,1.8414755580364124
FL-DQN,2.435561004869701
FL-DQN,2.006527365026315
FL-DQN,1.9722729086724344
FL-DQN,1.796014846203306
FL-DQN,2.468325240472552
FL-DQN,1.9639306692754432
FL-DQN,1.6803228737139893
FL-DQN,2.5898404805193103
FL-DQN,2.0944808225245635
FL-DQN,2.1917193081450272
FL-DQN,2.4035744530017737
FL-DQN,2.147471019789066
FL-DQN,2.2339734456906695
FL-DQN,2.013038017358733
FL-DQN,2.1760957489844532
FL-DQN,1.9918021245064097
FL-DQN,1.9951495793981446
FL-DQN,2.028732021568147
FL-DQN,1.904764364948916
FL-DQN,2.1210506804806206
FL-DQN,2.1204428420516255
FL-DQN,2.1965399839747017
FL-DQN,2.153505563608513
FL-DQN,2.480010332387846
FL-DQN,2.2526311375127763
FL-DQN,1.9502595463004975
FL-DQN,2.1087371609182193
FL-DQN,2.339047547398404
FL-DQN,1.7720064346362725
FL-DQN,2.483418030347881
FL-DQN,1.814086535900043
FL-DQN,2.216066094377066
FL-DQN,2.001584105653878
FL-DQN,1.9877762240205343
FL-DQN,1.687300910324522
FL-DQN,2.2178000227809562
FL-DQN,1.6907940355746387
FL-DQN,1.6537351441131873
FL-DQN,2.278328724417578
FL-DQN,2.429505342990339
FL-DQN,1.8398610161045617
FL-DQN,2.2407462136772565
FL-DQN,2.191166324815443
FL-DQN,1.9780355131732452
FL-DQN,2.3205960515850137
FL-DQN,1.9607306767336246
FL-DQN,2.124208194876566
FL-DQN,1.6990952279977618
FL-DQN,1.7093528887637426
FL-DQN,2.2805707915493074
FL-DQN,2.1322892507776188
FL-DQN,1.9658103497748993
FL-DQN,2.457882848231474
FL-DQN,2.4553557612396975
FL-DQN,2.105400319942432
FL-DQN,1.650642771624029
FL-DQN,1.9732162428799194
FL-DQN,1.8001803608010158
FL-DQN,2.0214832617951104
FL-DQN,1.7752886800213918
FL-DQN,1.712905778137615
FL-DQN,1.4569728215058673
FL-DQN,2.040141755240233
FL-DQN,1.4482968519730177
FL-DQN,1.9231422418997342
FL-DQN,2.1666552735834306
FL-DQN,1.8266970350710259
FL-DQN,1.7396411568801269
FL-DQN,1.9837167301859113
FL-DQN,1.801134673165868
FL-DQN,2.0445579015181687
FL-DQN,1.752120832277175
FL-DQN,1.974921457716074
FL-DQN,1.9168590267584096
FL-DQN,1.997234812277217
FL-DQN,2.3924363825641244
FL-DQN,2.0479546099801182
FL-DQN,2.121066589342166
FL-DQN,1.8500496598763245
FL-DQN,2.053581540534403
FL-DQN,1.934047174350096
FL-DQN,2.0071174497700057
FL-DQN,2.1557469370077307
FL-DQN,1.879943878340736
FL-DQN,1.904469095357986
FL-DQN,1.8832604793723482
FL-DQN,1.8786272855823247
FL-DQN,2.0415764553376676
FL-DQN,1.9126443379225706
FL-DQN,2.359509527258858
FL-DQN,2.6429990506866
FL-DQN,1.863693851555045
FL-DQN,2.070560685969127
FL-DQN,2.249121818253257
FL-DQN,1.9362202251142453
FL-DQN,1.7613461265666241
FL-DQN,2.417161594751542
FL-DQN,2.1646777505132486
FL-DQN,2.076485708713534
FL-DQN,2.348125376031425
FL-DQN,2.1848559617176964
FL-DQN,1.9884955913694569
FL-DQN,1.7656085922191544
FL-DQN,1.8816003813381643
FL-DQN,2.2891575692812434
FL-DQN,2.163700557154388
FL-DQN,1.9552000113493584
FL-DQN,2.423975166678907
FL-DQN,1.9622668912662051
FL-DQN,2.237004310575478
FL-DQN,2.0528093713488165
FL-DQN,2.46390872898146
FL-DQN,2.1807309168947184
FL-DQN,2.0110782754911347
FL-DQN,1.9570876450959585
FL-DQN,1.9963105997450767
FL-DQN,1.825904654925838
FL-DQN,1.671991246990732
FL-DQN,2.074096493626203
FL-DQN,1.8719555567925499
FL-DQN,1.8713179477651072
FL-DQN,1.978678343228635
FL-DQN,2.0125336252153443
FL-DQN,2.001770242780377
FL-DQN,2.417190884434028
FL-DQN,2.1589710722987365
FL-DQN,2.50587573879927
FL-DQN,1.8946423112325161
FL-DQN,2.188092954350779
FL-DQN,1.9079809902488347
FL-DQN,1.865328354098026
FL-DQN,2.5149302303375287
FL-DQN,1.815644415345124
FL-DQN,1.4643838392265787
FL-DQN,1.830092165800435
FL-DQN,1.518002321180631
FL-DQN,1.7716821197427595
FL-DQN,1.793920202995995
FL-DQN,2.008467623564372
FL-DQN,1.5080968094527074
FL-DQN,2.2870285342594716
FL-DQN,1.5498153767821001
FL-DQN,1.9693398025630684
FL-DQN,1.922202845362965
FL-DQN,2.1980840863763103
FL-DQN,2.08437038597617
FL-DQN,2.284849501102583
FL-DQN,1.9132512099252739
FL-DQN,1.888460784879664
FL-DQN,2.0990698364127636
FL-DQN,2.2470084510866735
FL-DQN,2.198016583059693
FL-DQN,2.0772354112322224
FL-DQN,2.055839000544272
FL-DQN,1.9912906102878873
FL-DQN,2.0983832394756647
FL-DQN,2.48838426667501
FL-DQN,1.9417823884263492
FL-DQN,1.912522361260299
FL-DQN,1.894146592171238
FL-DQN,2.0934494619493793
FL-DQN,1.4907811354167313
FL-DQN,1.9675851912477593
FL-DQN,2.211355244299994
FL-DQN,1.8737046094730672
FL-DQN,2.0448091111553235
FL-DQN,2.5062405111935497
FL-DQN,2.079583969994898
FL-DQN,1.462585610891097
FL-DQN,1.661627752026246
FL-DQN,1.939759219658604
FL-DQN,1.8070817820290423
FL-DQN,2.024811969392154
FL-DQN,1.929301754652376
FL-DQN,2.279857167879512
FL-DQN,1.7380804526776292
FL-DQN,1.9502001482775593
FL-DQN,2.052142036946045
FL-DQN,2.0818722664404716
FL-DQN,2.035233262058721
FL-DQN,1.4212943783940513
FL-DQN,2.0199900987219355
FL-DQN,1.9638189505099386
FL-DQN,2.2073863406990855
FL-DQN,2.173512874056657
FL-DQN,2.0578026826383957
FL-DQN,2.0751593908173818
FL-DQN,2.32457194381512
FL-DQN,2.2760710657029657
FL-DQN,2.066079680542679
FL-DQN,2.514900389030241
FL-DQN,1.8492328821063215
FL-DQN,1.7154936540576253
FL-DQN,1.997398878346809
FL-DQN,1.9102856330897637
FL-DQN,1.408318085727657
FL-DQN,1.8434286056020674
FL-DQN,2.0824604369131454
FL-DQN,1.986073341018716
FL-DQN,1.813649261193386
FL-DQN,2.0101581246934574
FL-DQN,2.029537395018353
FL-DQN,2.171617852126722
FL-DQN,1.8460398450731375
FL-DQN,2.2097256297239496
FL-DQN,1.7382456861777573
FL-DQN,1.8791895393920774
FL-DQN,2.4077583683841706
FL-DQN,1.7542693357766757
FL-DQN,1.8418958449686067
FL-DQN,1.6992533454573635
FL-DQN,1.8014560680051424
FL-DQN,2.0332071579269044
FL-DQN,2.1695701502823077
FL-DQN,1.9955268479555186
FL-DQN,1.92207443618704
FL-DQN,1.7017342673312066
FL-DQN,1.8254886907563332
FL-DQN,1.6289514083069716
FL-DQN,2.1767743099722896
FL-DQN,2.1934575676753307
FL-DQN,1.9902925761604289
FL-DQN,2.1059482361323045
FL-DQN,2.210295817603335
FL-DQN,2.0242901330438094
FL-DQN,2.3344665641581823
FL-DQN,1.7542897529019923
FL-DQN,1.916319145267972
FL-DQN,1.8877418796685737
FL-DQN,2.155337142567082
FL-DQN,1.6558060809617414
FL-DQN,2.3475139057074923
FL-DQN,2.1348258513188125
FL-DQN,2.420070673428313
FL-DQN,1.9902629087876675
FL-DQN,1.8679233682438985
FL-DQN,2.157705461542631
FL-DQN,2.2473356186994256
FL-DQN,1.8285389982868296
FL-DQN,1.5205768381799232
FL-DQN,1.561696305945374
FL-DQN,2.0627323822032753
FL-DQN,2.3696454530893813
FL-DQN,1.687798720146077
FL-DQN,1.9346320776256585
FL-DQN,1.9163721074643343
FL-DQN,2.460927696133964
FL-DQN,2.5420869807409785
FL-DQN,2.1018686451878237
FL-DQN,2.215520088061156
FL-DQN,2.2088477586359674
FL-DQN,1.6927228232874378
FL-DQN,2.167645523704608
FL-DQN,1.755294446887978
FL-DQN,1.958831401045612
FL-DQN,2.2735368908199516
FL-DQN,2.0194239981936453
FL-DQN,2.2645991458544894
FL-DQN,2.311823226077256
FL-DQN,1.5783359131209933
FL-DQN,1.477352584908649
FL-DQN,2.278902189159468
FL-DQN,2.288577768791888
FL-DQN,2.0615827079127342
FL-DQN,2.0941318440649113
FL-DQN,2.2143314475398617
FL-DQN,2.209858138724446
FL-DQN,1.926995844177906
FL-DQN,2.2294040564814903
FL-DQN,1.916846444459067
FL-DQN,2.0584522641995826
FL-DQN,2.048005389323516
FL-DQN,1.793734616330304
FL-DQN,1.8216830513098419
FL-DQN,2.5361861304275592
FL-DQN,1.7859474193341809
FL-DQN,2.088790223997329
FL-DQN,2.1391518023519858
FL-DQN,1.986988090092344
FL-DQN,2.161157584487157
FL-DQN,2.0789559838574436
FL-DQN,1.79113962845183
FL-DQN,2.12883615059326
FL-DQN,1.8692704585413558
FL-DQN,2.417760604000358
FL-DQN,2.1029900665321004
FL-DQN,1.8319631537395393
FL-DQN,2.0821494929476745
FL-DQN,1.778034934661691
FL-DQN,2.061866979198462
FL-DQN,1.9458325304800375
FL-DQN,1.8015509195855701
FL-DQN,1.7985340653111253
FL-DQN,2.58438422195914
FL-DQN,2.021934147608405
FL-DQN,1.8963826004889928
FL-DQN,1.8548195360619566
FL-DQN,2.1130798646966205
FL-DQN,1.8467609517072177
FL-DQN,1.7372916879455005
FL-DQN,1.9922205447429837
FL-DQN,1.9904074186036798
FL-DQN,1.899911605225657
FL-DQN,1.7860898529344824
FL-DQN,1.9061668158071614
FL-DQN,1.887287032564321
FL-DQN,1.8539925978241039
FL-DQN,2.0663600163772875
FL-DQN,2.5342947159138163
FL-DQN,2.319623640880968
FL-DQN,2.466060672629243
FL-DQN,1.8637540858318302
FL-DQN,2.401925176993086
FL-DQN,2.0545461959286
FL-DQN,2.236727238012743
FL-DQN,2.109848949931557
FL-DQN,1.9176158681095645
FL-DQN,2.1726794284654507
FL-DQN,2.116383332868434
FL-DQN,1.575635240140905
FL-DQN,1.9702101845328492
FL-DQN,2.209377004778787
FL-DQN,2.066581187166533
FL-DQN,2.112673033039471
FL-DQN,1.8196582814852122
FL-DQN,2.0614905455371235
FL-DQN,1.9768777733141747
FL-DQN,1.951171223695254
FL-DQN,1.8369784572719898
FL-DQN,2.2195669651191587
FL-DQN,2.0829124598829636
FL-DQN,2.0586914659854427
FL-DQN,2.4921883189979788
FL-DQN,2.1137118006841913
FL-DQN,2.2881192050344143
FL-DQN,2.0655038786146633
FL-DQN,1.9152407148771942
FL-DQN,1.7458070428053538
FL-DQN,2.0579336307194676
FL-DQN,1.3607625108904382
FL-DQN,2.0653920982138856
FL-DQN,2.075695614318767
FL-DQN,1.9477837808367013
FL-DQN,1.9778320733779087
FL-DQN,1.6997193156658177
FL-DQN,2.3325448688169743
FL-DQN,1.9190597705337138
FL-DQN,1.7666977408631919
FL-DQN,2.130718655656038
FL-DQN,2.02658146586968
FL-DQN,1.9139996517133782
FL-DQN,1.8886319922734143
FL-DQN,1.9986467137420851
FL-DQN,2.3229958329284877
FL-DQN,2.1126911385167704
FL-DQN,1.9917420126782026
FL-DQN,2.2045841301730977
FL-DQN,2.006607653870778
FL-DQN,2.096372546200484
FL-DQN,2.036270655676801
FL-DQN,2.1415473003233227
FL-DQN,1.8934053981903352
FL-DQN,1.7265577127449818
FL-DQN,2.2176435560995515
FL-DQN,2.3611827962751115
FL-DQN,1.7379485398976726
FL-DQN,2.043030001795177
FL-DQN,1.8922711545669733
FL-DQN,2.212010886080183
FL-DQN,2.059194976358812
FL-DQN,2.798593348743187
FL-DQN,1.9276559635254777
FL-DQN,2.3689501608740313
FL-DQN,2.3923113548842725
FL-DQN,2.128063390172015
FL-DQN,2.008899996650767
FL-DQN,2.0227610473976068
FL-DQN,2.002449164505358
FL-DQN,2.2719919309791536
FL-DQN,1.7905672887013497
FL-DQN,1.961363846461305
FL-DQN,1.9322753701463578
FL-DQN,1.5857133389302496
FL-DQN,2.2061395783429787
FL-DQN,2.2551006515344016
FL-DQN,1.847787575945224
FL-DQN,2.247231789597139
FL-DQN,1.6199221469510516
FL-DQN,2.0057490807685845
FL-DQN,1.9696979670347068
FL-DQN,2.0210596900159024
FL-DQN,2.019810840860503
FL-DQN,1.9815100008268611
FL-DQN,1.9069345003001532
FL-DQN,1.9739105675701365
FL-DQN,2.3271730973843394
FL-DQN,1.8611074520218636
FL-DQN,2.541281603164752
FL-DQN,1.8475605313488217
FL-DQN,2.0576142120600593
FL-DQN,2.137089560760775
FL-DQN,1.9299785827151736
FL-DQN,2.3317671709882486
FL-DQN,2.130850828010721
FL-DQN,1.9508234338198536
FL-DQN,2.3291035455307556
FL-DQN,1.7562819726756258
FL-DQN,1.8642839553115629
FL-DQN,2.1350169036626583
FL-DQN,2.192351942099488
FL-DQN,2.0774292524373084
FL-DQN,1.969473842682372
FL-DQN,1.939653423693709
FL-DQN,2.271536222234093
FL-DQN,2.0576947158886973
FL-DQN,1.7906626946238318
FL-DQN,1.776823432833178
FL-DQN,2.363230715022543
FL-DQN,1.827497213122697
FL-DQN,2.0654554561003553
FL-DQN,2.324217544336896
FL-DQN,2.130105749787078
FL-DQN,1.8181658221591799
FL-DQN,1.7562334171559084
FL-DQN,2.4487732334831263
FL-DQN,1.750120497935363
FL-DQN,1.8672153838637024
FL-DQN,2.0894008732682874
FL-DQN,1.9474691722216433
FL-DQN,2.137713249174949
FL-DQN,1.6477346898981133
FL-DQN,1.9495041478624642
FL-DQN,2.1626452993622123
FL-DQN,2.1634575384841535
FL-DQN,1.8626112136870336
FL-DQN,1.75478958929652
FL-DQN,2.05129114578053
FL-DQN,1.6850089650502291
FL-DQN,2.3082249430313375
FL-DQN,2.0377781034178306
FL-DQN,1.8327652217067278
FL-DQN,1.7469196622273375
FL-DQN,1.8480664002098304
FL-DQN,1.625136543757342
FL-DQN,2.1187469768491956
FL-DQN,1.8073168181710537
FL-DQN,2.095921222821455
FL-DQN,2.1290109721909696
FL-DQN,2.231839335651876
FL-DQN,2.060443423278773
FL-DQN,2.270056249079242
FL-DQN,2.332666504337543
FL-DQN,2.061971640917597
FL-DQN,2.0764463779740705
FL-DQN,1.8662062882523525
FL-DQN,1.7629700718658374
FL-DQN,2.3076978822346654
FL-DQN,2.1453784909855256
FL-DQN,2.1648389734997666
FL-DQN,1.8582296943762824
FL-DQN,2.3897411608669383
FL-DQN,1.9451326581188726
FL-DQN,1.8075582289235186
FL-DQN,1.8623182099528381
FL-DQN,2.3770859880126176
FL-DQN,1.7333485697576494
FL-DQN,1.8197305975865212
FL-DQN,2.695642236463489
FL-DQN,2.2258490567179696
FL-DQN,1.8240665970979488
FL-DQN,1.7404526339170898
FL-DQN,1.5985526735964672
FL-DQN,2.0233073950931706
FL-DQN,2.174724885069315
FL-DQN,2.364511570376232
FL-DQN,1.5454439405207752
FL-DQN,1.6819084393825356
FL-DQN,1.9713078613839503
FL-DQN,2.669040813406177
FL-DQN,2.212616600575401
FL-DQN,2.0894719457012183
FL-DQN,1.7060183382736274
FL-DQN,1.4912035282163036
FL-DQN,2.0093239245417243
FL-DQN,1.9761513226027398
FL-DQN,1.9357261950676952
FL-DQN,1.9086959197641304
FL-DQN,1.8203950350944484
FL-DQN,1.7653658895114988
FL-DQN,2.3334818715747594
FL-DQN,1.7872332088363105
FL-DQN,1.9337244658955937
FL-DQN,1.99062125462812
FL-DQN,2.169507280407511
FL-DQN,1.7955607181128692
FL-DQN,2.2347363251600654
FL-DQN,1.8608800732272133
FL-DQN,1.9611446793784604
FL-DQN,2.3943436605583566
FL-DQN,1.7673853488563196
FL-DQN,2.173017130985762
FL-DQN,2.241106608334292
FL-DQN,2.0743754725376777
FL-DQN,1.9717926026755583
FL-DQN,2.51016896841972
FL-DQN,1.9966771053393544
FL-DQN,2.0489786000078727
FL-DQN,1.9192335742693931
FL-DQN,2.036259645771133
FL-DQN,2.231388314889549
FL-DQN,1.9339267181813176
FL-DQN,1.493952689296706
FL-DQN,2.123256843876037
FL-DQN,1.7411997341338847
FL-DQN,2.178050346070201
FL-DQN,1.9996820643855913
FL-DQN,2.226346184794764
FL-DQN,1.7723974956998694
FL-DQN,1.8715469110797616
FL-DQN,1.9183913537615958
FL-DQN,1.6442522713718972
FL-DQN,2.266740850091691
FL-DQN,1.6098985001332804
FL-DQN,2.263355268314762
FL-DQN,2.101855634881678
FL-DQN,1.9522718402377153
FL-DQN,2.082827875672347
FL-DQN,2.0762559891992773
FL-DQN,1.903897301221275
FL-DQN,2.0715559554463527
FL-DQN,2.175483998844082
FL-DQN,1.7732761520429559
FL-DQN,2.083086788561498
FL-DQN,1.369681976900657
FL-DQN,1.5368960240239853
FL-DQN,2.135486396373543
FL-DQN,1.899720984357392
FL-DQN,1.7951748386015556
FL-DQN,1.9872738863463326
FL-DQN,1.904971602830186
FL-DQN,1.7627341285248845
FL-DQN,1.6066282371360074
FL-DQN,1.5276422070239444
FL-DQN,2.177310172462365
FL-Only,2.0409951154608517
FL-Only,2.400143722995209
FL-Only,2.03837625753241
FL-Only,2.2415822477458707
FL-Only,2.117645654161491
FL-Only,2.161467256045647
FL-Only,2.1740034971376305
FL-Only,2.0350076567374784
FL-Only,1.8327576496770972
FL-Only,2.3476619903580156
FL-Only,2.56113507238555
FL-Only,2.578077575773298
FL-Only,2.0072563629444615
FL-Only,1.9608419444435667
FL-Only,2.0069951284584855
FL-Only,2.104633950246902
FL-Only,2.136465071255413
FL-Only,1.8925344577696155
FL-Only,1.7682281515912854
FL-Only,2.1628851150789083
FL-Only,1.239154451968692
FL-Only,2.124030540616521
FL-Only,1.906255117029945
FL-Only,2.351279867866113
FL-Only,2.4202897982931275
FL-Only,2.426381406143967
FL-Only,2.0606167046270154
FL-Only,1.8571328449134399
FL-Only,1.9398351822484123
FL-Only,2.224203556260801
FL-Only,1.7253669654393728
FL-Only,2.5095357682817214
FL-Only,2.0646974517962877
FL-Only,2.279044807490277
FL-Only,1.690392062655895
FL-Only,1.9110966373543457
FL-Only,1.658334780420654
FL-Only,2.413466889400697
FL-Only,2.108667177112245
FL-Only,2.2973966779865487
FL-Only,2.1663607300411596
FL-Only,2.270866563909389
FL-Only,2.0629400000146
FL-Only,2.0974852379157323
FL-Only,2.1263330359472152
FL-Only,2.254652966971225
FL-Only,2.261486552674251
FL-Only,2.8753507160738945
FL-Only,2.5838533488639386
FL-Only,1.6910802332404735
FL-Only,2.1130787866947682
FL-Only,2.0452788732115015
FL-Only,2.4802736640489798
FL-Only,2.068537025648886
FL-Only,2.2697865303812397
FL-Only,1.547038099387729
FL-Only,1.759490990660534
FL-Only,2.689811640208435
FL-Only,2.1629630547377277
FL-Only,1.892397313944993
FL-Only,2.2126606847754147
FL-Only,1.878310790009251
FL-Only,2.0768896261909138
FL-Only,1.775224571675044
FL-Only,1.9465099258092948
FL-Only,2.0425851341196744
FL-Only,2.4391404230988716
FL-Only,2.269723869982255
FL-Only,2.31473920127306
FL-Only,2.143350139948093
FL-Only,2.362295067379353
FL-Only,1.9246320285094438
FL-Only,1.9609618661947286
FL-Only,2.255158496435875
FL-Only,2.0779799733729885
FL-Only,2.1464277711223896
FL-Only,2.107653098298034
FL-Only,2.473390206956861
FL-Only,2.486832656631149
FL-Only,1.988449233774553
FL-Only,1.6959537085021912
FL-Only,1.9664337995709886
FL-Only,1.9185842821854668
FL-Only,2.364591071926161
FL-Only,2.38748834900781
FL-Only,1.8839828607762015
FL-Only,1.9553377722928489
FL-Only,1.7684151394881829
FL-Only,2.184669659068872
FL-Only,2.138411561726308
FL-Only,2.3535934288992433
FL-Only,2.2782598739963333
FL-Only,2.3074323665324945
FL-Only,1.7521634737352796
FL-Only,1.9884078825591975
FL-Only,2.3948155046237463
FL-Only,2.0110473614366375
FL-Only,1.730088004386987
FL-Only,2.358461311606887
FL-Only,2.001065631286283
FL-Only,2.4241603443557347
FL-Only,2.1452490020231996
FL-Only,2.078477383731522
FL-Only,2.501703249909829
FL-Only,1.81391485026261
FL-Only,2.520029064344821
FL-Only,1.985046153149152
FL-Only,2.1918914239615304
FL-Only,2.1943296104198
FL-Only,2.039803085520876
FL-Only,1.9533749259601492
FL-Only,2.054585875246994
FL-Only,1.8882428275814578
FL-Only,2.6561858458805916
FL-Only,2.025868209562697
FL-Only,2.4490083916429253
FL-Only,2.415010623312689
FL-Only,2.2436358726508705
FL-Only,2.1149948092108994
FL-Only,2.1999957165467383
FL-Only,2.297619799951575
FL-Only,2.1759208628339097
FL-Only,1.745778760413942
FL-Only,1.6808756804074725
FL-Only,2.539318961743437
FL-Only,1.4702438129704087
FL-Only,2.2004867696357278
FL-Only,2.089375672260698
FL-Only,2.1914866956303576
FL-Only,1.8558885807616181
FL-Only,2.240474791887004
FL-Only,2.2031522400171686
FL-Only,2.8623410307981767
FL-Only,2.1835348520014755
FL-Only,2.49784465756166
FL-Only,1.7633390957344048
FL-Only,2.413184592055708
FL-Only,2.208378512162866
FL-Only,2.219592580479246
FL-Only,2.223160684212778
FL-Only,2.590235248197887
FL-Only,2.2158169521564237
FL-Only,1.947696511310071
FL-Only,1.9910879858679669
FL-Only,2.360818893417094
FL-Only,2.2654435082207933
FL-Only,1.755137795197029
FL-Only,2.2827775905557006
FL-Only,1.870755671943874
FL-Only,2.2630705690991357
FL-Only,1.9421670580622035
FL-Only,2.0773777124540063
FL-Only,2.009439417890319
FL-Only,2.541879549674729
FL-Only,2.2536767195799854
FL-Only,2.475367154595291
FL-Only,2.8969648413734235
FL-Only,2.1620757782179245
FL-Only,2.5375134680657156
FL-Only,1.9695404382770583
FL-Only,2.4737585523617796
FL-Only,1.9416627173632588
FL-Only,2.145248896062778
FL-Only,2.288514435463453
FL-Only,2.3291116573547774
FL-Only,1.8216816763314692
FL-Only,1.926308343644689
FL-Only,2.307754120322891
FL-Only,2.0551291266910203
FL-Only,1.789484084713764
FL-Only,2.1316880024970937
FL-Only,2.119305351420067
FL-Only,2.1956440651776967
FL-Only,2.286544260804403
FL-Only,2.270138050643505
FL-Only,1.9518113416167828
FL-Only,2.0440062550720914
FL-Only,2.3893694828682595
FL-Only,2.0098583043028935
FL-Only,2.048066248865962
FL-Only,1.7618985772939058
FL-Only,2.142600438713881
FL-Only,2.2390797799082227
FL-Only,1.6403227496406887
FL-Only,1.8738754015489771
FL-Only,1.7831942442427084
FL-Only,2.3533948771547055
FL-Only,1.6566133714507472
FL-Only,2.129699373944927
FL-Only,2.3352084359759515
FL-Only,2.1984579854727926
FL-Only,2.0364906648327503
FL-Only,2.239388843788123
FL-Only,2.4175391115284337
FL-Only,2.1222362044770193
FL-Only,1.572354193903036
FL-Only,2.4461150603735797
FL-Only,2.2532682810055595
FL-Only,2.141466297827653
FL-Only,1.6390640631551152
FL-Only,2.0730363803829013
FL-Only,1.9241268746453672
FL-Only,1.8361999501551658
FL-Only,2.1147960468793436
FL-Only,2.01172054354161
FL-Only,2.0287145089175986
FL-Only,2.3408236025817946
FL-Only,2.2159376121507917
FL-Only,2.022157175635957
FL-Only,1.9894256450207541
FL-Only,2.0326464888214097
FL-Only,2.08615938863394
FL-Only,2.300684947568968
FL-Only,1.8810194865563632
FL-Only,2.5262773181164446
FL-Only,2.3008711737109304
FL-Only,1.443614578354517
FL-Only,2.172020102482564
FL-Only,2.418510053990955
FL-Only,2.2502861243054864
FL-Only,2.043616032392714
FL-Only,2.134238320851603
FL-Only,2.1960065466281224
FL-Only,2.348553769692815
FL-Only,1.7849055291840852
FL-Only,1.9939052648649704
FL-Only,2.5727531570414093
FL-Only,2.1585003836064813
FL-Only,2.5441987513145445
FL-Only,2.9202830037483363
FL-Only,2.0230550198435204
FL-Only,1.8411014655289468
FL-Only,2.081493076618777
FL-Only,2.4335401211533725
FL-Only,2.469635134918282
FL-Only,2.7361701911704666
FL-Only,2.1405041760164014
FL-Only,2.275918581012542
FL-Only,1.9663634300537267
FL-Only,1.5031978830605746
FL-Only,2.1397696040067062
FL-Only,1.8523314025351552
FL-Only,2.3159861584409946
FL-Only,1.664600523300896
FL-Only,1.9592521141948753
FL-Only,2.219061234539238
FL-Only,2.2460694391925857
FL-Only,2.1377606741511745
FL-Only,2.6317750533262263
FL-Only,2.554921618038752
FL-Only,1.9734435067889924
FL-Only,2.565227694288881
FL-Only,2.6046479737878667
FL-Only,2.118033187497076
FL-Only,2.1617140056958566
FL-Only,2.1369138392933373
FL-Only,1.9835901578554
FL-Only,2.0092177386659165
FL-Only,2.4903852236783215
FL-Only,2.2628430449327896
FL-Only,2.007019096858038
FL-Only,1.9110930133322934
FL-Only,1.9544075171577233
FL-Only,2.1077253527149917
FL-Only,2.3855978309252728
FL-Only,1.9280990582886777
FL-Only,2.382639262579239
FL-Only,2.2008148410668946
FL-Only,2.1868532211732497
FL-Only,2.414655406221647
FL-Only,2.3675865492284656
FL-Only,1.7876343837165378
FL-Only,1.8703244793814233
FL-Only,2.090784743341748
FL-Only,2.241840988342046
FL-Only,2.502060519047618
FL-Only,2.1667874216725003
FL-Only,2.5895536450710086
FL-Only,1.9676777174174336
FL-Only,2.011304707195905
FL-Only,2.071133913832044
FL-Only,1.9391552983866802
FL-Only,2.4491263563425942
FL-Only,1.435383624787602
FL-Only,2.0200792157030247
FL-Only,2.446237478291212
FL-Only,2.069421831884147
FL-Only,2.426804709340625
FL-Only,2.7170025094090056
FL-Only,2.170739238935225
FL-Only,2.4515850414006435
FL-Only,2.7741374811123474
FL-Only,2.253739402460301
FL-Only,2.1375996976538176
FL-Only,2.3828360518956657
FL-Only,2.4555279223700492
FL-Only,2.139985654180601
FL-Only,2.025168336091324
FL-Only,2.5930879921204535
FL-Only,2.080181469907693
FL-Only,2.4579820227844227
FL-Only,2.2178197564863322
FL-Only,2.6213570106758928
FL-Only,1.9309461519548976
FL-Only,1.9304470562755878
FL-Only,2.370457491672141
FL-Only,1.8583724589030557
FL-Only,2.180090143322314
FL-Only,2.549489582103648
FL-Only,1.6895133081551308
FL-Only,2.2537519338810115
FL-Only,2.462630310445662
FL-Only,2.143315822416201
FL-Only,1.9108100497656197
FL-Only,2.0822471339117454
FL-Only,1.933661895089693
FL-Only,2.167842822054242
FL-Only,2.078609965429118
FL-Only,2.017578785204422
FL-Only,2.2702660279001163
FL-Only,2.5574118305073177
FL-Only,2.2345777867418817
FL-Only,2.4966657171744906
FL-Only,2.557336823627357
FL-Only,1.9986468020019075
FL-Only,2.2209134940297277
FL-Only,2.0403635078096554
FL-Only,1.7676017289765669
FL-Only,2.2417863041294646
FL-Only,1.8785453985434961
FL-Only,2.2749502451045105
FL-Only,1.748583454549565
FL-Only,2.194116193865222
FL-Only,1.7447508848975841
FL-Only,2.323857109723957
FL-Only,2.048507941013915
FL-Only,2.0236333782558367
FL-Only,2.440638251620676
FL-Only,2.067034896600891
FL-Only,2.1785999713348674
FL-Only,2.0987570186020186
FL-Only,2.280907244190531
FL-Only,2.4190797899437495
FL-Only,2.3655939478779553
FL-Only,2.029599509054269
FL-Only,2.4619341179003023
FL-Only,1.913581348314984
FL-Only,1.9584396663484742
FL-Only,2.1170274101604782
FL-Only,2.420074516669868
FL-Only,1.8481009337835497
FL-Only,2.380002909187773
FL-Only,2.1358752495369617
FL-Only,2.0380967509147774
FL-Only,2.433234042517765
FL-Only,1.9429109261985098
FL-Only,2.7397044476674814
FL-Only,2.104426418556091
FL-Only,2.1886591596916087
FL-Only,2.5480694941482764
FL-Only,2.195389857073721
FL-Only,2.456728170631683
FL-Only,1.6460851153930038
FL-Only,2.0358099636358915
FL-Only,2.252357314833029
FL-Only,2.4290061787868398
FL-Only,2.3485817120313146
FL-Only,2.324416283846686
FL-Only,2.423752923327468
FL-Only,2.2725550705792443
FL-Only,1.5970585210882118
FL-Only,2.522088439148531
FL-Only,1.933882430246751
FL-Only,2.2309152518999547
FL-Only,2.1966992283811373
FL-Only,2.1622105257200213
FL-Only,1.8646415034286603
FL-Only,1.649817137930623
FL-Only,1.8913862420981358
FL-Only,2.3631695168090396
FL-Only,1.7767715594584428
FL-Only,1.9228875097379348
FL-Only,2.257856036680288
FL-Only,1.8849244338841338
FL-Only,2.009893567045126
FL-Only,2.1711099511460836
FL-Only,2.222921826695581
FL-Only,1.8798157053699536
FL-Only,2.186363272477944
FL-Only,2.252904526238835
FL-Only,1.8215142647997302
FL-Only,2.2054294878224034
FL-Only,1.9651215267258753
FL-Only,2.1819701166170073
FL-Only,2.336554382775843
FL-Only,2.1045251726807273
FL-Only,2.3856611773225964
FL-Only,2.3540300079340106
FL-Only,2.3842201645769494
FL-Only,2.254002364481644
FL-Only,2.4339978577333667
FL-Only,2.249354588310803
FL-Only,1.7198468254834305
FL-Only,1.9456457705559864
FL-Only,2.0954956768169537
FL-Only,2.127496453259215
FL-Only,2.242296599885433
FL-Only,1.9418064162087127
FL-Only,2.6682468457737505
FL-Only,2.1235657561545946
FL-Only,2.1480165486170777
FL-Only,1.9769467303593313
FL-Only,1.8911287958735765
FL-Only,2.1174137819932426
FL-Only,2.157108086840888
FL-Only,2.1275787431042
FL-Only,2.577030233303663
FL-Only,2.1174121873445193
FL-Only,2.1278302471950727
FL-Only,2.360346233447205
FL-Only,2.105865016136266
FL-Only,2.2891494797325636
FL-Only,1.8200064575074126
FL-Only,1.8220447135563749
FL-Only,2.1814911096295413
FL-Only,2.0902426629224626
FL-Only,1.9412716063567323
FL-Only,2.181437747378445
FL-Only,2.203947824297144
FL-Only,1.966846605689749
FL-Only,2.0161506773037003
FL-Only,2.205887069756266
FL-Only,1.8865617595595356
FL-Only,1.9941595202000462
FL-Only,2.287755266264136
FL-Only,2.1438503042619743
FL-Only,2.026881666259383
FL-Only,1.9170081157026297
FL-Only,1.8885914712427212
FL-Only,2.1160070857806192
FL-Only,2.672659630995016
FL-Only,2.2959729537412374
FL-Only,1.8061210253331537
FL-Only,2.332461771188931
FL-Only,1.9542072551624163
FL-Only,2.1487467968354887
FL-Only,1.9980739640431884
FL-Only,2.6718707417214924
FL-Only,1.8574001587775524
FL-Only,2.2309119620829487
FL-Only,1.9731864585031773
FL-Only,2.3406176444791593
FL-Only,2.225711085576221
FL-Only,2.4736745827072224
FL-Only,2.3352743910212075
FL-Only,1.971068261830634
FL-Only,2.9023802650036243
FL-Only,2.2932999424819767
FL-Only,2.007929217202244
FL-Only,2.2030294213543247
FL-Only,2.3127550757064776
FL-Only,2.302940975565291
FL-Only,2.2779752491851286
FL-Only,2.3993523957117135
FL-Only,2.373988120477479
FL-Only,1.9313279291110865
FL-Only,2.6938779588338675
FL-Only,2.657973056927955
FL-Only,2.3566489429718867
FL-Only,2.15998375312806
FL-Only,2.1644185577395385
FL-Only,2.066468786142982
FL-Only,2.099848869959935
FL-Only,1.5858096209563053
FL-Only,2.5448079708515317
FL-Only,2.4537830395402365
FL-Only,1.7174148075524387
FL-Only,2.3796168820363164
FL-Only,2.148009631166462
FL-Only,2.0986460960565574
FL-Only,2.2771531092095314
FL-Only,1.7003609051510238
FL-Only,2.1470977109955487
FL-Only,2.1705061436139785
FL-Only,2.1707558328580756
FL-Only,1.7971877352199526
FL-Only,2.265304318808923
FL-Only,2.423432268984018
FL-Only,2.2550915177343436
FL-Only,2.090869518916005
FL-Only,2.8437724755531923
FL-Only,1.9114597053172804
FL-Only,2.3495504355214543
FL-Only,2.212764616065618
FL-Only,2.669176741015747
FL-Only,2.249781452505995
FL-Only,2.3050980532087264
FL-Only,2.2804749812435787
FL-Only,1.8769527875547038
FL-Only,1.9258288430295414
FL-Only,2.0788776878292845
FL-Only,2.3970047669096344
FL-Only,2.210138958582351
FL-Only,2.096662399234008
FL-Only,2.5040275486877563
FL-Only,1.6385331217104766
FL-Only,1.8156784064184517
FL-Only,1.5058772528737328
FL-Only,2.4617441102667965
FL-Only,2.125044654700154
FL-Only,2.39930327890274
FL-Only,2.121811350077647
FL-Only,2.4139813864799557
FL-Only,2.1172979024270906
FL-Only,2.2557571476752547
FL-Only,2.2179864806293073
FL-Only,2.237128480791095
FL-Only,2.5846622028136226
FL-Only,1.730898475583907
FL-Only,2.1323570941848375
FL-Only,2.2010807012579314
FL-Only,2.1624580496198216
FL-Only,2.0473456130972254
FL-Only,2.0120431986221656
FL-Only,2.5447437810960154
FL-Only,2.131753959153851
FL-Only,2.7789902057455222
FL-Only,2.286294946484711
FL-Only,2.0752688640298733
FL-Only,2.2925911408398756
FL-Only,2.17810468057293
FL-Only,2.4962358108703624
FL-Only,1.8487276415972558
FL-Only,1.6852940162790384
FL-Only,2.2431331007046995
FL-Only,2.3656095416997225
FL-Only,2.223763606001426
FL-Only,2.3234985961740255
FL-Only,2.285562710581825
FL-Only,1.7680567496049449
FL-Only,2.2225598435820815
FL-Only,2.489729411201429
FL-Only,2.194315874341319
FL-Only,1.8120307857016575
FL-Only,2.063864863531529
FL-Only,2.293643236266013
FL-Only,2.6132726129618975
FL-Only,1.6452627110562632
FL-Only,2.2431978867283533
FL-Only,1.9094904503894292
FL-Only,2.2809935908553975
FL-Only,2.3016604648164636
FL-Only,2.0898480181096155
FL-Only,2.3129525941911555
FL-Only,2.4440930948529274
FL-Only,2.107540500000723
FL-Only,1.8050126510714342
FL-Only,2.517797787838057
FL-Only,2.363803273632572
FL-Only,2.2954491593645754
FL-Only,1.9717306045273617
FL-Only,2.404242455567881
FL-Only,2.6769458159684167
FL-Only,2.118701934795821
FL-Only,2.174379116545952
FL-Only,1.8751808113463362
FL-Only,1.9643581635998695
FL-Only,1.8727610983131946
FL-Only,2.1837522127133098
FL-Only,2.0620790301969865
FL-Only,2.246182466218968
FL-Only,1.9198895839488606
FL-Only,2.1067704101604203
FL-Only,1.9039876539391338
FL-Only,2.1983934670460323
FL-Only,1.7288603306138028
FL-Only,2.1891072033749355
FL-Only,2.078087588073082
FL-Only,2.1966887349420023
FL-Only,1.7237151982994572
FL-Only,2.318916643875359
FL-Only,2.072924333710858
FL-Only,2.2060150805633594
FL-Only,1.6675208406420792
FL-Only,1.8293748147316446
FL-Only,2.049340226433171
FL-Only,2.504879035735617
FL-Only,2.2860360078949644
FL-Only,2.1835077606787325
FL-Only,1.911528493185261
FL-Only,1.8645836430035254
FL-Only,2.2213770392690897
FL-Only,2.330777838932356
FL-Only,2.203915318178488
FL-Only,2.591065759686634
FL-Only,1.9739248754050627
FL-Only,2.1962774447199362
FL-Only,1.7131609211814511
FL-Only,2.2044497443321456
FL-Only,2.5290982890456664
FL-Only,1.881290708286139
FL-Only,2.367269937826211
FL-Only,2.521788254562299
FL-Only,1.9720541040934778
FL-Only,2.2704704410721273
FL-Only,2.557544990160621
FL-Only,2.209462591868122
FL-Only,2.3529724693580016
FL-Only,1.6923210652701541
FL-Only,2.3040612239072766
FL-Only,2.2834473370540733
FL-Only,1.8078372869821155
FL-Only,1.901203207275684
FL-Only,2.305832464967127
FL-Only,2.0719003286862208
FL-Only,2.436880104354081
FL-Only,2.2301675480704057
FL-Only,2.1645655361679066
FL-Only,2.106024149428463
FL-Only,2.2255119900391045
FL-Only,2.3571565521091675
FL-Only,2.2877334787994106
FL-Only,2.0408637656144824
FL-Only,2.46977475955539
FL-Only,2.31968511378117
FL-Only,2.2493903440431695
FL-Only,2.173657871772381
FL-Only,2.2790127875993242
FL-Only,1.677426833550928
FL-Only,2.212257792790359
FL-Only,2.5731671958280424
FL-Only,2.2067565651697523
FL-Only,2.1715371482263985
FL-Only,1.9962618491881194
FL-Only,2.277123638295976
FL-Only,2.0996708029067577
FL-Only,2.487799343856772
FL-Only,1.9271861196323474
FL-Only,2.033305326959105
FL-Only,1.9949734613183523
FL-Only,2.623321404887547
FL-Only,2.101040459304
FL-Only,2.008596014579175
FL-Only,1.6106266072727016
FL-Only,1.9148660277317053
FL-Only,2.2861943153952917
FL-Only,2.285159941330565
FL-Only,1.981989566026981
FL-Only,1.9963207778946637
FL-Only,2.629846735560683
FL-Only,2.8456659787392273
FL-Only,2.446641328250574
FL-Only,2.5522942109220303
FL-Only,2.607027717884647
FL-Only,2.721359459875417
FL-Only,2.072102612014903
FL-Only,1.923406865613079
FL-Only,2.623040364049665
FL-Only,1.9012121433710538
FL-Only,1.8846222076909218
FL-Only,1.8905462514605376
FL-Only,2.116099744856562
FL-Only,1.6380310251655368
FL-Only,1.7802577687215357
FL-Only,1.989436591190998
FL-Only,1.8414512690331324
FL-Only,2.4241022480183445
FL-Only,2.1517152359915537
FL-Only,2.298871655601517
FL-Only,2.2706227862578356
FL-Only,2.0966525428402725
FL-Only,2.4049379335084806
FL-Only,2.266654154377198
FL-Only,2.0678527295344855
FL-Only,1.7155512558325923
FL-Only,2.2843298652396626
FL-Only,1.8245837284693176
FL-Only,2.24811304640244
FL-Only,2.1703532481376073
FL-Only,1.7990247505177315
FL-Only,2.2166664365869826
FL-Only,2.1993604147280625
FL-Only,2.2002964553599336
FL-Only,2.187925204660484
FL-Only,1.9816838479802297
FL-Only,2.302635156597892
FL-Only,1.972584805074041
FL-Only,1.872755544185869
FL-Only,2.3240554957175097
FL-Only,2.3915990950298283
FL-Only,2.3063991097865233
FL-Only,2.0965437257426904
FL-Only,1.6496178483894226
FL-Only,2.53227606408884
FL-Only,1.6455848602765322
FL-Only,2.3012038395020715
FL-Only,2.6944411075938937
FL-Only,2.1885623435693207
FL-Only,2.2251381255064038
FL-Only,2.247864805000283
FL-Only,2.201127173632276
FL-Only,2.7564582788566514
FL-Only,1.9324634679960255
FL-Only,1.9000685251738203
FL-Only,2.0655047247588434
FL-Only,2.599134550886029
FL-Only,2.0011658348835297
FL-Only,2.2610169489620255
FL-Only,2.426320203642151
FL-Only,2.350977773940679
FL-Only,2.4126630511232623
FL-Only,2.5158404832649843
FL-Only,2.229523781100517
FL-Only,2.032081384232992
FL-Only,2.1879824737646074
FL-Only,2.062524207028606
FL-Only,2.800560411280939
FL-Only,2.012574583538569
FL-Only,2.274650379155747
FL-Only,1.7627766754227465
FL-Only,2.1842671454253244
FL-Only,2.0759272052987305
FL-Only,2.3243268295478625
FL-Only,2.331052283124083
FL-Only,2.515585605851678
FL-Only,2.4950928882102668
FL-Only,2.132893328372172
FL-Only,1.9063483752343844
FL-Only,1.9366065617973485
FL-Only,2.228106397813671
FL-Only,2.1907088172538707
FL-Only,2.2165450604215717
FL-Only,2.0119415409651875
FL-Only,2.520807257278503
FL-Only,1.7700475738414694
FL-Only,1.9976599831340272
FL-Only,1.8721063659732362
FL-Only,2.096084917063424
FL-Only,2.471614133624673
FL-Only,2.0757594929875016
FL-Only,2.1761811526296726
FL-Only,2.321374656957711
FL-Only,2.0634883796278913
FL-Only,2.248717937379401
FL-Only,2.2146949839726657
FL-Only,1.858251196996756
FL-Only,2.030206628205702
FL-Only,2.2414830881737995
FL-Only,2.4808055426195796
FL-Only,2.48056515540261
FL-Only,2.6906356538517984
FL-Only,2.2752479462362505
FL-Only,2.043364844891432
FL-Only,2.133500298375392
FL-Only,2.1206486768793886
FL-Only,2.044766904985152
FL-Only,2.248802478613237
FL-Only,2.26080803212645
FL-Only,1.847170565788836
FL-Only,2.4307478723258535
FL-Only,1.6761046698907947
FL-Only,2.0925996561456834
FL-Only,2.446523340448498
FL-Only,2.306706988113967
FL-Only,2.0579007528979196
FL-Only,2.6579564664703534
FL-Only,2.036461036405006
FL-Only,1.6334966499855434
FL-Only,2.266806839592864
FL-Only,1.6911435026956039
FL-Only,1.9354862796621004
FL-Only,2.3106695683861487
FL-Only,2.0310987221981995
FL-Only,2.29979725300026
FL-Only,1.851210372359564
FL-Only,2.371487846259614
FL-Only,1.7137358052544596
FL-Only,2.4902069548532975
FL-Only,2.0273580908591047
FL-Only,2.545038898693592
FL-Only,1.9331478294465798
FL-Only,2.6465894426833563
FL-Only,1.9029234325809885
FL-Only,1.6871612405587906
FL-Only,2.1611206452387646
FL-Only,2.4683691720867724
FL-Only,2.354023436258178
FL-Only,2.450046587444272
FL-Only,2.3591142110534427
FL-Only,1.9383708846494374
FL-Only,2.3477355589320004
FL-Only,2.173951159706937
FL-Only,1.9668893193867616
FL-Only,2.1962733545593274
FL-Only,2.1354679427961862
FL-Only,2.515326068952269
FL-Only,2.0171616326698603
FL-Only,2.0051026526465523
FL-Only,1.9697512307817255
FL-Only,2.639386905167766
FL-Only,1.9841869025222314
FL-Only,2.4845842639708113
FL-Only,1.8839020249583327
FL-Only,2.280708946125896
FL-Only,2.2177274248466605
FL-Only,2.468209062229873
FL-Only,2.43080173674434
FL-Only,2.1711276312857577
FL-Only,2.0114344102063137
FL-Only,2.569240102888296
FL-Only,1.9856675574690985
FL-Only,1.5649272660824076
FL-Only,1.6704901122209168
FL-Only,1.7333141719286997
FL-Only,2.3036894506615857
FL-Only,2.7213326412242864
FL-Only,1.6236901466879852
FL-Only,1.9481008401435447
FL-Only,2.1729686550553575
FL-Only,2.5487407971430027
FL-Only,1.9467121200587143
FL-Only,2.30242635420078
FL-Only,2.0854769739093504
FL-Only,2.822647701292138
FL-Only,2.1872913942093857
FL-Only,2.2417677034714942
FL-Only,2.1717382954902833
FL-Only,2.0430108655350456
FL-Only,2.395066565496731
FL-Only,1.8509708912587164
FL-Only,1.633493700693979
FL-Only,2.11124978687293
FL-Only,2.36041543993092
FL-Only,2.000159561038472
FL-Only,2.1981145604353762
FL-Only,1.835060349079644
FL-Only,2.424167134055892
FL-Only,2.31819268521193
FL-Only,2.155089906332498
FL-Only,2.193532285276025
FL-Only,1.7904575820698767
FL-Only,1.8019855224651204
FL-Only,2.1185262126664792
FL-Only,2.2825435811671597
FL-Only,2.2956096971028477
FL-Only,2.056363318478592
FL-Only,2.342307615923188
FL-Only,2.5165642140727016
FL-Only,2.127123806500628
FL-Only,2.2298932879058384
FL-Only,2.0963736343737955
FL-Only,2.117412972286124
FL-Only,2.1937475953232486
FL-Only,2.589442186575897
FL-Only,2.386141305329352
FL-Only,2.3628975839106423
FL-Only,2.0329343405072238
FL-Only,1.918270811611739
FL-Only,2.2505001437666587
FL-Only,2.4708862910054896
FL-Only,2.5946383348214663
FL-Only,1.5172196051694486
FL-Only,2.7811681794891014
FL-Only,2.2575826326479027
FL-Only,2.3845040339542583
FL-Only,1.701094419775945
FL-Only,2.088878294114719
FL-Only,2.36229476255948
FL-Only,1.8469150782506363
FL-Only,1.4048156665483735
FL-Only,2.236560380894238
FL-Only,2.137156072903993
FL-Only,2.5218649686722245
FL-Only,2.108741033221769
FL-Only,2.1276265513847163
FL-Only,2.3300007964543026
FL-Only,2.4166482723838922
FL-Only,1.9671429043738635
FL-Only,2.3936806799708714
FL-Only,2.015392672652159
FL-Only,2.154262573761457
FL-Only,2.3230585936442982
FL-Only,2.368045176720524
FL-Only,2.232125245852419
FL-Only,1.8712167256254344
FL-Only,1.667474285017305
FL-Only,2.101507355038091
FL-Only,2.400591493547119
FL-Only,2.2660219398806176
FL-Only,2.2124445159040493
FL-Only,2.148187148431647
FL-Only,2.229748275615695
FL-Only,1.893524476345889
FL-Only,2.3512920693446424
FL-Only,2.3683470662729142
FL-Only,2.058341498847434
FL-Only,2.2627479687081227
FL-Only,1.7071302381925386
FL-Only,2.196452362320604
FL-Only,2.11565368267705
FL-Only,2.474882089972584
FL-Only,2.098750168646254
FL-Only,2.374115444452284
FL-Only,2.0490774921149146
FL-Only,1.5601860156396237
FL-Only,2.0918116292309596
FL-Only,2.2007633718192667
FL-Only,2.188916075951635
FL-Only,2.1928152303605573
FL-Only,2.0193348157896835
FL-Only,2.0664782854577837
FL-Only,1.8594032880982225
FL-Only,1.6348757382986383
FL-Only,2.122533577127988
FL-Only,1.9577376047154862
FL-Only,2.4285975793819174
FL-Only,1.58704820892251
FL-Only,2.2250828501792275
FL-Only,2.697343714337478
FL-Only,2.1028256206684834
FL-Only,2.149290992604033
FL-Only,2.2599974666526443
FL-Only,2.2801660199590774
FL-Only,2.044605107167353
FL-Only,1.889859577807575
FL-Only,2.3184019657680364
FL-Only,1.6577201620464195
FL-Only,2.3647149065730053
FL-Only,2.0489159807904076
FL-Only,2.1507959697544843
FL-Only,2.01439316921792
FL-Only,2.5191677168685787
FL-Only,2.2142447625155453
FL-Only,2.0669915994540657
FL-Only,2.0597250529244295
FL-Only,2.111775459255689
FL-Only,2.768410565545715
FL-Only,1.810191203899254
FL-Only,2.4293836026891613
FL-Only,2.2965711640692086
FL-Only,2.5472714321223155
FL-Only,2.3122992331594125
FL-Only,2.1508676540946388
FL-Only,2.413167128184058
FL-Only,2.2092803566821178
FL-Only,2.344778655896428
FL-Only,2.518480621665361
FL-Only,2.1738701532462006
FL-Only,2.0405086747338834
FL-Only,1.9838965390237324
FL-Only,2.2662394251599656
FL-Only,1.9234325504919276
FL-Only,2.0597503192155897
FL-Only,1.9003672594808012
FL-Only,2.281151492552067
FL-Only,1.9559438111906409
FL-Only,1.8180229086057391
FL-Only,1.8634199408869336
FL-Only,2.002659202881531
FL-Only,2.026082388724632
FL-Only,2.214874782552803
FL-Only,2.10830119151717
FL-Only,2.245540184789488
FL-Only,2.266258031331765
FL-Only,2.341048873948562
FL-Only,1.65778125918389
FL-Only,1.8591763701917015
FL-Only,2.293160774522231
FL-Only,2.204544384226513
FL-Only,2.4020487020170664
FL-Only,1.7516434518422561
FL-Only,2.0274101201674317
FL-Only,2.073533976399932
FL-Only,2.192973457301059
FL-Only,2.159256362630141
FL-Only,2.271022067760459
FL-Only,2.120419278017319
FL-Only,2.504062757906308
FL-Only,2.586331993768418
FL-Only,1.8615826376229683
FL-Only,2.161638692247992
FL-Only,2.355882523029233
FL-Only,2.3010146192809993
FL-Only,2.0447763449213934
FL-Only,2.2157551403936706
FL-Only,1.7414677548303277
FL-Only,2.145061395360394
FL-Only,1.7732416442384802
FL-Only,2.281058572720338
FL-Only,1.862082849390437
FL-Only,2.192062559090145
FL-Only,2.232352462328763
FL-Only,2.1695728833861017
FL-Only,1.9869561613636033
FL-Only,2.0957249914423057
FL-Only,2.454716490398108
FL-Only,2.040451032835712
FL-Only,2.155528967591968
FL-Only,2.0063484884496203
FL-Only,2.4132701916808212
FL-Only,2.1700803399913453
FL-Only,1.9528947058163806
FL-Only,2.1518383167011925
FL-Only,2.0878137745777776
FL-Only,2.509286184611309
FL-Only,2.138470623321443
FL-Only,1.7932507867977474
FL-Only,2.278647375003978
FL-Only,2.610810557808245
FL-Only,2.458808169502933
FL-Only,1.8654431160334046
FL-Only,2.080668138764123
FL-Only,2.142083740239886
FL-Only,2.1452143944913415
FL-Only,2.2482881591521404
FL-Only,2.0612219400255434
FL-Only,1.9137690517101482
FL-Only,2.3955644868193042
FL-Only,1.8601199507743156
FL-Only,1.9430539324114404
FL-Only,1.8585164970770691
FL-Only,2.3079508083466616
FL-Only,2.1774695978290266
FL-Only,2.3779439338837993
FL-Only,1.947420098605925
FL-Only,1.8267226158049747
FL-Only,2.035473553488681
FL-Only,2.102915700015771
FL-Only,2.203946847404677
FL-Only,1.7159429586117672
FL-Only,2.273512562727188
FL-Only,1.9192864055213048
FL-Only,1.9829667622696854
FL-Only,2.4528170590344858
FL-Only,1.5867352138730746
FL-Only,2.2332055230090737
FL-Only,2.232231986557411
FL-Only,1.9387534759725047
FL-Only,2.0346728852036664
FL-Only,2.465030074955031
FL-Only,2.656434274344525
FL-Only,2.4246992736561896
FL-Only,2.636554890282201
FL-Only,1.9716363634357723
FL-Only,1.7423383108534456
FL-Only,2.1364236508139767
FL-Only,2.3576535281152635
FL-Only,1.6714744726218365
FL-Only,1.9109741328737713
FL-Only,1.9396280660026783
FL-Only,2.2419933990958514
FL-Only,2.2087258474473934
FL-Only,1.9500085204358788
FL-Only,2.1963912890042243
FL-Only,1.8546402623310594
FL-Only,2.0399823983451633
FL-Only,1.823684372805795
FL-Only,2.111238640428938
FL-Only,1.9434737712148018
FL-Only,2.328116755177692
FL-Only,2.1432437357531398
FL-Only,2.0915003700401167
FL-Only,2.606176087200608
FL-Only,2.2488883496708083
FL-Only,2.055016246422962
FL-Only,1.9993962804517904
FL-Only,1.8452574676697373
FL-Only,2.1330019575526644
FL-Only,2.229364293933172
FL-Only,1.6560909939347597
FL-Only,1.798092250039565
FL-Only,2.016845480369149
FL-Only,1.8666693752994632
FL-Only,2.161160431394692
FL-Only,2.1969952270699764
FL-Only,2.1184446990732866
FL-Only,2.2919449749171137
FL-Only,1.9990926323874767
FL-Only,2.1381565460011807
FL-Only,1.8911450951124804
FL-Only,2.223431884481469
FL-Only,2.1695843041154728
FL-Only,1.8407779729811424
FL-Only,2.1099946811971733
FL-Only,2.140241956697106
FL-Only,2.2225010710307913
FL-Only,2.232074574695357
FL-Only,1.963934027752531
FL-Only,2.34702032174664
FL-Only,2.2849483651405285
FL-Only,1.9630584657269874
FL-Only,1.8551841623862921
FL-Only,1.982776875514085
FL-Only,1.770314829511293
FL-Only,2.2036656801151384
FL-Only,2.455358460153562
FL-Only,2.516758882944895
FL-Only,1.8689499142395336
FL-Only,2.352995499178107
FL-Only,2.1718012264917976
FL-Only,1.5318473907061834
FL-Only,2.064241535647715
FL-Only,2.0355297696961294
FL-Only,2.4623910171614733
FL-Only,1.9252937366834033
FL-Only,2.2952706015756044
FL-Only,2.1223712095733562
FL-Only,1.7769812771522218
FL-Only,2.0075361903920257
FL-Only,2.545160916694371
FL-Only,2.105270398435128
FL-Only,2.3837137013467635
FL-Only,2.369572006233096
FL-Only,2.034347926385695
FL-Only,1.8188770011507238
FL-Only,1.8528308711033035
FL-Only,2.524530096971213
FL-Only,2.1891482522748986
FL-Only,1.7026741482072696
FL-Only,2.365161816167387
FL-Only,1.6889923729391123
FL-Only,1.93685994515637
FL-Only,2.1709739481239736
FL-Only,2.8002681226148
FL-Only,2.3605282782152117
FL-Only,2.0255434484689037
FL-Only,2.1573050883706393
FL-Only,2.387284977883386
FL-Only,2.516840729034913
FL-Only,2.0861090098361923
FL-Only,2.093596831115693
FL-Only,1.9358474855579886
FL-Only,2.3216109395977975
FL-Only,2.414700774132576
FL-Only,1.6498192913805234
FL-Only,2.0476240484224117
FL-Only,1.8369309263830655
FL-Only,2.188933994886913
FL-Only,1.8306098740912469
FL-Only,1.8094036089573877
FL-Only,2.4398679744234246
FL-Only,2.107276713078878
FL-Only,2.134544210178181
FL-Only,2.261374762762131
FL-Only,2.400471292193151
FL-Only,2.042003049195603
FL-Only,2.0477508322538602
FL-Only,2.0488468359890786
FL-Only,2.429029294994915
FL-Only,2.132421136563855
FL-Only,2.0748966355279053
FL-Only,2.2508512794219957
FL-Only,2.622463583542912
FL-Only,2.169165051219571
FL-Only,2.0804826160328993
FL-Only,2.6512936176414965
FL-Only,2.49308882370082
FL-Only,2.4556848516764886
FL-Only,2.0208228174118865
FL-Only,1.9952444317037559
FL-Only,1.676788151031364
FL-Only,2.398948557066396
FL-Only,2.169865264795874
FL-Only,1.6853709277258662
FL-Only,2.4600766813363237
FL-Only,2.062963453807052
FL-Only,2.0947672462985065
FL-Only,1.759653921373724
FL-Only,2.2769871976764566
FL-Only,2.2794566666504226
FL-Only,2.137619211311554
FL-Only,2.042094613057587
FL-Only,2.827628650733968
FL-Only,1.8395311241209316
FL-Only,1.9638692560132487
FL-Only,2.3327302383635957
FL-Only,1.8882744963409115
FL-Only,1.8692426155293753
FL-Only,2.441931810778768
FL-Only,2.3061394650347498
FL-Only,2.2749075980903237
FL-Only,2.1969108110516924
FL-Only,1.9714244237321896
FL-Only,2.0848108552233477
FL-Only,2.129598697662188
FL-Only,2.3683238191140905
FL-Only,2.25987120032133
FL-Only,1.9106163858902572
FL-Only,2.3537018947617887
FL-Only,1.7169454391167274
FL-Only,2.0673311629749436
FL-Only,1.855351518712418
FL-Only,1.9288673113265535
FL-Only,2.647059259734208
FL-Only,1.7705660702232806
FL-Only,1.9386479335538107
FL-Only,2.281683657000098
FL-Only,2.028739287944393
FL-Only,2.1901338945381377
FL-Only,2.5188238052328016
FL-Only,2.318893987277163
FL-Only,2.0290799536852147
FL-Only,2.115500374314596
FL-Only,2.286896350524737
FL-Only,2.3138273596693764
FL-Only,2.1553542068840126
FL-Only,2.2430371220148113
FL-Only,2.2432882696179406
FL-Only,2.126205549066676
FL-Only,1.9938486975497256
FL-Only,2.3415896642895904
FL-Only,2.2252832290877196
FL-Only,1.6131072333294691
FL-Only,1.9369344359207872
FL-Only,2.025986724551235
FL-Only,2.0981081099592362
FL-Only,2.460617789290296
FL-Only,2.9762000831668645
FL-Only,1.5156241877212748
FL-Only,2.228536840785271
FL-Only,2.1679532190288118
FL-Only,2.1034336345224554
FL-Only,2.2900784027034335
FL-Only,2.188645495069506
FL-Only,2.0567500342851925
FL-Only,2.157544607275779
FL-Only,2.2935941995011317
FL-Only,2.2690595862447656
FL-Only,2.198667135365879
FL-Only,1.9994705120397736
FL-Only,2.8773388638720676
FL-Only,2.242754434286568
FL-Only,2.3467155126527235
FL-Only,2.018986967161848
FL-Only,2.1989100130940207
FL-Only,2.1968548838145394
FL-Only,1.6567169545889644
FL-Only,1.9651015238306688
FL-Only,1.960333014947815
FL-Only,1.995082154289988
FL-Only,1.8739815031284393
FL-Only,2.1613148573656438
FL-Only,2.510518522385789
FL-Only,2.1836660845313864
FL-Only,1.8452322224366458
FL-Only,1.8840267929746757
FL-Only,2.0527208035039513
FL-Only,1.7847735192430128
FL-Only,2.228549927661901
FL-Only,2.499099508399829
FL-Only,2.0014167131150047
FL-Only,2.169642547948973
FL-Only,2.0393281425808287
FL-Only,1.9875560143705795
FL-Only,2.1989106255239985
FL-Only,1.9788671817452212
FL-Only,1.941432683257586
FL-Only,1.7322228234622092
FL-Only,2.1666637627565706
FL-Only,2.425288423897797
FL-Only,2.3324856674439234
FL-Only,2.5349342793331413
FL-Only,1.97597501267977
FL-Only,2.3695088219423255
FL-Only,1.8655207844238682
FL-Only,2.3329887305977968
FL-Only,2.5742003179795327
FL-Only,2.2785824278029256
FL-Only,2.578747397171485
FL-Only,1.9955271444963956
FL-Only,2.115368385097548
FL-Only,1.9137536066451695
FL-Only,2.1589757809015007
FL-Only,2.219575845673027
FL-Only,2.156717046159158
FL-Only,2.0276721515950733
FL-Only,2.0233953337377577
FL-Only,2.2390540127317102
FL-Only,2.1089039719696574
FL-Only,1.8528348246664315
FL-Only,1.6605002001389384
FL-Only,1.9963639703718337
FL-Only,1.7933746659271528
FL-Only,1.9344229429594144
FL-Only,2.0407872452435636
FL-Only,2.1123064133942426
FL-Only,1.9781704953661217
FL-Only,2.7153298859056667
FL-Only,1.8246354173317245
FL-Only,2.4619768141486236
FL-Only,2.108057453499255
FL-Only,1.980358191034127
FL-Only,2.3015946106809477
FL-Only,2.0331575917727682
FL-Only,1.9418031108986253
FL-Only,2.6117709547801407
FL-Only,1.5838293080627863
FL-Only,2.0868225530229614
FL-Only,2.199038478087484
FL-Only,2.5132698135598175
FL-Only,2.047204828355865
FL-Only,2.8365419330384305
FL-Only,2.3458527178278477
FL-Only,1.5392384548253468
FL-Only,1.7749498559263688
FL-Only,2.211128972204277
FL-Only,1.8548825056019125
FL-Only,2.291340977117561
FL-Only,2.0329377159176802
FL-Only,1.8414251877992978
FL-Only,1.901135941522315
FL-Only,2.36979371011056
FL-Only,1.6280779856717862
FL-Only,2.419680904892715
FL-Only,2.427230513184432
FL-Only,2.0644970446210045
FL-Only,1.7876537981471217
FL-Only,2.293412965947558
FL-Only,2.02451929616853
FL-Only,1.7590996383698358
FL-Only,2.642558178810084
FL-Only,1.9218213696520936
FL-Only,1.770185071223639
FL-Only,2.223543111510353
FL-Only,2.1324953614388145
FL-Only,2.5334365992647916
FL-Only,2.051825769028749
FL-Only,2.0545512702909647
FL-Only,2.2364888839066097
FL-Only,2.2014756236751163
FL-Only,2.2093497304452314
FL-Only,2.2201634862606774
FL-Only,2.1924710040830444
FL-Only,2.0425473948695703
FL-Only,2.364830819966376
FL-Only,2.0571464700802955
FL-Only,2.357522376781434
FL-Only,2.5080426187758667
FL-Only,1.9751944562270696
FL-Only,2.77035672201663
FL-Only,1.966145870464699
FL-Only,1.968009849907839
FL-Only,2.2893176345254034
FL-Only,2.263923100333843
FL-Only,2.1685283281815835
FL-Only,2.361108780698114
FL-Only,2.21517855096585
FL-Only,2.6829614353550384
FL-Only,2.1362678421887518
FL-Only,1.929540645630753
FL-Only,2.0076590014096802
FL-Only,2.2716016904862166
FL-Only,2.2753755351571003
FL-Only,2.2032708162347845
FL-Only,1.9308280784057184
FL-Only,2.4360312149455647
FL-Only,2.6497435894255754
FL-Only,2.1575401330489843
FL-Only,2.6171360753311848
FL-Only,2.37349404708204
FL-Only,2.7224212910588403
FL-Only,2.2719421753666844
FL-Only,2.185243593549403
FL-Only,2.3673395181087455
FL-Only,2.0381350701704672
FL-Only,2.255036286067787
FL-Only,2.493324843227936
FL-Only,2.3614336975754613
FL-Only,2.1420129242175032
FL-Only,2.201707223277343
FL-Only,2.3454806095758607
FL-Only,2.3369072253257874
FL-Only,2.343516610847161
FL-Only,2.2375750311982623
FL-Only,1.937267483025028
FL-Only,1.9783905611380324
FL-Only,2.268981025311566
FL-Only,2.364516530233339
FL-Only,2.3310995457958286
FL-Only,1.975794087181424
FL-Only,2.1109988188024813
FL-Only,1.8470361045883452
FL-Only,1.7910114006619544
FL-Only,2.1710216594842198
FL-Only,2.500404342093188
FL-Only,2.1757494321818416
FL-Only,2.642298940649413
FL-Only,2.1076611754374013
FL-Only,2.158054039701899
FL-Only,1.8943202221170596
FL-Only,2.060411052299031
FL-Only,1.8429959357261922
FL-Only,1.7513029806547018
FL-Only,1.847383728756834
FL-Only,2.17200097321124
FL-Only,1.9599297796992114
FL-Only,2.0210328131205677
FL-Only,2.255746606988963
FL-Only,1.75041001988946
FL-Only,2.170907303158129
FL-Only,2.3688034624825938
FL-Only,2.3911163486985285
FL-Only,2.283274298836361
FL-Only,2.1365369742903138
FL-Only,1.9890753647089217
FL-Only,2.128751441663962
FL-Only,2.576593512804216
FL-Only,2.220451080257106
FL-Only,2.1224244774563403
FL-Only,2.295432734091694
FL-Only,2.1628288562051843
FL-Only,2.208254581275173
FL-Only,2.0863469740792993
FL-Only,2.042946059448726
FL-Only,2.4069680671307125
FL-Only,1.6468097798786816
FL-Only,2.2734792480810504
FL-Only,2.0269977294826726
FL-Only,1.65845518433167
FL-Only,1.898550769007277
FL-Only,2.1407001089611497
FL-Only,2.176181641125961
FL-Only,2.340921149522469
FL-Only,2.358468704512596
FL-Only,1.7509475394873768
FL-Only,2.2473959252786586
FL-Only,2.3379643451430754
FL-Only,2.2064820362004722
FL-Only,2.2796299031833347
FL-Only,1.6514096319299494
FL-Only,1.8945245327307223
FL-Only,2.5024401266145864
FL-Only,2.077835252887509
FL-Only,2.723560810001845
FL-Only,1.8201670178119298
FL-Only,2.553453238212188
FL-Only,1.9924379518499618
FL-Only,2.3725084836006762
FL-Only,2.073791336803114
FL-Only,2.1798449621595615
FL-Only,2.3036501733139088
FL-Only,1.9917548585485134
FL-Only,2.3566854498776966
FL-Only,2.081404573345848
FL-Only,2.195936882898131
FL-Only,1.4675457800877343
FL-Only,2.062967499198709
FL-Only,2.4759938329947238
FL-Only,2.3292267142766248
FL-Only,2.3787287685006806
FL-Only,2.1637559608882464
FL-Only,2.5824788217458963
FL-Only,2.2244171888747424
FL-Only,1.9796941787902387
FL-Only,2.3706263457777634
FL-Only,2.3880303767480098
FL-Only,2.3124345359900023
FL-Only,2.046043057034458
FL-Only,2.2226198203940353
FL-Only,2.50947781413793
FL-Only,2.2732078985800293
FL-Only,1.7687372655334146
FL-Only,1.9877789621828654
FL-Only,1.9757815422131197
FL-Only,1.9553845597347668
FL-Only,1.6052886500207764
FL-Only,2.637769002168391
FL-Only,1.9239177958435394
FL-Only,1.9425813361379025
FL-Only,1.6490392185943956
FL-Only,2.373538678050961
FL-Only,2.126556867954562
FL-Only,2.059464289888612
FL-Only,2.073115651068618
FL-Only,2.301653533204875
FL-Only,2.026154450245827
FL-Only,1.636863525827465
FL-Only,1.816783727227153
FL-Only,1.8033843590021943
FL-Only,2.2210320030839314
FL-Only,2.389944912457552
FL-Only,2.5281778525064986
FL-Only,1.7281972403448767
FL-Only,2.3100296838011674
FL-Only,1.9913116324112592
FL-Only,2.9042521840764097
FL-Only,2.506956965708019
FL-Only,2.589089016330698
FL-Only,2.357029473623633
FL-Only,2.2485271546906
FL-Only,2.0461335935583884
FL-Only,1.9953752308071055
FL-Only,1.943572887564927
FL-Only,2.3093345197799966
FL-Only,2.552583922185507
FL-Only,2.057943577093452
FL-Only,1.963634007024396
FL-Only,1.7672561214732396
FL-Only,2.213130450445527
FL-Only,2.467151010102262
FL-Only,2.480066449261714
FL-Only,2.505637194986279
FL-Only,2.2571749061527355
FL-Only,2.173268668431115
FL-Only,2.4808210835998064
FL-Only,1.8636041943646293
FL-Only,2.0362620089538783
FL-Only,2.5913988047347583
FL-Only,1.872751775042396
FL-Only,2.141109801738174
FL-Only,2.3128832962725925
FL-Only,2.171336227273804
FL-Only,2.446549716707888
FL-Only,2.543624967561209
FL-Only,2.2737533946320254
FL-Only,2.5086361832454163
FL-Only,1.9104017301683347
FL-Only,2.1093548774424224
FL-Only,2.770539324421173
FL-Only,2.6512760486622207
FL-Only,1.8205496819307774
FL-Only,2.14670729860473
FL-Only,2.185107253643035
FL-Only,2.25746363182569
FL-Only,2.478703006720966
FL-Only,2.6245030433979455
FL-Only,2.159653373303529
FL-Only,2.4394723355306436
FL-Only,2.3172345894413957
FL-Only,2.1445482592730936
FL-Only,1.7118751910139027
FL-Only,2.4127661939700746
FL-Only,2.30613997775242
FL-Only,2.2505140213692427
FL-Only,1.89683339650623
FL-Only,2.6554574165043423
FL-Only,2.189337745671806
FL-Only,1.8555251015254175
FL-Only,1.8140013420104646
FL-Only,2.324787879319686
FL-Only,2.332470432852992
FL-Only,2.0305433795851644
FL-Only,2.269357291623216
FL-Only,2.3222424363747205
FL-Only,2.1861007070172054
FL-Only,1.969053990796352
FL-Only,2.398029834885162
FL-Only,2.3661088781067274
FL-Only,2.2964614503327345
FL-Only,1.9348971757912823
FL-Only,1.8065936166758907
FL-Only,2.1697431688846893
FL-Only,2.38982935066653
FL-Only,2.41841620328817
FL-Only,2.300770513197785
FL-Only,2.0337828220467284
FL-Only,1.9425144908015013
FL-Only,2.145648357860847
FL-Only,2.148094930246743
FL-Only,2.4356821856452595
FL-Only,2.0262336857491494
FL-Only,2.0476644866309237
FL-Only,2.6801877038703736
FL-Only,2.550215336987815
FL-Only,1.9222426461796647
FL-Only,2.528937989928333
FL-Only,1.8605545093852205
FL-Only,2.038012851321125
FL-Only,2.0673771775624794
FL-Only,2.129981361331022
FL-Only,2.3098971349969877
FL-Only,2.1774701161177683
FL-Only,2.308599657431425
FL-Only,2.0463250574594554
FL-Only,2.2465494369765837
FL-Only,2.170373444327384
FL-Only,1.7918108407955722
FL-Only,2.274616633842295
FL-Only,2.1747822850694614
FL-Only,1.9658113280513438
FL-Only,2.0403907308652087
FL-Only,2.0467172478482465
FL-Only,2.086811033598394
FL-Only,2.6038111951230745
FL-Only,2.689285645257457
FL-Only,1.4466820196970476
FL-Only,2.275948994380559
FL-Only,2.3963774530753708
FL-Only,2.094252191272784
FL-Only,2.3894472418737056
FL-Only,2.576775263687889
FL-Only,1.796064766532506
FL-Only,2.184510566646048
FL-Only,2.6548407716951683
FL-Only,1.8306565523424567
FL-Only,2.1202700559906407
FL-Only,2.0343135027677235
FL-Only,2.421388326940555
FL-Only,2.457341454376643
FL-Only,2.1918804584010356
FL-Only,2.1583099986028267
FL-Only,1.7064598558555024
FL-Only,2.5171346504553074
FL-Only,2.0588830906379214
FL-Only,2.1132801349182615
FL-Only,2.400672749075847
FL-Only,2.20098071627443
FL-Only,2.408991223206165
FL-Only,2.3056798150790927
FL-Only,2.2025770616956204
FL-Only,2.23009422394532
FL-Only,1.860324631383286
FL-Only,2.1115631265891657
FL-Only,2.429684138882029
FL-Only,1.9181508664828664
FL-Only,1.9654587716958845
FL-Only,1.9230569338561998
FL-Only,2.1895721940017614
FL-Only,2.5118524440149343
FL-Only,2.2911672785495405
FL-Only,1.5883436543961933
FL-Only,2.3173452500363485
FL-Only,2.035940765916639
FL-Only,2.2814206469388196
FL-Only,2.1114289547635665
FL-Only,1.9280022084904063
FL-Only,2.1315603293562884
FL-Only,2.0361007141032808
FL-Only,2.229390456641292
FL-Only,1.921410697879463
FL-Only,1.8598093775463926
FL-Only,2.3388771166490163
FL-Only,2.436080591352539
FL-Only,2.299654910572453
FL-Only,1.9826166086543877
FL-Only,1.9590619567657492
FL-Only,1.9739177778401422
FL-Only,2.3797218918756107
FL-Only,1.9371373945994892
FL-Only,2.378082451484393
FL-Only,2.314321014624027
FL-Only,2.469333561235708
FL-Only,2.4242934943789254
FL-Only,2.2900051402285624
FL-Only,1.7710802546913693
FL-Only,2.307413120971082
FL-Only,2.1797921351443486
FL-Only,2.053700535396412
FL-Only,2.501453855915503
FL-Only,2.1109553972664905
FL-Only,2.0134021794269668
FL-Only,2.4400064913251573
FL-Only,2.045486085908326
FL-Only,2.0004907490793453
FL-Only,1.859194241623674
FL-Only,1.9383945864756158
FL-Only,1.9605275501296724
FL-Only,2.310230260757387
FL-Only,1.88707934521919
FL-Only,1.6706775700173284
FL-Only,2.228233288544864
FL-Only,1.9864405666216123
FL-Only,2.1458031351879328
FL-Only,2.480863321747688
FL-Only,2.1684585445089355
FL-Only,2.539482247779093
FL-Only,2.1324181072737423
FL-Only,2.4097947721899793
FL-Only,2.008763774121516
FL-Only,2.177784187799477
FL-Only,1.909294255323922
FL-Only,1.9399366303291403
FL-Only,2.0920360611573976
FL-Only,1.8072382139225858
FL-Only,2.1911148727086274
FL-Only,2.0718879245938067
FL-Only,2.2105216222281725
FL-Only,1.811196725992418
FL-Only,2.3310469361479815
FL-Only,2.587984325691619
FL-Only,2.5335255396080303
FL-Only,2.6412078846200018
FL-Only,2.1609471966024496
FL-Only,2.0590994138391574
FL-Only,2.2757965532864697
FL-Only,2.08853929955605
FL-Only,1.7009672155300564
FL-Only,2.3613792745404427
FL-Only,2.0895243150694833
FL-Only,1.7714229838578286
FL-Only,2.0188631755640554
FL-Only,2.095391680654907
FL-Only,2.1530527897052063
FL-Only,2.1561520092976014
FL-Only,2.5032070942343867
FL-Only,1.8175565538038405
FL-Only,2.110746803391772
FL-Only,1.923227328615116
FL-Only,2.4740914088207853
FL-Only,2.005144840547348
FL-Only,2.061291901921286
FL-Only,2.4208214042632354
FL-Only,2.4917919041905185
FL-Only,2.5299368727731553
FL-Only,1.7260768213201323
FL-Only,2.274591838493515
FL-Only,2.219690171725297
FL-Only,2.1367836544489474
FL-Only,2.167174572663548
FL-Only,2.4817296762512586
FL-Only,2.417956020577511
FL-Only,2.3814036124772486
FL-Only,2.203383863208474
FL-Only,2.735812420831429
FL-Only,2.046639306251102
FL-Only,1.733081954433499
FL-Only,2.081567044167772
FL-Only,2.1648963381727624
FL-Only,2.486221497211207
FL-Only,2.018167659612837
FL-Only,2.276737359099501
FL-Only,1.7688709772101991
FL-Only,2.42900581895612
FL-Only,2.167626408929625
FL-Only,2.077616533551056
FL-Only,2.6999663254152093
FL-Only,2.4260360265394074
FL-Only,1.881720795335943
FL-Only,2.1217769221387455
FL-Only,2.855970441321114
FL-Only,2.6605347309276373
FL-Only,2.3881244876133225
FL-Only,1.673461580665899
FL-Only,2.493694770170855
FL-Only,1.9861222280057853
FL-Only,2.491467627018444
FL-Only,1.9635515307268308
FL-Only,2.2761180229272626
FL-Only,1.9848070823842443
FL-Only,2.0562736803942414
FL-Only,2.3105267321158522
FL-Only,1.809724206778834
FL-Only,2.762083852792529
FL-Only,1.8849768614592937
FL-Only,1.8705472416776239
FL-Only,2.3112845121255847
FL-Only,2.483320813248623
FL-Only,2.06648468622178
FL-Only,1.8735609419053554
FL-Only,1.9120262415585532
FL-Only,1.884254950682261
FL-Only,2.229510344591259
FL-Only,2.131943581018539
FL-Only,2.259864813097572
FL-Only,2.244136312322714
FL-Only,2.362672570388366
FL-Only,2.0442344428736905
FL-Only,1.9595431773703986
FL-Only,2.1903238696388296
FL-Only,2.135812577574831
FL-Only,2.2152616197047656
FL-Only,1.9663780612152326
FL-Only,2.3156920606787357
FL-Only,1.8459796940539182
FL-Only,2.0363807578760214
FL-Only,2.4412926639827175
FL-Only,1.858120740572112
FL-Only,2.4209627057801018
FL-Only,1.7864523617372032
FL-Only,1.7410117244308154
FL-Only,1.7645835369132685
FL-Only,2.1801359911493483
FL-Only,2.3382357036142754
FL-Only,2.4834892788033813
FL-Only,2.4629206553412906
FL-Only,2.372576234909943
FL-Only,1.9353998694206824
FL-Only,1.9331500882383448
FL-Only,2.3532504189520402
FL-Only,2.5166975775133955
FL-Only,1.8839656529831341
FL-Only,2.4838518295623895
FL-Only,1.654552933181371
FL-Only,2.2506006742353133
FL-Only,2.123217724913822
FL-Only,2.09731904583206
FL-Only,2.158067951720521
FL-Only,1.9297376116917107
FL-Only,2.2650881502012923
FL-Only,2.16565246804453
FL-Only,2.391310362442853
FL-Only,2.5603207223388282
FL-Only,2.182744563478698
FL-Only,1.9387706615620774
FL-Only,1.856422025151254
FL-Only,2.588148969085234
FL-Only,2.5551562315837066
FL-Only,2.378941875504651
FL-Only,2.165442306748657
FL-Only,2.3603127145570046
FL-Only,2.48655206831339
FL-Only,1.9905670999031753
FL-Only,2.1576871879792865
FL-Only,1.864591231473579
FL-Only,2.116702100588137
FL-Only,2.548422574997632
FL-Only,2.4282653294134975
FL-Only,2.1848317547637675
FL-Only,1.4551458559013828
FL-Only,1.9808055000571854
FL-Only,2.176420738935455
FL-Only,2.0942943377220904
FL-Only,2.1584553259723838
FL-Only,2.212588199680712
FL-Only,2.0123103641540068
FL-Only,2.1480570149487104
FL-Only,2.1114436061109543
FL-Only,1.968573711745986
FL-Only,2.626355116801162
FL-Only,2.027073692569777
FL-Only,1.568414023120384
FL-Only,2.6100825919021844
FL-Only,1.9316607959970806
FL-Only,2.3821763540791614
FL-Only,1.9743313013161536
FL-Only,2.2968737589829513
FL-Only,2.1375779811212374
FL-Only,2.408085356026929
FL-Only,2.094864306517402
FL-Only,1.9809274638465044
FL-Only,2.2163111217892233
FL-Only,2.051317133281508
FL-Only,1.6522734038231
FL-Only,1.9948128117519728
FL-Only,2.8901423958145647
FL-Only,1.680085793724562
FL-Only,2.2121908543394
FL-Only,2.087332824707224
FL-Only,2.6237963329567595
FL-Only,1.8633521149297856
FL-Only,2.1761362865602956
FL-Only,2.3270390024359133
FL-Only,2.1037419752316415
FL-Only,1.951971311957153
FL-Only,2.144273388936273
FL-Only,2.0701499690835186
FL-Only,2.0694259548425618
FL-Only,2.390123785411062
FL-Only,2.2539609924844224
FL-Only,2.292355854347089
FL-Only,2.235216415170894
FL-Only,2.397649143092172
FL-Only,2.4864990027480847
FL-Only,2.0760279853193366
FL-Only,2.361422977715526
FL-Only,1.8155834197420524
FL-Only,1.5687115603502448
FL-Only,2.6212124987579104
FL-Only,2.0639935224197603
FL-Only,2.215137992710459
FL-Only,1.833894324658744
FL-Only,1.821993321891694
FL-Only,1.9660604759761242
FL-Only,2.3158676142940124
FL-Only,2.0167319574419817
FL-Only,2.0633660639254447
FL-Only,1.9579161416867523
FL-Only,2.4507733270420657
FL-Only,2.374080742343688
FL-Only,2.025089752077418
FL-Only,2.3265019964707148
FL-Only,2.0867288534636135
FL-Only,2.0629122946929765
FL-Only,2.1371746201277486
FL-Only,2.3159543629378487
FL-Only,1.919812525157349
FL-Only,2.2796178113280696
FL-Only,2.7944378110684576
FL-Only,2.1972452645316434
FL-Only,2.159215267721333
FL-Only,2.1282847409867873
FL-Only,2.2733786087105825
FL-Only,1.7345158028542098
FL-Only,2.588879751004292
FL-Only,2.4031462342104364
FL-Only,1.9837149051537704
FL-Only,2.15813918537114
FL-Only,2.006204164443403
FL-Only,2.2272026361641393
FL-Only,2.1658285227799974
FL-Only,2.2089874574441093
FL-Only,1.8846930399653998
FL-Only,2.025761775450557
FL-Only,2.4456829415282457
FL-Only,2.0122818293786273
FL-Only,1.4679784100089206
FL-Only,2.111137360623045
FL-Only,2.77216470649917
FL-Only,2.3690104369976566
FL-Only,1.9992903820665022
FL-Only,2.136944741507017
FL-Only,2.325403717458185
FL-Only,1.6968870412991839
FL-Only,1.9291367793078922
FL-Only,2.2527734938350745
FL-Only,2.561377536043211
FL-Only,2.036654619128085
FL-Only,2.554290482130172
FL-Only,1.9553845124039304
FL-Only,1.2765377332683208
FL-Only,2.3419031967844797
FL-Only,2.289422927296776
FL-Only,2.339935545134722
FL-Only,2.3298530569949203
FL-Only,2.1994715140424472
FL-Only,2.083225682743874
FL-Only,2.0930623986488017
FL-Only,2.031216438368893
FL-Only,2.046699182989406
FL-Only,1.6827530326271545
FL-Only,1.8367085496913647
FL-Only,2.1078373050835117
FL-Only,1.571856318985162
FL-Only,1.6319773256610066
FL-Only,2.0637551992468732
FL-Only,2.1168906235933065
FL-Only,2.069154319691962
FL-Only,1.5359839085109042
FL-Only,2.550517967604673
FL-Only,1.7794524876874747
FL-Only,1.938914443817408
FL-Only,1.8244638599217236
FL-Only,2.4851499626667732
FL-Only,2.258726391486448
FL-Only,2.027903274743679
FL-Only,2.0097367788488376
FL-Only,2.196335054392068
FL-Only,1.8283889902841552
FL-Only,2.248230765753735
FL-Only,2.0084496319503695
FL-Only,2.284066908942257
FL-Only,2.2753164079635564
FL-Only,1.99684820246325
FL-Only,1.62040042804928
FL-Only,2.0863190884817424
FL-Only,1.7760359532575978
FL-Only,2.1702877489604897
FL-Only,2.083804458344963
FL-Only,1.9982973209909904
FL-Only,1.8157449316285599
FL-Only,2.456191608190315
FL-Only,2.032949967908526
FL-Only,2.7571645228557156
FL-Only,2.159011839239779
FL-Only,2.24071005531468
FL-Only,2.160116746150134
FL-Only,2.238125506301345
FL-Only,2.4319133319298616
FL-Only,2.4348903933323243
FL-Only,1.6942152102637462
FL-Only,2.370718329100332
FL-Only,2.2782619699961333
FL-Only,2.1592601874074946
FL-Only,2.591838138256735
FL-Only,2.6022138391366054
FL-Only,2.3833858376313954
FL-Only,2.0097682311660217
FL-Only,1.8423393522125955
FL-Only,2.3446352340990355
FL-Only,2.500759658106098
FL-Only,1.6266062975209838
FL-Only,2.4302640404431655
FL-Only,2.0842446913631805
FL-Only,1.6832772687210777
FL-Only,2.2711042080493318
FL-Only,2.384621756596256
FL-Only,2.059352046373401
FL-Only,1.8772025050463899
FL-Only,2.5917194591387225
FL-Only,1.9774916575310133
FL-Only,2.4491438578939384
FL-Only,1.759633016101662
FL-Only,2.2573293022946683
FL-Only,2.249976846675891
FL-Only,2.375341329679298
FL-Only,2.5351897154543916
FL-Only,1.9400835343980665
FL-Only,2.2843598911463583
FL-Only,1.7974256147194068
FL-Only,1.7944979427780632
FL-Only,2.0007896779573136
FL-Only,2.2556064363323984
FL-Only,2.5826318975974263
FL-Only,2.629607962177148
FL-Only,2.0584380370984983
FL-Only,2.22882789031695
FL-Only,2.393295410044947
FL-Only,2.3474687336267115
FL-Only,2.1062801601582137
FL-Only,2.1696350997924467
FL-Only,2.121573322202564
FL-Only,2.0962395218866425
FL-Only,2.061916109878871
FL-Only,2.1191281095769834
FL-Only,2.0452999669536864
FL-Only,1.8570622436164541
FL-Only,2.3725457130263035
FL-Only,2.2831944953492282
FL-Only,2.6341611857375065
FL-Only,2.2453356492294794
FL-Only,2.0424242816338674
FL-Only,1.9883796719530222
FL-Only,2.1622204453761786
FL-Only,2.2926417921509037
FL-Only,2.086864664118934
FL-Only,1.770673573117373
FL-Only,1.9593353393600066
FL-Only,2.1546504540794666
FL-Only,2.340993184233414
FL-Only,1.7666574694783839
FL-Only,2.2183915302603907
FL-Only,2.2070488388064833
FL-Only,2.0334932642141514
FL-Only,1.9985740674332142
FL-Only,1.960028474724488
FL-Only,2.1863280262682556
FL-Only,2.440719214988927
FL-Only,2.45902839828867
FL-Only,1.8600130704176332
FL-Only,2.1017596293874226
FL-Only,1.5840744710019685
FL-Only,2.178169552243462
FL-Only,2.304193163393834
FL-Only,2.5553079858729286
FL-Only,1.6890939940702812
FL-Only,1.8692805401289987
FL-Only,2.1871872948839117
FL-Only,1.732455801449547
FL-Only,2.1944307349196364
FL-Only,2.31073465662818
FL-Only,1.8194277672201107
FL-Only,2.1842070254725057
FL-Only,1.8372495787661165
FL-Only,2.5048598741860824
FL-Only,2.2033146918547293
FL-Only,1.9848634805265055
FL-Only,1.8305595238826031
FL-Only,2.250400620930804
FL-Only,2.500347359542423
FL-Only,1.9509519914259204
FL-Only,2.0365716761534465
FL-Only,1.9559476992172868
FL-Only,2.551317083331454
FL-Only,1.6575707590063642
FL-Only,2.481683051482458
FL-Only,2.0526828931806413
FL-Only,2.131523299074509
FL-Only,2.062116260372968
FL-Only,2.2118170274223936
FL-Only,1.9617119212255385
FL-Only,2.423062849239621
FL-Only,2.433541237040879
FL-Only,1.8962804677376
FL-Only,2.3222064771077817
FL-Only,2.058024584059855
FL-Only,2.163321440435848
FL-Only,2.543488931516543
FL-Only,1.9760991846693354
FL-Only,2.3890497554760333
FL-Only,2.267938296169694
FL-Only,2.0999407400216725
FL-Only,2.2447901204224365
FL-Only,2.2140902762157575
FL-Only,1.8511448454769894
FL-Only,1.9934652483461208
FL-Only,1.8803248846805578
FL-Only,2.078632356955917
FL-Only,2.4970191063855998
FL-Only,2.2999051728196225
FL-Only,1.7803920180049302
FL-Only,2.0794711367335355
FL-Only,2.21027521411718
FL-Only,2.3419748279190022
FL-Only,1.9821021042171512
FL-Only,1.8307425894688287
FL-Only,2.1354635308262004
FL-Only,2.2968096551261037
FL-Only,2.2105903935513647
FL-Only,1.921753210020275
FL-Only,2.6026916512979206
FL-Only,2.124505590707471
FL-Only,2.19997725053772
FL-Only,1.979212410355681
FL-Only,2.4354790635780525
FL-Only,2.297536498278177
FL-Only,2.2311831647234266
FL-Only,1.8528730555855082
FL-Only,2.4322597984675127
FL-Only,2.3452809670280534
FL-Only,2.4118528165651134
FL-Only,2.1595535742840593
FL-Only,2.130685819724988
FL-Only,2.10302003650924
FL-Only,2.737981469632201
FL-Only,2.0100488628760704
FL-Only,1.8439488303967593
FL-Only,2.05369990919474
FL-Only,2.0124532351669235
FL-Only,2.475040483809927
FL-Only,1.8001539611569704
FL-Only,2.0051869612075586
FL-Only,2.199154976373627
FL-Only,2.477219556495778
FL-Only,2.333988135102063
FL-Only,2.567706476458812
FL-Only,2.2392145684032583
FL-Only,2.0974661741398677
FL-Only,2.370733584268426
FL-Only,1.797272479409475
FL-Only,1.7088496637449728
FL-Only,2.401876007401983
FL-Only,2.204326241101262
FL-Only,2.3987129833526804
FL-Only,1.9300879109922662
FL-Only,2.4814742214598047
FL-Only,2.322952590320928
FL-Only,2.141970941568963
FL-Only,2.2034957625323557
FL-Only,2.239507396635667
FL-Only,1.928963100183914
FL-Only,2.050666245742717
FL-Only,2.235429565640855
FL-Only,2.0403154496507825
FL-Only,1.770889930373413
FL-Only,2.2260813012510363
FL-Only,2.365696816873241
FL-Only,2.425681934262339
FL-Only,2.2873361253929354
FL-Only,2.3611232707210106
FL-Only,2.4047773400341823
FL-Only,2.170551200885312
FL-Only,1.6033194959583734
FL-Only,2.4492235539021623
FL-Only,1.9195238807045902
FL-Only,1.8582337644067444
FL-Only,1.865320877044424
FL-Only,2.7910211064781794
FL-Only,2.263661303076833
FL-Only,1.881262966665639
FL-Only,1.9736785604283114
FL-Only,2.149812956245578
FL-Only,2.2899401746482355
FL-Only,2.2220574231864942
FL-Only,1.9104195382148146
FL-Only,2.231823808268991
FL-Only,1.9923135451169318
FL-Only,2.4201040753442546
FL-Only,2.16452452338947
FL-Only,1.9540918027619212
FL-Only,2.327750164574306
FL-Only,2.248877202204536
FL-Only,2.0274846495283523
FL-Only,2.3383637499892345
FL-Only,2.3123122144610044
FL-Only,2.460070127189653
FL-Only,2.3332157412962937
FL-Only,2.094801704856224
FL-Only,1.7138433005755391
FL-Only,2.19815482147045
FL-Only,2.238185490075716
FL-Only,2.163208810998518
FL-Only,1.373194404218142
FL-Only,2.325138129255345
FL-Only,1.9146910334285507
FL-Only,2.3269164853784168
FL-Only,2.5887766590910775
FL-Only,2.084778224113029
FL-Only,2.2631288803803855
FL-Only,2.158456668864112
FL-Only,2.285600563602178
FL-Only,2.1766888370009836
FL-Only,2.016619079718619
FL-Only,1.9165249078031892
FL-Only,2.560340155800693
FL-Only,2.2631466700585627
FL-Only,2.3642728490014555
FL-Only,2.252958228928162
FL-Only,2.4017481734247643
FL-Only,1.9188404411767181
FL-Only,2.1714608126731667
FL-Only,2.2804154175733373
FL-Only,2.4835087557131144
FL-Only,2.839653633671147
FL-Only,2.2551398044869435
FL-Only,1.979436009040719
FL-Only,1.841524083631107
FL-Only,1.916557798726203
FL-Only,1.9502771833604509
FL-Only,1.4015207324617436
FL-Only,1.9756810068885637
FL-Only,2.3349191009452404
FL-Only,2.1694531327105375
FL-Only,2.0832748531215963
FL-Only,1.731536216109408
FL-Only,2.4210057747330067
FL-Only,2.282047829057462
FL-Only,2.146663635692309
FL-Only,1.581750043205842
FL-Only,2.023380694066559
FL-Only,2.2618993433362804
FL-Only,2.142629616656392
FL-Only,2.199520021587948
FL-Only,2.3268451096845966
FL-Only,2.189922655641562
FL-Only,2.3176161585119526
FL-Only,1.9323643347063841
FL-Only,1.8345248868480195
FL-Only,2.27315905602651
FL-Only,2.3260613830768464
FL-Only,2.2838952393235226
FL-Only,2.1839492341101883
FL-Only,2.066397437987409
FL-Only,2.204434389862396
FL-Only,2.2478593841757
FL-Only,2.263338741486567
FL-Only,2.8226420056101973
FL-Only,1.912432623340454
FL-Only,2.9823062260301643
FL-Only,1.8257401583083013
FL-Only,2.2495025314139356
FL-Only,1.8417306141205678
FL-Only,2.2290108945685105
FL-Only,2.4033876888122676
FL-Only,2.1584063313994997
FL-Only,2.4010547506730244
FL-Only,2.0406899894582144
FL-Only,1.621135051624902
FL-Only,2.311690956195127
FL-Only,2.1579046877249133
FL-Only,2.026259597834958
FL-Only,2.044075124629989
FL-Only,2.254898087676083
FL-Only,1.9398505125280896
FL-Only,2.246813160866934
FL-Only,2.456668350890894
FL-Only,2.6814980973101683
FL-Only,2.512367846742664
FL-Only,2.191730321705384
FL-Only,2.2164775957754306
FL-Only,2.046735879996553
FL-Only,2.0298639830330822
FL-Only,2.3749842040027973
FL-Only,2.070662404952338
FL-Only,2.24445370740114
FL-Only,1.9016725470892992
FL-Only,2.503540663520824
FL-Only,2.0668061807782334
FL-Only,2.43069862603156
FL-Only,1.9684136202631968
FL-Only,1.9547686929017876
FL-Only,2.49263219959033
FL-Only,1.988490061211135
FL-Only,1.745481735404102
FL-Only,1.8816953415207212
FL-Only,2.3710308396975535
FL-Only,2.3462401001589788
FL-Only,1.9532747205946899
FL-Only,1.9870165750906676
FL-Only,2.323638083183499
FL-Only,2.4895075006597263
FL-Only,2.1322497188162832
FL-Only,2.2929935111827007
FL-Only,2.375345731169381
FL-Only,2.7054748338164067
FL-Only,1.8518252768502799
FL-Only,1.977469360667939
FL-Only,2.0193298797983905
FL-Only,2.363501230368404
FL-Only,2.0850052277107993
FL-Only,2.2305594263908946
FL-Only,2.1814354819190886
FL-Only,2.1504481784797957
FL-Only,2.1777083161916817
FL-Only,2.4157143844516202
FL-Only,1.8995889025737227
FL-Only,2.111698302739826
FL-Only,1.8364583415837257
FL-Only,2.208451687457964
FL-Only,2.0995535539289665
FL-Only,2.425864728202517
FL-Only,2.148755609098256
FL-Only,2.035489503582024
FL-Only,2.0863488075972376
FL-Only,2.594643447110651
FL-Only,1.7449192023778108
FL-Only,1.9881008460411775
FL-Only,2.1592900753520174
FL-Only,1.9858019767823427
FL-Only,2.276595871573101
FL-Only,2.1354267569673837
FL-Only,2.216044104878629
FL-Only,2.180399658901797
FL-Only,2.123414288632492
FL-Only,1.8169674763123398
FL-Only,2.195431846731959
FL-Only,1.6950405203393295
FL-Only,1.9766340667395004
FL-Only,2.276214963793845
FL-Only,2.4569393842127747
FL-Only,2.7561493603227136
FL-Only,2.0395104735717533
FL-Only,1.9267978454032118
FL-Only,2.2847491561219284
FL-Only,2.632451954225792
FL-Only,2.5454481565323137
FL-Only,1.8829495650475945
FL-Only,2.1137486296347263
FL-Only,2.369394759051519
FL-Only,2.387285477328581
FL-Only,2.302700376352193
FL-Only,2.0342228653256464
FL-Only,2.3004050262200906
FL-Only,2.389772507658264
FL-Only,1.909538820482162
FL-Only,2.4932008619705224
FL-Only,2.4059255546028844
FL-Only,1.9585739331208243
FL-Only,2.3886267357167372
FL-Only,2.359783323114988
FL-Only,2.369597384415615
FL-Only,2.5566010480456955
FL-Only,2.147300860999981
FL-Only,2.2355324994823103
FL-Only,1.4692081101686725
FL-Only,2.437882255716189
FL-Only,2.4130532957382687
FL-Only,2.499856850634459
FL-Only,1.9083364549502613
FL-Only,2.3982077095351397
FL-Only,2.4128373184809924
FL-Only,1.982063513913191
FL-Only,2.4224388221567263
FL-Only,2.269464503446506
FL-Only,1.7119129623779088
FL-Only,2.3007960516812345
FL-Only,1.9520606292354905
FL-Only,1.7176095660302182
FL-Only,2.2445707450961936
FL-Only,2.1331446786008548
FL-Only,2.512183901325974
FL-Only,2.196883533228446
FL-Only,2.350857986298151
FL-Only,2.2812728164409384
FL-Only,2.413406997510741
FL-Only,1.9213069049796165
FL-Only,2.2012224505690723
FL-Only,2.113690137007373
FL-Only,2.318650313030403
FL-Only,2.2159997738051542
FL-Only,1.991578230575655
FL-Only,2.0628131467010227
FL-Only,2.5753136988030363
FL-Only,1.7128574115014887
FL-Only,2.333016094371256
FL-Only,2.470293144557118
FL-Only,2.2993399853456156
FL-Only,2.6585201288348825
FL-Only,2.392137036945407
FL-Only,2.2491039181443258
FL-Only,2.029583773928185
FL-Only,2.253888201372681
FL-Only,2.325873935408528
FL-Only,2.1509031094849513
FL-Only,1.9583507348149012
FL-Only,1.839310552170337
FL-Only,2.197834976428291
FL-Only,1.7680784183923546
FL-Only,2.028341986119961
FL-Only,1.5226109585137695
FL-Only,2.3649187806422813
FL-Only,2.447744050966166
FL-Only,2.170368599547709
FL-Only,2.622516430219828
FL-Only,2.497625782071798
FL-Only,2.27378471450798
FL-Only,2.120790694884648
FL-Only,2.059855285328122
FL-Only,2.295122697184877
FL-Only,2.1135634750492738
FL-Only,2.291443392027622
FL-Only,2.310593032368874
FL-Only,2.0907685540649825
FL-Only,2.432712740430731
FL-Only,2.091033775701117
FL-Only,2.155505345550494
FL-Only,1.8977986531163133
FL-Only,2.080180882371825
FL-Only,2.7068152016416565
FL-Only,1.9177002652314834
FL-Only,2.2629297889765185
FL-Only,2.0327412827209015
FL-Only,1.5788134126088869
FL-Only,2.2942143692080053
FL-Only,2.006519941193376
FL-Only,2.2323126338160653
FL-Only,2.4053474923435427
FL-Only,2.2105263831205266
FL-Only,2.23470110224336
FL-Only,1.9260714996577746
FL-Only,2.3323609431013534
FL-Only,2.10106152444211
FL-Only,1.6344054193164628
FL-Only,2.3634290626076777
FL-Only,2.4423095760565885
FL-Only,2.5321295935340857
FL-Only,2.7100723346208055
FL-Only,2.3495719132879613
FL-Only,2.282604806384283
FL-Only,2.431619317424407
FL-Only,1.921155252156074
FL-Only,1.7186318867646284
FL-Only,2.026931727405858
FL-Only,2.479528997757078
FL-Only,1.9794364238964135
FL-Only,2.2701275316160525
FL-Only,2.297910704100595
FL-Only,2.213020405460014
FL-Only,1.820370852366542
FL-Only,2.238418082496943
FL-Only,2.04123920635301
FL-Only,2.5893381875890507
FL-Only,2.4433146434372848
FL-Only,2.050336386414161
FL-Only,2.6055600114507564
FL-Only,2.2386775435973
FL-Only,1.7187177748879265
FL-Only,2.1297972370359575
FL-Only,2.571901705414266
FL-Only,1.938481666273662
FL-Only,2.1323941044749812
FL-Only,1.7991596500169387
FL-Only,1.840107694633932
FL-Only,1.9347661460727807
FL-Only,1.8333312528437995
FL-Only,1.9904852861467668
FL-Only,2.598477087401266
FL-Only,2.140693277972234
FL-Only,2.3526645988353225
FL-Only,2.4316248063622865
FL-Only,1.8640233920630727
FL-Only,1.935469797594106
FL-Only,2.3475812316849027
FL-Only,1.9863549845775053
FL-Only,2.3304934902791556
FL-Only,2.582749184627713
FL-Only,1.774511215048031
FL-Only,2.0579109859863833
FL-Only,2.098845985840577
FL-Only,2.0141974556238313
FL-Only,1.9931427062802878
FL-Only,2.023032829794923
FL-Only,2.146065312701852
FL-Only,2.192540278821498
FL-Only,2.3959799974018887
FL-Only,2.1435193834470194
FL-Only,2.438489136403651
FL-Only,1.9973155801989457
FL-Only,1.840048387896202
FL-Only,2.071373459121725
FL-Only,2.2693231048795734
FL-Only,2.3720004094113474
FL-Only,2.526740265090615
FL-Only,2.224871678427791
FL-Only,2.344280709505128
FL-Only,2.5031450767844166
FL-Only,1.9489543002802439
FL-Only,2.0957836221571426
FL-Only,2.8648956083175023
FL-Only,2.370948347114064
FL-Only,2.281760679643664
FL-Only,2.3805722378360374
FL-Only,1.8053952964250461
FL-Only,1.9831187814259308
FL-Only,1.888827147094664
FL-Only,2.2580009464849646
FL-Only,2.0548067552531486
FL-Only,2.1746102301956483
FL-Only,2.0697578081969032
FL-Only,1.7303872707087065
FL-Only,2.3783239207857374
FL-Only,1.6953533192184111
FL-Only,1.9622671412680013
FL-Only,1.8106081517630668
FL-Only,1.9230267780866208
FL-Only,2.202079509207494
FL-Only,2.4686359238355275
FL-Only,1.7472632928551053
FL-Only,2.0062403312783603
FL-Only,1.6987465724208013
FL-Only,1.9938036973709217
FL-Only,2.1685481537073
FL-Only,2.347906012325362
FL-Only,1.603411007490197
FL-Only,2.292042369540527
FL-Only,1.8990588776594204
FL-Only,1.83622277948406
FL-Only,2.1674118253336707
FL-Only,2.3118037465603725
FL-Only,2.1240826783356965
FL-Only,1.8679722937003982
FL-Only,2.1239469017051418
FL-Only,1.9629039383570692
FL-Only,2.305840378538364
FL-Only,2.4274423204760702
FL-Only,2.4109571936482723
FL-Only,2.1449048875211565
FL-Only,2.439646456617057
FL-Only,1.8865870860516274
FL-Only,2.609979513765596
FL-Only,1.8851418240312845
FL-Only,1.6262292488895533
FL-Only,2.5022825936496327
FL-Only,1.966785319329723
FL-Only,2.1801186316863457
FL-Only,1.8840515238935363
FL-Only,2.7598096790938373
FL-Only,2.6200289588748515
FL-Only,2.549010914255885
FL-Only,2.172796296216782
FL-Only,2.4030204012755925
FL-Only,2.1363125675760575
FL-Only,2.4395279473695117
FL-Only,2.044062784170119
FL-Only,2.5588537392601243
FL-Only,2.031094943181743
FL-Only,2.06039894668407
FL-Only,2.0296355245295015
FL-Only,2.199652710096904
FL-Only,2.049845472525129
FL-Only,2.2757119368553957
FL-Only,2.025905358282451
FL-Only,2.35402343846548
FL-Only,2.5417386906720094
FL-Only,2.170007163099122
FL-Only,2.7223287361706205
FL-Only,2.4409025704608984
FL-Only,2.7016650200379244
FL-Only,2.1342106768206253
FL-Only,1.7213435263269166
FL-Only,1.9678165961407343
FL-Only,1.994132733936845
FL-Only,1.9041194342193926
FL-Only,1.5834566012548597
FL-Only,2.4143588591037624
FL-Only,1.6701150562647817
FL-Only,2.3896508552307996
FL-Only,2.713871892123221
FL-Only,1.9491900157325757
FL-Only,2.2499931867125804
FL-Only,2.0471528688459606
FL-Only,2.3633855942678927
FL-Only,1.8418420170816754
FL-Only,2.115997901465644
FL-Only,2.4392645080428337
FL-Only,2.137391403304411
FL-Only,1.729814056558951
FL-Only,2.47034658159907
FL-Only,1.8156382151254804
FL-Only,2.1703134089492684
FL-Only,2.300322228589624
FL-Only,2.1809213821046707
FL-Only,2.8046587826790645
FL-Only,2.3393238600565613
FL-Only,2.0977936688472703
FL-Only,2.3054870293862657
FL-Only,2.204165714180698
FL-Only,2.1614473084521597
FL-Only,2.212897095983043
FL-Only,2.0380055603436755
FL-Only,2.2049286292165156
FL-Only,2.01958328635578
FL-Only,1.6607813654813273
FL-Only,2.444171757576777
FL-Only,2.0041144605218713
FL-Only,2.186477855631861
FL-Only,1.9538110216996987
FL-Only,1.961599070157059
FL-Only,1.8819408025846225
FL-Only,2.394660615131363
FL-Only,2.4569481721276953
FL-Only,2.1566911176579264
FL-Only,2.011542305634648
FL-Only,1.7131879233973932
FL-Only,2.355221245516331
FL-Only,1.9754482761569017
FL-Only,1.8617467465116255
FL-Only,2.1575499627480865
FL-Only,2.063795571687509
FL-Only,1.7583420165584447
FL-Only,1.793774085044005
FL-Only,2.2368281385740905
FL-Only,1.9808316354278075
FL-Only,2.2816467122716655
FL-Only,2.1878050770709954
FL-Only,2.420265827306148
FL-Only,1.9353065683323145
FL-Only,2.2100411994962927
FL-Only,2.3146748441874823
FL-Only,1.9884358886369782
FL-Only,2.4408184399541195
FL-Only,1.720100355572021
FL-Only,1.9351012227792528
FL-Only,1.7104485550466766
FL-Only,1.9601442568823548
FL-Only,2.1101173136963447
FL-Only,2.364527185508768
FL-Only,2.1099350929906895
FL-Only,1.9963935805270105
FL-Only,1.7503005185843539
FL-Only,1.8367419094846458
FL-Only,2.230033135232062
FL-Only,2.377415328385439
FL-Only,2.0418407383951234
FL-Only,2.4624417468887505
FL-Only,1.904921311037578
FL-Only,2.049240520348863
FL-Only,2.0710144404165876
FL-Only,2.5445887573825408
FL-Only,2.1844840547146456
FL-Only,1.6860043403715173
FL-Only,2.395526810756825
FL-Only,2.6262493147699946
FL-Only,2.08556689369785
FL-Only,1.9185527601380763
FL-Only,2.3729784129885783
FL-Only,2.656780276273135
FL-Only,2.3689727925198527
FL-Only,1.731264360806648
FL-Only,2.344707908366083
FL-Only,2.2542855060464704
FL-Only,1.903705376552679
FL-Only,2.4825150042549184
FL-Only,2.263094596385022
FL-Only,2.4892593168820105
FL-Only,1.8761391532706202
FL-Only,2.252884658046176
FL-Only,1.919065554051507
FL-Only,2.213898080450148
FL-Only,2.531124166165762
FL-Only,1.781984225239648
FL-Only,1.79679770027817
FL-Only,2.3965124665466915
FL-Only,2.1463563240682015
FL-Only,2.452185912347358
FL-Only,1.941720528059589
FL-Only,2.163207172937941
FL-Only,2.327537235538136
FL-Only,2.204231649030382
FL-Only,1.6885031892051463
FL-Only,2.878230350104488
FL-Only,2.2047797163308487
FL-Only,1.8041723919315784
FL-Only,2.2310635722753824
FL-Only,2.2607194212073907
FL-Only,2.4064322822421467
FL-Only,2.389203384473193
FL-Only,2.094828107287697
FL-Only,1.7057034403319093
FL-Only,2.2690316622054096
FL-Only,1.726256657982932
FL-Only,2.46353310762188
FL-Only,1.9609484448971253
FL-Only,2.313819766341122
FL-Only,1.9807084465442835
FL-Only,2.0230547991722077
FL-Only,1.9433497873186936
FL-Only,2.3347490339558608
FL-Only,1.9896924789743515
FL-Only,2.348281278753316
FL-Only,1.9964408874481525
FL-Only,2.0902940908536185
FL-Only,2.1591757545094845
FL-Only,2.18968597432607
FL-Only,1.9115552816852956
FL-Only,2.3315823735197503
FL-Only,2.0799944848667744
FL-Only,2.290326390224821
FL-Only,2.1458131064141077
FL-Only,2.3013051063096235
FL-Only,2.0438738290211216
FL-Only,1.946283692812412
FL-Only,2.2601294244852412
FL-Only,2.0226166703637922
FL-Only,2.5263669040344965
FL-Only,2.167455429170622
FL-Only,1.7956031303289335
FL-Only,1.9989497840183232
FL-Only,1.8921794286842335
FL-Only,2.4268130453384638
FL-Only,2.3495734729575255
FL-Only,2.1342508296311475
FL-Only,2.224839015477278
FL-Only,2.1273787037348404
FL-Only,2.371983729076657
FL-Only,2.284116563848505
FL-Only,2.33059373168943
FL-Only,2.100503737113677
FL-Only,1.9870575703867608
FL-Only,2.321586275936245
FL-Only,2.5502458099682634
FL-Only,2.4353506932448266
FL-Only,2.5580679456010795
FL-Only,2.191804217009488
FL-Only,1.8997422981753114
FL-Only,1.9226537128220451
FL-Only,2.5059290201425415
FL-Only,1.6696185713574716
FL-Only,2.5382272300636157
FL-Only,1.9467902552585985
FL-Only,2.646234611835863
FL-Only,2.1317847377462917
FL-Only,2.3364232721421394
FL-Only,2.7653419707526905
FL-Only,2.0648218673276415
FL-Only,2.0604912800390203
FL-Only,1.9707314866388925
FL-Only,1.8915399165466527
FL-Only,2.064905325121303
FL-Only,2.0068510575114797
FL-Only,1.8274337032538854
FL-Only,2.0956958740900835
FL-Only,2.2660449349133898
FL-Only,1.9188564065604305
FL-Only,2.108087950380535
FL-Only,2.512878154437824
FL-Only,1.783760965574936
FL-Only,2.648370151515645
FL-Only,1.9761019181734816
FL-Only,2.2018332581076736
FL-Only,2.480024096749703
FL-Only,2.5587597753124913
FL-Only,2.2712137415322884
FL-Only,1.9708175764140572
FL-Only,1.9480346916252218
FL-Only,2.0016777560129864
FL-Only,2.6374281882138293
FL-Only,2.0511484594306544
FL-Only,2.2334958724652316
FL-Only,1.8807106353485454
FL-Only,1.8516632745974342
FL-Only,2.1568091938051515
FL-Only,2.066215959494364
FL-Only,2.085059940143936
FL-Only,1.7683999869698057
FL-Only,2.1310402835730473
FL-Only,2.549711702991437
FL-Only,1.9299161960739364
FL-Only,2.3815382836003787
FL-Only,1.2561942460172733
FL-Only,1.9429949395816533
FL-Only,1.65711921111936
FL-Only,2.4689405603472903
FL-Only,2.376724653040319
FL-Only,1.883142016306209
FL-Only,2.224633505010277
FL-Only,2.4600410327570748
FL-Only,2.5001554559079624
FL-Only,2.0453060094689097
FL-Only,1.5801151056461795
FL-Only,1.9181766886525673
FL-Only,2.3476653054904544
FL-Only,2.691514696855462
FL-Only,2.135984149594561
FL-Only,1.9934399792861717
FL-Only,2.7690352638005438
FL-Only,2.254679024905022
FL-Only,1.8332358544790053
FL-Only,2.1193218340187165
FL-Only,2.407981332844132
FL-Only,2.131843460444542
FL-Only,2.3549450311033473
FL-Only,1.7359080993149791
FL-Only,1.7799830712290512
FL-Only,1.9604071406109314
FL-Only,2.0771941056005234
FL-Only,2.2361587957848927
FL-Only,2.314284143166048
FL-Only,2.7862573636382035
FL-Only,1.959452347371696
FL-Only,2.0689908382307274
FL-Only,1.966650947304641
FL-Only,2.4284821927794358
FL-Only,2.442559201359079
FL-Only,2.034504876047256
FL-Only,2.682962424708494
FL-Only,1.9671040588823812
FL-Only,2.415718814127116
FL-Only,2.5252668207381173
FL-Only,1.7987124132228132
FL-Only,2.299029131129833
FL-Only,1.4469381213561108
FL-Only,2.362646787753458
FL-Only,1.8657856982580925
FL-Only,2.2964071604110923
FL-Only,2.344787076336426
FL-Only,2.438995727725522
FL-Only,2.3796755603174606
FL-Only,2.164420908052515
FL-Only,2.051837060121636
FL-Only,2.13080755285933
FL-Only,1.8620716092287783
FL-Only,2.095384509034344
FL-Only,2.0750005227412442
FL-Only,1.9466396285902907
FL-Only,1.7007721497323005
FL-Only,1.8205504816581037
FL-Only,1.3372712199712766
FL-Only,2.0705671684916442
FL-Only,2.2430086512613223
FL-Only,1.4578979106020913
FL-Only,2.211072413198191
FL-Only,2.1184016664340426
FL-Only,1.8463970134768923
FL-Only,2.038749056444003
FL-Only,2.4211074746260715
FL-Only,1.8986592223316199
FL-Only,2.1703435775439437
FL-Only,2.239421743499105
FL-Only,1.9378705149424102
FL-Only,2.4101339194425426
FL-Only,2.254190963754686
FL-Only,2.085006977904292
FL-Only,2.7597160417547144
FL-Only,2.4112452367937687
FL-Only,1.7149704914925386
FL-Only,2.04959738964771
FL-Only,2.7863937928065656
FL-Only,1.8965971791040341
FL-Only,2.1671141185505474
FL-Only,2.4675962911695835
FL-Only,2.3182989696279233
FL-Only,2.3554890911959627
FL-Only,2.3402985730773094
FL-Only,2.156551323477314
FL-Only,1.9455828866738603
FL-Only,2.2621691616623028
FL-Only,2.0460836302102012
FL-Only,2.025811390178143
FL-Only,2.5324777468812396
FL-Only,2.0517030341731743
FL-Only,2.5901816438209107
FL-Only,2.2162457160163913
FL-Only,2.1089398852797037
FL-Only,1.6810690752314885
FL-Only,2.6969227778081137
FL-Only,2.1484598547443547
FL-Only,1.5641388130179426
FL-Only,2.4048332130924694
FL-Only,2.137050512494428
FL-Only,1.9097180333582588
FL-Only,2.3902453210285093
FL-Only,1.4924270415649303
FL-Only,1.9657634398638377
FL-Only,2.0727541826913605
FL-Only,2.369864490354583
FL-Only,2.7279848985407287
FL-Only,2.0868496462247617
FL-Only,2.2686656022588436
FL-Only,2.859084180056633
FL-Only,2.151222096436637
FL-Only,2.270795356454008
FL-Only,1.8307633136435715
FL-Only,2.6554651277036267
FL-Only,1.9660521030195022
FL-Only,2.2192913941564543
FL-Only,2.2119808330769075
FL-Only,2.1720172870799046
FL-Only,2.0379470711009176
FL-Only,2.2122621712117057
FL-Only,2.603395648604257
FL-Only,2.7384809657855493
FL-Only,2.104813138527537
FL-Only,2.0340384714350934
FL-Only,1.94133877772373
FL-Only,2.8430229864440566
FL-Only,2.1832394037605796
FL-Only,2.4376809829491943
FL-Only,2.3297384454500234
FL-Only,2.7197676382601386
FL-Only,2.086093328254732
FL-Only,1.864376376271223
FL-Only,2.6297385519352594
FL-Only,2.3830530627174977
FL-Only,2.267721040398883
FL-Only,2.5460796976147955
FL-Only,2.2824392652714525
FL-Only,2.555034378185045
FL-Only,2.2136207090413236
FL-Only,2.382702796773086
FL-Only,2.2858089619646775
FL-Only,2.0660767963622013
FL-Only,2.0970092656189268
FL-Only,2.0486415484499716
FL-Only,2.2184956705916137
FL-Only,2.0324029791491847
FL-Only,2.2624620875387933
FL-Only,2.2536906042015445
FL-Only,2.202929766461839
FL-Only,2.207409816792203
FL-Only,2.0039311270091114
FL-Only,2.077250097096319
FL-Only,1.7189829228886941
FL-Only,2.1190737086540663
FL-Only,1.8956607026287442
FL-Only,2.175761927142048
FL-Only,1.9656618064173266
FL-Only,1.6209264180001934
FL-Only,2.7311302887544664
FL-Only,2.0902912216768144
FL-Only,2.5233409283143944
FL-Only,2.014036657769279
FL-Only,2.5881140374715286
FL-Only,1.852861951238091
FL-Only,2.1954161465707327
FL-Only,1.8681893297309347
FL-Only,2.8209917426659867
FL-Only,2.085690539517472
FL-Only,2.3637407586625883
FL-Only,2.266248975990261
FL-Only,2.1434169682893884
FL-Only,2.2835717250624197
FL-Only,2.500666618175635
FL-Only,2.322397130223527
FL-Only,2.1919133573059635
FL-Only,2.283985317998414
FL-Only,2.6440799808674584
FL-Only,2.042462923745612
FL-Only,1.6716971786007668
FL-Only,1.86710274957352
FL-Only,1.886292134994763
FL-Only,1.9226298538156836
FL-Only,1.9314979987688714
FL-Only,2.1439113096115507
FL-Only,2.2138338256546
FL-Only,2.2110613051683874
FL-Only,1.9615882983105013
FL-Only,2.4064262174910596
FL-Only,2.2878896020188617
FL-Only,2.557977628464029
FL-Only,2.3684643484352526
FL-Only,2.059820806284097
FL-Only,2.486815982337184
FL-Only,2.2205852102687165
FL-Only,2.355878483671182
FL-Only,2.3358708715519128
FL-Only,2.1179254830138268
FL-Only,2.176643758151096
FL-Only,2.1161053449300167
FL-Only,1.9299398576336855
FL-Only,1.5966687472874384
FL-Only,1.97099816738611
FL-Only,2.2013847393683275
FL-Only,2.4300808988397207
FL-Only,2.3553654170196627
FL-Only,2.0778598214930346
FL-Only,1.9745144284743643
FL-Only,2.103592458646436
FL-Only,1.8984483323967594
FL-Only,1.6042604361437243
FL-Only,1.751352686756515
FL-Only,2.5046832704056627
FL-Only,2.62917950560313
FL-Only,2.3445167712742996
FL-Only,2.1349966226854695
FL-Only,1.7906110638562895
FL-Only,2.1084279374145836
FL-Only,2.3078545258998173
FL-Only,2.364109368303448
FL-Only,2.32771323821027
FL-Only,2.4620685614643465
FL-Only,2.6512816841664932
FL-Only,2.0455042332510502
FL-Only,2.8737705084105993
FL-Only,1.6288561125212062
FL-Only,1.949195647046759
FL-Only,2.201600065381006
FL-Only,2.291648688035551
FL-Only,2.1031380013385395
FL-Only,2.0220923875453654
FL-Only,2.7182670368132804
FL-Only,2.009771175367539
FL-Only,1.8870015185185471
FL-Only,2.5862330184436075
FL-Only,2.369081394319177
FL-Only,2.4324370432109075
FL-Only,2.2005347792944874
FL-Only,1.7949954337664003
FL-Only,2.171831886426807
FL-Only,1.7594686005645155
FL-Only,2.2125152229234417
DQN-Only,2.5234755438055387
DQN-Only,2.641977848273273
DQN-Only,2.3140574215759053
DQN-Only,2.5500635721435643
DQN-Only,2.086200172273519
DQN-Only,2.6114301132569393
DQN-Only,2.5294214844512406
DQN-Only,2.1152876666819345
DQN-Only,2.488925830316335
DQN-Only,2.645993715785015
DQN-Only,2.362083775510207
DQN-Only,2.1090384538075218
DQN-Only,2.3899138300625062
DQN-Only,2.4951281697250276
DQN-Only,2.1069305382670915
DQN-Only,2.0570535819770916
DQN-Only,2.486471553593155
DQN-Only,2.571187680858424
DQN-Only,2.943651863246299
DQN-Only,2.526936035556758
DQN-Only,2.000489858365925
DQN-Only,2.9127712175616662
DQN-Only,2.6362403911526195
DQN-Only,1.7769198690354995
DQN-Only,2.05069456455499
DQN-Only,2.2019703954098935
DQN-Only,2.5753379723589367
DQN-Only,1.6718490459914523
DQN-Only,2.3065532335629286
DQN-Only,2.5593185186118963
DQN-Only,1.5441812337250407
DQN-Only,2.5496897641361724
DQN-Only,2.5834377212912383
DQN-Only,2.102259967737242
DQN-Only,2.016156935053189
DQN-Only,2.097867969524473
DQN-Only,1.589674914102956
DQN-Only,2.248405877730907
DQN-Only,2.4016626286154334
DQN-Only,1.9976102273200944
DQN-Only,2.6129515227824065
DQN-Only,2.368800864328026
DQN-Only,2.413012983681489
DQN-Only,2.2271193370620836
DQN-Only,2.548646740604688
DQN-Only,2.702389440588332
DQN-Only,2.22556876519414
DQN-Only,2.5536977212673038
DQN-Only,2.556785310158122
DQN-Only,2.4573380672435006
DQN-Only,2.8109168177051087
DQN-Only,2.1360016999056586
DQN-Only,2.221629233137624
DQN-Only,2.1218298071174093
DQN-Only,2.543586077843284
DQN-Only,2.2634858568583325
DQN-Only,2.1446336417837237
DQN-Only,2.8070118535898665
DQN-Only,2.8481092325882593
DQN-Only,2.247703031921748
DQN-Only,1.956031813932878
DQN-Only,2.8632757000579856
DQN-Only,2.4721811349992038
DQN-Only,2.458138843072109
DQN-Only,2.3694842834944367
DQN-Only,2.1152707817807843
DQN-Only,2.223949443972414
DQN-Only,2.5303037879165355
DQN-Only,2.2143250507620067
DQN-Only,2.4615817747330357
DQN-Only,2.3437530540656377
DQN-Only,2.043226135734781
DQN-Only,2.795213484499967
DQN-Only,2.5068044460593963
DQN-Only,2.432845867392626
DQN-Only,2.495849958803278
DQN-Only,1.8365560082003158
DQN-Only,2.201515167743344
DQN-Only,1.911134008248143
DQN-Only,2.375011890517402
DQN-Only,2.4315161470049915
DQN-Only,2.379687942035852
DQN-Only,2.670947834256738
DQN-Only,1.9195434982519801
DQN-Only,2.115570326958443
DQN-Only,2.4563489182537963
DQN-Only,2.4141134133553734
DQN-Only,1.9706270502060295
DQN-Only,2.6759855869285887
DQN-Only,2.7733367719938107
DQN-Only,2.4595048316434185
DQN-Only,1.916252751284437
DQN-Only,2.384850848905092
DQN-Only,2.4355681925092307
DQN-Only,2.263666677563864
DQN-Only,2.7183062915651734
DQN-Only,2.3074444240929477
DQN-Only,2.9309554930190616
DQN-Only,2.559899313841017
DQN-Only,2.4175233004933405
DQN-Only,2.5984560094273177
DQN-Only,2.769872584695399
DQN-Only,2.5924538064982148
DQN-Only,2.3187055273151804
DQN-Only,2.15469438895413
DQN-Only,2.0249122596960487
DQN-Only,1.6546460739532283
DQN-Only,2.3889247331875336
DQN-Only,2.2311423656162126
DQN-Only,2.246176705981293
DQN-Only,2.6289031956408593
DQN-Only,2.308530039014558
DQN-Only,2.872145104427449
DQN-Only,2.1790735673037944
DQN-Only,2.067356913592288
DQN-Only,1.9868557060823548
DQN-Only,2.542948497001495
DQN-Only,2.663337284477082
DQN-Only,2.173093913130551
DQN-Only,2.0412336572427683
DQN-Only,2.769701563154681
DQN-Only,1.9327271520073994
DQN-Only,2.623669825944967
DQN-Only,2.179668434021345
DQN-Only,2.4515043762765405
DQN-Only,2.642399619627631
DQN-Only,2.4737327380642284
DQN-Only,2.2570920975688407
DQN-Only,2.7320241109489247
DQN-Only,2.421179668888245
DQN-Only,3.374048669279804
DQN-Only,1.8611925694150635
DQN-Only,1.8570445059152427
DQN-Only,2.6191883674757896
DQN-Only,2.3310842725688063
DQN-Only,2.562564718203967
DQN-Only,2.0315746461227926
DQN-Only,2.355200475979285
DQN-Only,2.468414748697419
DQN-Only,2.1873259950848185
DQN-Only,2.4050977814007877
DQN-Only,1.9576834484094041
DQN-Only,2.4508662585680474
DQN-Only,2.745881805243248
DQN-Only,1.9924881075633492
DQN-Only,1.9755347009997895
DQN-Only,2.6741298346881286
DQN-Only,1.9705689031215674
DQN-Only,2.5760407547558053
DQN-Only,2.3555418548537586
DQN-Only,2.2226755984540207
DQN-Only,2.751800171704082
DQN-Only,2.6006239046035007
DQN-Only,2.418544148424357
DQN-Only,1.7355312415929056
DQN-Only,2.5400008435654144
DQN-Only,2.0393025328300216
DQN-Only,2.2778359486562416
DQN-Only,2.342059406415009
DQN-Only,2.8727554717999713
DQN-Only,2.2688896301278607
DQN-Only,1.9404856684363185
DQN-Only,2.7526759532972442
DQN-Only,2.5437856059715
DQN-Only,2.5542436060266818
DQN-Only,2.7579477753909942
DQN-Only,2.823877044696141
DQN-Only,2.0896010748710507
DQN-Only,1.9494100774301255
DQN-Only,2.576565363580897
DQN-Only,2.266299177440576
DQN-Only,2.2917647367492116
DQN-Only,2.0250352344740095
DQN-Only,2.5039581697131745
DQN-Only,2.452918433606075
DQN-Only,2.2963361372692783
DQN-Only,1.9501534968639438
DQN-Only,2.6795293280888517
DQN-Only,2.411801825914046
DQN-Only,2.6538905194278724
DQN-Only,1.749474083575418
DQN-Only,2.355955941352089
DQN-Only,2.1386948145264713
DQN-Only,2.3501501581965223
DQN-Only,2.604853526777582
DQN-Only,2.443881220428013
DQN-Only,2.3450887233316395
DQN-Only,2.3435887461563496
DQN-Only,1.9020179380999553
DQN-Only,2.0854356904888607
DQN-Only,2.6548575425073038
DQN-Only,2.1980452576145963
DQN-Only,2.6602296677713944
DQN-Only,2.5720449586829295
DQN-Only,2.5868807949912216
DQN-Only,2.4334823606548617
DQN-Only,2.2175688881021354
DQN-Only,2.2975565015092885
DQN-Only,2.519820360884745
DQN-Only,1.7431275539051914
DQN-Only,2.689252411049888
DQN-Only,2.1995664603493066
DQN-Only,2.315771408096057
DQN-Only,2.3181923588958
DQN-Only,2.3288150115090835
DQN-Only,1.9711294151164611
DQN-Only,2.382604389457052
DQN-Only,2.506897588665881
DQN-Only,1.7659180155999763
DQN-Only,1.9747393592624638
DQN-Only,2.5915589920478594
DQN-Only,2.5393110380627166
DQN-Only,2.42388653886965
DQN-Only,2.1484528148475266
DQN-Only,2.540944020961027
DQN-Only,2.002225486007697
DQN-Only,2.301436039135022
DQN-Only,1.973136783318874
DQN-Only,2.294509854455708
DQN-Only,2.050666243037938
DQN-Only,2.552231689715519
DQN-Only,2.46163745808446
DQN-Only,2.1797823770655915
DQN-Only,2.646156019985547
DQN-Only,2.0714666478286294
DQN-Only,2.330092121254162
DQN-Only,2.167358171243318
DQN-Only,2.5484579924668904
DQN-Only,2.52067864153005
DQN-Only,2.70558939628487
DQN-Only,2.363302033160504
DQN-Only,1.5089452302800348
DQN-Only,2.219012133698613
DQN-Only,2.7795249252602834
DQN-Only,2.248741504459967
DQN-Only,1.8015558326650924
DQN-Only,2.4661723847097865
DQN-Only,2.4871558717544318
DQN-Only,2.135802526829944
DQN-Only,2.270712851290112
DQN-Only,2.102079300855727
DQN-Only,2.4867375715118056
DQN-Only,2.355893125550783
DQN-Only,2.012650334079069
DQN-Only,2.3373200933160025
DQN-Only,2.134166756239298
DQN-Only,2.750265842817755
DQN-Only,2.590950323484921
DQN-Only,2.305663960225271
DQN-Only,2.3627628146101696
DQN-Only,2.624668364804984
DQN-Only,2.2912502026588477
DQN-Only,2.5529566208693475
DQN-Only,2.754850025173525
DQN-Only,2.2021603159095173
DQN-Only,2.8022375443381393
DQN-Only,2.720516822854042
DQN-Only,2.409795311708564
DQN-Only,2.2153495098682816
DQN-Only,2.4063001198948712
DQN-Only,2.271344148437513
DQN-Only,2.117389662852857
DQN-Only,2.489462874847826
DQN-Only,2.0525943767493606
DQN-Only,2.2449338711318902
DQN-Only,2.248627204378929
DQN-Only,1.9566351445387191
DQN-Only,2.524898944090842
DQN-Only,2.2758826782470343
DQN-Only,2.704715201474505
DQN-Only,2.2713014367931863
DQN-Only,2.225828074712815
DQN-Only,2.085976325670814
DQN-Only,2.3509594010530255
DQN-Only,2.3525456476033564
DQN-Only,2.548288099253566
DQN-Only,2.358818932485601
DQN-Only,2.9279720889117202
DQN-Only,2.468105807765107
DQN-Only,2.062896174736653
DQN-Only,2.0391294428952538
DQN-Only,2.4901711292518764
DQN-Only,2.0540534654295803
DQN-Only,2.5070323031790163
DQN-Only,2.591495443837802
DQN-Only,2.5982636030705946
DQN-Only,2.0959322201366315
DQN-Only,2.5987491059252665
DQN-Only,2.4305830581286387
DQN-Only,2.169309806151346
DQN-Only,2.2952401582502677
DQN-Only,2.472335356471597
DQN-Only,2.151063411730911
DQN-Only,2.424762134240378
DQN-Only,2.7459250271498505
DQN-Only,2.610706961403981
DQN-Only,2.363021723138842
DQN-Only,2.4057472445176744
DQN-Only,2.1889119270073083
DQN-Only,2.196821088848787
DQN-Only,1.9083552802226411
DQN-Only,2.410511609410466
DQN-Only,2.531645559592368
DQN-Only,2.3201071492201994
DQN-Only,2.093647366006305
DQN-Only,2.3585688759282197
DQN-Only,2.716767490640917
DQN-Only,2.5921532485095065
DQN-Only,2.3317235986094924
DQN-Only,2.914918456810384
DQN-Only,3.097799730761074
DQN-Only,2.2051759538380313
DQN-Only,2.270955557097779
DQN-Only,2.5346874288270462
DQN-Only,2.083636236107832
DQN-Only,2.578436892755207
DQN-Only,2.368492128323983
DQN-Only,2.4443560878479267
DQN-Only,2.1784170532927623
DQN-Only,2.1188128973694877
DQN-Only,1.7824812971709219
DQN-Only,2.7569264757253036
DQN-Only,2.6043581612075726
DQN-Only,2.529079208957556
DQN-Only,2.4378099831669577
DQN-Only,1.692972850390438
DQN-Only,2.129090790054361
DQN-Only,2.268092468219142
DQN-Only,2.036357944215746
DQN-Only,1.8644590350540502
DQN-Only,2.065556511916941
DQN-Only,2.3537993399661516
DQN-Only,2.353871234010788
DQN-Only,2.5948324117697115
DQN-Only,2.919340860010749
DQN-Only,2.532561834843517
DQN-Only,2.2907056487729194
DQN-Only,2.8455316845869216
DQN-Only,1.895792251036722
DQN-Only,1.756260857908373
DQN-Only,2.0910080663976736
DQN-Only,2.5680622353698435
DQN-Only,2.387331718767799
DQN-Only,2.023166703485324
DQN-Only,2.135831854461116
DQN-Only,1.9913914330621403
DQN-Only,1.991384438500854
DQN-Only,2.7755370231501604
DQN-Only,2.2997234607749113
DQN-Only,2.836898650399951
DQN-Only,2.0900839625184746
DQN-Only,2.477907903714449
DQN-Only,2.4037648110168903
DQN-Only,2.5870145856981153
DQN-Only,2.4114772201517782
DQN-Only,2.61661141683091
DQN-Only,2.4956186895927503
DQN-Only,2.033570853311855
DQN-Only,2.5457463058512113
DQN-Only,2.311049792167551
DQN-Only,2.121897142172014
DQN-Only,2.5348689596975875
DQN-Only,2.598773640224268
DQN-Only,2.2042149018621258
DQN-Only,2.2415613709404183
DQN-Only,1.9504966193899063
DQN-Only,1.8332326225034348
DQN-Only,2.27195983019088
DQN-Only,2.562408898587031
DQN-Only,2.1790269930105772
DQN-Only,2.7409244608175483
DQN-Only,2.2824152230936217
DQN-Only,2.283556581505316
DQN-Only,2.258823047681168
DQN-Only,2.6156311947223903
DQN-Only,2.0707379118587284
DQN-Only,2.3037879850149747
DQN-Only,2.1862979556575763
DQN-Only,2.1823116948336567
DQN-Only,2.3498713399295155
DQN-Only,2.308178819948393
DQN-Only,2.6353093006620494
DQN-Only,2.336974604583878
DQN-Only,2.4958456131910403
DQN-Only,2.3885096451545165
DQN-Only,2.7341755272588166
DQN-Only,2.255090300774148
DQN-Only,2.2558803526862428
DQN-Only,2.5492068354476376
DQN-Only,2.25126640200596
DQN-Only,2.479948385075988
DQN-Only,2.9964863650747344
DQN-Only,2.065110092313864
DQN-Only,2.7700930669618526
DQN-Only,2.2017883787704164
DQN-Only,2.715620168011819
DQN-Only,2.5326416761473918
DQN-Only,2.5085720067357955
DQN-Only,2.297609548277157
DQN-Only,2.2696586819740534
DQN-Only,2.137260271524327
DQN-Only,2.3417623124522104
DQN-Only,2.2883576658890625
DQN-Only,2.3936379254738744
DQN-Only,1.9438880474881377
DQN-Only,2.3463587496470133
DQN-Only,2.6945529583558483
DQN-Only,2.6050888285391
DQN-Only,2.3464588988149933
DQN-Only,3.059527003104775
DQN-Only,2.177879191978279
DQN-Only,2.315662490376526
DQN-Only,1.9326953888507832
DQN-Only,2.2266592045001152
DQN-Only,2.842018207526248
DQN-Only,2.237372884032757
DQN-Only,1.9109850009617877
DQN-Only,2.584857286429134
DQN-Only,2.4492902360122253
DQN-Only,2.5732454153399087
DQN-Only,2.256588057229402
DQN-Only,2.057199618819659
DQN-Only,2.288438576488896
DQN-Only,2.4958004721767826
DQN-Only,2.3196905952264593
DQN-Only,2.4489378126576318
DQN-Only,2.189261424773806
DQN-Only,2.4593671053238255
DQN-Only,2.3391536862207576
DQN-Only,2.1417906043338832
DQN-Only,2.3792980035493216
DQN-Only,2.231416845418714
DQN-Only,2.5132997825802907
DQN-Only,2.5851824606740235
DQN-Only,2.4808318118678128
DQN-Only,1.8808955348393481
DQN-Only,2.0690923723434356
DQN-Only,2.1612492159035703
DQN-Only,2.116395016351922
DQN-Only,2.1875685694214093
DQN-Only,2.599809771518154
DQN-Only,2.536182166341717
DQN-Only,2.2209825466099544
DQN-Only,2.5061756597256544
DQN-Only,2.4323388483323067
DQN-Only,2.330773245870117
DQN-Only,2.662421496491493
DQN-Only,2.154307996875507
DQN-Only,2.3548148780635687
DQN-Only,2.044918483264219
DQN-Only,2.0583774090959457
DQN-Only,1.9578971810115884
DQN-Only,2.0631713119623494
DQN-Only,2.36333463757246
DQN-Only,2.2550624424688666
DQN-Only,2.2642201416538317
DQN-Only,2.2559949964117236
DQN-Only,2.837786129116495
DQN-Only,2.020679814217766
DQN-Only,1.990658595819141
DQN-Only,2.1026053360053796
DQN-Only,2.319811930431687
DQN-Only,2.4845477845744446
DQN-Only,2.5136994019790393
DQN-Only,2.6052544392366364
DQN-Only,2.3096065264153522
DQN-Only,2.2287130295301694
DQN-Only,2.798675763142607
DQN-Only,1.5581942877534163
DQN-Only,2.3576227335023163
DQN-Only,2.460745950013899
DQN-Only,2.8661304678674373
DQN-Only,1.8737130189430466
DQN-Only,2.2220253511290364
DQN-Only,1.9587830555278272
DQN-Only,1.835043995984583
DQN-Only,2.2825691855105
DQN-Only,2.573932727137564
DQN-Only,2.678636260403373
DQN-Only,2.190650115621921
DQN-Only,2.52716056834127
DQN-Only,2.284480589508381
DQN-Only,2.496285917177603
DQN-Only,2.66417664954271
DQN-Only,2.28546009263073
DQN-Only,2.6424144065849418
DQN-Only,1.9993819375704993
DQN-Only,2.524348153164905
DQN-Only,2.630255454999006
DQN-Only,2.601202745219772
DQN-Only,2.0072460154992813
DQN-Only,2.282208271357617
DQN-Only,2.4248507765666223
DQN-Only,2.464409125264711
DQN-Only,2.3725379665825046
DQN-Only,2.741315508009425
DQN-Only,1.9761826002038385
DQN-Only,2.272537565817526
DQN-Only,1.8660735943090776
DQN-Only,2.5144466659052536
DQN-Only,2.4957371408412317
DQN-Only,3.2802878250931253
DQN-Only,2.6282017920747416
DQN-Only,2.433047331635862
DQN-Only,2.411574537249213
DQN-Only,2.2510956562960938
DQN-Only,2.3766409444652346
DQN-Only,2.4175707084155613
DQN-Only,1.7882955778959024
DQN-Only,2.395293336214365
DQN-Only,2.3683634867996273
DQN-Only,2.8325269281047034
DQN-Only,2.303026569847462
DQN-Only,2.1250348646446695
DQN-Only,2.4154038086480543
DQN-Only,2.36087693858427
DQN-Only,2.303327345026962
DQN-Only,1.9808599419283122
DQN-Only,2.2961897247343352
DQN-Only,2.1773629222766884
DQN-Only,2.2792119951054173
DQN-Only,2.5455886250720607
DQN-Only,2.150596373539763
DQN-Only,2.2778779187737284
DQN-Only,2.4919703547171697
DQN-Only,2.26435183861842
DQN-Only,3.0726594252056163
DQN-Only,2.4098817134563855
DQN-Only,1.9912753133369447
DQN-Only,2.104323789744138
DQN-Only,2.0760663113646762
DQN-Only,2.108332618793192
DQN-Only,2.4907834555960124
DQN-Only,2.0292921446707455
DQN-Only,2.246997423621068
DQN-Only,2.6608833318395995
DQN-Only,2.1940479790017258
DQN-Only,2.528553426836945
DQN-Only,1.867421952730059
DQN-Only,2.235931292801983
DQN-Only,2.0912265352066246
DQN-Only,2.424175684611117
DQN-Only,2.0494343017393977
DQN-Only,2.9211596519653247
DQN-Only,1.8796607217409762
DQN-Only,2.6589273452011506
DQN-Only,2.586620205637673
DQN-Only,2.427009012753625
DQN-Only,2.355284857586167
DQN-Only,2.8608723947203663
DQN-Only,3.0338466601466707
DQN-Only,2.2817995139330027
DQN-Only,2.3843016401585877
DQN-Only,2.1848860188549715
DQN-Only,2.011664098662747
DQN-Only,2.4700420613974923
DQN-Only,2.4100939707582936
DQN-Only,1.8878498627830795
DQN-Only,2.468045357441257
DQN-Only,2.4195056707381246
DQN-Only,2.1711704917383208
DQN-Only,2.1528404368252243
DQN-Only,2.458997358688786
DQN-Only,2.791773968774725
DQN-Only,2.451869492807237
DQN-Only,2.5591599777517753
DQN-Only,2.1063192526659273
DQN-Only,2.2236723130070097
DQN-Only,2.510731109826403
DQN-Only,1.9585767563905425
DQN-Only,2.3981822368836254
DQN-Only,2.4785531877218454
DQN-Only,2.3291796247307897
DQN-Only,2.4296796667086653
DQN-Only,2.3562358132576833
DQN-Only,2.165297021954025
DQN-Only,2.009187620038256
DQN-Only,2.314640011517146
DQN-Only,2.706305285752923
DQN-Only,2.6276461092443366
DQN-Only,2.2430306914228217
DQN-Only,2.237197873632611
DQN-Only,2.2165287610460958
DQN-Only,2.216564849531688
DQN-Only,2.420800038007095
DQN-Only,2.636940775818886
DQN-Only,2.975396833178239
DQN-Only,2.10697881623817
DQN-Only,2.5228514414134815
DQN-Only,2.4922875003640996
DQN-Only,2.247407205410846
DQN-Only,2.051896602865957
DQN-Only,2.4173247655939862
DQN-Only,2.935262244154517
DQN-Only,2.4155484269488308
DQN-Only,2.1189453647214376
DQN-Only,2.2958396205311247
DQN-Only,2.0198391331879435
DQN-Only,2.345197688278829
DQN-Only,2.531900974168832
DQN-Only,2.145517896248814
DQN-Only,1.4258247022855657
DQN-Only,2.4177482052316375
DQN-Only,2.1991640410697317
DQN-Only,2.1292119103925224
DQN-Only,2.126788109775205
DQN-Only,2.4523907407356744
DQN-Only,2.2254600198187338
DQN-Only,2.6012691335836506
DQN-Only,2.607448428123914
DQN-Only,2.2640065330312895
DQN-Only,2.193740834217256
DQN-Only,2.375860548307866
DQN-Only,2.2991735945499436
DQN-Only,1.847894155462566
DQN-Only,2.877480333578191
DQN-Only,2.5405854778728973
DQN-Only,2.20985340033896
DQN-Only,1.8018795941061656
DQN-Only,2.2893347331310676
DQN-Only,2.174896108934071
DQN-Only,2.3229910445760202
DQN-Only,1.7323851680142652
DQN-Only,2.2073931429581153
DQN-Only,2.224500809794566
DQN-Only,2.286009102523395
DQN-Only,2.273672883154198
DQN-Only,2.3546720338706635
DQN-Only,2.7671466078769194
DQN-Only,2.1953840162210336
DQN-Only,2.0841468459931285
DQN-Only,1.854965589612318
DQN-Only,2.196479987067498
DQN-Only,1.9465287405502947
DQN-Only,2.6095950395260186
DQN-Only,2.313013482757754
DQN-Only,2.6038017677898315
DQN-Only,2.7515677334511865
DQN-Only,2.0970917508600557
DQN-Only,2.2424613793507757
DQN-Only,2.7139376538716298
DQN-Only,2.3931322962890897
DQN-Only,2.4864399903090084
DQN-Only,2.6300601020687058
DQN-Only,2.5917413147488615
DQN-Only,2.4552289625641235
DQN-Only,2.7320983050379803
DQN-Only,2.3208341901484566
DQN-Only,2.4858515630308045
DQN-Only,2.290366211978006
DQN-Only,2.6265709086760074
DQN-Only,2.143225289671863
DQN-Only,1.867453940267255
DQN-Only,2.523902880307578
DQN-Only,2.0535451000653757
DQN-Only,2.025716660795961
DQN-Only,2.6951923256020973
DQN-Only,2.611331297974482
DQN-Only,2.2438257947786404
DQN-Only,1.4848339538595554
DQN-Only,2.4897338310989072
DQN-Only,2.5260313682158375
DQN-Only,2.485120622829709
DQN-Only,2.472215660243937
DQN-Only,2.2890659204614106
DQN-Only,2.2247402644300607
DQN-Only,2.029389747012673
DQN-Only,2.1441710134671474
DQN-Only,2.430272892511668
DQN-Only,2.4348898878113197
DQN-Only,2.561782733383625
DQN-Only,1.94507410349207
DQN-Only,1.8740894389691551
DQN-Only,2.233378804433928
DQN-Only,2.0535987011589483
DQN-Only,2.3922252777817916
DQN-Only,1.972186645794796
DQN-Only,2.67140918563929
DQN-Only,2.109165451350163
DQN-Only,2.7872229269568973
DQN-Only,2.487223959623731
DQN-Only,2.043690840356957
DQN-Only,2.928204400311353
DQN-Only,2.4145390099445976
DQN-Only,2.3866463292521867
DQN-Only,2.321688455693637
DQN-Only,2.4710081727998943
DQN-Only,2.487538107701515
DQN-Only,2.0971153143162797
DQN-Only,2.280034752691096
DQN-Only,2.372488828936334
DQN-Only,2.5036335224748325
DQN-Only,2.508392748999564
DQN-Only,2.3862033358040486
DQN-Only,2.1854693140612036
DQN-Only,2.1710729915354645
DQN-Only,2.0054300564353755
DQN-Only,2.506402406958026
DQN-Only,2.1670336319727963
DQN-Only,2.2861553370924734
DQN-Only,2.4067584890792775
DQN-Only,2.3411047144383357
DQN-Only,2.338424342262561
DQN-Only,2.085886693057114
DQN-Only,2.415496606395096
DQN-Only,2.252157712994244
DQN-Only,2.3157387543541184
DQN-Only,2.665157552291331
DQN-Only,2.4818933488564263
DQN-Only,2.17971778599141
DQN-Only,2.2981849696943835
DQN-Only,2.7891218827873923
DQN-Only,2.2536870074891806
DQN-Only,2.3511986530840083
DQN-Only,2.526492075679015
DQN-Only,2.4004257698032814
DQN-Only,2.2353126722839196
DQN-Only,2.1312475061179184
DQN-Only,2.3371642171613125
DQN-Only,2.5247718318973766
DQN-Only,2.7109087780250136
DQN-Only,1.9285285723717924
DQN-Only,2.834989839161037
DQN-Only,2.259014737995115
DQN-Only,2.599691328446176
DQN-Only,2.13290009415976
DQN-Only,1.887676289509014
DQN-Only,1.9713247154402609
DQN-Only,2.2470673446828173
DQN-Only,2.4871653572419925
DQN-Only,2.348758841919118
DQN-Only,2.2697341157110538
DQN-Only,2.65394094784366
DQN-Only,2.340557618553973
DQN-Only,2.4185635354185284
DQN-Only,3.213576471971896
DQN-Only,2.337742787328175
DQN-Only,2.144606692307162
DQN-Only,2.4750535026953275
DQN-Only,2.5461321771277765
DQN-Only,2.424516155085276
DQN-Only,2.3840610194052445
DQN-Only,2.7562104543143344
DQN-Only,2.7211150172069964
DQN-Only,2.3071179964869586
DQN-Only,2.1593067270213266
DQN-Only,2.4605201583554632
DQN-Only,2.157695273078715
DQN-Only,2.5885533964052017
DQN-Only,2.459075002364515
DQN-Only,3.089744715603631
DQN-Only,2.7537017682716205
DQN-Only,2.037089668169076
DQN-Only,2.194324138204085
DQN-Only,1.8025627460994054
DQN-Only,1.7397206966934096
DQN-Only,2.371962584341983
DQN-Only,2.0051786552732986
DQN-Only,2.8008449534414797
DQN-Only,2.6651426601436743
DQN-Only,2.263764363054769
DQN-Only,2.247809866751859
DQN-Only,2.7570927262658866
DQN-Only,2.821461727683912
DQN-Only,2.078126507444681
DQN-Only,2.0420197744273674
DQN-Only,2.25545360590562
DQN-Only,2.4610786308687027
DQN-Only,2.195760998900875
DQN-Only,2.4669817372966865
DQN-Only,2.8876438577689623
DQN-Only,1.9451864398362824
DQN-Only,2.214854212878432
DQN-Only,1.950532670129118
DQN-Only,2.105086984810463
DQN-Only,2.257254841009207
DQN-Only,2.135799104935148
DQN-Only,2.4860097006305195
DQN-Only,2.3823885243011986
DQN-Only,2.4239645578414
DQN-Only,2.2538792634791496
DQN-Only,2.2797380771916953
DQN-Only,2.241526094233892
DQN-Only,2.2701769094286486
DQN-Only,2.4576578145869465
DQN-Only,1.7998838154951544
DQN-Only,2.420853924490039
DQN-Only,2.0960604577465465
DQN-Only,2.244848774660251
DQN-Only,1.9015215621002173
DQN-Only,2.239284985295922
DQN-Only,2.418029836499638
DQN-Only,2.4683492874366872
DQN-Only,2.0068781098689237
DQN-Only,2.4548018839177725
DQN-Only,2.66004913139697
DQN-Only,2.2013718368935726
DQN-Only,2.340256402707842
DQN-Only,1.7591521242178634
DQN-Only,2.0881128371761437
DQN-Only,2.415962076989237
DQN-Only,2.608295247101025
DQN-Only,2.1717227963501102
DQN-Only,3.089563608949301
DQN-Only,2.4281402109685812
DQN-Only,1.9824413892882307
DQN-Only,2.701440905317325
DQN-Only,1.9881735688206075
DQN-Only,2.4322223087317214
DQN-Only,2.079069109595277
DQN-Only,1.9588324066203588
DQN-Only,2.6101723348238783
DQN-Only,2.2670546286643463
DQN-Only,2.824568712920519
DQN-Only,2.0541642484861047
DQN-Only,1.902052890979277
DQN-Only,2.2053099320237908
DQN-Only,3.1516548709650207
DQN-Only,2.5741635025486693
DQN-Only,2.495533158257228
DQN-Only,2.5048125302117796
DQN-Only,2.203855961581384
DQN-Only,3.106401556854557
DQN-Only,2.468630387036693
DQN-Only,2.442300012430752
DQN-Only,2.616549516223392
DQN-Only,1.9824733027999093
DQN-Only,2.093079385100378
DQN-Only,2.271059699643275
DQN-Only,2.6183649637361155
DQN-Only,1.9755067140231242
DQN-Only,2.3210868791344588
DQN-Only,2.281355054681199
DQN-Only,1.8979124652187063
DQN-Only,2.1970919957668658
DQN-Only,2.492264394782988
DQN-Only,1.9234978834898309
DQN-Only,2.736302753913476
DQN-Only,2.4714271442294393
DQN-Only,2.437158667693859
DQN-Only,2.3422992122883803
DQN-Only,2.033275989960941
DQN-Only,2.157565124414508
DQN-Only,2.4416088034123993
DQN-Only,2.157015218582555
DQN-Only,2.3930007398133744
DQN-Only,2.087594125556046
DQN-Only,2.466761519571426
DQN-Only,2.48772343191725
DQN-Only,1.882945025423373
DQN-Only,2.3589002370494763
DQN-Only,1.9127156458483912
DQN-Only,1.8174196936424776
DQN-Only,2.1732350560561255
DQN-Only,3.125374451459952
DQN-Only,2.557728937209395
DQN-Only,2.730902815458886
DQN-Only,2.510843364017453
DQN-Only,2.397688502312233
DQN-Only,2.591425965979003
DQN-Only,2.1604083596795656
DQN-Only,2.4721205043780015
DQN-Only,2.6705290657288936
DQN-Only,2.5363976195403453
DQN-Only,2.6889726141822963
DQN-Only,2.3912741248237284
DQN-Only,2.8151362470340136
DQN-Only,2.281528523528104
DQN-Only,2.9346480343464765
DQN-Only,2.501068964208278
DQN-Only,2.2321878913638478
DQN-Only,2.0089002442964423
DQN-Only,2.113116117913786
DQN-Only,2.0706112441151565
DQN-Only,2.315087646848164
DQN-Only,1.9822724993317338
DQN-Only,2.703006572393253
DQN-Only,2.3710909831327354
DQN-Only,2.3596980298232406
DQN-Only,2.0127593783707636
DQN-Only,2.1240542128317608
DQN-Only,1.7165208495019066
DQN-Only,2.794279683446071
DQN-Only,1.9419051664322302
DQN-Only,1.9631934289471094
DQN-Only,2.73681908849383
DQN-Only,2.4488281561965826
DQN-Only,2.3739028899187904
DQN-Only,2.4355473878900886
DQN-Only,2.6078552248117353
DQN-Only,2.368044988941614
DQN-Only,1.9065754438797944
DQN-Only,2.5458797161630553
DQN-Only,2.4585941605614345
DQN-Only,2.668972179965023
DQN-Only,1.9892530391360836
DQN-Only,2.1352007951579433
DQN-Only,2.450098558827743
DQN-Only,2.0747811521150252
DQN-Only,1.679321825184061
DQN-Only,2.395410426509313
DQN-Only,2.591318143374546
DQN-Only,2.303795944679607
DQN-Only,2.49391634373305
DQN-Only,2.4532655980204616
DQN-Only,2.3429470964129653
DQN-Only,2.3781784544005413
DQN-Only,2.7188379818485418
DQN-Only,2.069238438148669
DQN-Only,2.5570709832913106
DQN-Only,2.008409525370654
DQN-Only,2.1168257162836053
DQN-Only,2.675813581975187
DQN-Only,2.0002793442144986
DQN-Only,2.2721611776334716
DQN-Only,3.003066267232068
DQN-Only,2.6279746254153196
DQN-Only,2.133002112807161
DQN-Only,2.181116269792441
DQN-Only,2.2922313912060597
DQN-Only,2.708393940075791
DQN-Only,2.0587374822477393
DQN-Only,2.04174296112338
DQN-Only,2.540309538371743
DQN-Only,1.8679367395884219
DQN-Only,2.084169535535578
DQN-Only,2.3161070139735678
DQN-Only,2.330503284476502
DQN-Only,1.9568147329510628
DQN-Only,2.4393303040768215
DQN-Only,2.495497219843487
DQN-Only,2.1539729972486117
DQN-Only,2.8063406530316994
DQN-Only,2.435361383992043
DQN-Only,2.057835600333616
DQN-Only,2.795115177396221
DQN-Only,2.193050512617021
DQN-Only,2.390227668781788
DQN-Only,2.2033118325256
DQN-Only,2.5152621903501973
DQN-Only,2.204786856784647
DQN-Only,2.2218235468761285
DQN-Only,2.295078278121371
DQN-Only,2.1990523683931866
DQN-Only,2.640965536437127
DQN-Only,1.9868116480644025
DQN-Only,2.3295689324982582
DQN-Only,2.3651217914400715
DQN-Only,2.3050026936348322
DQN-Only,2.611898253450728
DQN-Only,1.9176914032370873
DQN-Only,2.499471161990233
DQN-Only,1.9904174087591806
DQN-Only,2.1971355533150176
DQN-Only,1.9615686070477136
DQN-Only,2.2467487979842122
DQN-Only,2.1776382737048205
DQN-Only,2.8000267207307066
DQN-Only,2.4077756858925183
DQN-Only,2.463491914456969
DQN-Only,2.0290129982648106
DQN-Only,2.547813653286289
DQN-Only,2.8000138552896194
DQN-Only,2.5842704945333934
DQN-Only,1.971586868934756
DQN-Only,2.209668967736171
DQN-Only,2.3704640231954333
DQN-Only,2.1779325802312925
DQN-Only,3.0512638315956333
DQN-Only,2.2045767782420636
DQN-Only,2.3278269407174896
DQN-Only,2.1714559811073992
DQN-Only,2.4050567868477057
DQN-Only,2.7281638844990237
DQN-Only,2.372251411139807
DQN-Only,2.2785010780571144
DQN-Only,2.0384459466941554
DQN-Only,2.679441252237559
DQN-Only,2.299650742186999
DQN-Only,2.2875756832638117
DQN-Only,1.6832264396738077
DQN-Only,2.3042775784756695
DQN-Only,2.2273697223557214
DQN-Only,1.8272579615672533
DQN-Only,2.617882889603294
DQN-Only,2.1897039286810753
DQN-Only,2.872275740860962
DQN-Only,2.7371751843446877
DQN-Only,2.1378510661012773
DQN-Only,2.7245032735576795
DQN-Only,2.792240248209769
DQN-Only,2.183022816009453
DQN-Only,2.0500290412662228
DQN-Only,1.7347764061288182
DQN-Only,2.446828001024397
DQN-Only,2.066690095003889
DQN-Only,2.4552664140484937
DQN-Only,2.180547443507916
DQN-Only,2.1210513692316746
DQN-Only,2.182333260454208
DQN-Only,1.9750114090133215
DQN-Only,2.1822035188699713
DQN-Only,2.1331591625717192
DQN-Only,2.3360250967499696
DQN-Only,2.3692756706008433
DQN-Only,2.0392140353629222
DQN-Only,2.6491060975232723
DQN-Only,2.2951931276313293
DQN-Only,2.761884969468019
DQN-Only,2.4076959101168893
DQN-Only,2.359404414110164
DQN-Only,2.2021333493722044
DQN-Only,2.5126469012935138
DQN-Only,2.3494255437262
DQN-Only,2.581057171121734
DQN-Only,2.7905892012344156
DQN-Only,2.1358997146150176
DQN-Only,2.512260572797288
DQN-Only,2.5043006223374564
DQN-Only,2.468637823839083
DQN-Only,2.218357670341784
DQN-Only,2.224039036167391
DQN-Only,2.1760458865800376
DQN-Only,2.170476249265846
DQN-Only,2.10409304996055
DQN-Only,2.3106571621609606
DQN-Only,2.1272046062030046
DQN-Only,2.4623287492319696
DQN-Only,2.3559927083297874
DQN-Only,2.3874896198707503
DQN-Only,2.263204254053084
DQN-Only,2.3593466408523533
DQN-Only,2.2705518481211993
DQN-Only,2.558895696798845
DQN-Only,2.215777090377588
DQN-Only,2.445447270821082
DQN-Only,1.9731710389950547
DQN-Only,2.5399506128083367
DQN-Only,2.182959542087923
DQN-Only,2.083834191495237
DQN-Only,2.0202250628975578
DQN-Only,1.9980076577957628
DQN-Only,2.2048028499392474
DQN-Only,2.760814656683022
DQN-Only,2.159354941797681
DQN-Only,1.7196647319817
DQN-Only,2.4426229332647416
DQN-Only,2.0271167628484124
DQN-Only,2.5687979681544637
DQN-Only,2.22176164612136
DQN-Only,2.2630585486596186
DQN-Only,2.6762048877625566
DQN-Only,2.513458446623764
DQN-Only,1.9900173242646249
DQN-Only,2.031328188361527
DQN-Only,1.8391847927734082
DQN-Only,3.070984446276006
DQN-Only,2.0977517943427264
DQN-Only,2.66848348611142
DQN-Only,2.190537301970027
DQN-Only,2.036776562334504
DQN-Only,2.3460542659223265
DQN-Only,2.2482726958289234
DQN-Only,2.565166410920037
DQN-Only,2.568679003214415
DQN-Only,2.1742884018832545
DQN-Only,1.9356607995177113
DQN-Only,2.0038363347174744
DQN-Only,1.6990858039060197
DQN-Only,2.262931732642366
DQN-Only,2.336686462143811
DQN-Only,2.019093920528973
DQN-Only,1.9851667689723014
DQN-Only,2.335483646946525
DQN-Only,2.162547134693789
DQN-Only,2.280209549347626
DQN-Only,2.236883262406656
DQN-Only,2.409843451593152
DQN-Only,2.1812696519616224
DQN-Only,2.202760627807171
DQN-Only,1.8115909015012015
DQN-Only,2.3258666160121173
DQN-Only,2.3649046637292552
DQN-Only,2.290101994558631
DQN-Only,2.876842998574789
DQN-Only,2.3857082596222394
DQN-Only,2.296061229967038
DQN-Only,2.480159907255861
DQN-Only,2.9332920813770977
DQN-Only,2.410964630739075
DQN-Only,1.7156458751077213
DQN-Only,2.4613220413944488
DQN-Only,2.0931106922725156
DQN-Only,1.8001689678253516
DQN-Only,2.816675198180201
DQN-Only,2.755990177292211
DQN-Only,2.085826152128438
DQN-Only,2.0876643818131306
DQN-Only,2.384974953105193
DQN-Only,2.091441781224481
DQN-Only,2.302071320861481
DQN-Only,2.139738488044362
DQN-Only,2.227567030197179
DQN-Only,1.9456570611467716
DQN-Only,2.5721930503491817
DQN-Only,2.6780239623196302
DQN-Only,2.311862719840098
DQN-Only,2.3298231049121583
DQN-Only,2.516667290832633
DQN-Only,2.3405338414707644
DQN-Only,2.8256615287524203
DQN-Only,1.9703653099293026
DQN-Only,2.5817525022786607
DQN-Only,2.3079319758793986
DQN-Only,2.0251635317753083
DQN-Only,2.97098251900044
DQN-Only,3.0097642646024365
DQN-Only,2.2816301215702746
DQN-Only,2.4648788777302655
DQN-Only,2.2076908974880505
DQN-Only,2.2528692082078936
DQN-Only,2.0219942284444126
DQN-Only,1.9805023767541574
DQN-Only,2.8578373121159104
DQN-Only,2.329113978218772
DQN-Only,2.354204247471112
DQN-Only,2.112406484004923
DQN-Only,2.3933436327982744
DQN-Only,1.9177345965447625
DQN-Only,2.122734211656165
DQN-Only,2.0031032608749273
DQN-Only,2.703041860537284
DQN-Only,1.8761469394651784
DQN-Only,2.0088762883802946
DQN-Only,1.7650369325677688
DQN-Only,2.0900845371749948
DQN-Only,2.2109665085595815
DQN-Only,2.614560729878198
DQN-Only,2.277663006676893
DQN-Only,2.2247071959999847
DQN-Only,2.4242142011195105
DQN-Only,2.215632803095179
DQN-Only,3.0167021278436
DQN-Only,2.174046238748039
DQN-Only,2.4561702685455944
DQN-Only,2.572068783966265
DQN-Only,2.1659843076082455
DQN-Only,2.3864365510056924
DQN-Only,2.1993625971451305
DQN-Only,2.4169450428714305
DQN-Only,2.368339512848353
DQN-Only,2.3006085363072453
DQN-Only,2.015517753343397
DQN-Only,2.8633254990556867
DQN-Only,2.5046609060797542
DQN-Only,1.8939106314063912
DQN-Only,2.2219602191267676
DQN-Only,1.8993135950269109
DQN-Only,2.5539924475854163
DQN-Only,2.333883417145249
DQN-Only,2.34114503926569
DQN-Only,2.1034632829124833
DQN-Only,2.25138963265711
DQN-Only,2.5610412954521165
DQN-Only,2.6364776682388555
DQN-Only,2.577675050480491
DQN-Only,1.904151544443879
DQN-Only,2.2877386197462517
DQN-Only,2.411130418803689
DQN-Only,2.1336750145101657
DQN-Only,1.8741483838838566
DQN-Only,1.9787141426124137
DQN-Only,2.7611367550516435
DQN-Only,2.005437644119912
DQN-Only,2.353355044110046
DQN-Only,2.2961011334010233
DQN-Only,2.2968181048930387
DQN-Only,2.2501829001176072
DQN-Only,2.561589673377049
DQN-Only,2.350000107669798
DQN-Only,2.1643161714843666
DQN-Only,2.354417345845243
DQN-Only,1.9812655988020689
DQN-Only,2.4736452429088924
DQN-Only,2.1487845084256
DQN-Only,2.1649573803022704
DQN-Only,2.4840637484123356
DQN-Only,2.2256256911784225
DQN-Only,2.241434663799027
DQN-Only,2.6678705700763623
DQN-Only,2.066728884412917
DQN-Only,2.4799465084809396
DQN-Only,2.606626346871731
DQN-Only,2.667664733471238
DQN-Only,2.951166821290907
DQN-Only,2.159687021035332
DQN-Only,2.0962836180107267
DQN-Only,2.569474098755696
DQN-Only,2.604019704773954
DQN-Only,2.1179617109097126
DQN-Only,2.476133101137276
DQN-Only,3.104957286484312
DQN-Only,2.369389765290855
DQN-Only,2.5993184644200964
DQN-Only,2.7827478578764597
DQN-Only,3.043051918808762
DQN-Only,2.408992456467826
DQN-Only,2.691851819674835
DQN-Only,2.1185908521539365
DQN-Only,2.346986569208213
DQN-Only,2.214636145048141
DQN-Only,1.8105963406644552
DQN-Only,1.8898681165915032
DQN-Only,2.4607531464504624
DQN-Only,2.4662726504160037
DQN-Only,2.047510694719233
DQN-Only,2.777313809686635
DQN-Only,2.028317167530941
DQN-Only,2.4122411238299786
DQN-Only,2.223400760377438
DQN-Only,2.3700310052003077
DQN-Only,2.5923081412648896
DQN-Only,2.552661638180031
DQN-Only,2.5387621076670244
DQN-Only,2.5029077001786137
DQN-Only,1.9826133607586298
DQN-Only,2.658575920454908
DQN-Only,2.042270990951286
DQN-Only,2.310225627008524
DQN-Only,2.241347400489003
DQN-Only,2.4383146205684643
DQN-Only,2.2038919588177484
DQN-Only,2.295490219921502
DQN-Only,2.794578145157271
DQN-Only,1.97629285280997
DQN-Only,2.3393074259782245
DQN-Only,2.0271530922736614
DQN-Only,2.529357378790299
DQN-Only,2.135934549456477
DQN-Only,2.350821032422696
DQN-Only,1.9680340865507266
DQN-Only,2.7026643845995104
DQN-Only,2.36043940867179
DQN-Only,2.3786845564429133
DQN-Only,2.572800503180556
DQN-Only,1.9886044858251892
DQN-Only,2.167301735703972
DQN-Only,2.3877512085716117
DQN-Only,1.8452336732271322
DQN-Only,1.875380826797915
DQN-Only,2.1093895390120005
DQN-Only,2.0196078618413082
DQN-Only,2.2434431721847226
DQN-Only,2.4866989453628365
DQN-Only,2.5505663958458134
DQN-Only,2.8480825100806406
DQN-Only,2.333647056137048
DQN-Only,2.38334395058185
DQN-Only,2.33301353815223
DQN-Only,2.4299313287202233
DQN-Only,2.451861568257606
DQN-Only,2.5989306668622802
DQN-Only,2.597832877050505
DQN-Only,2.485837207015142
DQN-Only,2.76405652832039
DQN-Only,2.3475133823465906
DQN-Only,2.1682717900372395
DQN-Only,2.2141889493737383
DQN-Only,2.3102815749786187
DQN-Only,2.035715269245958
DQN-Only,2.167766388828203
DQN-Only,2.019933593944767
DQN-Only,2.436584041467099
DQN-Only,2.4393529646351837
DQN-Only,1.843288660476704
DQN-Only,2.156333734177565
DQN-Only,2.852513027934409
DQN-Only,2.516842226192909
DQN-Only,2.4675776900550908
DQN-Only,2.1534776853689706
DQN-Only,2.4206689411742164
DQN-Only,2.335925614916633
DQN-Only,2.1162736226835706
DQN-Only,2.201343912591391
DQN-Only,2.2076720400182155
DQN-Only,1.9219805483094983
DQN-Only,1.9683423117642447
DQN-Only,2.283989165712917
DQN-Only,2.10188213593963
DQN-Only,2.255502187281267
DQN-Only,1.8891326820722083
DQN-Only,2.56501234278738
DQN-Only,2.924198627178918
DQN-Only,2.628492684339895
DQN-Only,2.6574541424010207
DQN-Only,2.5158151974385894
DQN-Only,2.4145765041938274
DQN-Only,2.3642956305054135
DQN-Only,2.0832009270839564
DQN-Only,2.5337676576965404
DQN-Only,2.5171029325204626
DQN-Only,2.209986908172082
DQN-Only,2.4877019464813985
DQN-Only,2.14514015968036
DQN-Only,2.1630242924891294
DQN-Only,2.557649582023067
DQN-Only,2.460892103341369
DQN-Only,2.274870030244352
DQN-Only,2.242375343733312
DQN-Only,2.3890761880051605
DQN-Only,1.824619525916182
DQN-Only,2.1272183474684034
DQN-Only,1.9847573610651552
DQN-Only,2.3433283413989794
DQN-Only,2.645684063753953
DQN-Only,2.473986168429412
DQN-Only,2.196371370555652
DQN-Only,2.141587606266113
DQN-Only,2.128314315391503
DQN-Only,2.9014924882942066
DQN-Only,2.35911189285982
DQN-Only,2.3960900640331086
DQN-Only,1.7471948010450196
DQN-Only,2.0083924455022526
DQN-Only,2.32759513157087
DQN-Only,2.2001160908653423
DQN-Only,2.377362708925681
DQN-Only,2.3736619869810727
DQN-Only,2.5086069909633193
DQN-Only,1.8151394110744303
DQN-Only,2.0296518138275115
DQN-Only,2.3120288583131483
DQN-Only,2.1582091791046745
DQN-Only,2.252874053904387
DQN-Only,2.3706148999132157
DQN-Only,2.130822803167864
DQN-Only,2.393989450424206
DQN-Only,2.492750856401612
DQN-Only,2.3582742023219128
DQN-Only,2.5423803604319835
DQN-Only,1.7298380594629041
DQN-Only,2.175441385279
DQN-Only,2.5905665192201326
DQN-Only,2.0972896571098776
DQN-Only,2.059183416051721
DQN-Only,2.304543892274584
DQN-Only,2.335136816157935
DQN-Only,2.1898571021760636
DQN-Only,2.8576755327244143
DQN-Only,2.420446603667852
DQN-Only,2.0864704869828934
DQN-Only,1.9357863114284766
DQN-Only,2.453885892994293
DQN-Only,2.079816689112861
DQN-Only,2.944455500117461
DQN-Only,2.460166339430141
DQN-Only,2.497240129561395
DQN-Only,2.4098313569256984
DQN-Only,2.6549366976026287
DQN-Only,1.6673860866012493
DQN-Only,2.002121774457902
DQN-Only,2.630385952369943
DQN-Only,2.76136283924411
DQN-Only,1.9931328070491838
DQN-Only,1.8293283685753456
DQN-Only,2.3870401177943665
DQN-Only,2.476303807185742
DQN-Only,2.381384971511607
DQN-Only,2.323256155474784
DQN-Only,1.8199991023510682
DQN-Only,2.2346971529451776
DQN-Only,2.276566990498243
DQN-Only,2.186054151415094
DQN-Only,1.8012182497282527
DQN-Only,2.5041940185576
DQN-Only,2.5831061048299135
DQN-Only,2.1168638073569896
DQN-Only,2.287779172437013
DQN-Only,2.2004672391451128
DQN-Only,2.203196411583573
DQN-Only,2.4784809806783814
DQN-Only,2.485263161709563
DQN-Only,2.641795763612862
DQN-Only,2.635943268822392
DQN-Only,2.291756849023401
DQN-Only,3.138062925660472
DQN-Only,2.775226509758318
DQN-Only,2.155194305828346
DQN-Only,2.3755489392750926
DQN-Only,1.7823836171474299
DQN-Only,2.347653943297804
DQN-Only,2.809973489328494
DQN-Only,3.1209902952794066
DQN-Only,2.3059449881120204
DQN-Only,2.4340349737172677
DQN-Only,2.5099716177149456
DQN-Only,2.8959007628837723
DQN-Only,2.063980805890289
DQN-Only,3.0856680640803957
DQN-Only,2.250966214195615
DQN-Only,2.0114207739511136
DQN-Only,2.2514746539385673
DQN-Only,2.1126629144004583
DQN-Only,2.4577269982083356
DQN-Only,1.8760077261523924
DQN-Only,2.3797725226875026
DQN-Only,2.526442478170353
DQN-Only,2.7563797850966845
DQN-Only,2.5311141894035902
DQN-Only,2.739093873702734
DQN-Only,2.1699285175035294
DQN-Only,2.4506886239533556
DQN-Only,1.7140330599553235
DQN-Only,2.3079921811541984
DQN-Only,2.4485997601006138
DQN-Only,2.4740068979623877
DQN-Only,1.8979991302618036
DQN-Only,2.2304414122190916
DQN-Only,2.2695864513592183
DQN-Only,2.2195157129521235
DQN-Only,2.5435816417363855
DQN-Only,2.2791148563647803
DQN-Only,2.3678910105360798
DQN-Only,2.2025148165253143
DQN-Only,2.639002703268696
DQN-Only,2.659896959517196
DQN-Only,2.2534176381615425
DQN-Only,3.1404454566831905
DQN-Only,2.1247730343965623
DQN-Only,2.6228208934175763
DQN-Only,2.0729590105758664
DQN-Only,2.5570652089122197
DQN-Only,2.535157121365373
DQN-Only,2.0559039366476113
DQN-Only,2.303326687566838
DQN-Only,2.8644612365391606
DQN-Only,2.111344119074328
DQN-Only,2.452843969182726
DQN-Only,2.434203875268821
DQN-Only,2.3281269463571714
DQN-Only,1.8538985871785276
DQN-Only,2.5726779096351766
DQN-Only,2.343261851948652
DQN-Only,2.6499598648949214
DQN-Only,2.4050776759409507
DQN-Only,2.358102960232417
DQN-Only,2.4446095219645736
DQN-Only,2.0627013473042646
DQN-Only,2.7775162286170447
DQN-Only,2.2345836525461107
DQN-Only,2.2381927211762584
DQN-Only,2.702876805884344
DQN-Only,2.4094536884982896
DQN-Only,2.273604831071672
DQN-Only,2.4562006822697673
DQN-Only,2.5157763292783537
DQN-Only,2.3067702328103628
DQN-Only,2.5989902878721445
DQN-Only,1.9832283329992526
DQN-Only,2.4135161887666214
DQN-Only,2.5647157273111056
DQN-Only,2.5146000654701894
DQN-Only,1.710713312285088
DQN-Only,2.30445281040516
DQN-Only,1.9990984349628727
DQN-Only,2.701044694577826
DQN-Only,2.2302987683193485
DQN-Only,2.6698568417931754
DQN-Only,1.998254089235867
DQN-Only,2.44969249376551
DQN-Only,2.3422297210569587
DQN-Only,3.116150648223625
DQN-Only,2.670762094685985
DQN-Only,2.6527787030078
DQN-Only,2.9094084139458714
DQN-Only,2.4196819396274405
DQN-Only,2.312058641897615
DQN-Only,2.280042494570198
DQN-Only,2.43205091747406
DQN-Only,1.5621495688120302
DQN-Only,2.3406531991245134
DQN-Only,2.4036830636274917
DQN-Only,2.2962371859494883
DQN-Only,1.9101211670868667
DQN-Only,2.297925886666144
DQN-Only,1.9093372620393925
DQN-Only,2.838071173250679
DQN-Only,2.2677360639893624
DQN-Only,1.7607927018653022
DQN-Only,2.282011724799143
DQN-Only,2.591427866925624
DQN-Only,2.389442723183354
DQN-Only,2.0833892141863934
DQN-Only,2.1495479096963868
DQN-Only,2.259453293676905
DQN-Only,2.2165425094168993
DQN-Only,1.9863138274800378
DQN-Only,2.3210185524597953
DQN-Only,1.9654874269432372
DQN-Only,2.6064917927237667
DQN-Only,2.6407665223710106
DQN-Only,2.0583049677652725
DQN-Only,2.138766389204767
DQN-Only,2.221221562054443
DQN-Only,2.331149803356612
DQN-Only,2.4121228463557367
DQN-Only,2.4700252026082614
DQN-Only,2.4634738987000873
DQN-Only,2.7763254472367245
DQN-Only,2.3569502296349474
DQN-Only,1.9742631907553485
DQN-Only,1.8881418530970029
DQN-Only,2.799328954494963
DQN-Only,2.483111367860764
DQN-Only,2.3979718146751745
DQN-Only,2.4660824140862796
DQN-Only,2.3850035141068795
DQN-Only,2.4616394439954257
DQN-Only,2.23537717206916
DQN-Only,2.6362992023701968
DQN-Only,2.192617839319304
DQN-Only,2.0863569771745034
DQN-Only,1.8652108251235502
DQN-Only,2.273246901716706
DQN-Only,2.695914719241868
DQN-Only,2.211576079989244
DQN-Only,1.952903756704554
DQN-Only,2.41997972738275
DQN-Only,2.157180162806272
DQN-Only,2.774753400620579
DQN-Only,2.641747052528041
DQN-Only,1.9831327415992313
DQN-Only,2.2911703583505347
DQN-Only,2.127919806726425
DQN-Only,2.014130312228422
DQN-Only,2.324293594699806
DQN-Only,2.5697597600785063
DQN-Only,2.317056593575663
DQN-Only,2.195064728537495
DQN-Only,1.7204887862535414
DQN-Only,2.1530390582209824
DQN-Only,2.494946777014448
DQN-Only,1.9631829863958898
DQN-Only,2.7001434427126396
DQN-Only,2.1761153307934347
DQN-Only,2.3943965254502704
DQN-Only,2.2279217251417567
DQN-Only,2.0096902592895898
DQN-Only,2.463635132173326
DQN-Only,2.1720780329268914
DQN-Only,2.1060848491380697
DQN-Only,1.672777284230304
DQN-Only,2.7057944459435364
DQN-Only,2.341726568525161
DQN-Only,2.650724684025465
DQN-Only,2.5141500278844733
DQN-Only,2.6506862230236123
DQN-Only,2.181588135862971
DQN-Only,1.9546144641781844
DQN-Only,2.5541641594162146
DQN-Only,2.376559807221333
DQN-Only,2.209044319675943
DQN-Only,2.5485539248939504
DQN-Only,2.426523071092227
DQN-Only,2.5194139235370097
DQN-Only,2.0529116438301576
DQN-Only,2.6145147025285387
DQN-Only,2.3386997061797055
DQN-Only,2.6446315441630586
DQN-Only,2.6118855323867853
DQN-Only,2.532712476309413
DQN-Only,2.3087957599112716
DQN-Only,2.5392470378524856
DQN-Only,2.6519085834589795
DQN-Only,2.5103705885996788
DQN-Only,2.396889334688584
DQN-Only,2.5398871554830436
DQN-Only,2.1923821776859325
DQN-Only,2.7651282655939635
DQN-Only,1.8677428704598689
DQN-Only,2.3496602840038543
DQN-Only,2.2260070164595587
DQN-Only,2.160037612513726
DQN-Only,2.42569903684632
DQN-Only,2.023966449895717
DQN-Only,2.9442625613436606
DQN-Only,1.9603287929194362
DQN-Only,2.0728839390708114
DQN-Only,2.0463720345535332
DQN-Only,2.395738271092515
DQN-Only,2.6248839849830037
DQN-Only,2.4877027390478834
DQN-Only,2.753434277242455
DQN-Only,2.107703132844593
DQN-Only,2.5249689866775684
DQN-Only,2.2547669126648833
DQN-Only,2.4040432131786456
DQN-Only,2.6513176508898924
DQN-Only,1.864810494631087
DQN-Only,2.899075204631454
DQN-Only,2.2992154853283906
DQN-Only,1.888858995977516
DQN-Only,2.145448417812026
DQN-Only,2.368727309164149
DQN-Only,2.145384245876701
DQN-Only,1.7649516594974881
DQN-Only,2.367181176554204
DQN-Only,2.1373327225603593
DQN-Only,2.5228400985736
DQN-Only,2.039996829162235
DQN-Only,2.975037498067248
DQN-Only,2.484227045308039
DQN-Only,2.395259879714508
DQN-Only,2.514973055361559
DQN-Only,1.828519336103469
DQN-Only,2.200454163697972
DQN-Only,2.8406722324169356
DQN-Only,2.2501067404668
DQN-Only,2.322358510495055
DQN-Only,2.2090069454041776
DQN-Only,2.751233863986321
DQN-Only,2.2713066885883038
DQN-Only,1.9884846474124933
DQN-Only,3.0641312864124566
DQN-Only,1.9538934180480667
DQN-Only,2.3126556315669315
DQN-Only,2.1036241596432106
DQN-Only,2.1429904165674976
DQN-Only,2.0423990489900454
DQN-Only,2.188370201213924
DQN-Only,2.6163165371992747
DQN-Only,1.8059222687967338
DQN-Only,2.6940347691812874
DQN-Only,2.6456221771301958
DQN-Only,2.4829438354366897
DQN-Only,2.375428670101735
DQN-Only,2.4176802850640486
DQN-Only,2.7396942104217272
DQN-Only,1.8497836465581994
DQN-Only,2.544222944905728
DQN-Only,2.1304749155200557
DQN-Only,2.5718699042214164
DQN-Only,2.167701023112825
DQN-Only,2.538489085229989
DQN-Only,1.9051853179148714
DQN-Only,1.8647253832542414
DQN-Only,2.3082519544146756
DQN-Only,2.743096831373211
DQN-Only,2.4905886654646068
DQN-Only,2.4885753411322207
DQN-Only,2.5815424228333335
DQN-Only,2.2285290224974252
DQN-Only,2.511498280066573
DQN-Only,2.177227829060037
DQN-Only,2.25182461019614
DQN-Only,2.286690258576541
DQN-Only,2.186815819153481
DQN-Only,2.321453006945846
DQN-Only,2.2685200857359185
DQN-Only,2.1412876731923487
DQN-Only,2.300519039925401
DQN-Only,2.383598717481007
DQN-Only,2.0311581074962315
DQN-Only,2.4572217600440114
DQN-Only,2.2013746225865756
DQN-Only,2.395655619886381
DQN-Only,2.153184535007533
DQN-Only,2.634979109256565
DQN-Only,2.60847729151375
DQN-Only,2.0453316327427213
DQN-Only,2.4874197669083284
DQN-Only,2.746113053358865
DQN-Only,2.073751417630697
DQN-Only,2.0959976158922475
DQN-Only,2.546404694063841
DQN-Only,1.9729442841192122
DQN-Only,2.1216743657482136
DQN-Only,2.055082002109007
DQN-Only,2.5498935899772595
DQN-Only,2.1455657237339434
DQN-Only,2.2600833639246503
DQN-Only,2.129870553767445
DQN-Only,2.6625025909990496
DQN-Only,2.098684142043635
DQN-Only,1.9447459043736743
DQN-Only,1.9337407051203517
DQN-Only,2.5347796253914208
DQN-Only,2.555054927520409
DQN-Only,2.69059411973241
DQN-Only,1.985918692695278
DQN-Only,2.275075629939191
DQN-Only,3.0215856736651676
DQN-Only,2.2551094945110925
DQN-Only,2.1817948558712232
DQN-Only,2.334100470490039
DQN-Only,2.488810177212537
DQN-Only,2.484115888457561
DQN-Only,2.1674677127579765
DQN-Only,2.1757220907502797
DQN-Only,2.256754015666412
DQN-Only,2.1349916704291516
DQN-Only,1.9932785281679286
DQN-Only,2.84767278643228
DQN-Only,2.2257355683254247
DQN-Only,2.241651717056235
DQN-Only,2.25040048165784
DQN-Only,2.317392791903791
DQN-Only,2.4620805432832604
DQN-Only,2.2093741415327215
DQN-Only,2.659930471050326
DQN-Only,2.5078666988905414
DQN-Only,2.2863956701367196
DQN-Only,2.1529213177222024
DQN-Only,2.644647371307082
DQN-Only,2.294498553682227
DQN-Only,1.991035448900594
DQN-Only,2.6267149181411185
DQN-Only,2.1360469716855697
DQN-Only,2.583875017853983
DQN-Only,1.6339936382042128
DQN-Only,2.2364795668435926
DQN-Only,2.665719183086682
DQN-Only,2.341440709011027
DQN-Only,2.5079563887693443
DQN-Only,2.0867378491297903
DQN-Only,2.437635627688955
DQN-Only,2.341053636570962
DQN-Only,2.4083282054712853
DQN-Only,2.912629797087197
DQN-Only,2.706328770001078
DQN-Only,2.562391731312581
DQN-Only,2.565937054766124
DQN-Only,2.0847090339587893
DQN-Only,2.2076788725413503
DQN-Only,1.9096510478829274
DQN-Only,1.9835004302433763
DQN-Only,2.0910613020360795
DQN-Only,2.3318218172059595
DQN-Only,1.9960175577945665
DQN-Only,2.329001011606365
DQN-Only,2.2967485141180988
DQN-Only,2.0215085565735875
DQN-Only,2.7683847915601483
DQN-Only,1.9680731829788851
DQN-Only,2.6537448077053667
DQN-Only,1.7069992368964049
DQN-Only,2.3000609136285872
DQN-Only,2.0037069468820996
DQN-Only,2.1562291152993263
DQN-Only,2.8482913711146702
DQN-Only,2.2425714945326103
DQN-Only,2.0298426977831396
DQN-Only,2.4769281515556023
DQN-Only,2.2401062659777002
DQN-Only,2.3823202574409694
DQN-Only,2.0832211605801754
DQN-Only,2.0970472258767883
DQN-Only,2.118819230850905
DQN-Only,2.5642000264032574
DQN-Only,2.2763062055357106
DQN-Only,2.045648523609049
DQN-Only,2.3854389067836146
DQN-Only,2.362317849403768
DQN-Only,2.5010676656900044
DQN-Only,2.2047102137380437
DQN-Only,2.3182179197561026
DQN-Only,2.4584073604618397
DQN-Only,2.056573670628967
DQN-Only,2.588851379666691
DQN-Only,2.3446173708000297
DQN-Only,2.0308356020826857
DQN-Only,2.028755016520558
DQN-Only,2.3120888826846695
DQN-Only,2.1854965924385406
DQN-Only,2.5518935394461097
DQN-Only,2.2594800629661047
DQN-Only,2.4250954751380966
DQN-Only,2.1017071905108073
DQN-Only,2.3335427299097
DQN-Only,2.709402493522678
DQN-Only,2.298405575583349
DQN-Only,2.18472766276897
DQN-Only,2.097443570034782
DQN-Only,2.334729235209082
DQN-Only,2.735735586894049
DQN-Only,1.9571026841714037
DQN-Only,2.3259831136858233
DQN-Only,1.858744768908137
DQN-Only,2.2247534433361285
DQN-Only,2.4137856374007325
DQN-Only,1.8962306775098998
DQN-Only,2.215097479258718
DQN-Only,2.42157786434931
DQN-Only,2.3768235760486744
DQN-Only,2.4351794814356778
DQN-Only,2.0663332644240713
DQN-Only,2.421462243218138
DQN-Only,2.171517689987425
DQN-Only,2.540499441102277
DQN-Only,1.6911691038195285
DQN-Only,2.2586776865474905
DQN-Only,2.367764688228955
DQN-Only,2.7189205197981643
DQN-Only,2.364372608474332
DQN-Only,2.392870639071757
DQN-Only,2.445437656157989
DQN-Only,2.691866885914065
DQN-Only,2.2327640490609424
DQN-Only,1.94600924077875
DQN-Only,1.8922511248642477
DQN-Only,2.5265060290669967
DQN-Only,2.4026765239841725
DQN-Only,2.268019034674765
DQN-Only,2.175424675187872
DQN-Only,2.3907778235745627
DQN-Only,2.3988902820670206
DQN-Only,2.4747362101004793
DQN-Only,2.028686325933845
DQN-Only,1.84458299696161
DQN-Only,2.083481652458921
DQN-Only,1.9606030163003743
DQN-Only,1.9460583975908325
DQN-Only,2.780781966907194
DQN-Only,1.7034258458526716
DQN-Only,2.471893082513283
DQN-Only,2.5946850986320675
DQN-Only,2.617280069252403
DQN-Only,2.417846750460277
DQN-Only,2.7106306425676454
DQN-Only,2.840778644442668
DQN-Only,2.255133521414802
DQN-Only,2.465650053439001
DQN-Only,2.698242978325186
DQN-Only,2.0979618322304847
DQN-Only,2.271229859795573
DQN-Only,2.164269302363572
DQN-Only,2.4694426157415434
DQN-Only,1.807013729663628
DQN-Only,2.7434048558335458
DQN-Only,2.4898900752696713
DQN-Only,2.5056554809572016
DQN-Only,1.6763813863675092
DQN-Only,2.047928942489218
DQN-Only,2.7585237429928284
DQN-Only,2.290184431586657
DQN-Only,1.8558828532947906
DQN-Only,2.4022315019320533
DQN-Only,2.5307075955714393
DQN-Only,2.4892430603337057
DQN-Only,2.2977662157385943
DQN-Only,2.658866257072597
DQN-Only,2.1428750343677017
DQN-Only,2.4916570002779346
DQN-Only,2.3779129542852635
DQN-Only,2.302629354197731
DQN-Only,2.233577714048485
DQN-Only,2.2435192559403005
DQN-Only,2.349056759278348
DQN-Only,2.2578039998215274
DQN-Only,2.5458460312551496
DQN-Only,2.1894953231986976
DQN-Only,2.780376112053016
DQN-Only,2.176948280006674
DQN-Only,2.5983586833170453
DQN-Only,2.6104712959998118
DQN-Only,2.3865740960272697
DQN-Only,2.3615542024503475
DQN-Only,2.1353060619888593
DQN-Only,2.1948063369402617
DQN-Only,2.4017152337931904
DQN-Only,2.3273259238940978
DQN-Only,2.672210036618195
DQN-Only,2.2123511859153777
DQN-Only,2.229346699365202
DQN-Only,1.8725436455083797
DQN-Only,2.5207026241313573
DQN-Only,2.4953438452018566
DQN-Only,2.6143645963948954
DQN-Only,2.6301889045044393
DQN-Only,2.5615361882780507
DQN-Only,2.573377358751043
DQN-Only,2.5113073086112094
DQN-Only,2.554557403137894
DQN-Only,1.8227771512300053
DQN-Only,2.0311787681386626
DQN-Only,1.9852951178841152
DQN-Only,2.6966645814755466
DQN-Only,2.1201449562842654
DQN-Only,2.1651002994790813
DQN-Only,2.341869360458433
DQN-Only,1.9907748112484618
DQN-Only,2.4468569740388695
DQN-Only,1.7417864310792253
DQN-Only,2.009360898719739
DQN-Only,2.3958275855961246
DQN-Only,1.991348545838993
DQN-Only,2.7047909595012785
DQN-Only,2.352995266368327
DQN-Only,2.6578852932233064
DQN-Only,2.440502995559549
DQN-Only,2.3366501206001895
DQN-Only,2.0601653468888257
DQN-Only,2.600904266522413
DQN-Only,2.463904308248686
DQN-Only,2.925369131037606
DQN-Only,2.5726148233122714
DQN-Only,2.2284092442590264
DQN-Only,2.421269577656579
DQN-Only,2.45853634404204
DQN-Only,2.666558689582647
DQN-Only,2.71118108486895
DQN-Only,2.294517336248475
DQN-Only,1.9986816811644388
DQN-Only,1.819442115762845
DQN-Only,2.020014511710898
DQN-Only,2.173829174027159
DQN-Only,2.7624173717529064
DQN-Only,2.766677141271287
DQN-Only,2.6096129432067037
DQN-Only,2.685496003766403
DQN-Only,2.141364119834297
DQN-Only,1.9144993312079137
DQN-Only,2.0573667841817147
DQN-Only,1.768622946219661
DQN-Only,2.027201365312674
DQN-Only,2.197930089033783
DQN-Only,2.3868103941140366
DQN-Only,2.378036396076611
DQN-Only,2.146350034995557
DQN-Only,2.499760581107612
DQN-Only,2.151740536619211
DQN-Only,2.3428205519398726
DQN-Only,2.0283169864146355
DQN-Only,2.6456977812220623
DQN-Only,2.3458503628223886
DQN-Only,2.530614064483644
DQN-Only,1.9984928968967706
DQN-Only,2.3889783072771955
DQN-Only,2.5007113098926315
DQN-Only,1.7660820587430313
DQN-Only,2.668001638050221
DQN-Only,1.9891615767815642
DQN-Only,2.399220780500278
DQN-Only,2.841986979396849
DQN-Only,2.608136765863859
DQN-Only,1.9216254322032038
DQN-Only,2.2900077431953663
DQN-Only,2.6863470756905463
DQN-Only,2.1106495755558687
DQN-Only,2.2389457684150114
DQN-Only,2.23108262590605
DQN-Only,2.500066930342865
DQN-Only,1.9084128069247277
DQN-Only,2.5158117490901564
DQN-Only,2.165117990563141
DQN-Only,2.3368165690760567
DQN-Only,2.276856142584884
DQN-Only,2.508414528898602
DQN-Only,2.3340919247122374
DQN-Only,2.744473991394923
DQN-Only,2.6178316806698074
DQN-Only,2.1166733865575567
DQN-Only,2.723375612738321
DQN-Only,2.429689276440254
DQN-Only,2.387703243649013
DQN-Only,2.578177101823291
DQN-Only,2.047645468892648
DQN-Only,1.9526537332209455
DQN-Only,2.3470035638905022
DQN-Only,2.169750444157426
DQN-Only,2.922300174897788
DQN-Only,2.12537815376848
DQN-Only,2.3513014552893186
DQN-Only,2.39390362400646
DQN-Only,2.6857417840193873
DQN-Only,2.060727265009894
DQN-Only,1.8873320359696364
DQN-Only,2.7315572938532466
DQN-Only,2.3626097026668877
DQN-Only,2.5673757003555
DQN-Only,2.5805605841509114
DQN-Only,2.6292264080750027
DQN-Only,2.2338959380887156
DQN-Only,2.157779008091416
DQN-Only,1.779451024305978
DQN-Only,2.060631676825376
DQN-Only,2.357452026568557
DQN-Only,2.143047934769241
DQN-Only,2.019635037899557
DQN-Only,2.3541583739227128
DQN-Only,2.717098125775972
DQN-Only,2.3242707523622768
DQN-Only,2.02190425888705
DQN-Only,2.6972968596669853
DQN-Only,2.1226278203599938
DQN-Only,2.7554075797897988
DQN-Only,2.2661120859052777
DQN-Only,2.368958934208623
DQN-Only,2.778298775628146
DQN-Only,1.960499525879928
DQN-Only,2.045130439686641
DQN-Only,2.2483053323836937
DQN-Only,2.300697012740662
DQN-Only,3.081893194350614
DQN-Only,2.0906323807836937
DQN-Only,1.9737673035006789
DQN-Only,2.077217560322902
DQN-Only,2.4051829593207343
DQN-Only,2.478163642399984
DQN-Only,2.1414499447410296
DQN-Only,2.3459069490892204
DQN-Only,2.8862128168050276
DQN-Only,2.3498753097065115
DQN-Only,2.4301339985293495
DQN-Only,2.8704278903855114
DQN-Only,2.143994379270445
DQN-Only,2.1256348318235063
DQN-Only,2.208113266222423
DQN-Only,2.191762726655654
DQN-Only,1.828659518053545
DQN-Only,2.3787487553532887
DQN-Only,2.4009171176721535
DQN-Only,2.287810919207185
DQN-Only,2.409489812667788
DQN-Only,2.412476962286026
DQN-Only,1.970424526984535
DQN-Only,2.4210500971503777
DQN-Only,2.496830191707871
DQN-Only,1.891533908712077
DQN-Only,2.750842979081157
DQN-Only,1.9929883981443164
DQN-Only,2.0203827364406344
DQN-Only,2.3967090515704266
DQN-Only,2.490143420451951
DQN-Only,2.5583701023304815
DQN-Only,2.4975266477265414
DQN-Only,2.194067393568556
DQN-Only,2.370484011210873
DQN-Only,2.2510789591643277
DQN-Only,2.388931937568442
DQN-Only,2.35922263001737
DQN-Only,2.19822166243103
DQN-Only,2.2425012091414414
DQN-Only,1.8199010254549586
DQN-Only,2.5731005095206907
DQN-Only,2.423554147962394
DQN-Only,1.6922842140533585
DQN-Only,2.56271940346059
DQN-Only,2.3251097913573413
DQN-Only,2.0769403497257235
DQN-Only,2.052060609634222
DQN-Only,2.1467472150156595
DQN-Only,2.0784276862189204
DQN-Only,2.1161496094772145
DQN-Only,2.8175380879528924
DQN-Only,2.44421217922266
DQN-Only,2.9117116972588706
DQN-Only,2.4033874032661524
DQN-Only,2.5026578141995395
DQN-Only,2.092697981786585
DQN-Only,2.292817630209246
DQN-Only,2.317064207944375
DQN-Only,2.5141219586570176
DQN-Only,2.3261050105247856
DQN-Only,2.438652759678377
DQN-Only,2.4286002278781846
DQN-Only,2.2549575655563205
DQN-Only,2.226081949109623
DQN-Only,2.1521467277776605
DQN-Only,2.6439108758792633
DQN-Only,2.2550772035417896
DQN-Only,2.4323544192525572
DQN-Only,2.296039318188781
DQN-Only,2.638382963919952
DQN-Only,1.7817449850657328
DQN-Only,2.425073932643569
DQN-Only,1.9876211316820351
DQN-Only,2.449708981050617
DQN-Only,2.2988497283797384
DQN-Only,1.9248762007403604
DQN-Only,2.434809252138129
DQN-Only,2.402950254960078
DQN-Only,2.2750730989973755
DQN-Only,2.3106379858385666
DQN-Only,2.3853523119654763
DQN-Only,2.670844233055922
DQN-Only,2.2517370153160075
DQN-Only,2.624459373356145
DQN-Only,2.3294839640196803
DQN-Only,2.703842282564672
DQN-Only,2.2739722194963017
DQN-Only,2.1528961600137406
DQN-Only,2.0317724375141797
DQN-Only,2.3305046110962166
DQN-Only,2.1172770008312347
DQN-Only,2.7343803261676722
DQN-Only,2.095363518273798
DQN-Only,2.1462414378533317
DQN-Only,2.5031681370138594
DQN-Only,2.6729703801240605
DQN-Only,2.5452775407830757
DQN-Only,2.6372786571463327
DQN-Only,2.3174753191376456
DQN-Only,2.3214320611194013
DQN-Only,2.904901609126214
DQN-Only,2.8146274548559234
DQN-Only,2.5405480230921533
DQN-Only,2.6507351157787618
DQN-Only,2.5810759693395138
DQN-Only,2.0013623727185292
DQN-Only,2.3288656875226645
DQN-Only,2.7602942203553313
DQN-Only,2.542271241274673
DQN-Only,2.3221440233126094
DQN-Only,2.7636591903048133
DQN-Only,2.443699975746385
DQN-Only,2.552166762432013
DQN-Only,2.4451684299727834
DQN-Only,2.4919583639778837
DQN-Only,2.5120375020659305
DQN-Only,2.7049484808028197
DQN-Only,2.7415317913902735
DQN-Only,2.2133336137804096
DQN-Only,2.4398275129343183
DQN-Only,2.6968993043280998
DQN-Only,2.3030581199147893
DQN-Only,1.9724619565277774
DQN-Only,2.0848515874622993
DQN-Only,2.104246205899553
DQN-Only,2.2113433357661516
DQN-Only,2.1304590908380856
DQN-Only,2.6289729881687474
DQN-Only,2.2622677973137804
DQN-Only,2.6941173609125215
DQN-Only,2.02261362772071
DQN-Only,2.240786964053162
DQN-Only,2.3692810809671285
DQN-Only,2.5676337773630027
DQN-Only,2.6611303956698764
DQN-Only,2.188840504431307
DQN-Only,2.6189519171611373
DQN-Only,1.8677244950217704
DQN-Only,2.5846697964702745
DQN-Only,1.9634289388821906
DQN-Only,2.4654176184959833
DQN-Only,2.657075577131371
DQN-Only,2.589134279305972
DQN-Only,1.8797188427177995
DQN-Only,2.2144171387058704
DQN-Only,2.5413148204430898
DQN-Only,2.533273211888368
DQN-Only,2.417481478735656
DQN-Only,1.7217886835721612
DQN-Only,2.6764121201839455
DQN-Only,2.726453917463727
DQN-Only,2.385978150103049
DQN-Only,2.4041846846397714
DQN-Only,2.4812593547936572
DQN-Only,2.7500923392016685
DQN-Only,2.4103556147651553
DQN-Only,2.286318159596293
DQN-Only,2.4471308478659926
DQN-Only,2.336880346264083
DQN-Only,2.3400700527754332
DQN-Only,1.8441466885998354
DQN-Only,2.486811112161139
DQN-Only,2.668944577695347
DQN-Only,2.6265206720664382
DQN-Only,2.607038404579106
DQN-Only,2.3251169510061875
DQN-Only,2.3809058750438212
DQN-Only,2.6745458773685855
DQN-Only,2.5835530855198274
DQN-Only,2.757368835918842
DQN-Only,2.1511012220808263
DQN-Only,2.149349166221078
DQN-Only,2.246614814376171
DQN-Only,2.075196430436762
DQN-Only,1.9689354056592003
DQN-Only,2.4715933330779247
DQN-Only,2.4524745507645305
DQN-Only,2.4091402305395273
DQN-Only,2.43933166422986
DQN-Only,1.928989755918808
DQN-Only,2.205201262163832
DQN-Only,2.2575940609566607
DQN-Only,2.3536204968756422
DQN-Only,1.9300985445632903
DQN-Only,2.079476235441802
DQN-Only,2.2174368506542694
DQN-Only,2.637166540816291
DQN-Only,2.4135331770081607
DQN-Only,2.6268557878301984
DQN-Only,2.3056213367709115
DQN-Only,2.3402776812597113
DQN-Only,2.480140517621962
DQN-Only,2.2902392025831007
DQN-Only,2.16457708420529
DQN-Only,1.9216682531327736
DQN-Only,2.1721048573619077
DQN-Only,2.574801381662372
DQN-Only,2.6939972992688137
DQN-Only,2.1228975420427014
DQN-Only,1.8531665146617566
DQN-Only,2.6001923332674206
DQN-Only,2.359459065875807
DQN-Only,1.9617492525353015
DQN-Only,1.4664903318679468
DQN-Only,2.0694742919947777
DQN-Only,2.2100048005396498
DQN-Only,2.0166164219812615
DQN-Only,2.534287307692171
DQN-Only,2.1118309545166927
DQN-Only,2.3434824661051317
DQN-Only,3.006475792281836
DQN-Only,2.3729831328862243
DQN-Only,2.307562438744091
DQN-Only,2.3139058962482975
DQN-Only,2.527859263972906
DQN-Only,2.4930598798649704
DQN-Only,2.0582019026149063
DQN-Only,2.2245482581727645
DQN-Only,2.1526140321617153
DQN-Only,2.2606338064212004
DQN-Only,2.852915177194067
DQN-Only,2.513379263951813
DQN-Only,2.3176026596235104
DQN-Only,2.6894646363305825
DQN-Only,2.3929227330141183
DQN-Only,1.8800354577816143
DQN-Only,2.8072412872295605
DQN-Only,2.2960831777603334
DQN-Only,1.7065076902986547
DQN-Only,1.890824959575616
DQN-Only,2.656654066286757
DQN-Only,1.8953814041349146
DQN-Only,2.71886225287773
DQN-Only,2.362758162952085
DQN-Only,2.540461478723477
DQN-Only,2.26788875849739
DQN-Only,2.486960851542981
DQN-Only,2.428892070539673
DQN-Only,2.329180735620763
DQN-Only,2.040824803989353
DQN-Only,2.440674767899249
DQN-Only,1.8297796334083267
DQN-Only,2.6015655711321477
DQN-Only,2.395316206683479
DQN-Only,2.470346379470573
DQN-Only,1.6051726341906387
DQN-Only,2.0238939758567303
DQN-Only,2.197980853000172
DQN-Only,2.5291688490705098
DQN-Only,2.0752586889269553
DQN-Only,3.0554794542076364
DQN-Only,2.266061814614221
DQN-Only,2.0547084622055514
DQN-Only,2.2875325562441042
DQN-Only,2.07297395321143
DQN-Only,2.0074369107612853
DQN-Only,2.623883079363925
DQN-Only,2.48411796366728
DQN-Only,2.484933355439829
DQN-Only,2.6985122675551136
DQN-Only,2.476657494507742
DQN-Only,2.04027209471691
DQN-Only,2.538987118375975
DQN-Only,2.02364546248639
DQN-Only,2.205766738008971
DQN-Only,2.3271623533982457
DQN-Only,2.2986717979195794
DQN-Only,1.8370357712785739
DQN-Only,2.0682966433887398
DQN-Only,2.333679570290093
DQN-Only,2.1685191717094017
DQN-Only,2.6562532038239843
DQN-Only,2.704334003218084
DQN-Only,2.025395616028629
DQN-Only,2.356779132980067
DQN-Only,2.7844270696480358
DQN-Only,2.3023116122152523
DQN-Only,2.225720163330223
DQN-Only,2.581550045646685
DQN-Only,2.2630041350601102
DQN-Only,2.696860347431199
DQN-Only,2.1729951748245657
DQN-Only,2.206735708092929
DQN-Only,2.5618759359604724
DQN-Only,2.3682326775537397
DQN-Only,2.3704404208391736
DQN-Only,1.8038597210934322
DQN-Only,2.240761537622141
DQN-Only,2.582621717688806
DQN-Only,2.1199342370167664
DQN-Only,2.5367475928316576
DQN-Only,2.4152515420126663
DQN-Only,2.2839199978099107
DQN-Only,2.7212575093523363
DQN-Only,2.2445717975703614
DQN-Only,2.2641427127002633
DQN-Only,2.280712903274682
DQN-Only,2.3626113941659597
DQN-Only,2.555361685295109
DQN-Only,1.926506501438864
DQN-Only,2.5837471113305788
DQN-Only,2.359121937411235
DQN-Only,2.4955729100082147
DQN-Only,3.0116315969792744
DQN-Only,2.196325759355913
DQN-Only,1.9961125035914535
DQN-Only,2.3944187672004915
DQN-Only,2.4388884476578845
DQN-Only,2.584747899693346
DQN-Only,2.188823810289791
DQN-Only,2.1069059906084378
DQN-Only,1.9095417844432625
DQN-Only,1.956007817091082
DQN-Only,2.223197808259461
DQN-Only,2.3072629499939117
DQN-Only,2.919889673924233
DQN-Only,1.8647226049463361
DQN-Only,2.434180692672996
DQN-Only,2.1361572123925407
DQN-Only,2.402580975994984
DQN-Only,2.1846513668120178
DQN-Only,2.630735992042444
DQN-Only,2.6289966627210077
DQN-Only,2.308241229037916
DQN-Only,2.7441026347700994
DQN-Only,2.553438514644181
DQN-Only,2.7310305569616515
DQN-Only,2.3278870705929786
DQN-Only,2.6072650884902773
DQN-Only,2.124271725174336
DQN-Only,2.095799743128718
DQN-Only,2.9520950397582126
DQN-Only,2.035087173741894
DQN-Only,2.2175415383405372
DQN-Only,1.8070396824405344
DQN-Only,2.1024816354964067
DQN-Only,2.06081865358975
DQN-Only,2.151782369747149
DQN-Only,2.424207365253726
DQN-Only,2.491922735340835
DQN-Only,2.0572878853053624
DQN-Only,2.1182616335193543
DQN-Only,2.6442496724264073
DQN-Only,2.818846293712439
DQN-Only,2.69266145388937
DQN-Only,1.877710221668503
DQN-Only,2.673985525583116
DQN-Only,2.8605158309092253
DQN-Only,1.8637774400956506
DQN-Only,2.6440223163598584
DQN-Only,2.4032408255115283
DQN-Only,2.248139731144929
DQN-Only,2.3698161436479737
DQN-Only,2.4644675679447805
DQN-Only,2.665049882695343
DQN-Only,2.6505688798708475
DQN-Only,1.916854808851988
DQN-Only,2.157852831589349
DQN-Only,2.3662731982710272
DQN-Only,2.781479021328391
DQN-Only,1.5741203806425976
DQN-Only,2.168477417932358
DQN-Only,1.9109682988567407
DQN-Only,1.955478781686391
DQN-Only,2.616794414800325
DQN-Only,2.1906465255016183
DQN-Only,1.6846976087074785
DQN-Only,2.2955103146946367
DQN-Only,2.9116693443597623
DQN-Only,1.8326811119318762
DQN-Only,2.4896488150323886
DQN-Only,2.7802112303573008
DQN-Only,2.3261221115465944
DQN-Only,2.8813824897807794
DQN-Only,2.154725122035616
DQN-Only,2.7460199627489486
DQN-Only,2.6797503718072466
DQN-Only,2.3308648238053475
DQN-Only,1.9223930731601744
DQN-Only,2.058714237080535
DQN-Only,1.6817522657690143
DQN-Only,2.506837299364855
DQN-Only,2.4731835829764477
DQN-Only,2.3622442605086045
DQN-Only,2.3055419518856337
DQN-Only,2.72121176249766
DQN-Only,2.423621725558376
DQN-Only,2.184255639856959
DQN-Only,2.381341695046738
DQN-Only,2.9149394349156994
DQN-Only,2.5147044626675203
DQN-Only,2.230510965406068
DQN-Only,2.32751213787344
DQN-Only,2.470116748542492
DQN-Only,2.221759041026751
DQN-Only,2.196919894631238
DQN-Only,2.33682079069201
DQN-Only,2.7665605043430914
DQN-Only,2.5621062048964136
DQN-Only,2.225004295701777
DQN-Only,2.5840188299806024
DQN-Only,2.342407414044771
DQN-Only,2.4367604080218395
DQN-Only,2.411217569063817
DQN-Only,1.7474398412877412
DQN-Only,1.4842799726757634
DQN-Only,2.4036352949630055
DQN-Only,2.1005165559913745
DQN-Only,1.8796950647913564
DQN-Only,2.1091797823353766
DQN-Only,2.599639622057442
DQN-Only,2.4404774528600925
DQN-Only,2.556710545751832
DQN-Only,2.467229232601869
DQN-Only,2.0819919785001075
DQN-Only,2.558053791617068
DQN-Only,2.504475698022337
DQN-Only,2.307010685447423
DQN-Only,2.3565223249528784
DQN-Only,2.5625244125570137
DQN-Only,2.129554632148176
DQN-Only,2.6454775365669665
DQN-Only,2.498678385273264
DQN-Only,2.340634017394932
DQN-Only,2.769971182400765
DQN-Only,1.9765516956165825
DQN-Only,2.2107801159189537
DQN-Only,2.1484239756590724
DQN-Only,2.440551965831272
DQN-Only,2.672021588680317
DQN-Only,2.0639674395212375
DQN-Only,3.2681838572803343
DQN-Only,2.1538980318898813
DQN-Only,2.441279919145846
DQN-Only,2.3407543137445983
DQN-Only,2.3529607490047493
DQN-Only,2.117490855174855
DQN-Only,2.6397670500467973
DQN-Only,2.1002189116952703
DQN-Only,1.843284713194454
DQN-Only,2.024943121030532
DQN-Only,2.7458446259001192
DQN-Only,2.691132028737032
DQN-Only,1.7763682202268247
DQN-Only,2.568495271208418
DQN-Only,1.783473235051285
DQN-Only,2.3323544193043806
DQN-Only,2.0008633620558953
DQN-Only,2.590131455356991
DQN-Only,2.495748781652044
DQN-Only,2.6150658555953514
DQN-Only,2.2570966610464556
DQN-Only,2.286274833748562
DQN-Only,1.9190117824550892
DQN-Only,2.050639924629855
DQN-Only,2.6063481885058772
DQN-Only,2.4431280018362327
DQN-Only,2.3692972666598067
DQN-Only,2.6944015438543705
DQN-Only,1.9749200743126307
DQN-Only,2.5422175299798826
DQN-Only,2.008892821376949
DQN-Only,2.7549869828586826
DQN-Only,2.492888347714818
DQN-Only,2.610831982084139
DQN-Only,2.14297758873169
DQN-Only,2.952733181656158
DQN-Only,2.901195055812048
DQN-Only,2.460850428958368
DQN-Only,2.6700134890368936
DQN-Only,2.2552301887901516
DQN-Only,1.983810469981548
DQN-Only,2.5634579773320967
DQN-Only,2.08185772728961
DQN-Only,2.707909816486936
DQN-Only,2.6342385652590337
DQN-Only,2.4060505202710196
DQN-Only,2.390346283863104
DQN-Only,2.6177922061807335
DQN-Only,2.4170975776854497
DQN-Only,2.226427146974379
DQN-Only,1.914726371502692
DQN-Only,2.6092590440203667
DQN-Only,2.442896071305166
DQN-Only,3.1137893496044287
DQN-Only,2.3130681472551684
DQN-Only,2.4248117237059983
DQN-Only,2.431401398855881
DQN-Only,2.522732385330613
DQN-Only,2.0685003974683784
DQN-Only,2.31831795701985
DQN-Only,2.572406764821053
DQN-Only,2.2465600292998253
DQN-Only,2.561884999255172
DQN-Only,2.367157843807028
DQN-Only,2.4528453957694234
DQN-Only,2.663239104934053
DQN-Only,2.2761585489095486
DQN-Only,1.9323201800204877
DQN-Only,2.2652117475546376
DQN-Only,2.1081841051506
DQN-Only,1.7430933167328457
DQN-Only,2.310043799089942
DQN-Only,2.395887809061093
DQN-Only,2.6266297850606684
DQN-Only,2.020081623883318
DQN-Only,2.364858107685734
DQN-Only,2.656768046039759
DQN-Only,2.178639065290951
DQN-Only,2.490571070005915
DQN-Only,2.7886392167455085
DQN-Only,1.8170340711355442
DQN-Only,2.4165613333456215
DQN-Only,2.6665394777505207
DQN-Only,2.2415198343827556
DQN-Only,2.7294021999189373
DQN-Only,2.5180894771706006
DQN-Only,2.83683549196369
DQN-Only,2.5035561228277694
DQN-Only,2.8601928676076973
DQN-Only,2.4242400080398436
DQN-Only,1.9559229859620824
DQN-Only,2.162815093234147
DQN-Only,2.625956461016229
DQN-Only,2.6204320501551495
DQN-Only,2.2527831129209335
DQN-Only,2.8466476688686835
DQN-Only,2.2406058872812094
DQN-Only,2.4697231393153047
DQN-Only,2.461946736638943
DQN-Only,1.966403969750699
DQN-Only,2.308973868059331
DQN-Only,3.008396544959542
DQN-Only,2.081027457451248
DQN-Only,2.5155442477013903
DQN-Only,2.015849376414111
DQN-Only,2.0781008796210463
DQN-Only,1.9428680034206827
DQN-Only,2.604252729451451
DQN-Only,2.0953143594969497
DQN-Only,2.6959123561027596
DQN-Only,2.1908053076532297
DQN-Only,2.3759421924754824
DQN-Only,2.4555157362128637
DQN-Only,1.885981128519918
DQN-Only,2.3971847094730285
DQN-Only,2.4382512977996775
DQN-Only,2.660116770035319
DQN-Only,2.070571448256525
DQN-Only,2.1105802652314125
DQN-Only,2.5252010678559484
DQN-Only,2.7365996666407706
DQN-Only,2.1736252963168474
DQN-Only,1.993154813436501
DQN-Only,2.25106274039825
DQN-Only,2.05545889945675
DQN-Only,2.4516969326983533
DQN-Only,2.036782394727807
DQN-Only,2.61319164284972
DQN-Only,2.3997027674827827
DQN-Only,2.6219512636039157
DQN-Only,1.6595349399258188
DQN-Only,1.8463112805003652
DQN-Only,2.7029824729541847
DQN-Only,2.1379585085225052
DQN-Only,1.9282397232693156
DQN-Only,2.283082287440045
DQN-Only,2.4080506857943065
DQN-Only,2.2956295229457724
DQN-Only,2.4714183723351812
DQN-Only,2.4333660522428353
DQN-Only,2.418666497234953
DQN-Only,2.71862257348034
DQN-Only,2.3360181642872173
DQN-Only,2.327762665091084
DQN-Only,2.565429466242696
DQN-Only,2.495186845923972
DQN-Only,2.0864774054782584
DQN-Only,2.3141344598184115
DQN-Only,2.463054730815611
DQN-Only,2.1752186582219215
DQN-Only,2.188599531956742
DQN-Only,1.949278453607491
DQN-Only,1.5305155548734313
DQN-Only,2.234958717406409
DQN-Only,2.3757418520233324
DQN-Only,2.032407696252539
DQN-Only,2.726906498302268
DQN-Only,2.046086591029497
DQN-Only,2.596238580485934
DQN-Only,2.4575625467777753
DQN-Only,2.9511149780897137
DQN-Only,2.49158688183019
DQN-Only,1.9338856811966667
DQN-Only,2.636066142894586
DQN-Only,2.8166809792580962
DQN-Only,1.842362794750017
DQN-Only,2.519467397305298
DQN-Only,2.581576409341154
DQN-Only,2.2802378470427653
DQN-Only,1.6599151310403473
DQN-Only,2.25689502435085
DQN-Only,2.1768357645452636
DQN-Only,2.7695610623482487
DQN-Only,2.3151235649204893
DQN-Only,2.2242230243812813
DQN-Only,2.1753072987147752
DQN-Only,2.4314699307950716
DQN-Only,2.355968588453475
DQN-Only,2.1181834643665236
DQN-Only,2.414136991319058
DQN-Only,2.1835228146781414
DQN-Only,1.6120934527355872
DQN-Only,2.5275808312464396
DQN-Only,2.5009500956316173
DQN-Only,2.396086746630564
DQN-Only,2.2157550634962804
DQN-Only,2.319765505649994
DQN-Only,2.570054567390402
DQN-Only,2.1625872854228
DQN-Only,2.5813885447534313
DQN-Only,1.9258627822632148
DQN-Only,2.387220059188357
DQN-Only,2.3472326919707753
DQN-Only,2.6215539445659344
DQN-Only,2.0819646162242194
DQN-Only,2.1126053104139393
DQN-Only,1.948425994084768
DQN-Only,2.1808609647057815
DQN-Only,2.4117213663927872
DQN-Only,1.8351655611286013
DQN-Only,2.215630167267051
DQN-Only,2.5115099311130975
DQN-Only,2.3111114670942285
DQN-Only,2.361117712558776
DQN-Only,1.9170873499303662
DQN-Only,2.311907198290504
DQN-Only,2.3480548984433427
DQN-Only,2.2940246145265606
DQN-Only,2.382906743732027
DQN-Only,2.253197572970776
DQN-Only,2.211944688001514
DQN-Only,2.048032342081361
DQN-Only,2.613628821196715
DQN-Only,1.995554336420971
DQN-Only,2.3843515176778975
DQN-Only,2.8491457385677865
DQN-Only,2.6492829560281557
DQN-Only,2.4830296183444114
DQN-Only,2.410127600090966
DQN-Only,2.3041218334896687
DQN-Only,2.0869010544985995
DQN-Only,2.2687241504732905
DQN-Only,2.501425080927994
DQN-Only,2.4494319573464156
DQN-Only,2.561473276119636
DQN-Only,2.6824838597045133
DQN-Only,2.2955052258557846
DQN-Only,2.393871897081272
DQN-Only,1.806740761233855
DQN-Only,2.973540335229959
DQN-Only,2.2237912260170396
DQN-Only,2.5229952615849895
DQN-Only,2.223600751309408
DQN-Only,2.21708110177122
DQN-Only,2.2734498622780492
DQN-Only,1.9903706774366396
DQN-Only,1.6435562887693176
DQN-Only,2.6656409715463987
DQN-Only,2.4932332780057043
DQN-Only,2.082827955813144
DQN-Only,2.4668964559087847
DQN-Only,2.5713606663545043
DQN-Only,2.1453999046113648
DQN-Only,2.455646906218775
DQN-Only,2.6227103625928434
DQN-Only,1.936110664804658
DQN-Only,2.489781860363419
DQN-Only,2.442319917115586
DQN-Only,2.8680305480144876
DQN-Only,2.496415499251032
DQN-Only,2.224624629399144
DQN-Only,2.257110931789929
DQN-Only,2.90816894605683
DQN-Only,2.2403579772362336
DQN-Only,2.504589834666914
DQN-Only,2.2730627412423003
DQN-Only,2.643618372301565
DQN-Only,2.657492153657699
DQN-Only,2.3336348903706563
DQN-Only,2.2257814598393857
DQN-Only,2.2190852581784246
DQN-Only,1.854985341107505
DQN-Only,2.3682369482344803
DQN-Only,2.3625752686173174
DQN-Only,2.110830149517224
DQN-Only,1.8247850355370603
DQN-Only,2.3979249672711376
DQN-Only,2.4334005405660104
DQN-Only,2.4508163833954195
DQN-Only,2.0620252803794568
DQN-Only,2.4514138823890175
DQN-Only,2.289854030983414
DQN-Only,2.5827482032455507
DQN-Only,2.066270269689097
DQN-Only,2.6629770619552455
DQN-Only,2.764004176100191
DQN-Only,2.3725948991051484
DQN-Only,2.453351662014122
DQN-Only,2.5601170343717863
DQN-Only,2.051982863715711
DQN-Only,2.2034568770722442
DQN-Only,2.3917302458206353
DQN-Only,2.9091519801955505
DQN-Only,2.0041333519104363
DQN-Only,2.799873055041716
DQN-Only,2.2857420317660604
DQN-Only,2.3303300956329513
DQN-Only,2.6820268540928196
DQN-Only,2.907623014473006
DQN-Only,2.458735098292723
DQN-Only,2.667060953776279
DQN-Only,2.0815776133779305
DQN-Only,2.1913253027772273
DQN-Only,1.9602327002860407
DQN-Only,2.1952228658483106
DQN-Only,2.498717929622248
DQN-Only,2.3995704450415776
DQN-Only,2.8249704399088342
DQN-Only,2.916962858791145
DQN-Only,2.301669560176552
DQN-Only,2.149144617638016
DQN-Only,2.6657380805504824
DQN-Only,2.694993998044218
DQN-Only,2.4639024754054843
DQN-Only,2.5381215462513453
DQN-Only,2.49420207671982
DQN-Only,2.062357121542722
DQN-Only,1.9978250971449663
DQN-Only,2.3257067467904116
DQN-Only,2.2835829429842884
DQN-Only,2.417765820962288
DQN-Only,2.303152068481231
DQN-Only,1.8617232719926464
DQN-Only,1.7468961351897567
DQN-Only,2.547070460916422
DQN-Only,2.153888436486356
DQN-Only,2.2748194669835287
DQN-Only,2.183320718353626
DQN-Only,2.0836158120839388
DQN-Only,2.076089600867255
DQN-Only,2.626370053669966
DQN-Only,2.2728465905617874
DQN-Only,2.5182418142978853
DQN-Only,2.5559590415067435
DQN-Only,2.4288912121988395
DQN-Only,2.565213808082237
DQN-Only,2.3440180196027693
DQN-Only,2.722959361087749
DQN-Only,2.5712153259556145
DQN-Only,2.6085692484724627
DQN-Only,2.0764642377639317
DQN-Only,2.413918855362903
DQN-Only,1.8247255050391304
DQN-Only,2.7334072415191897
DQN-Only,2.164969830899327
DQN-Only,2.203895679279744
DQN-Only,1.9560444515545377
DQN-Only,2.32981491941812
DQN-Only,2.2646747787964845
DQN-Only,2.8518135047073816
DQN-Only,2.5812732966601377
DQN-Only,2.195485967455852
DQN-Only,1.872121787046803
DQN-Only,1.6987453201618847
DQN-Only,2.051828078990452
DQN-Only,1.9661943934281114
DQN-Only,2.437890648032087
DQN-Only,2.2992988751102135
DQN-Only,2.344865218314493
DQN-Only,2.0735427280982726
DQN-Only,2.382690696443084
DQN-Only,1.9411498601800488
DQN-Only,2.315205385541021
DQN-Only,2.5731334033594173
DQN-Only,2.237386474817558
DQN-Only,2.4645751857983753
DQN-Only,1.7848963701773912
DQN-Only,1.7623705890268373
DQN-Only,2.4318942529554737
DQN-Only,2.634002947347975
DQN-Only,2.2731039002422877
DQN-Only,2.9423745249704862
DQN-Only,1.9346938385826746
DQN-Only,2.1490605465903956
DQN-Only,2.3793377488126928
DQN-Only,2.470396457084954
DQN-Only,2.17604012169263
DQN-Only,2.042558388160378
DQN-Only,2.5141698125580985
DQN-Only,2.37741397619667
DQN-Only,2.2432304169639306
DQN-Only,2.480067127993467
DQN-Only,2.301713523751383
DQN-Only,2.300760394958415
DQN-Only,2.2904171977326047
DQN-Only,2.10944698281756
DQN-Only,2.0808936302600074
DQN-Only,2.1923827886469516
DQN-Only,2.349005529219578
DQN-Only,1.8145463994705402
DQN-Only,2.6052843121908418
DQN-Only,2.3451783050997648
DQN-Only,2.04092284839182
DQN-Only,2.7939399243356102
DQN-Only,2.3517352859725036
DQN-Only,1.9650902088391102
DQN-Only,2.7813392326100517
DQN-Only,2.720446980203826
DQN-Only,2.0848142926989284
DQN-Only,2.249307182838694
DQN-Only,2.211509593913262
DQN-Only,1.8094371769367716
DQN-Only,2.431172251655053
DQN-Only,2.5773168298406293
DQN-Only,2.5244543787198497
DQN-Only,2.3491972671002537
DQN-Only,2.6045582641287606
DQN-Only,2.021194887748928
DQN-Only,2.850573471009175
DQN-Only,2.123199344457823
DQN-Only,2.154389052112102
DQN-Only,2.178479413915829
DQN-Only,2.1580004024683137
DQN-Only,2.2858830849425815
DQN-Only,2.2750102953707962
DQN-Only,2.376402907685765
DQN-Only,2.1101098432729795
DQN-Only,2.3867825031704624
DQN-Only,2.033808015876315
DQN-Only,2.5456789013720296
DQN-Only,2.542195679223203
DQN-Only,2.3383750355486264
DQN-Only,2.1575650483241584
DQN-Only,2.4273662341924034
DQN-Only,2.090748676743603
DQN-Only,2.3496988969592785
DQN-Only,2.297370268658717
DQN-Only,3.078478288172925
DQN-Only,1.9954436535114781
DQN-Only,1.5910193641508537
DQN-Only,2.1609674115759074
DQN-Only,1.85827872134448
DQN-Only,2.135944083045539
DQN-Only,1.9756327581509214
DQN-Only,2.0860162139603764
DQN-Only,2.0409733677497828
DQN-Only,2.610396776453719
DQN-Only,2.326372922761508
DQN-Only,2.6419871471222436
DQN-Only,2.351367200755047
DQN-Only,2.600748050368352
DQN-Only,2.2551576549548127
DQN-Only,2.7877502101762848
DQN-Only,2.4722478646021906
DQN-Only,2.1210262292325943
DQN-Only,2.5138572082159536
DQN-Only,2.347609229571108
DQN-Only,2.2831358428581443
DQN-Only,2.366962776504552
DQN-Only,2.5509509253395835
DQN-Only,1.7454024665070276
DQN-Only,2.241455922278187
DQN-Only,2.531693936658996
DQN-Only,2.409702216018473
DQN-Only,2.0237122181761182
DQN-Only,1.6751323263611058
DQN-Only,2.8176202080362662
DQN-Only,2.2874673605351363
DQN-Only,2.7651451020567306
DQN-Only,2.563225540150218
DQN-Only,2.1171533133188336
DQN-Only,1.6375973920253077
DQN-Only,2.2102284416861986
DQN-Only,2.329542343486177
DQN-Only,2.4665453340589907
DQN-Only,2.0280652872538383
DQN-Only,2.389984248521195
DQN-Only,2.3898818476484136
DQN-Only,2.616855649086265
DQN-Only,2.2538485905817804
DQN-Only,2.464326838476704
DQN-Only,2.420993095319475
DQN-Only,2.5858647378114252
DQN-Only,2.109769152093377
DQN-Only,1.4777036385447215
DQN-Only,2.2734888666451574
DQN-Only,2.275144688480012
DQN-Only,2.014968703021899
DQN-Only,1.916536552733702
DQN-Only,2.178623971791514
DQN-Only,2.307742471594428
DQN-Only,2.366796150758853
DQN-Only,1.6982862054078878
DQN-Only,1.8476059731090988
DQN-Only,2.6571791901837054
DQN-Only,2.286758033297001
DQN-Only,2.3393166352713544
DQN-Only,1.9656215383899551
DQN-Only,2.338763450119381
DQN-Only,2.2345115885373805
DQN-Only,2.16631617196748
DQN-Only,1.9295169649698019
DQN-Only,2.0961288135220455
DQN-Only,2.8937425050206547
DQN-Only,2.2418686602833913
DQN-Only,2.5617251890331643
DQN-Only,2.2848514981005175
DQN-Only,2.2523578195767295
DQN-Only,2.1614104602611106
DQN-Only,2.717853463991009
DQN-Only,2.444758588461695
DQN-Only,2.118277763254325
DQN-Only,2.2293339073870975
DQN-Only,2.642114688767154
DQN-Only,1.5429384137821842
DQN-Only,2.4271890234365023
DQN-Only,2.4909584943174297
DQN-Only,2.129471203698739
DQN-Only,2.3834100814245422
DQN-Only,2.4810486100820386
DQN-Only,1.9942940643277869
DQN-Only,2.576415405028031
DQN-Only,2.423493105707646
DQN-Only,2.2970449923643566
DQN-Only,2.369463891497036
DQN-Only,2.5385796267290788
DQN-Only,2.9903655024539235
DQN-Only,2.5112729498702837
DQN-Only,2.567611562858307
DQN-Only,2.394342334050228
DQN-Only,2.873983683869758
DQN-Only,1.9283490298685224
DQN-Only,1.8521375727437388
DQN-Only,2.3829715904864472
DQN-Only,2.5253679255078367
DQN-Only,1.6170479390954453
DQN-Only,2.3390352756990387
DQN-Only,2.2893184757743636
DQN-Only,2.548959619333605
DQN-Only,2.460388940002804
DQN-Only,1.832251303153345
DQN-Only,2.036719926571148
DQN-Only,2.1134534600920127
DQN-Only,2.547495794170657
DQN-Only,2.4452006619498703
DQN-Only,2.165700509288336
DQN-Only,2.380588863859897
DQN-Only,2.042911754367138
DQN-Only,2.915538547132417
DQN-Only,2.501279558104497
DQN-Only,2.5607584949851265
DQN-Only,2.7266085384554204
DQN-Only,2.625361088655633
DQN-Only,2.3488525882190916
DQN-Only,2.2880618377620476
DQN-Only,2.701750263782168
DQN-Only,2.347451107266186
DQN-Only,2.1296758061094945
DQN-Only,2.892230399233317
DQN-Only,2.077191450036243
DQN-Only,1.8528948149250164
DQN-Only,2.6187716015894575
DQN-Only,2.1346660135075357
DQN-Only,2.462175148913066
DQN-Only,2.850272802801826
DQN-Only,1.9539431153784714
DQN-Only,2.328510963067494
DQN-Only,2.756541309827346
DQN-Only,2.5314737076901808
DQN-Only,2.289506298736369
DQN-Only,3.010937775859055
DQN-Only,2.313234862192231
DQN-Only,2.4514423676108117
DQN-Only,2.8031387424515692
DQN-Only,2.615426490845359
DQN-Only,2.7111388637424714
DQN-Only,2.087409309293993
DQN-Only,2.684871478838281
DQN-Only,2.3876214591454907
DQN-Only,2.1305852808242807
DQN-Only,2.402321943557848
DQN-Only,2.393421157714457
DQN-Only,2.864559251508516
DQN-Only,2.447067834140399
DQN-Only,2.120750013736941
Heuristic,2.21414429017136
Heuristic,2.505667010880716
Heuristic,2.112859003018306
Heuristic,2.3036763693427535
Heuristic,2.44615653535748
Heuristic,2.392421868976293
Heuristic,2.739816858956665
Heuristic,2.2968809284965603
Heuristic,1.7730776716217862
Heuristic,2.0102222722181455
Heuristic,2.5146117958244396
Heuristic,2.342550691149957
Heuristic,2.1460304682558715
Heuristic,3.1122356819166224
Heuristic,2.770614036707234
Heuristic,2.50233162677268
Heuristic,2.590549086131759
Heuristic,2.439821358271488
Heuristic,2.1408462700041575
Heuristic,2.8316898146045832
Heuristic,2.777442216527341
Heuristic,1.9220542639990237
Heuristic,2.5884731886398042
Heuristic,2.621858065014655
Heuristic,2.422708476393963
Heuristic,3.1542130384021454
Heuristic,3.1213963870768557
Heuristic,2.405841591309145
Heuristic,2.4526194707465856
Heuristic,2.4171022215418594
Heuristic,2.3351330903904977
Heuristic,2.241562021001721
Heuristic,2.673273590575638
Heuristic,3.11313989046581
Heuristic,2.988744763504343
Heuristic,2.758647123259868
Heuristic,1.792089356006283
Heuristic,1.9561602362221702
Heuristic,2.8418029838841603
Heuristic,3.0096985306536754
Heuristic,2.6874493503044876
Heuristic,2.4275925127288023
Heuristic,2.928935825241348
Heuristic,2.747886756616183
Heuristic,2.8639634528937683
Heuristic,1.9585735019641042
Heuristic,2.6238259893983913
Heuristic,3.0566303148931278
Heuristic,2.679500405373029
Heuristic,2.806749206842692
Heuristic,2.5309991681368116
Heuristic,2.552077116981451
Heuristic,2.9441243288138432
Heuristic,2.3174560034115106
Heuristic,2.287865930638241
Heuristic,2.3753880789091313
Heuristic,2.5270901921068107
Heuristic,2.033109113212374
Heuristic,2.7410722205468137
Heuristic,2.4703317416517687
Heuristic,2.7781556322575387
Heuristic,1.8791932542181469
Heuristic,2.7793149632090484
Heuristic,2.9242770310514263
Heuristic,2.652616865002123
Heuristic,2.5290777420219754
Heuristic,2.781637477719464
Heuristic,2.904479905443253
Heuristic,2.678132994115849
Heuristic,2.7007266931281473
Heuristic,3.021059222747887
Heuristic,2.7501738724595857
Heuristic,2.278001638265321
Heuristic,2.903032511136856
Heuristic,2.4825866819525317
Heuristic,2.530064781801481
Heuristic,2.552320641252904
Heuristic,2.812985643179136
Heuristic,3.048853119275246
Heuristic,2.5273850440948755
Heuristic,3.0435336620980156
Heuristic,2.569771505781823
Heuristic,2.9440155861818273
Heuristic,2.580006160831918
Heuristic,2.3710910862872905
Heuristic,3.101242758092666
Heuristic,2.3422236368488085
Heuristic,2.321985734761751
Heuristic,2.1401734146273967
Heuristic,2.903221697806794
Heuristic,2.9746424633486375
Heuristic,2.6328344640252763
Heuristic,2.222476763662098
Heuristic,2.517950095193759
Heuristic,2.428487908255149
Heuristic,2.208386296241798
Heuristic,2.3721591912925266
Heuristic,2.6729344609522236
Heuristic,2.3369969466597023
Heuristic,2.6082203262648895
Heuristic,1.9828401667982205
Heuristic,3.0277843518777616
Heuristic,2.4016371386533915
Heuristic,2.783163262513741
Heuristic,2.577058350482441
Heuristic,2.6417154307481794
Heuristic,2.1776879194126257
Heuristic,2.2900069631819386
Heuristic,2.2968731275937535
Heuristic,2.5276650616347305
Heuristic,2.921029447544519
Heuristic,2.651016263577102
Heuristic,2.2477370714722102
Heuristic,2.546409794119048
Heuristic,2.4956163283382886
Heuristic,2.4138983934882186
Heuristic,2.5153380425921203
Heuristic,2.7509464850130887
Heuristic,2.302294251050911
Heuristic,2.415402560491399
Heuristic,2.8169933307947868
Heuristic,2.661814342662854
Heuristic,2.906803412437332
Heuristic,2.9542009546012244
Heuristic,2.1085723652549326
Heuristic,2.6071812509733854
Heuristic,2.3663939158283194
Heuristic,2.157507353831152
Heuristic,2.281347920648515
Heuristic,2.429047651195016
Heuristic,2.430936944804528
Heuristic,2.336476860678937
Heuristic,2.5158748421161743
Heuristic,3.2598658102417275
Heuristic,1.9982938968679917
Heuristic,2.863882299797888
Heuristic,2.5144436076445964
Heuristic,2.3875854366196494
Heuristic,1.9096932729905203
Heuristic,2.7506596257224336
Heuristic,2.084251428808624
Heuristic,2.7703551166969924
Heuristic,3.0465784547837114
Heuristic,2.1320801418894195
Heuristic,2.873312240891118
Heuristic,2.5276928638995333
Heuristic,1.8867125193311942
Heuristic,2.155663383063863
Heuristic,2.573895736733895
Heuristic,2.6413178134794078
Heuristic,2.0419989643068615
Heuristic,2.5295876203208603
Heuristic,2.7690433224092725
Heuristic,2.821969237072398
Heuristic,2.3951584034988302
Heuristic,2.6525929586355086
Heuristic,2.8443044608668027
Heuristic,2.777782688115726
Heuristic,2.7895706139155267
Heuristic,2.554324400567647
Heuristic,2.4914178363183224
Heuristic,2.602287144703487
Heuristic,2.2890363393738355
Heuristic,2.856297525906295
Heuristic,2.0572056620333297
Heuristic,2.367496561675673
Heuristic,2.5090401722322344
Heuristic,2.6620310804784038
Heuristic,2.718836622936665
Heuristic,2.9702694139662733
Heuristic,2.543512239214595
Heuristic,2.302881079011521
Heuristic,2.4761408923896124
Heuristic,2.4234141790020876
Heuristic,2.677227879322919
Heuristic,2.197339503123451
Heuristic,2.4669500523320114
Heuristic,3.010692994401966
Heuristic,2.574387284394645
Heuristic,2.2015931225629597
Heuristic,2.4172491318062828
Heuristic,1.844745856873185
Heuristic,2.502200710800178
Heuristic,3.0182588435483355
Heuristic,2.1611712626617443
Heuristic,2.079691426175111
Heuristic,2.3224541709346496
Heuristic,2.7986060613156445
Heuristic,3.035482405461132
Heuristic,2.655539354345338
Heuristic,2.131140900336149
Heuristic,2.5132791985176826
Heuristic,3.0611222657841357
Heuristic,2.4259836277499325
Heuristic,2.562478885565052
Heuristic,2.5927452242493163
Heuristic,2.052531041147902
Heuristic,2.821779085896356
Heuristic,2.7781775530477293
Heuristic,1.917153383689274
Heuristic,2.117610950605245
Heuristic,2.2267626821590003
Heuristic,2.7463008120686836
Heuristic,2.292863709979871
Heuristic,2.641368572414893
Heuristic,2.465031241410985
Heuristic,2.541522338102102
Heuristic,2.669970873905593
Heuristic,2.6023538383116764
Heuristic,2.5142629048284895
Heuristic,2.618909121820588
Heuristic,2.5856123561417674
Heuristic,2.4565967078804545
Heuristic,2.3895944134958613
Heuristic,3.088645908171858
Heuristic,2.3861260407007463
Heuristic,2.9333792862945764
Heuristic,2.3128169460475165
Heuristic,2.7649967733283294
Heuristic,3.0594084887455417
Heuristic,2.4179380383682405
Heuristic,2.3181806121031596
Heuristic,2.3902009627067473
Heuristic,2.5141432272809765
Heuristic,2.617333892739809
Heuristic,2.5079048498557723
Heuristic,2.392996669176536
Heuristic,3.1110534578017353
Heuristic,2.4593872991831662
Heuristic,2.3324813435530087
Heuristic,2.77114657707636
Heuristic,2.77596218576687
Heuristic,2.947136787576934
Heuristic,3.1029860007365184
Heuristic,2.624712658920142
Heuristic,2.432831916147723
Heuristic,1.9447635109273522
Heuristic,2.2363937310915483
Heuristic,2.583069078743868
Heuristic,2.1628831855974875
Heuristic,2.0406591813813044
Heuristic,2.539906355433345
Heuristic,2.7548919878484655
Heuristic,2.44546503892311
Heuristic,2.7911885710646294
Heuristic,2.706454688290639
Heuristic,2.8675281538810347
Heuristic,3.1772477898188267
Heuristic,3.3104816561383346
Heuristic,2.7412573456309235
Heuristic,2.380941302571588
Heuristic,2.538699172084122
Heuristic,2.995752186542486
Heuristic,2.249888773519527
Heuristic,2.9577727156247313
Heuristic,2.468614964280842
Heuristic,2.588682887727301
Heuristic,2.2757552813236943
Heuristic,2.11970549873634
Heuristic,2.435679991313469
Heuristic,2.9140307363670694
Heuristic,2.307727126569798
Heuristic,3.0076263987902148
Heuristic,2.3467630895054112
Heuristic,2.1969681079103474
Heuristic,2.5966998434909163
Heuristic,2.7253513691089317
Heuristic,2.576877785955802
Heuristic,2.5656483068270144
Heuristic,3.004735167788661
Heuristic,2.548702159161619
Heuristic,2.3777489880923466
Heuristic,2.1773900101213073
Heuristic,2.905147432483734
Heuristic,2.3912749658163204
Heuristic,2.420781656342101
Heuristic,2.838088332093019
Heuristic,3.141174293140659
Heuristic,2.5960027707424373
Heuristic,2.478571722225249
Heuristic,2.5182906915076533
Heuristic,2.3822452226956425
Heuristic,2.4123917566218966
Heuristic,2.4140120566374192
Heuristic,2.795404170788509
Heuristic,2.4933372128076203
Heuristic,2.931056073573065
Heuristic,2.48483778681768
Heuristic,2.4090103847549575
Heuristic,2.906429401241817
Heuristic,2.5265167259350036
Heuristic,2.481766277630098
Heuristic,2.530148738387542
Heuristic,2.9635148127851294
Heuristic,2.612557906092506
Heuristic,2.8978439582504714
Heuristic,2.449049580787135
Heuristic,2.8494357415459532
Heuristic,2.5918758945343
Heuristic,2.786890880182901
Heuristic,2.812313821972021
Heuristic,2.2352542544183316
Heuristic,2.5417599801705406
Heuristic,2.809456660851278
Heuristic,2.8576251758085256
Heuristic,2.89903858578208
Heuristic,2.5516696640709937
Heuristic,2.985759365237543
Heuristic,2.321260733348257
Heuristic,2.0679830126854344
Heuristic,2.4360504656990716
Heuristic,2.8816227067863682
Heuristic,2.1915309514517745
Heuristic,2.0755149369057673
Heuristic,1.9997180820657277
Heuristic,2.7425495515395535
Heuristic,2.0822443310750454
Heuristic,2.686026770587536
Heuristic,2.4207866171072103
Heuristic,2.286971109264883
Heuristic,2.2179863687917933
Heuristic,2.5823823502207084
Heuristic,2.2919426769715483
Heuristic,2.5184962223485345
Heuristic,2.64138529136022
Heuristic,2.705268757211267
Heuristic,2.8025384925302377
Heuristic,2.569813851614826
Heuristic,2.202452768181577
Heuristic,2.660835946079891
Heuristic,2.718435981422026
Heuristic,2.4650964886780273
Heuristic,2.4329380939674445
Heuristic,3.268493641334081
Heuristic,2.1289813267050275
Heuristic,2.669287130075529
Heuristic,2.8363199093862645
Heuristic,2.416801391054203
Heuristic,2.46904053422519
Heuristic,2.3985964908674977
Heuristic,2.520067227410098
Heuristic,2.792006550956613
Heuristic,2.4600619147401064
Heuristic,3.4606430628526628
Heuristic,2.383092152015054
Heuristic,2.936560586097295
Heuristic,2.6844828783815107
Heuristic,2.5528022718337566
Heuristic,2.9647581549337376
Heuristic,2.036136943313384
Heuristic,2.648573965840295
Heuristic,2.303366706649566
Heuristic,2.388157248424195
Heuristic,2.3739401068883117
Heuristic,2.228539533759784
Heuristic,2.02025975265374
Heuristic,2.63756835282287
Heuristic,2.500080947255986
Heuristic,2.4291011866564225
Heuristic,2.7495744256753207
Heuristic,2.6566650901578397
Heuristic,2.4393086561354287
Heuristic,3.4425993215055652
Heuristic,2.827839787680271
Heuristic,3.2593077341322343
Heuristic,2.3945176309199
Heuristic,2.5955090141995285
Heuristic,2.145547375119591
Heuristic,2.420063357614925
Heuristic,2.3434107153509656
Heuristic,3.4258407865890272
Heuristic,2.310594865173775
Heuristic,2.449228173797133
Heuristic,2.080410099204812
Heuristic,2.6813979464102813
Heuristic,2.2477718359887326
Heuristic,2.797768228457564
Heuristic,1.979210638677538
Heuristic,2.4832211170741547
Heuristic,1.9618301101128357
Heuristic,2.3716688818782763
Heuristic,2.433146833953222
Heuristic,2.3388528851885666
Heuristic,2.3687346012249133
Heuristic,2.8136812846536636
Heuristic,3.1775549859273253
Heuristic,2.622606497751609
Heuristic,2.2599228180764563
Heuristic,2.5393770176481656
Heuristic,2.4128690041788503
Heuristic,2.788952402254402
Heuristic,2.607049234996343
Heuristic,2.042874807690948
Heuristic,2.8520156914878556
Heuristic,2.8123725791601926
Heuristic,2.9720966799589243
Heuristic,2.3638282715887606
Heuristic,2.6110144701391302
Heuristic,2.161723533441771
Heuristic,2.504503570049763
Heuristic,2.6400483660899514
Heuristic,2.3276567347401738
Heuristic,2.623523610385097
Heuristic,2.5708032284654663
Heuristic,2.38396945549384
Heuristic,2.942595353195941
Heuristic,2.449104506623873
Heuristic,2.560173454342634
Heuristic,2.076408457432204
Heuristic,2.677003380184232
Heuristic,2.375787342576959
Heuristic,2.809460597169303
Heuristic,2.1235093783748624
Heuristic,2.6502427579801986
Heuristic,1.860146207596041
Heuristic,2.7062385129503133
Heuristic,2.467139681430634
Heuristic,2.6407645011662004
Heuristic,2.3385108540636197
Heuristic,2.2329319525463567
Heuristic,2.3886062581178353
Heuristic,2.5780644264519283
Heuristic,2.6943549692958357
Heuristic,2.6118823127382265
Heuristic,2.236723534532787
Heuristic,3.0757142559818385
Heuristic,2.620642975650857
Heuristic,2.3317969726070404
Heuristic,2.648284190042345
Heuristic,2.597410553171164
Heuristic,2.4669792293918906
Heuristic,2.4314607123816896
Heuristic,2.8178250595709273
Heuristic,3.042501123754346
Heuristic,1.904312460811985
Heuristic,2.8921139581772746
Heuristic,2.526026687878161
Heuristic,2.591575220453474
Heuristic,2.9287366406172497
Heuristic,1.7171857909911357
Heuristic,2.7663923173585228
Heuristic,2.907827111468489
Heuristic,2.3117622976273946
Heuristic,2.098468602804596
Heuristic,3.0159144740129316
Heuristic,1.988867139093573
Heuristic,2.6465996981228583
Heuristic,2.829387963948758
Heuristic,2.63993153918748
Heuristic,2.6907448952140203
Heuristic,2.43985807157662
Heuristic,2.6599267372252435
Heuristic,2.305759096613857
Heuristic,2.3449271972329946
Heuristic,2.530749039085604
Heuristic,2.0543512151783223
Heuristic,2.6944969302503843
Heuristic,1.769824715663181
Heuristic,2.62971539672888
Heuristic,2.658158077944186
Heuristic,2.279737038162186
Heuristic,2.146848639569141
Heuristic,2.3965694760561633
Heuristic,2.7134384060695664
Heuristic,2.624539412493991
Heuristic,2.183872387871662
Heuristic,2.5519579628189337
Heuristic,2.5992157327549776
Heuristic,2.586397992241454
Heuristic,2.2216547857635325
Heuristic,2.5670845056243126
Heuristic,2.797526091596123
Heuristic,2.682377223878539
Heuristic,2.6444315262680096
Heuristic,3.0167472084736606
Heuristic,2.570740037421328
Heuristic,2.2654066969460422
Heuristic,2.26636446593202
Heuristic,2.5732306183073805
Heuristic,2.085286884747388
Heuristic,2.4259587792865336
Heuristic,2.6603661122528774
Heuristic,2.874154248837063
Heuristic,2.0530902428263818
Heuristic,2.5499610719761576
Heuristic,2.4993653993021923
Heuristic,2.531341724007356
Heuristic,2.5628094088892577
Heuristic,2.5104239000741853
Heuristic,2.9410039866408955
Heuristic,2.8961846070480637
Heuristic,3.168130650623696
Heuristic,2.516802966891998
Heuristic,2.395807507450889
Heuristic,2.2273487687234583
Heuristic,2.362921880865353
Heuristic,2.7360863105450997
Heuristic,2.7826419867504786
Heuristic,2.7242756587775476
Heuristic,2.3190649728989445
Heuristic,2.3206957479855026
Heuristic,3.111634726939025
Heuristic,2.2684053215047144
Heuristic,2.94835705918735
Heuristic,2.642343796983318
Heuristic,2.2984620808150082
Heuristic,2.1618115666330677
Heuristic,2.3116707688004485
Heuristic,2.6462918000841276
Heuristic,2.2449284946020627
Heuristic,2.990053693382122
Heuristic,2.457142994295125
Heuristic,2.7318150090232676
Heuristic,2.7074006341113677
Heuristic,3.0104627960630945
Heuristic,2.387557766518579
Heuristic,2.5520792776250967
Heuristic,2.0962183051583434
Heuristic,2.5511920212410857
Heuristic,2.864739496675169
Heuristic,2.586368239664901
Heuristic,3.219351268777425
Heuristic,2.677160278408175
Heuristic,2.35657928922656
Heuristic,2.657823259797066
Heuristic,2.0774694116748913
Heuristic,2.278388163535232
Heuristic,2.1519764163215567
Heuristic,2.5248719328812657
Heuristic,2.501697790867057
Heuristic,2.8844251582415446
Heuristic,2.490041689162728
Heuristic,2.2168380164888672
Heuristic,2.9915376772240494
Heuristic,1.6295406225717823
Heuristic,2.531631985015248
Heuristic,2.5858045054285537
Heuristic,2.5168890484576623
Heuristic,2.6712277846299903
Heuristic,2.553472721887123
Heuristic,2.671097174916205
Heuristic,2.337888884958243
Heuristic,2.078782552912268
Heuristic,2.5059827665647845
Heuristic,2.209578937974949
Heuristic,2.2996940878635956
Heuristic,2.8712319272844957
Heuristic,2.9911385333636638
Heuristic,2.865554326826471
Heuristic,2.8095121869815913
Heuristic,2.5381292275164182
Heuristic,2.827070257699527
Heuristic,2.627539170854459
Heuristic,3.1089211115128608
Heuristic,2.2423662068173877
Heuristic,2.7233967708442344
Heuristic,2.1376779109108583
Heuristic,2.725132665064151
Heuristic,2.000142391021364
Heuristic,2.1530246462399236
Heuristic,2.1321345578218898
Heuristic,2.5962447171198795
Heuristic,2.62720840754825
Heuristic,3.2610248480077253
Heuristic,2.4923937484280367
Heuristic,2.7536160069357756
Heuristic,2.5686471061944034
Heuristic,2.7283227733336117
Heuristic,2.5634438370899977
Heuristic,2.852524142165934
Heuristic,2.20167152888582
Heuristic,1.779884082436003
Heuristic,2.64622270411669
Heuristic,1.9741446138175807
Heuristic,2.9166696709311024
Heuristic,2.3542487989483507
Heuristic,2.2060371908464895
Heuristic,3.3366372717766337
Heuristic,2.5144207155795537
Heuristic,2.4564639878495487
Heuristic,2.746187759239353
Heuristic,2.7665963507027294
Heuristic,2.864471909662619
Heuristic,2.1169088135870964
Heuristic,2.682118690797188
Heuristic,2.431340540171166
Heuristic,2.241480988387501
Heuristic,2.534549325235841
Heuristic,1.9722803575733552
Heuristic,2.79909433047764
Heuristic,2.4320995992099377
Heuristic,2.375603710904685
Heuristic,2.478365971897511
Heuristic,2.4693429323978284
Heuristic,2.8649421857861155
Heuristic,2.188656321426103
Heuristic,2.4044208477858464
Heuristic,2.454513262995728
Heuristic,2.1978959112286107
Heuristic,2.5681763862625058
Heuristic,2.301100715756524
Heuristic,2.0953451218843324
Heuristic,2.679131167745842
Heuristic,2.9878959840904544
Heuristic,2.534642437019851
Heuristic,2.488766464672007
Heuristic,2.4823585904426753
Heuristic,2.36397645508004
Heuristic,2.87383746019685
Heuristic,2.5484406469246683
Heuristic,1.8611790455707855
Heuristic,2.88256367587707
Heuristic,2.80843967860924
Heuristic,2.7019241395711813
Heuristic,1.6867649503927145
Heuristic,2.5191084272193893
Heuristic,2.79017262181843
Heuristic,2.6347606160243267
Heuristic,2.5820377685148217
Heuristic,2.7908030356583473
Heuristic,2.562126828265039
Heuristic,2.8839760139538813
Heuristic,2.5689152507605097
Heuristic,2.544852464688472
Heuristic,2.7898658994272005
Heuristic,2.399467311975819
Heuristic,2.1881939732004962
Heuristic,2.5211495326265596
Heuristic,2.6985292562262972
Heuristic,2.799829629943331
Heuristic,2.8015040153522217
Heuristic,2.49924079204302
Heuristic,2.468177695234226
Heuristic,2.34094413838482
Heuristic,2.5955625187236664
Heuristic,2.0237241005090443
Heuristic,2.5268823931072397
Heuristic,3.3817434391252
Heuristic,2.0652317040936405
Heuristic,2.567427087745588
Heuristic,2.6342575430357975
Heuristic,2.6731550289530244
Heuristic,2.2276871476052498
Heuristic,2.6759134214273472
Heuristic,2.358365216766164
Heuristic,2.088298761446644
Heuristic,2.807871890038948
Heuristic,2.720979518356971
Heuristic,2.227711513318078
Heuristic,2.355555642912395
Heuristic,2.3446042447842737
Heuristic,2.0229800051747864
Heuristic,2.750558752664337
Heuristic,2.7618953266634296
Heuristic,2.4194188675529738
Heuristic,2.5114948301730085
Heuristic,2.5546846664978835
Heuristic,2.59390409804289
Heuristic,2.1125071700902787
Heuristic,2.6677056468051568
Heuristic,2.1645266042589637
Heuristic,2.7260478645466444
Heuristic,2.1979802365007313
Heuristic,2.1268471144036134
Heuristic,2.5115211395171513
Heuristic,2.50472722019672
Heuristic,2.551372984738338
Heuristic,2.25003671449246
Heuristic,2.581332078294534
Heuristic,2.609810284119823
Heuristic,2.8725117035703835
Heuristic,2.575953895083483
Heuristic,2.3387438124823396
Heuristic,2.1126483889416128
Heuristic,2.0572491006624123
Heuristic,2.61766858679529
Heuristic,2.759863338444953
Heuristic,2.2507973375692405
Heuristic,2.5971917120558055
Heuristic,2.467316271007156
Heuristic,2.7372041027539837
Heuristic,2.781901658118305
Heuristic,1.834697296666015
Heuristic,2.8321175327245522
Heuristic,2.596264361648059
Heuristic,2.3593179514542935
Heuristic,2.367752837976759
Heuristic,2.5296004150226667
Heuristic,2.367666366136074
Heuristic,2.2366501008612496
Heuristic,2.3059619897036625
Heuristic,2.205455026223328
Heuristic,2.9272022982397083
Heuristic,2.5369056161377843
Heuristic,3.201259751005682
Heuristic,2.632213494396364
Heuristic,2.6980858560422423
Heuristic,2.1989705672720126
Heuristic,2.454013617672279
Heuristic,2.541981851312659
Heuristic,2.3272960115314834
Heuristic,2.379444169572445
Heuristic,2.647052704511465
Heuristic,2.652983362993489
Heuristic,2.115707748673008
Heuristic,2.605803248596438
Heuristic,2.6872317911715564
Heuristic,2.3415002835411225
Heuristic,2.310765266665838
Heuristic,2.6535002679554447
Heuristic,1.7418983839127606
Heuristic,2.520630343881345
Heuristic,3.01425099835476
Heuristic,1.7348609434880673
Heuristic,2.768837359681661
Heuristic,2.6846333482051303
Heuristic,2.0851183092473997
Heuristic,2.6773958305452448
Heuristic,2.8228293765799135
Heuristic,2.1641909589634545
Heuristic,2.3061353599771017
Heuristic,2.527894790257842
Heuristic,2.8156474523012283
Heuristic,2.356365795221606
Heuristic,2.5072717623289313
Heuristic,2.3189361216022615
Heuristic,2.5274262268715266
Heuristic,2.8365154920580475
Heuristic,2.55202320362051
Heuristic,2.4119043395558566
Heuristic,2.5100943748971956
Heuristic,2.277890831016482
Heuristic,2.2192958377913343
Heuristic,2.883913612070663
Heuristic,3.0152433857598036
Heuristic,1.9782469585937126
Heuristic,2.6960359591464975
Heuristic,2.7797414817787827
Heuristic,2.1535864160986242
Heuristic,2.377341244320768
Heuristic,2.3455012114632043
Heuristic,3.094846300349592
Heuristic,3.019700945434109
Heuristic,2.241436131758056
Heuristic,2.0787233712202826
Heuristic,2.75374823323802
Heuristic,2.6844897300875177
Heuristic,2.8961836347606518
Heuristic,2.1997358494735995
Heuristic,2.7387988045938445
Heuristic,2.2987160114773633
Heuristic,2.7084446414948244
Heuristic,2.5087751134973137
Heuristic,3.0947468840977876
Heuristic,2.655291853519217
Heuristic,2.425048119627089
Heuristic,2.561711062385964
Heuristic,2.489603218636036
Heuristic,2.1708984515897933
Heuristic,3.102087387467571
Heuristic,3.0034528441154276
Heuristic,2.466685832474183
Heuristic,2.7316439333411227
Heuristic,3.1403522329125284
Heuristic,2.8940374469819425
Heuristic,2.4270448382972423
Heuristic,2.4934017367631864
Heuristic,2.000617583154447
Heuristic,2.754291005387173
Heuristic,2.895836398783555
Heuristic,2.897911144655869
Heuristic,2.7319945771022813
Heuristic,2.6265496158197634
Heuristic,2.2182615753995703
Heuristic,2.6166801656286696
Heuristic,2.3289854135686636
Heuristic,2.6788142588721318
Heuristic,2.2890068632802687
Heuristic,2.676889967157479
Heuristic,2.920112520167348
Heuristic,2.6340506611986316
Heuristic,2.6193259230744745
Heuristic,2.79609933360116
Heuristic,3.0553491993163524
Heuristic,2.4875572868766946
Heuristic,2.6775570554357797
Heuristic,2.976996731895225
Heuristic,2.722392950175167
Heuristic,1.9144811101745614
Heuristic,2.3035969516695167
Heuristic,2.747115131176212
Heuristic,2.3989877889370295
Heuristic,2.9555632541307055
Heuristic,3.081836221724897
Heuristic,2.3415098617762418
Heuristic,2.2077711924659815
Heuristic,2.410778457557754
Heuristic,2.3933194230350825
Heuristic,2.984513098254421
Heuristic,2.206914871911866
Heuristic,2.744510894075115
Heuristic,2.9396821931609898
Heuristic,2.7677322580167303
Heuristic,2.651984073965101
Heuristic,2.470947336835515
Heuristic,3.079130533474953
Heuristic,2.4458346889084996
Heuristic,2.8067611776036903
Heuristic,2.4719984751994417
Heuristic,1.963068987679947
Heuristic,2.438460044247068
Heuristic,2.472739769916191
Heuristic,2.476637306768151
Heuristic,2.320322231198425
Heuristic,2.7092329544086056
Heuristic,2.7428958594605377
Heuristic,2.4275203617626655
Heuristic,2.4249812272663407
Heuristic,2.2022718693834435
Heuristic,2.596919169963962
Heuristic,2.9366828251078196
Heuristic,2.9368938207923563
Heuristic,2.3388173055883423
Heuristic,3.122136390348995
Heuristic,2.4104793683706918
Heuristic,2.212779835182765
Heuristic,2.108177675669121
Heuristic,2.194536625389052
Heuristic,2.620925944496197
Heuristic,2.4421428486702617
Heuristic,2.3288808192255868
Heuristic,2.263747733759409
Heuristic,2.1915580810775688
Heuristic,2.250903673480989
Heuristic,2.8270550463683897
Heuristic,3.0653289622790982
Heuristic,3.0840244655933837
Heuristic,2.727775087085977
Heuristic,2.3711357275631473
Heuristic,2.318053201546684
Heuristic,2.7486566837407755
Heuristic,2.4455012796372677
Heuristic,2.644563563490639
Heuristic,3.1037644468760277
Heuristic,2.5855689621552074
Heuristic,3.2088222787964473
Heuristic,2.179233055443632
Heuristic,2.655300535887616
Heuristic,2.6148739238173575
Heuristic,2.222413823552528
Heuristic,2.762420636979519
Heuristic,2.982916942342202
Heuristic,3.1860873527306826
Heuristic,2.6443740528234088
Heuristic,1.9454076970229108
Heuristic,2.664241702212758
Heuristic,2.74436857744371
Heuristic,2.44887975432284
Heuristic,2.585052068891074
Heuristic,2.373811879456415
Heuristic,2.479570448173963
Heuristic,2.8276880643585374
Heuristic,2.940040779036975
Heuristic,2.135737622007082
Heuristic,2.3653761109479703
Heuristic,2.039651361666505
Heuristic,3.0759092558666254
Heuristic,2.7833237266935096
Heuristic,1.91489657186444
Heuristic,2.500484687832259
Heuristic,2.4342819765817887
Heuristic,2.2914040632746735
Heuristic,2.8333702606718063
Heuristic,2.826448181164058
Heuristic,2.6014821667677452
Heuristic,2.3259643016844165
Heuristic,2.328505795949773
Heuristic,2.5332834494122545
Heuristic,2.3817619655223545
Heuristic,2.5182395922749956
Heuristic,2.6887637234859287
Heuristic,2.0562609927181588
Heuristic,2.2907250724623336
Heuristic,2.509811248648416
Heuristic,2.9933602969204407
Heuristic,2.7756288655221932
Heuristic,2.5189161906634356
Heuristic,2.641658153031554
Heuristic,2.489305230402916
Heuristic,2.8457524692120373
Heuristic,2.6511669529817263
Heuristic,2.9067091939015004
Heuristic,2.110145582440795
Heuristic,2.276207980676443
Heuristic,2.6030303721985586
Heuristic,2.6692377834534593
Heuristic,3.2458623472815247
Heuristic,1.9733374173689824
Heuristic,2.509998043685182
Heuristic,2.496436390476584
Heuristic,2.5919223963959297
Heuristic,3.0441380118776453
Heuristic,2.784985745775953
Heuristic,2.034946069168613
Heuristic,2.983808856856527
Heuristic,2.975372978581836
Heuristic,2.599553749120938
Heuristic,2.0307877890416424
Heuristic,2.4741504217623405
Heuristic,2.6617433435440008
Heuristic,2.821357026453411
Heuristic,1.9846165879263347
Heuristic,2.2874227847852975
Heuristic,2.8520401628198715
Heuristic,2.974133757372892
Heuristic,2.6501914956373334
Heuristic,2.8673100933987703
Heuristic,2.6576770563523113
Heuristic,2.8112368308536597
Heuristic,2.563884976000056
Heuristic,2.665136439469189
Heuristic,2.1505341533609448
Heuristic,2.738374309230106
Heuristic,2.141288498799506
Heuristic,2.7380352583525296
Heuristic,2.3872515296167527
Heuristic,2.631884463118684
Heuristic,2.231874271688447
Heuristic,2.367708884128138
Heuristic,2.6312744060206446
Heuristic,2.748109885895107
Heuristic,2.8507624519728716
Heuristic,2.172217724054814
Heuristic,2.0660574353263255
Heuristic,2.225067365231484
Heuristic,2.197760073456963
Heuristic,2.993809068032499
Heuristic,2.925278928526834
Heuristic,2.218623099885071
Heuristic,3.0371974676316533
Heuristic,2.907222789799193
Heuristic,2.02720809573645
Heuristic,2.208457743393763
Heuristic,2.0182398206664796
Heuristic,2.493817710429917
Heuristic,2.525265426314806
Heuristic,2.5246992497630805
Heuristic,1.9071176362528006
Heuristic,2.088402946317388
Heuristic,2.598670834449526
Heuristic,2.7081600798118
Heuristic,1.9092090640200552
Heuristic,2.1325856778073726
Heuristic,2.8291777335116843
Heuristic,2.1497555871071876
Heuristic,2.5155549722609
Heuristic,2.120970081563782
Heuristic,2.7714401428472604
Heuristic,1.9100644737188759
Heuristic,2.427931596649739
Heuristic,2.804348663881135
Heuristic,2.7044726501445995
Heuristic,2.3796524191280293
Heuristic,2.308718520029721
Heuristic,2.44957209091593
Heuristic,2.1301002325632314
Heuristic,2.489757758258579
Heuristic,2.4949383082717196
Heuristic,2.3936121448530354
Heuristic,2.8225051186150965
Heuristic,2.1962857521492185
Heuristic,2.0045932450215336
Heuristic,2.3611434215568696
Heuristic,2.5574968869261916
Heuristic,2.4877253751598674
Heuristic,2.4742886063783356
Heuristic,2.179387371264096
Heuristic,2.222879909278362
Heuristic,2.372324114895707
Heuristic,2.3484795286166764
Heuristic,2.8520610750033675
Heuristic,2.5998081540933486
Heuristic,2.358952799842497
Heuristic,2.8511319486291993
Heuristic,2.6549546451820056
Heuristic,2.1094788143937775
Heuristic,1.539718139873579
Heuristic,2.118946661214392
Heuristic,2.699908228602685
Heuristic,2.789585080505632
Heuristic,2.0179462621163227
Heuristic,2.7191740108490134
Heuristic,2.7077117288740786
Heuristic,2.9418606298930903
Heuristic,2.807399189753065
Heuristic,2.928809258323929
Heuristic,2.66768185167129
Heuristic,2.6575683794756433
Heuristic,2.41800514081228
Heuristic,2.7680455242873228
Heuristic,2.1170802077054733
Heuristic,2.4780639455414852
Heuristic,2.6832607819893814
Heuristic,2.945844174045797
Heuristic,2.375471495127753
Heuristic,2.8122941102267034
Heuristic,2.4603731920562786
Heuristic,2.8184866223493867
Heuristic,2.2776711232252054
Heuristic,2.7395338031741563
Heuristic,2.491169858057764
Heuristic,2.161625401335136
Heuristic,2.473642801594383
Heuristic,2.919685473236471
Heuristic,2.211792432298072
Heuristic,2.071142406785934
Heuristic,2.6405797390354664
Heuristic,2.012633853871016
Heuristic,2.992758540175447
Heuristic,2.9851396943450963
Heuristic,2.8339759711014554
Heuristic,2.5166034466100347
Heuristic,3.0233936883401302
Heuristic,2.9268633157305155
Heuristic,2.358905820836906
Heuristic,2.95510401456757
Heuristic,2.2443099331390792
Heuristic,2.4604172411219736
Heuristic,1.9776564972598867
Heuristic,2.5641273463789007
Heuristic,2.4309406306276164
Heuristic,2.3832547375641444
Heuristic,2.4699061833388662
Heuristic,2.344745516731023
Heuristic,2.5326022606229173
Heuristic,2.9081512932895963
Heuristic,2.1988957075532096
Heuristic,2.780828289642022
Heuristic,2.585089245439241
Heuristic,2.633135833423467
Heuristic,2.5107136399332273
Heuristic,2.3030582076375548
Heuristic,2.6545267820984484
Heuristic,2.6768970035408723
Heuristic,2.2779380706124
Heuristic,2.1152332004693384
Heuristic,2.5457971271571433
Heuristic,2.7482275832120995
Heuristic,2.8239392311631
Heuristic,2.8838849427340905
Heuristic,2.632308588238184
Heuristic,2.4404044856198457
Heuristic,2.5193484817804173
Heuristic,2.1440633432413225
Heuristic,2.313568015787746
Heuristic,2.503898519717523
Heuristic,2.439368392426965
Heuristic,2.5478236103195946
Heuristic,2.104249218120806
Heuristic,2.1717956831586838
Heuristic,2.754539532662645
Heuristic,2.2679965707309746
Heuristic,2.315522556737575
Heuristic,2.548738803733939
Heuristic,2.2384089872441506
Heuristic,2.854554170100422
Heuristic,2.139934569739148
Heuristic,2.5204608542993707
Heuristic,2.2936278869295257
Heuristic,2.5672310986305424
Heuristic,2.369566776409856
Heuristic,2.51284767597831
Heuristic,2.8893153489396894
Heuristic,2.3121161942009927
Heuristic,2.309599036305707
Heuristic,2.4244715705446724
Heuristic,2.9657434607489828
Heuristic,2.492861812723576
Heuristic,2.893222869081347
Heuristic,2.466501985811304
Heuristic,2.8797462358420165
Heuristic,2.6431952063312982
Heuristic,2.687700892425978
Heuristic,2.085823711896877
Heuristic,2.040953798897716
Heuristic,2.8436289372373276
Heuristic,2.839870075598228
Heuristic,3.25224806395122
Heuristic,2.070647809329596
Heuristic,2.666905744257254
Heuristic,2.210396538162448
Heuristic,2.2960422192460928
Heuristic,2.36812075896873
Heuristic,2.6356241643746414
Heuristic,2.3191985154974937
Heuristic,2.5301776324820913
Heuristic,2.771607153418862
Heuristic,2.86109913097231
Heuristic,2.7294390102006627
Heuristic,2.6566449078594756
Heuristic,2.4771699753685015
Heuristic,2.3479549955734087
Heuristic,2.682997086974097
Heuristic,2.202205101357499
Heuristic,2.5560245256673086
Heuristic,2.1947151848492923
Heuristic,2.5075174763443937
Heuristic,2.201358018436883
Heuristic,2.3988695860483404
Heuristic,2.315591808570591
Heuristic,2.2791208519174657
Heuristic,2.493583237733292
Heuristic,1.7870424256300694
Heuristic,1.9749304119088178
Heuristic,2.763042702031065
Heuristic,2.5645975868547093
Heuristic,2.301253937093694
Heuristic,2.814508376993351
Heuristic,2.326712733085511
Heuristic,2.344700741395178
Heuristic,2.2831042928099623
Heuristic,3.0965615162671365
Heuristic,2.5910947645346223
Heuristic,2.579182968352692
Heuristic,2.6610396580518167
Heuristic,1.9597406498869443
Heuristic,2.34037183919958
Heuristic,2.657588026930471
Heuristic,2.5187575944269223
Heuristic,3.1869186149771425
Heuristic,2.3581580677009684
Heuristic,2.8052185533857323
Heuristic,2.76373569742022
Heuristic,2.56318904051198
Heuristic,2.618099600842946
Heuristic,2.4322433992587014
Heuristic,1.9233138771183627
Heuristic,2.6255931211772383
Heuristic,2.649556742035703
Heuristic,2.6970992307049126
Heuristic,2.5390803301215117
Heuristic,2.8134492861159117
Heuristic,2.258124624464724
Heuristic,2.9640404127519844
Heuristic,2.2212544810478034
Heuristic,2.4873894273355415
Heuristic,2.72589622311639
Heuristic,2.364278184137979
Heuristic,2.7464991436234083
Heuristic,2.4163416827718334
Heuristic,2.5557234272812495
Heuristic,2.465226724975083
Heuristic,2.3455708641906705
Heuristic,3.2007251232684224
Heuristic,2.2660603251778486
Heuristic,1.8286796902112368
Heuristic,2.2769803952667775
Heuristic,2.559703876705736
Heuristic,2.40603962229379
Heuristic,2.828017279138978
Heuristic,2.8170123811729404
Heuristic,2.4237185262683876
Heuristic,2.0112942791649306
Heuristic,2.1319757320414743
Heuristic,2.5102620000838614
Heuristic,2.0468923025768975
Heuristic,2.408780853224152
Heuristic,2.949801962719155
Heuristic,2.6236727419852963
Heuristic,2.533809982222989
Heuristic,2.20527035995314
Heuristic,2.574957468168606
Heuristic,2.4418223021274894
Heuristic,2.592163746743683
Heuristic,2.7398743831120953
Heuristic,2.791592594296445
Heuristic,2.5589765209040904
Heuristic,2.6748054937210934
Heuristic,2.3651770486478982
Heuristic,2.8624889435783665
Heuristic,2.251733772302609
Heuristic,2.4572615712095196
Heuristic,2.8939531967136793
Heuristic,2.3743452830910328
Heuristic,2.1145464141551136
Heuristic,2.3957891247917145
Heuristic,2.940860445882679
Heuristic,1.8333293547712746
Heuristic,2.5509636973401464
Heuristic,2.32827733331422
Heuristic,2.469307447663388
Heuristic,2.4146002893433502
Heuristic,2.810450135319944
Heuristic,2.5362715554691273
Heuristic,2.82558571373798
Heuristic,2.908321356934824
Heuristic,2.5290408544908316
Heuristic,2.411287852488625
Heuristic,2.634060410958297
Heuristic,2.6924245345521967
Heuristic,2.1712448740577153
Heuristic,2.5913856956735297
Heuristic,2.4433235692723843
Heuristic,2.392886624474214
Heuristic,2.3110582387573304
Heuristic,2.3307822249466117
Heuristic,2.899705793406138
Heuristic,2.4099286590579063
Heuristic,2.865872572991361
Heuristic,2.5596224382567403
Heuristic,2.177467098136392
Heuristic,2.5776882632598803
Heuristic,2.160773125173986
Heuristic,2.7036008393568003
Heuristic,2.457169338372644
Heuristic,2.778606988747601
Heuristic,2.953504265039863
Heuristic,1.995231631850554
Heuristic,2.380549579374728
Heuristic,2.154259295594889
Heuristic,3.1726581921134067
Heuristic,2.3868495320272745
Heuristic,2.122310054507417
Heuristic,3.1974784018581843
Heuristic,2.300435573190172
Heuristic,2.029549334946683
Heuristic,2.1697000704505727
Heuristic,2.563301014618853
Heuristic,2.5338340224482305
Heuristic,2.2671928144356874
Heuristic,2.3733215584792147
Heuristic,2.5360517021467404
Heuristic,2.9203512061252583
Heuristic,2.62078355159858
Heuristic,2.349698645974165
Heuristic,2.450924252694071
Heuristic,2.7527602831456557
Heuristic,3.028052226593883
Heuristic,2.185966356082644
Heuristic,2.8569067254306373
Heuristic,2.425415830764999
Heuristic,2.0288338062932247
Heuristic,1.9689562223470811
Heuristic,2.9234544069925765
Heuristic,2.959495260131879
Heuristic,2.3479094467683317
Heuristic,2.4558474581481153
Heuristic,1.9810146521704657
Heuristic,2.7504411819847543
Heuristic,2.5114177417885033
Heuristic,2.0505913600328514
Heuristic,2.58191360514404
Heuristic,2.099834627366737
Heuristic,2.688586996053889
Heuristic,2.192559383029387
Heuristic,2.621929716523511
Heuristic,2.322522979926778
Heuristic,1.8046125641018915
Heuristic,2.8212391789147353
Heuristic,2.8378025592668985
Heuristic,2.3622127098958825
Heuristic,2.60298613372965
Heuristic,2.652505012527585
Heuristic,2.6622760103250918
Heuristic,3.0418209862592684
Heuristic,2.6460397575723578
Heuristic,2.411844484647325
Heuristic,2.6494018478846546
Heuristic,2.3899837225701814
Heuristic,2.197776470727438
Heuristic,2.888849478894526
Heuristic,2.6815301315031936
Heuristic,1.9570462530833639
Heuristic,2.3132595622998946
Heuristic,2.7491106340420353
Heuristic,2.0470994453222273
Heuristic,2.2923130025871172
Heuristic,3.3248405085234283
Heuristic,2.419880232811584
Heuristic,2.8474066015161053
Heuristic,2.973741220272645
Heuristic,2.2452703773373153
Heuristic,2.6005488630297977
Heuristic,3.1425872955436485
Heuristic,2.658960280309914
Heuristic,3.2353328520348024
Heuristic,2.327403975076478
Heuristic,3.0634421562428145
Heuristic,2.5250422140639897
Heuristic,2.420970027736784
Heuristic,2.7135483051255647
Heuristic,2.486294960862961
Heuristic,2.4944264044450435
Heuristic,2.666722248024213
Heuristic,1.9733412253041271
Heuristic,2.278486369528245
Heuristic,2.7385272614931795
Heuristic,2.8198387994845477
Heuristic,2.6280256590201576
Heuristic,2.6034232543761497
Heuristic,2.641668257935224
Heuristic,2.809638241961482
Heuristic,2.088708651632884
Heuristic,2.365935065409838
Heuristic,2.4974926454433066
Heuristic,2.57920680398017
Heuristic,1.8820452415920577
Heuristic,2.13976418464229
Heuristic,2.514961872030202
Heuristic,2.826373753244212
Heuristic,2.3932823202601443
Heuristic,2.3183324355567034
Heuristic,2.6798693383333174
Heuristic,2.4207913380873993
Heuristic,2.786383696890572
Heuristic,2.4530710921038428
Heuristic,2.182758724120882
Heuristic,2.94958831347622
Heuristic,2.8941477060747696
Heuristic,2.231063005972868
Heuristic,2.6396607682292386
Heuristic,2.421215180226917
Heuristic,2.707204991929341
Heuristic,2.2551918121878836
Heuristic,2.7836450820214313
Heuristic,2.8813533292960107
Heuristic,2.233523555804311
Heuristic,2.540472524367516
Heuristic,2.8877078174264867
Heuristic,2.2171879503173963
Heuristic,2.3177468327374062
Heuristic,2.720109573124023
Heuristic,2.471407607070033
Heuristic,2.0436369095000164
Heuristic,2.42316559071453
Heuristic,3.0481235977176047
Heuristic,3.1438174339457916
Heuristic,2.327345069088432
Heuristic,2.2438175566717087
Heuristic,2.381497184243368
Heuristic,3.0648946873810874
Heuristic,2.7746491356262157
Heuristic,2.962739344095727
Heuristic,2.822001363286012
Heuristic,2.1210242706903464
Heuristic,2.2330684163223316
Heuristic,2.3094772411073423
Heuristic,2.3621548534612526
Heuristic,2.314879965332041
Heuristic,2.3500618233605644
Heuristic,2.713684275800158
Heuristic,2.561064815812725
Heuristic,2.8888608908387345
Heuristic,2.596155906503457
Heuristic,2.315493999672081
Heuristic,2.5769908941290045
Heuristic,2.062979715947624
Heuristic,1.8209004285614117
Heuristic,2.7145073581827686
Heuristic,2.8279369617793577
Heuristic,2.5418119369284957
Heuristic,2.4016691835733424
Heuristic,2.1142184496950835
Heuristic,2.872878129103647
Heuristic,2.6689411117126705
Heuristic,2.6080508811108416
Heuristic,2.5185412877500744
Heuristic,2.3780018146404567
Heuristic,2.1833432536674247
Heuristic,2.5964177359725724
Heuristic,2.357150066492246
Heuristic,2.3917941808096947
Heuristic,3.0394765593773654
Heuristic,2.505461396231331
Heuristic,1.778226261408896
Heuristic,2.35807736671221
Heuristic,2.2171609913804526
Heuristic,2.477899962555039
Heuristic,2.089251642863257
Heuristic,2.6511302040933757
Heuristic,2.430469482195031
Heuristic,2.3761445217394304
Heuristic,2.565244677151477
Heuristic,2.4968189692293206
Heuristic,2.4792636854167553
Heuristic,2.452205944656803
Heuristic,2.513856980899079
Heuristic,2.623776444060515
Heuristic,2.585914217809382
Heuristic,2.86076838455258
Heuristic,2.3546810729664216
Heuristic,2.5920092703656703
Heuristic,3.2597012678720847
Heuristic,2.5076156231929616
Heuristic,2.5193408609210586
Heuristic,2.1379520186504646
Heuristic,2.304325149898433
Heuristic,2.487834887831313
Heuristic,2.6813163792679746
Heuristic,2.716306952486413
Heuristic,2.6186652496647436
Heuristic,2.763159239398677
Heuristic,2.217798689958765
Heuristic,2.6678483905503154
Heuristic,2.524037957089716
Heuristic,2.5577684082366567
Heuristic,2.410434794268131
Heuristic,2.2318036253171716
Heuristic,2.1525377424366963
Heuristic,2.616971152442659
Heuristic,2.670550346057052
Heuristic,2.480817948506251
Heuristic,2.5155203902347676
Heuristic,2.3022082758341558
Heuristic,2.6721258737256504
Heuristic,2.53833317760903
Heuristic,2.409438377039112
Heuristic,2.781903619287388
Heuristic,2.7150538799061468
Heuristic,2.0555532303357693
Heuristic,2.534863104490359
Heuristic,2.2302293287028627
Heuristic,2.562191333361741
Heuristic,1.5668817270888833
Heuristic,2.5796163681655866
Heuristic,2.7353039074223613
Heuristic,2.4864966726759157
Heuristic,2.167789123931309
Heuristic,3.1116063850265405
Heuristic,2.8695624650723977
Heuristic,2.3594070369934013
Heuristic,2.441066398202062
Heuristic,1.9209362762983986
Heuristic,2.6631563606996576
Heuristic,2.105942218537412
Heuristic,2.721508907850038
Heuristic,2.830244837719532
Heuristic,2.4987522550200767
Heuristic,2.1981091809003797
Heuristic,2.897702660480073
Heuristic,2.5206560437162286
Heuristic,2.548191354889153
Heuristic,2.238304177805607
Heuristic,2.578379510957599
Heuristic,2.45863923806983
Heuristic,2.11826528798659
Heuristic,2.9252136669696585
Heuristic,3.051959431847747
Heuristic,2.8279043839479283
Heuristic,2.7827351554535236
Heuristic,3.0537674981625758
Heuristic,2.2032366806956296
Heuristic,2.1996061681010266
Heuristic,2.3946872088418454
Heuristic,2.610071160689446
Heuristic,2.431510551206541
Heuristic,2.21155432557855
Heuristic,2.5217104766749565
Heuristic,2.49145956459457
Heuristic,2.774416346110545
Heuristic,2.5334689588496193
Heuristic,1.94406070977212
Heuristic,2.636565550067456
Heuristic,2.9983319050695076
Heuristic,2.5287476137407063
Heuristic,2.81845628804291
Heuristic,2.367250605700918
Heuristic,2.691082515859026
Heuristic,2.2948362200978414
Heuristic,2.4454586952371358
Heuristic,2.447839009074278
Heuristic,2.664151085128522
Heuristic,2.2707749801442656
Heuristic,2.0770188411502635
Heuristic,2.6621619234219867
Heuristic,2.6507956832409496
Heuristic,2.5540159267631988
Heuristic,2.802105439503089
Heuristic,2.4587221268660358
Heuristic,2.605080070007591
Heuristic,2.4141845718714454
Heuristic,2.4417958414873397
Heuristic,2.6228814457372507
Heuristic,3.2054227215436466
Heuristic,2.7444707958263135
Heuristic,2.6858994371016465
Heuristic,2.7538880766974057
Heuristic,1.8100319729607226
Heuristic,2.6165193784393184
Heuristic,2.795327244415191
Heuristic,2.545530607460257
Heuristic,2.5069435685417756
Heuristic,2.2357624793860027
Heuristic,2.388936697303234
Heuristic,2.2679509748517956
Heuristic,2.8222508700229905
Heuristic,2.9741043392565043
Heuristic,3.105163979709973
Heuristic,2.2629616999196136
Heuristic,2.3178720719641777
Heuristic,2.2932921823888592
Heuristic,2.2119886257986385
Heuristic,2.2168687387175448
Heuristic,2.364114349412649
Heuristic,2.7844420039250015
Heuristic,2.3029266208548047
Heuristic,2.838451458456512
Heuristic,2.933522278029725
Heuristic,2.6062131788463088
Heuristic,2.8916891696202125
Heuristic,2.108354886692453
Heuristic,2.3512043808542105
Heuristic,2.5772795641834936
Heuristic,2.5875059677934207
Heuristic,2.952199915516545
Heuristic,2.217949166218893
Heuristic,2.357624634547414
Heuristic,2.4943011194110323
Heuristic,2.3631695553986147
Heuristic,2.204709810951805
Heuristic,2.3758911454195113
Heuristic,2.4457527976529114
Heuristic,2.9577374463004094
Heuristic,2.2114818707971677
Heuristic,2.766511808633119
Heuristic,2.904693726255677
Heuristic,2.3649913781123
Heuristic,2.598591673957638
Heuristic,2.6941631422041556
Heuristic,2.6442877989545264
Heuristic,2.544840110118684
Heuristic,2.314723043035563
Heuristic,2.7203268733101393
Heuristic,2.4067639339609332
Heuristic,2.5286640423686144
Heuristic,2.5731674560823743
Heuristic,2.7788511417734045
Heuristic,3.103009420633279
Heuristic,2.296893779570101
Heuristic,2.5358985956073385
Heuristic,2.0711123044457502
Heuristic,2.967988037784503
Heuristic,2.533260072430492
Heuristic,2.429377514995643
Heuristic,2.5357931604667994
Heuristic,2.5510756860272417
Heuristic,2.298691746492003
Heuristic,2.8792421946656086
Heuristic,2.7149692940209404
Heuristic,2.7571331122667098
Heuristic,2.31436508930883
Heuristic,2.2980040083460325
Heuristic,2.4856622636012986
Heuristic,2.761907265873729
Heuristic,2.671712810667783
Heuristic,2.284828164582083
Heuristic,2.7219309465705033
Heuristic,2.226030632634825
Heuristic,2.319926388746781
Heuristic,2.5676955433484308
Heuristic,2.1657464987935655
Heuristic,2.22862897318819
Heuristic,2.9893615558831064
Heuristic,2.933158830947563
Heuristic,3.212410082500068
Heuristic,2.6562532462081254
Heuristic,2.714976741332713
Heuristic,2.473140811096755
Heuristic,2.414026188497471
Heuristic,2.7836672515681338
Heuristic,2.931861887078013
Heuristic,2.7578840173230152
Heuristic,2.266040300055915
Heuristic,2.6384271042944696
Heuristic,2.2871064623181603
Heuristic,2.4218712436945093
Heuristic,3.014794938153442
Heuristic,2.157246732705888
Heuristic,3.1758138504597384
Heuristic,2.6861791876301435
Heuristic,2.3790474995937507
Heuristic,2.5406285551246772
Heuristic,2.312866759851065
Heuristic,2.3546132014229273
Heuristic,2.5421646479624083
Heuristic,2.4205342999782005
Heuristic,2.2378705880029046
Heuristic,2.453045468422678
Heuristic,2.1224604911421423
Heuristic,2.135403246342711
Heuristic,2.132306933329396
Heuristic,3.0254085593180484
Heuristic,2.642660698737604
Heuristic,2.700187172651317
Heuristic,2.5234053165656136
Heuristic,2.6730997173174695
Heuristic,2.875575812643469
Heuristic,2.643324591685168
Heuristic,3.016035800021419
Heuristic,2.5087551335553773
Heuristic,2.7011111577333304
Heuristic,2.732893571373383
Heuristic,2.238149547085799
Heuristic,2.532924867849127
Heuristic,1.963154197145505
Heuristic,2.4807259120958363
Heuristic,2.4355948471281823
Heuristic,2.4175019859693165
Heuristic,2.396767795509206
Heuristic,2.6748210142111897
Heuristic,2.252124715074228
Heuristic,3.0824610625438003
Heuristic,2.691606303946639
Heuristic,2.2771832107676993
Heuristic,2.7157181533420633
Heuristic,2.8208435379444756
Heuristic,2.6316211297000502
Heuristic,2.2158441626800087
Heuristic,3.196555589363089
Heuristic,2.7133770632525587
Heuristic,2.1427319398025593
Heuristic,2.583236402950711
Heuristic,2.453375987548267
Heuristic,2.5219436000306144
Heuristic,2.159020134367873
Heuristic,2.536428333515253
Heuristic,2.268629164841792
Heuristic,2.414299271165971
Heuristic,2.637163061758982
Heuristic,2.375866290672139
Heuristic,2.4321764536279824
Heuristic,2.768038052664544
Heuristic,2.2512882270422763
Heuristic,2.3239175168825446
Heuristic,2.1406121401974247
Heuristic,2.2711661003517705
Heuristic,2.5590471669948
Heuristic,2.713373873836192
Heuristic,2.276215052925909
Heuristic,2.704407233646825
Heuristic,2.5518171043568585
Heuristic,2.1019009510553617
Heuristic,2.572787055142795
Heuristic,2.8811736255544194
Heuristic,1.9478183316084086
Heuristic,3.1263741381352252
Heuristic,2.3353792824657083
Heuristic,2.0213104611389214
Heuristic,2.561859286956101
Heuristic,2.7713207193162273
Heuristic,2.4351969310761943
Heuristic,2.6142276188237474
Heuristic,3.1610084048800675
Heuristic,2.5821897391537783
Heuristic,3.421904245615656
Heuristic,2.9024242870776424
Heuristic,2.535584280490031
Heuristic,2.608160865635643
Heuristic,2.423402946911709
Heuristic,2.5954723738564964
Heuristic,2.6898150876489115
Heuristic,2.3977850566846355
Heuristic,2.1026966718398326
Heuristic,2.9195546732063398
Heuristic,2.8143810456061273
Heuristic,2.091472311200223
Heuristic,2.571707701662135
Heuristic,2.8305867738735606
Heuristic,2.7993355283026737
Heuristic,2.3101434161690104
Heuristic,2.816992105300136
Heuristic,2.524565411994357
Heuristic,2.637535969827392
Heuristic,2.241945654027806
Heuristic,1.2326803912338065
Heuristic,2.2849358573145495
Heuristic,2.682260915451204
Heuristic,2.457877274984379
Heuristic,2.716617724833664
Heuristic,2.8544996535900644
Heuristic,2.4200505527341014
Heuristic,2.3902858489534484
Heuristic,1.8586945967457495
Heuristic,2.0519834825231915
Heuristic,2.114805297087785
Heuristic,2.688327693558106
Heuristic,2.423071589787376
Heuristic,2.3584474828055506
Heuristic,2.3238192962701114
Heuristic,2.284436147475109
Heuristic,2.79925459564609
Heuristic,2.54822801095497
Heuristic,2.8197772936144494
Heuristic,1.8567200168573739
Heuristic,2.6810986062327213
Heuristic,2.3737010303405657
Heuristic,2.43488259771727
Heuristic,2.929094643608661
Heuristic,2.402109407661034
Heuristic,2.668749496774207
Heuristic,2.212173300812821
Heuristic,2.530919711241445
Heuristic,2.038806985024778
Heuristic,2.5026691468373836
Heuristic,2.6365475421397053
Heuristic,2.8545676372740543
Heuristic,2.2726688972148077
Heuristic,2.3600412686009884
Heuristic,2.3252176351111986
Heuristic,2.443187310365395
Heuristic,2.228514752113743
Heuristic,1.8676571619562492
Heuristic,2.204683812058765
Heuristic,2.5051938864713503
Heuristic,2.4752143345915245
Heuristic,2.686960913444924
Heuristic,2.774679464740239
Heuristic,2.384055475984353
Heuristic,2.040472432501564
Heuristic,2.641933519504955
Heuristic,2.5170337306839397
Heuristic,2.4418468788516017
Heuristic,2.889056533238552
Heuristic,2.6562457052217567
Heuristic,2.5571647576559315
Heuristic,2.569558579169586
Heuristic,2.7769511404957803
Heuristic,2.311479193269049
Heuristic,2.2538216556582835
Heuristic,2.44919757647894
Heuristic,2.163792206995362
Heuristic,2.506265305841132
Heuristic,2.5493180568445197
Heuristic,2.499194344705952
Heuristic,2.410707292334816
Heuristic,3.0198703506830338
Heuristic,2.8044559288396202
Heuristic,2.490624913059532
Heuristic,2.548131649030206
Heuristic,2.9362065512198594
Heuristic,2.343230765010288
Heuristic,2.2280031056698197
Heuristic,2.588613727585209
Heuristic,2.645165083216566
Heuristic,2.667724083779307
Heuristic,2.7703198691637105
Heuristic,2.298468609498383
Heuristic,2.0940848159602274
Heuristic,2.3432268309296242
Heuristic,2.6959487978319614
Heuristic,2.2412184438260803
Heuristic,1.9352082819425522
Heuristic,2.5636270810339012
Heuristic,2.3485138037143383
Heuristic,1.9977281682089794
Heuristic,2.542514083448953
Heuristic,2.4031911321402957
Heuristic,3.0268171749735555
Heuristic,2.5468663270475096
Heuristic,2.6972319875448623
Heuristic,2.514789711494415
Heuristic,2.3393069129488193
Heuristic,2.372545663122131
Heuristic,2.8468819174450397
Heuristic,2.746131378515596
Heuristic,2.0698386065547303
Heuristic,2.1424214882644623
Heuristic,2.159213850094127
Heuristic,2.840574162668157
Heuristic,1.9964325143091346
Heuristic,2.757833943735537
Heuristic,2.640463268568321
Heuristic,2.564396277428516
Heuristic,2.3769665750239666
Heuristic,2.8794377641848126
Heuristic,2.5543127624996176
Heuristic,2.0832712555948034
Heuristic,2.1536960543405304
Heuristic,2.022625249567881
Heuristic,2.882981061937866
Heuristic,2.9506947294279406
Heuristic,2.84849001766604
Heuristic,2.476716512442776
Heuristic,2.088663074378468
Heuristic,2.201266979091752
Heuristic,2.220964743792594
Heuristic,2.5061824325838797
Heuristic,2.9395626820447918
Heuristic,2.938375836115621
Heuristic,2.3723271428232495
Heuristic,1.843664725359289
Heuristic,2.167102046316909
Heuristic,2.879432912332469
Heuristic,2.5900445227289777
Heuristic,2.412452585405826
Heuristic,2.391369440035098
Heuristic,2.2929426657295164
Heuristic,2.155978938990289
Heuristic,3.146591976382634
Heuristic,3.0396693327127675
Heuristic,2.271467638145276
Heuristic,1.989629205196696
Heuristic,2.5711111475143578
Heuristic,2.475405638711404
Heuristic,2.709950234856488
Heuristic,2.778433125350874
Heuristic,2.166184249034768
Heuristic,2.9071379189966784
Heuristic,2.413203790521144
Heuristic,2.7038319417002836
Heuristic,2.440932821909844
Heuristic,2.7989610277239083
Heuristic,1.8056420759368512
Heuristic,2.7432720332635308
Heuristic,2.2684275428402767
Heuristic,2.542215604127909
Heuristic,2.896398174734992
Heuristic,2.2771274473030356
Heuristic,2.229692178098076
Heuristic,2.4075136988866004
Heuristic,2.3884347053153117
Heuristic,2.2024308236693337
Heuristic,2.5521365974395205
Heuristic,2.5678307636634163
Heuristic,2.6600077140490894
Heuristic,2.272161848188026
Heuristic,2.2345336828854476
Heuristic,2.4841363459268635
Heuristic,2.4458982404301897
Heuristic,2.451706294045054
Heuristic,2.30613376208264
Heuristic,2.61980407617506
Heuristic,2.2349941376096383
Heuristic,2.483054325475523
Heuristic,2.4273541872407827
Heuristic,2.509882245501572
Heuristic,2.8784255931855065
Heuristic,2.122495198814009
Heuristic,1.796863088599633
Heuristic,2.3403165054946404
Heuristic,2.1718450523313253
Heuristic,1.6090252882113776
Heuristic,3.048096442123202
Heuristic,2.689256375164684
Heuristic,2.7217482951699488
Heuristic,2.4336745298629268
Heuristic,2.6472551825950768
Heuristic,2.392193544083067
Heuristic,2.7662506535942
Heuristic,2.5771734164737983
Heuristic,2.508954725929312
Heuristic,2.531771855984212
Heuristic,2.963151937134894
Heuristic,2.5706008778419136
Heuristic,2.208646176796787
Heuristic,2.6216641346388676
Heuristic,2.6678858948269006
Heuristic,2.4762397399529377
Heuristic,2.504244063597695
Heuristic,2.1975762459548744
Heuristic,2.5493556754821047
Heuristic,2.152740840775218
Heuristic,2.444165475263668
Heuristic,2.317596792816204
Heuristic,2.817230838922753
Heuristic,2.988702823937558
Heuristic,2.1739563240145374
Heuristic,2.5186027853931865
Heuristic,2.426147327179643
Heuristic,2.6604461757393625
Heuristic,2.549103477792452
Heuristic,2.402857665779292
Heuristic,2.548350157933829
Heuristic,2.4550894595996384
Heuristic,3.0005543035910036
Heuristic,2.280001642338548
Heuristic,2.597863980062877
Heuristic,2.674113161939237
Heuristic,2.652595511106248
Heuristic,2.429918206622116
Heuristic,2.9337660377596624
Heuristic,1.8883215815925618
Heuristic,2.189193671581854
Heuristic,2.7206635504182093
Heuristic,2.2538554594488924
Heuristic,2.2361945923979185
Heuristic,2.3787200553197723
Heuristic,2.2824214582303317
Heuristic,2.7126557167985688
Heuristic,2.7934920067709164
Heuristic,2.546706555926385
Heuristic,2.8389190145985683
Heuristic,2.1007422071398847
Heuristic,2.5429484427818454
Heuristic,2.927621134119764
Heuristic,2.8154011950012987
Heuristic,2.9543353298474115
Heuristic,2.3415701910233118
Heuristic,2.797358202904263
Heuristic,2.390942895928781
Heuristic,2.6999742381315426
Heuristic,2.9164091509673806
Heuristic,2.279873951533302
Heuristic,1.958817093222177
Heuristic,3.0787037613990176
Heuristic,2.667609670986997
Heuristic,2.4876191414908737
Heuristic,2.471009009066507
Heuristic,1.886111576414756
Heuristic,2.5831203155736198
Heuristic,2.3595570648570905
Heuristic,2.5358683943549245
Heuristic,2.5291605701280107
Heuristic,1.4985657342445384
Heuristic,2.668165433313857
Heuristic,2.5771443757613355
Heuristic,2.617756849749487
Heuristic,2.4645338743908294
Heuristic,2.5347944275865237
Heuristic,2.572257264971099
Heuristic,2.602937156567866
Heuristic,2.663817267370206
Heuristic,2.6055074482677147
Heuristic,3.0793579975566443
Heuristic,2.300453070404383
Heuristic,2.406613727418459
Heuristic,3.031950024659661
Heuristic,2.473248174768415
Heuristic,2.801727288395086
Heuristic,2.56097667322099
Heuristic,2.45110970067576
Heuristic,2.8182414627144654
Heuristic,2.6767709813559595
Heuristic,2.056115425135512
Heuristic,2.5724643341401867
Heuristic,2.2190933496693743
Heuristic,2.90439654661892
Heuristic,3.05028562855387
Heuristic,3.0866891932772664
Heuristic,2.628112090110602
Heuristic,2.3804219431376223
Heuristic,2.617299723777615
Heuristic,2.2358273001077427
Heuristic,3.229278837253749
Heuristic,2.8811735661179476
Heuristic,2.6120887685702243
Heuristic,2.8215076767242104
Heuristic,2.371302624641924
Heuristic,2.1849534732203777
Heuristic,1.850712174660355
Heuristic,2.5451163646472494
Heuristic,2.457054102258053
Heuristic,2.6770330786025704
Heuristic,2.5239531846145535
Heuristic,2.6633029029995874
Heuristic,2.7652716203098207
Heuristic,2.0784412342461307
Heuristic,2.7827552723110505
Heuristic,2.39705013138469
Heuristic,2.676515845467458
Heuristic,2.8291213918279445
Heuristic,2.831198098484741
Heuristic,2.5590558116574504
Heuristic,2.573971089986161
Heuristic,2.7897142589639947
Heuristic,2.066044329091512
Heuristic,2.2322424937840255
Heuristic,2.4355527654461717
Heuristic,2.1169630709234446
Heuristic,2.437832850554734
Heuristic,2.4213120783863005
Heuristic,2.5463410317760986
Heuristic,2.5027984510380503
Heuristic,2.8433709952928083
Heuristic,2.693276619614717
Heuristic,2.4985201423076506
Heuristic,2.419221463792197
Heuristic,2.5056184275630704
Heuristic,2.5109700206244265
Heuristic,3.28167190236368
Heuristic,2.0792437708640397
Heuristic,2.2398944269670675
Heuristic,2.1955471973482337
Heuristic,2.601427757189264
Heuristic,2.589453220021578
Heuristic,2.3467030896474186
Heuristic,2.7909859825373733
Heuristic,2.631784235808546
Heuristic,2.803681535156784
Heuristic,2.883924596320261
Heuristic,1.875572026491556
Heuristic,2.72733048222403
Heuristic,2.129885713147175
Heuristic,2.5954223776895127
Heuristic,2.497956248049475
Heuristic,2.5108633615832794
Heuristic,2.155722508694492
Heuristic,2.831619128603358
Heuristic,2.1297543188460817
Heuristic,2.7469613640790733
Heuristic,2.0869963464658228
Heuristic,2.5146003306289666
Heuristic,3.0656479205234213
Heuristic,3.2341570778077617
Heuristic,2.030499417350089
Heuristic,2.3069476373781628
Heuristic,2.361947220991824
Heuristic,3.2019282036567307
Heuristic,2.499338026427393
Heuristic,2.844978419674179
Heuristic,2.6106314373717443
Heuristic,2.1573581390927634
Heuristic,1.957595844037181
Heuristic,2.3346010549452423
Heuristic,3.220622462263275
Heuristic,2.5979022498389175
Heuristic,2.8388426854240865
Heuristic,2.091123449344001
Heuristic,2.4216528927287855
Heuristic,2.755522402506696
Heuristic,2.1900311117535316
Heuristic,2.5006562608609535
Heuristic,2.2539587262409677
Heuristic,2.7699137576975805
Heuristic,2.640511403448075
Heuristic,2.726655750625303
Heuristic,2.7834130908261026
Heuristic,2.4511511395106367
Heuristic,2.8233772727077797
Heuristic,2.341629919382223
Heuristic,2.709217758674237
Heuristic,1.9239837280989287
Heuristic,2.2943018883589423
Heuristic,3.220298888763084
Heuristic,2.7047627520672997
Heuristic,2.704871298486562
Heuristic,2.2708538703347543
Heuristic,2.189110758110635
Heuristic,2.4400574863340974
Heuristic,2.4997003462485865
Heuristic,3.098934877383135
Heuristic,2.828127281195514
Heuristic,2.552939788270128
Heuristic,2.539871551910426
Heuristic,2.7492617660525545
Heuristic,2.1211961302702664
Heuristic,1.9389837871755375
Heuristic,2.744800555660272
Heuristic,2.5417766295497897
Heuristic,2.1232160022283058
Heuristic,1.886508031616223
Heuristic,2.7903053193642453
Heuristic,2.36228171854693
Heuristic,2.6410388306926516
Heuristic,2.440238968054872
Heuristic,2.5096461345323524
Heuristic,2.340903381128137
Heuristic,2.496863368630307
Heuristic,2.694506946685104
Heuristic,2.4366196955180635
Heuristic,2.419354155222545
Heuristic,2.7037194583825417
Heuristic,2.723872001396327
Heuristic,2.176022959323287
Heuristic,2.5112579662242367
Heuristic,2.361614126306366
Heuristic,2.524148315929701
Heuristic,2.953631586992572
Heuristic,2.628551713640755
Heuristic,3.1744676604684217
Heuristic,2.586405385791901
Heuristic,2.4696629469245983
Heuristic,2.514048022263312
Heuristic,2.563131266563873
Heuristic,2.617630271813365
Heuristic,2.2200290720295937
Heuristic,2.449492358100104
Heuristic,2.3009426162647273
Heuristic,2.831357708064245
Heuristic,1.9376778078554868
Heuristic,2.567447472679779
Heuristic,2.060905456271352
Heuristic,2.6507087727803134
Heuristic,2.399371156986604
Heuristic,1.9706013231614505
Heuristic,2.804930520208791
Heuristic,1.7590445129084398
Heuristic,2.5104987476148204
Heuristic,2.729016010081944
Heuristic,2.936323670029017
Heuristic,2.033088584409864
Heuristic,2.363954386521822
Heuristic,2.8476966755586517
Heuristic,2.8681351885748634
Heuristic,2.907296840705395
Heuristic,3.2946222045272027
Heuristic,2.366171272867082
Heuristic,2.6326082896154155
Heuristic,2.4154105751190555
Heuristic,1.9227256004862299
Heuristic,2.4927831190021736
Heuristic,1.9169041786355097
Heuristic,2.3625014542349345
Heuristic,2.0760289851088585
Heuristic,2.652710397550874
Heuristic,2.2845736512513883
Heuristic,1.9801530905616547
Heuristic,2.7817751797514862
Heuristic,2.3374255398189634
Heuristic,2.389332321200061
Heuristic,2.224326203491355
Heuristic,2.8674806389435927
Heuristic,2.60180494575201
Heuristic,2.334602048339176
Heuristic,1.9411956491201443
Heuristic,3.2792157827746506
Heuristic,3.1185607067763086
Heuristic,2.95639404918565
Heuristic,2.3073608798753718
Heuristic,2.368513564225418
Heuristic,2.64116121670523
Heuristic,2.249698661472287
Heuristic,2.220805677229656
Heuristic,2.961068109035155
Heuristic,2.503325555053079
Heuristic,2.1813516182893133
Heuristic,2.8080866026697815
Heuristic,2.3464531483378734
Heuristic,1.9214431827484728
Heuristic,2.176832700487912
Heuristic,2.3638123866625187
Heuristic,2.5865157204327733
Heuristic,2.5719334558660822
Heuristic,2.8912777110379255
Heuristic,2.448321256521335
Heuristic,2.3791865108424366
Heuristic,2.8965021040819576
Heuristic,2.8159589959409623
Heuristic,2.4554504132505506
Heuristic,2.6083097452886985
Heuristic,2.3762625531917405
Heuristic,2.168562252923577
Heuristic,3.1844442074966506
Heuristic,2.356132946815649
Heuristic,2.6092057966005098
Heuristic,2.0617589314297646
Heuristic,2.742702968248908
Heuristic,2.155348613973862
Heuristic,3.0274146750318853
Heuristic,3.063536802260794
Heuristic,2.6910492504769272
Heuristic,2.5547401793311715
Heuristic,2.4633256676601327
Heuristic,2.505622692643268
Heuristic,2.6437527016406452
Heuristic,2.5471389095155845
Heuristic,2.8168675367559364
Heuristic,2.2423066467767536
Heuristic,2.9820921180856024
Heuristic,2.3921879906406716
Heuristic,2.294446199558672
Heuristic,2.629653537197722
Heuristic,2.6489894750201435
Heuristic,1.9948309637529114
Heuristic,2.3745124004344587
Heuristic,1.8631720877966331
Heuristic,2.315666176928836
Heuristic,2.328688674364464
Heuristic,2.6099522018810895
Heuristic,2.281770563315825
Heuristic,2.353363158819176
Heuristic,2.9142956435625096
Heuristic,3.144211699897128
Heuristic,2.2415185009167637
Heuristic,2.828223237447727
Heuristic,2.6372729253356404
Heuristic,1.9941902871914028
Heuristic,2.2807501143341278
Heuristic,1.6043833897852027
Heuristic,2.617846444459724
Heuristic,2.1943784022579003
Heuristic,2.5604995057772166
Heuristic,3.2974558611276943
Heuristic,3.0017649330892406
Heuristic,2.288057288485195
Heuristic,2.2149442570509326
Heuristic,2.9109976174272605
Heuristic,2.216148037251659
Heuristic,2.81971552475262
Heuristic,3.347325728588478
Heuristic,2.724246472087122
Heuristic,2.878045748408736
Heuristic,2.8429722690234973
Heuristic,2.351533465841391
Heuristic,2.607753625306113
Heuristic,2.230773859280152
Heuristic,2.9100742697665094
Heuristic,2.191857608432472
Heuristic,2.73197892036834
Heuristic,2.862231528297722
Heuristic,2.3713273453740666
Heuristic,2.3019709394327674
Heuristic,2.4686848538277126
Heuristic,2.250128687721038
Heuristic,2.5672946325854666
Heuristic,2.242708228927175
Heuristic,2.2646062744705677
Heuristic,2.6853834362518874
Heuristic,2.706749590467808
Heuristic,2.4312412673164125
Heuristic,2.022121452521583
Heuristic,2.8740682525264374
Heuristic,2.384403426896621
Heuristic,3.1436440616687777
Heuristic,2.479963185970333
Heuristic,2.5610590819483914
Heuristic,2.3894383673700705
Heuristic,2.593606932731049
Heuristic,3.5713139681680595
Heuristic,2.4144717770804456
Heuristic,2.905961743841292
Heuristic,2.5474076361993823
Heuristic,2.8749550973832934
Heuristic,1.9357974189746887
Heuristic,3.1081341532313367
Heuristic,2.623126094927648
Heuristic,2.4390308159886698
Heuristic,2.7931609133652358
Heuristic,2.563518415075561
Heuristic,2.172882204023555
Heuristic,1.7872001958501635
Heuristic,3.072200158008779
Heuristic,2.4526102735580673
Heuristic,2.3346501810805425
Heuristic,2.358150484032271
Heuristic,2.962855588520695
Heuristic,2.3717902985333934
Heuristic,2.7148561599628023
Heuristic,2.4188078529111436
Heuristic,2.1405456624959314
Heuristic,2.7925485536973005
Heuristic,2.8535485757681074
Heuristic,2.3145740207524184
Heuristic,2.5085822630965198
Heuristic,2.5493354571846147
Heuristic,2.654605732155057
Heuristic,3.116118269075778
Heuristic,2.422061622721039
Heuristic,2.4201946066117026
Heuristic,2.466984712319227
Heuristic,2.235074273750573
Heuristic,1.9992183107944275
Heuristic,2.5604499625808637
Heuristic,2.679448518053727
Heuristic,2.5207416232291635
Heuristic,2.5010375755124366
Heuristic,2.2482240523169628
Heuristic,2.5963264984336845
Heuristic,2.5713654184264763
Heuristic,2.663607292039082
Heuristic,2.617879621873607
Heuristic,2.6390900581731667
Heuristic,2.918799472728432
Heuristic,2.6930323836027683
Heuristic,2.6653363859625707
Heuristic,1.993064552673391
Heuristic,2.8385774554721968
Heuristic,2.4299286191441865
Heuristic,2.5439534246994615
Heuristic,2.1350745770743127
Heuristic,3.151977754035242
Heuristic,1.7717971687832932
Heuristic,2.9700052050399006
Heuristic,2.648568555333288
Heuristic,1.943839157380811
Heuristic,3.135806567030815
Heuristic,2.6753626831270014
Heuristic,1.8068450996707606
Heuristic,2.392249110728955
Heuristic,2.6816372625777873
Heuristic,3.038083125188923
Heuristic,2.396243360075278
Heuristic,1.7195741692223585
Heuristic,2.961207834937199
Heuristic,2.6706563327907507
Heuristic,1.8448756925750627
Heuristic,2.623631314147444
Heuristic,2.6556465021010185
Heuristic,2.4218057868269973
Heuristic,2.2698296933152147
Heuristic,2.335617246917755
Heuristic,2.4216130117901455
Heuristic,2.627267453809309
Heuristic,2.758400042296923
Heuristic,1.8704957598168899
Heuristic,2.5974058780118194
Heuristic,2.6675550156700405
Heuristic,2.57114835353285
Heuristic,2.3975716303785637
Heuristic,2.9493506619996555
Heuristic,2.9265473449674233
Heuristic,2.409257309677948
Heuristic,2.494877216197425
Heuristic,2.7534044898739856
Heuristic,2.9078667056121974
Heuristic,2.273385690607744
Heuristic,2.2036293923630392
Heuristic,2.602906548809474
Heuristic,2.18022961559948
Heuristic,1.931832758001072
Heuristic,2.2719183156921265
Heuristic,2.6461502778183728
Heuristic,2.9898117557162553
Heuristic,2.3056695658644792
Heuristic,2.4824218271474634
Heuristic,2.567036824410564
Heuristic,2.323863549987278
Heuristic,2.3001056485329836
Heuristic,2.621299449078421
Heuristic,2.157896681004949
Heuristic,2.28793408445134
Heuristic,2.4587374251657774
Heuristic,2.617512255411873
Heuristic,2.0617894348532744
Heuristic,2.4804409832074135
Heuristic,2.1296452264555903
Heuristic,2.313097678845089
Heuristic,2.7584807023449156
Heuristic,2.4976691154820454
Heuristic,3.0247267913362923
Heuristic,2.498167469222627
Heuristic,2.812727077606352
Heuristic,2.7603398718330707
Heuristic,2.5160021878779038
Heuristic,2.122146637265517
Heuristic,2.4882098314737697
Heuristic,2.3588901454722704
Heuristic,2.347202910582401
Heuristic,2.56712026747093
Heuristic,2.0816497486287133
Heuristic,2.2557495701287062
Heuristic,2.213951684825872
Heuristic,2.44312248919513
Heuristic,2.287708017394006
Heuristic,2.3075855403562455
Heuristic,2.5609641364625975
Heuristic,2.385224894605428
Heuristic,2.5214534211530983
Heuristic,2.182612889942615
Heuristic,2.269485100694021
Heuristic,3.137146522345375
Heuristic,2.309104803300666
Heuristic,1.8830160491395156
Heuristic,2.6234595715602707
Heuristic,2.305910172790521
Heuristic,2.593739302624498
Heuristic,2.49292461823055
Heuristic,2.6862825750051393
Heuristic,2.489874063084294
Heuristic,2.4514905955574133
Heuristic,2.867131137386823
Heuristic,1.8492338072322827
Heuristic,2.1191725140038695
Heuristic,2.2704912953121386
Heuristic,2.0080840020973802
Heuristic,2.3750334233368253
Heuristic,2.3451886587296555
Heuristic,2.814749331948897
Heuristic,2.493306547339585
Heuristic,2.4555853845428555
Heuristic,2.4051368295189954
Heuristic,2.201876453925884
Heuristic,2.7893760737499544
Heuristic,2.8859272766404422
Heuristic,2.15344100139931
Heuristic,3.009904890100406
Heuristic,2.3170948673654843
Heuristic,2.292438974356214
Heuristic,2.662972806322204
Heuristic,2.6899621479464133
Heuristic,2.4984497285460803
Heuristic,2.415283493620574
Heuristic,2.8745195118080424
Heuristic,2.331514299888035
Heuristic,2.4992042350474906
Heuristic,3.032201330931186
Heuristic,2.1156660200711372
Heuristic,2.381304383012857
Heuristic,2.830000903176041
Heuristic,2.6796672125571646
Heuristic,2.790350919187464
Heuristic,2.119959783969146
Heuristic,2.6171051815976996
Heuristic,2.4337534966449637
Heuristic,3.207178891627718
Heuristic,2.7647558485601103
Heuristic,2.513250851830979
Heuristic,2.6064557053677966
Heuristic,2.53641661688949
Heuristic,2.7313821383604093
Heuristic,2.2610547063536486
Heuristic,2.932841723565796
Heuristic,2.119402467367778
Heuristic,2.5820052528435817
Heuristic,2.2707377883694426
Heuristic,2.532951023645128
Heuristic,2.8187768681766983
Heuristic,2.0021867447170765
Heuristic,2.468749758332968
Heuristic,2.084617484844916
Heuristic,2.4355147359611324
Heuristic,2.083820302729543
Heuristic,2.568924001301874
Heuristic,2.391126222250263
Heuristic,2.745929855426629
Heuristic,2.8915159727682127
Heuristic,2.5232199879937682
Heuristic,2.7902412675919033
Heuristic,2.938055493783309
Heuristic,2.2411560339695114
Heuristic,2.9539396350465115
Heuristic,2.508829609219713
Heuristic,2.224138892608519
Heuristic,2.6102550260880695
Heuristic,2.498198431847228
Heuristic,2.0945196299040223
Heuristic,2.1870426317117713
Heuristic,3.015123853573423
Heuristic,2.6042410365976654
Heuristic,2.9680945803385965
Heuristic,2.3940282819332737
Heuristic,2.2775873872524466
Heuristic,2.0109656700570326
Heuristic,2.8127162179885157
Heuristic,2.6441752019194267
Heuristic,2.3967583249474225
Heuristic,2.2802997492023414
Heuristic,2.8607653652360665
Heuristic,2.466390186083432
Heuristic,2.4696412628401903
Heuristic,2.338326941683107
Heuristic,2.3967842493937193
Heuristic,2.6863571451378503
Heuristic,2.091668474563083
Heuristic,2.544414944299908
Heuristic,2.808968921793369
Heuristic,2.494368962296449
Heuristic,2.838798021215784
Heuristic,2.925397181637605
Heuristic,2.7932433011876565
Heuristic,2.3575338554007064
Heuristic,2.509283440547568
Heuristic,2.6245609041179776
Heuristic,2.3779476796930585
Heuristic,2.367860722025028
Heuristic,2.3496540432122854
Heuristic,3.2891727257565675
Heuristic,2.4380221665198887
Heuristic,2.843167504099646
Heuristic,2.2570927499886277
Heuristic,3.034616771324742
Heuristic,2.40552119846444
Heuristic,2.536020216738012
Heuristic,1.9657846338522544
Heuristic,2.8576601362652596
Heuristic,2.923165675967474
Heuristic,2.1609690689802443
Heuristic,2.875260796756695
Heuristic,2.1156042269061643
Heuristic,2.711137115082985
Heuristic,2.4329179400568477
Heuristic,2.9240831722177596
Heuristic,2.595355499847133
Heuristic,2.8016759952950223
Heuristic,2.894297616855101
Heuristic,2.4319920691567596
Heuristic,2.5112596527110758
Heuristic,2.1839786384414652
Heuristic,2.429272644366844
Heuristic,3.1027468621831473
Heuristic,2.7485486219192805
Heuristic,2.2041130990108497
Heuristic,3.013348253404325
Heuristic,2.6376345611701115
Heuristic,2.7711203630269314
Heuristic,2.668335913725378
Heuristic,2.6469349494582555
Heuristic,1.9158913340340178
Heuristic,2.8547445167624574
Heuristic,1.8382889598555978
Heuristic,2.827234837935154
Heuristic,2.550108937635022
Heuristic,2.772644397271315
Heuristic,2.567900424526439
Heuristic,2.835630583634696
Heuristic,2.5248831711352357
Heuristic,2.6049522279623387
Heuristic,2.6423994533851025
Heuristic,3.088101425241623
Heuristic,2.701523183185078
Heuristic,2.12178370031983
Heuristic,2.34945251676145
Heuristic,2.7008364131208666
Heuristic,2.900947173344867
Heuristic,2.3016139484812324
Heuristic,3.197338991178204
Heuristic,2.573102590601262
Heuristic,2.6471795825391524
Heuristic,2.1407681753962136
Heuristic,2.8573201183372117
Heuristic,2.3851948656560804
Heuristic,2.2944450317922835
Heuristic,2.4240808612298848
Heuristic,2.93815191952153
Heuristic,2.6608405996467357
Heuristic,2.2511406245204757
Heuristic,2.359613399004178
Heuristic,2.9462529322745965
Heuristic,2.4485183809998468
Heuristic,2.6894687578740495
Heuristic,2.7634770683852494
Heuristic,1.4861586114309484
Heuristic,2.902351822700331
Heuristic,2.2622489101673815
Heuristic,2.4109581434467153
Heuristic,2.985490159933249
Heuristic,2.9575500281464633
Heuristic,2.6690166428309636
Heuristic,2.74027993790991
Heuristic,2.8157356249676653
Heuristic,2.952464642403637
Heuristic,2.990963386795438
Heuristic,2.5525691548419274
Heuristic,2.297029878435476
Heuristic,2.44284181916434
Heuristic,2.558465299881744
Heuristic,2.5039524268339823
Heuristic,2.2139040897151796
Heuristic,2.65208655823306
Heuristic,2.045901007756482
Heuristic,2.545821172596101
Heuristic,2.5652088521640284
Heuristic,2.554848798325372
Heuristic,2.7774073553313503
Heuristic,2.7373064724772127
Heuristic,3.1921379298614454
Heuristic,2.3634439565725454
Heuristic,2.604470348930059
Heuristic,2.5850876001257443
Heuristic,2.570859556682505
Heuristic,2.137508079470699
Heuristic,2.162116885026025
Heuristic,2.5219554605203336
Heuristic,2.0434496791628707
Heuristic,2.418936300635703
Heuristic,2.3241840248109313
Heuristic,2.4298916222472333
Heuristic,2.862415671373544
Heuristic,2.19391131060588
Heuristic,2.783027263129318
Heuristic,2.347242602314537
Heuristic,2.3849019748347917
Heuristic,2.660781006370981
Heuristic,2.4370974935629337
Heuristic,2.2501177469625206
Heuristic,2.4080281431543082
Heuristic,1.982745977655731
Heuristic,2.6352701987876195
Heuristic,1.5820005508151698
Heuristic,2.7885371219002435
Heuristic,2.706055214014232
Heuristic,3.0042738817546035
Heuristic,3.1798601191895846
Heuristic,2.802977138200942
Heuristic,2.330272717908353
Heuristic,3.1770010093435754
Heuristic,2.158954582223039
Heuristic,1.9446224214285648
Heuristic,3.0801850960130746
Heuristic,2.701911194622069
Heuristic,1.9527527708801857
Heuristic,2.1101393773318398
Heuristic,2.686708593404902
Heuristic,2.2569226328283247
Heuristic,2.300412573879183
Heuristic,3.114646143987187
Heuristic,3.169613900445663
Heuristic,2.5643809509267896
Heuristic,2.474490769301561
Heuristic,2.7929024460277816
Heuristic,2.3501701576156253
Heuristic,1.8454891893852365
Heuristic,1.6849134661085179
Heuristic,2.4977438627776847
Heuristic,2.7866800858778866
Heuristic,2.524838386267013
Heuristic,2.7649321363806867
Heuristic,2.7951336760053156
Heuristic,2.939138697914864
Heuristic,2.576326400148423
Heuristic,2.603424694642832
Heuristic,2.508871823556594
Heuristic,2.4418589710084815
Heuristic,2.044618139751939
Heuristic,2.8744079887739216
Heuristic,2.4039509040823135
Heuristic,2.3866269864024616
Heuristic,2.356214733653963
Heuristic,2.11466671992635
Heuristic,2.494131734492816
Heuristic,2.6761669205922294
Heuristic,2.3067210559595757
Heuristic,2.8337705746772333
Heuristic,2.40859240545202
Heuristic,2.056525375519354
Heuristic,2.9354063888251885
Heuristic,2.5800151129993543
Heuristic,2.7810568434008376
Heuristic,2.7881863593727165
Heuristic,2.2338963937125595
Heuristic,2.362173275732438
Heuristic,2.8327681091576746
Heuristic,3.0749697766026864
Heuristic,2.5391378372007196
Heuristic,2.330337781058609
Heuristic,3.0287384511987376
Heuristic,2.3305080343215168
Heuristic,2.6194806865830618
Heuristic,2.3906384613257146
Heuristic,2.6013676064827074
Heuristic,2.234095280742781
Heuristic,2.4067025202534285
Heuristic,2.330305315542751
Heuristic,2.720260829347747
Heuristic,2.569356049903808
Heuristic,2.7861727071484097
Heuristic,2.2702901900305648
Heuristic,2.456964421668067
Heuristic,2.7090095400805274
Heuristic,2.7796709254559278
Heuristic,2.0827948713540136
Heuristic,2.616101512606813
Heuristic,2.2740731419378664
Heuristic,2.7949726107487436
Heuristic,3.0826167076325897
Heuristic,1.7301559527652661
Heuristic,2.3216412786659206
Heuristic,2.5997642734691926
Heuristic,2.518837497896939
Heuristic,2.8041504376539033
Heuristic,2.5439090802402897
Heuristic,2.3598063206428552
Heuristic,2.211451830843826
Heuristic,2.1605872660543146
Heuristic,2.295392460432371
Heuristic,2.3491143690165885
Heuristic,2.636046721085233
Heuristic,2.472605778114137
Heuristic,2.3231696531598773
Heuristic,2.21478275001022
Heuristic,2.3075251806308796
Heuristic,2.3494364770892746
Heuristic,2.2937667878449934
Heuristic,2.723549305813215
Heuristic,2.933696621673773
Heuristic,2.1643586606339906
Heuristic,2.8584623850336293
Heuristic,2.7296347896101705
Heuristic,2.5743922719329837
Heuristic,2.981663267423452
Heuristic,2.4685108880498596
Heuristic,2.641533675187057
Heuristic,2.5574140807358443
Heuristic,2.5349239562655232
Heuristic,2.658801191094403
Heuristic,2.5340379556043136
Heuristic,2.6609539426200843
Heuristic,2.3174464019335237
Heuristic,2.3268934529136467
Heuristic,2.316073878790764
Heuristic,2.4096852205292647
Heuristic,2.8264172490593147
Heuristic,2.3802292641787117
Heuristic,2.717304167255057
Heuristic,2.6002709499206818
Heuristic,2.3865140981202604
Heuristic,2.9158967989532396
Heuristic,2.7426000203739567
Heuristic,2.520538903806894
Heuristic,2.49546369058122
Heuristic,2.5483429119417944
Heuristic,2.0574678164581144
Heuristic,2.270531739072748
Heuristic,2.659864688315468
Heuristic,2.0413233872227097
Heuristic,2.293918337406739
Heuristic,2.4012946012248637
Heuristic,3.398065163577635
Heuristic,2.7237381441676494
Heuristic,2.851836168056094
Heuristic,2.276523480388729
Heuristic,2.629485712488387
Heuristic,1.987723228628064
Heuristic,2.4200221189744195
Heuristic,2.6728226566033295
Heuristic,2.09132444971479
Heuristic,2.6388846106203294
Heuristic,2.663964001658461
Heuristic,2.3378030220426833
Heuristic,2.267555034979236
Heuristic,2.3037108832791335
Heuristic,2.4150826367063973
Heuristic,2.4242075366030744
Heuristic,2.674105686079168
Heuristic,2.358396674831846
Heuristic,3.0044829460856044
Heuristic,3.0022899805205645
Heuristic,2.591427269123502
Heuristic,2.415782646634322
Heuristic,2.358735735288904
Heuristic,2.61578780483769
Heuristic,2.6686945628287213
Heuristic,2.4592162793007817
Heuristic,2.4011176359653046
Heuristic,2.62666957425268
Heuristic,2.54087814848094
Heuristic,2.346990161888209
Heuristic,2.5541831516426248
Heuristic,2.33696657830638
Heuristic,2.292698421435972
Heuristic,2.51849489116
Heuristic,2.346219987197549
Heuristic,2.2983412164904724
Heuristic,2.8362239201325457
Heuristic,2.4013971260613336
Heuristic,3.0774325675992955
Heuristic,2.7094956221679682
Heuristic,2.271819294912144
Heuristic,2.870711306213975
Heuristic,2.3032942632090534
Heuristic,3.1167402867984064
Heuristic,2.5884007842208496
Heuristic,2.6840723827590294
Heuristic,2.529360128770648
Heuristic,2.600402893582726
Heuristic,2.4507172338277257
Heuristic,2.240035552029271
Heuristic,2.62271774531715
Heuristic,2.829899328233817
Heuristic,2.1599497561955814
Heuristic,2.985839284279579
Heuristic,2.70178388661485
Heuristic,2.3878789664176456
Heuristic,2.3824752428377094
Heuristic,3.0837227211447975
Heuristic,2.803870349789136
Heuristic,2.864751478622676
Heuristic,2.444078935758907
Heuristic,2.6879880026003113
Heuristic,2.6256520924474303
Heuristic,2.4671857655492984
Heuristic,2.5530393505995423
Heuristic,2.8556794752660695
Heuristic,3.003716482698582
Heuristic,2.4439473934399882
Heuristic,2.122931788663949
Heuristic,3.0170225024558777
Heuristic,3.020822155888898
Heuristic,2.6410771744203356
Heuristic,3.0620916030523935
Heuristic,2.619070874327517
Heuristic,2.2451005893324156
Heuristic,2.123211906723427
Heuristic,2.1203214721855717
Heuristic,2.5213779838635495
Heuristic,2.379007315033472
Heuristic,2.3449540605759744
Heuristic,2.487671436475792
Heuristic,2.779450535190447
Heuristic,2.3545846971538573
Heuristic,2.303665018989102
Heuristic,2.374542376899029
Heuristic,2.798487864985117
Heuristic,2.498826590628244
Heuristic,2.6046440958432333
Heuristic,2.9896343190497148
Heuristic,3.3798058294234425
Heuristic,2.7136531544842293
Heuristic,2.6837062541816747
Heuristic,2.1617990223122243
Heuristic,2.631439100676692
Heuristic,2.538747376258856
Heuristic,2.7898158718418196
Heuristic,2.4015055092326856
Heuristic,2.580696840107657
Heuristic,2.7030222555129013
Heuristic,3.0941192746265767
Heuristic,2.9928845900857706
Heuristic,2.902860280649775
Heuristic,2.739880867350322
Heuristic,2.3895668563008785
Heuristic,2.739705303519907
Heuristic,2.286466178359749
Heuristic,2.4576394141983675
Heuristic,3.0577787342232474
Heuristic,2.6826856734911164
Heuristic,2.5886487528171123
Heuristic,2.6275669648212507
Heuristic,2.4916264519900135
Heuristic,1.8680805159209712
Heuristic,2.1376493262643157
Heuristic,2.706652876938329
Heuristic,2.241627146491298
Heuristic,2.4874660720367205
Heuristic,2.148821199921143
Heuristic,2.302680963325948
Heuristic,2.5187113126691383
Heuristic,2.7993754565023856
Heuristic,2.85999659658025
Heuristic,2.297845700492198
Heuristic,2.612747059349341
Heuristic,2.088950357439053
Heuristic,2.537058565233529
Heuristic,2.808283339231148
Heuristic,2.499724868327098
Heuristic,2.9178638216674595
Heuristic,2.7730843970843195
Heuristic,2.5929765434244625
Heuristic,2.4444892743317506
Heuristic,2.3584186715466697
Heuristic,2.079110819493008
Heuristic,2.1283444295147236
Heuristic,2.820868239856444
Heuristic,2.9777400998103722
Heuristic,2.1930945155154955
Heuristic,2.5406197260472267
Heuristic,2.043879238647426
Heuristic,2.2246206495279273
Heuristic,2.59857239116831
Heuristic,2.3631460165281744
Heuristic,1.9405430779256934
Heuristic,3.039784705663668
Heuristic,2.5051380566359827
Heuristic,2.1860277622475524
Heuristic,2.558717544389725
Heuristic,2.4955457610068064
Heuristic,2.64756005599439
Heuristic,2.4172279086898785
Heuristic,2.6150317658922004
Heuristic,2.805355518364258
Heuristic,2.1213811161813934
Heuristic,2.3103599741757535
Heuristic,2.773792817271578
Heuristic,2.3532611372124994
Heuristic,2.4953022375499265
Heuristic,2.377753308186979
Heuristic,2.396613232387096
Heuristic,2.370936446652096
Heuristic,2.139372737807662
Heuristic,2.658861158636326
Heuristic,2.8412404847601733
Heuristic,2.4666292284185145
Heuristic,2.8071175900199474
Heuristic,2.3714965687755374
Heuristic,2.3536449719900734
Heuristic,2.644194743452052
Heuristic,2.6492380936230546
Heuristic,2.4859017602553877
Heuristic,2.7246002445834963
Heuristic,2.1308181941949678
Heuristic,2.4280788492041814
Heuristic,2.8117609106112775
Heuristic,2.8109469782377374
Heuristic,2.77281416847639
Heuristic,2.8286715214216573
Heuristic,2.4073437369030217
Heuristic,2.0043480996198606
Heuristic,2.4417429951922762
Heuristic,2.7123251090424496
Heuristic,2.7617496699237414
Heuristic,2.3608555008885226
Heuristic,2.227272031124157
Heuristic,2.2573627690772646
Heuristic,2.355594575391306
Heuristic,1.9463050085823397
Heuristic,2.360591107900242
Heuristic,2.5344779203063013
Heuristic,2.490399781278931
Heuristic,2.4201261721596636
Heuristic,2.3115677703868913
Heuristic,2.346783112763917
Heuristic,2.352130300065611
Heuristic,2.7333372018518527
Heuristic,2.519719089962408
Heuristic,3.477652620626995
Heuristic,2.4195013357293584
Heuristic,2.65241284023408
Heuristic,2.4262457836878166
Heuristic,2.418897074869877
Heuristic,2.992461162123277
Heuristic,2.8216586286347725
Heuristic,1.989381801176274
Heuristic,2.21078814109549
Heuristic,2.4788005381067553
Heuristic,2.363625102327859
Heuristic,2.0638818802842134
Heuristic,2.555019427256043
Heuristic,1.952054958331395
Heuristic,2.558330035042522
Heuristic,2.740744942997787
Heuristic,2.783915331914618
Heuristic,2.4763594253966503
Heuristic,2.9768706836055205
Heuristic,2.6202837164445802
Heuristic,2.775777569206015
Heuristic,2.2973538480084414
Heuristic,2.980142362563292
Heuristic,2.519105598018184
Heuristic,2.9968155736357285
Heuristic,2.930705554075296
Heuristic,2.5979097337718873
Heuristic,2.6426797279650307
Heuristic,2.4655872740902165
Heuristic,2.272279100785725
Heuristic,2.6999879320679807
Heuristic,2.6845183371568564
Heuristic,2.0305134188630847
Heuristic,2.4949676005955856
Heuristic,2.782487542889964
Heuristic,2.9632388973367174
Heuristic,2.73933571147018
Heuristic,2.0611785407362024
Heuristic,2.2011359900491807
Heuristic,2.4153704785022185
Heuristic,2.943000728947489
Heuristic,2.336420122791078
Heuristic,2.840120615422881
Heuristic,2.3315647024840422
Heuristic,2.681063630068876
Heuristic,2.2357353860897335
Heuristic,2.4613908302498793
Heuristic,2.177800675951169
Heuristic,2.9563932961427124
Heuristic,2.3098766563387443
Heuristic,2.0521429085523577
Heuristic,2.0282017479192573
Heuristic,2.4941651187602547
Heuristic,2.381480192011228
Heuristic,2.716174049046774
Heuristic,2.448900792683088
Heuristic,2.872588182196895
Heuristic,2.40345014470467
Heuristic,2.8304081440099313
Heuristic,2.231946760494606
Heuristic,2.065392026351839
Heuristic,2.2710224698805526
Heuristic,2.1786681880840377
Heuristic,2.144833158888771
Heuristic,2.6450884188317887
Heuristic,2.4400706595345385
Heuristic,2.5628728888055954
Heuristic,2.6795309387767308
Heuristic,2.0102453131232476
Heuristic,2.6923469733504573
Heuristic,2.155546057427556
Heuristic,2.345569629442487
Heuristic,1.9478212219355102
Heuristic,2.717945022257556
Heuristic,2.0092273586928497
Heuristic,2.157087089016124
Heuristic,2.17901944431446
Heuristic,2.481062975023289
Heuristic,2.4718369829154576
Heuristic,2.765517970767579
Heuristic,2.488378186079673
Heuristic,2.8120489693540325
Heuristic,2.6347076985207605
Heuristic,2.234087057597306
Heuristic,2.3182403917586174
Heuristic,2.9768004156358128
Heuristic,2.89117503927051
Heuristic,2.7692013750554128
Heuristic,2.8089399364229055
Heuristic,2.6606539543393186
Heuristic,2.6213362583397957
Heuristic,2.5350337759020616
Heuristic,3.033732008095142
Heuristic,2.3794872848015216
Heuristic,2.5926667276690467
Heuristic,2.0034190227667477
Heuristic,2.087351136924535
Heuristic,3.068905059954993
Heuristic,2.706514351869311
Heuristic,2.4556799704273233
Heuristic,2.543685355154775
Heuristic,2.109303867880778
Heuristic,2.3905365130117655
Heuristic,2.0790594380588043
Heuristic,2.430699633197504
Heuristic,2.725728925560634
Random,3.047204798274886
Random,3.4411066149289713
Random,2.9922135382503354
Random,2.0304622938752166
Random,3.566491321902517
Random,2.5984475416251005
Random,2.946217414016164
Random,2.9253140243557203
Random,2.9735436747634463
Random,2.9066667942490305
Random,2.91277654769644
Random,2.4316562255057237
Random,3.7871656183430917
Random,3.115918111048555
Random,2.907992236919517
Random,3.528759444318802
Random,2.5182565477180296
Random,3.1911575259882055
Random,2.6974684545411964
Random,3.0295290331857894
Random,3.0372001616058046
Random,2.0797081202830143
Random,2.393498824195178
Random,3.440177116899619
Random,2.8025490715216663
Random,3.584148006216871
Random,3.3443515035176397
Random,2.813608702092825
Random,2.783007229225889
Random,3.4616708130865503
Random,3.6193273131948396
Random,2.790606580827502
Random,3.4234356073734373
Random,3.247210438059653
Random,3.307043402999518
Random,2.9250774076960386
Random,2.6568054613311896
Random,2.524342892308926
Random,2.4376804161723244
Random,3.5526962637752404
Random,2.89379564754238
Random,2.4929918184540423
Random,3.2376418313565662
Random,2.7239271204163025
Random,2.664241694623726
Random,3.6071858806890176
Random,2.4285122443071123
Random,2.9715144324138807
Random,2.685068917808413
Random,2.629725110495935
Random,2.3823351467642375
Random,2.9106635691604854
Random,2.586931134129598
Random,3.0950898588839757
Random,2.873698006152816
Random,2.7815815315296715
Random,2.5887887706297277
Random,3.38616882756753
Random,3.1451339640059053
Random,2.6537104023308613
Random,2.418627690380585
Random,2.235245350493979
Random,3.2844341569731994
Random,3.205301173868731
Random,3.252950578722649
Random,2.848284035452821
Random,3.169524970633906
Random,3.246230901128453
Random,2.86579495900007
Random,2.7657942335121355
Random,2.551424819993966
Random,3.037788432461235
Random,3.0839353575317214
Random,2.749013751072489
Random,2.7898644011337237
Random,2.8146420943977417
Random,3.164402401642085
Random,2.413383855024438
Random,2.506698092334137
Random,2.5134635365046494
Random,2.838489131994313
Random,2.9993381333642204
Random,2.5193138918766
Random,3.2052432370127635
Random,3.397246830012348
Random,3.033505014511017
Random,3.2793836085130783
Random,2.572618331585338
Random,2.5808764512924633
Random,3.068471595430896
Random,2.8766819382171174
Random,2.5802312496251805
Random,3.3842065065271605
Random,2.993620453695599
Random,3.1335142805277636
Random,2.6561695924724926
Random,3.4725922526247364
Random,2.835923817444884
Random,3.2434088871389823
Random,2.687875316487399
Random,2.9484870764935693
Random,3.0834575352797366
Random,3.5820071869851096
Random,2.737502641768355
Random,2.9602487250542358
Random,3.0952554043821805
Random,2.3993334711658174
Random,2.1359389421626394
Random,2.5446436155381362
Random,3.22541798633964
Random,3.485249915597332
Random,2.569908633737094
Random,2.468039941915394
Random,3.4222499042247114
Random,2.6939100139036296
Random,2.7610629699822926
Random,3.396027668673951
Random,3.3390022269771267
Random,3.213933920033503
Random,2.2964618151089873
Random,2.4535677237879594
Random,3.278592204925066
Random,3.0002443177043983
Random,2.6202815979014553
Random,2.770506976660503
Random,3.275289747851865
Random,3.419775222142251
Random,2.8879284639433247
Random,2.6517768354139855
Random,2.7944590086484418
Random,3.3557751404799894
Random,3.3490013735492674
Random,2.9573675405028292
Random,2.706373023875598
Random,3.2655028479513795
Random,3.4528371677463
Random,2.385923777550727
Random,2.809392693201224
Random,3.290886582801942
Random,2.915549558983185
Random,2.720558246222412
Random,2.9542232363209497
Random,3.018560251922978
Random,2.4992128073691453
Random,2.9214877414405347
Random,3.017391263474324
Random,2.7197748642180555
Random,2.619673495957353
Random,2.703460583814228
Random,2.5532875055558093
Random,3.184995207257887
Random,2.548873608106677
Random,2.9555602162791352
Random,2.7602277980666003
Random,2.645095266011478
Random,3.3655764202490177
Random,2.8446442896125625
Random,2.6578522787973426
Random,2.6246568350163804
Random,3.0075876479313663
Random,3.176660670035818
Random,3.330697774989496
Random,2.8318568098924684
Random,2.811022879244585
Random,2.9354149700966414
Random,2.947958833682613
Random,2.622250742909945
Random,3.397164474641833
Random,2.8977065052716813
Random,3.0754478350804684
Random,3.0372008429416075
Random,3.030083957022697
Random,2.541779241704463
Random,2.8877803126440744
Random,3.6809621199201326
Random,3.4404301113863283
Random,2.9444502567201307
Random,2.7627714083879655
Random,2.1208740379140196
Random,2.717523812699267
Random,2.8628042534938847
Random,2.7799546515935734
Random,2.8041037364974772
Random,3.1058591921306893
Random,2.543076634781344
Random,2.9845556151535333
Random,2.8517622258028186
Random,2.584017141168985
Random,3.4705795353484192
Random,3.1493404682252204
Random,2.617276552763954
Random,3.069382676125479
Random,2.4081344982331565
Random,2.6599054212662163
Random,3.3504012046312246
Random,3.011905358742918
Random,2.984051229302976
Random,3.2322805303961712
Random,3.1019912485166894
Random,2.7977333215666684
Random,3.214745130694343
Random,2.304270207859825
Random,2.6585197841434263
Random,2.856377406064079
Random,3.079952419719143
Random,2.7772902610409353
Random,2.271287766362753
Random,2.2225909245432303
Random,2.866385446126297
Random,2.724307439956818
Random,2.574419907063532
Random,2.516402317362033
Random,2.936393533429898
Random,3.3416242100206857
Random,2.9364228196211157
Random,3.3462509764025117
Random,2.7602996882568873
Random,3.0437857916818456
Random,3.3588872112660613
Random,2.8352490977395335
Random,2.8990071950934335
Random,2.760129039761121
Random,3.095481163756607
Random,3.2029079646701017
Random,3.011823948878473
Random,2.810429524244073
Random,2.369895868007535
Random,2.8732045480646646
Random,2.823430429416644
Random,2.971843445359696
Random,2.9305035464594895
Random,3.435311146655235
Random,2.6484850506056925
Random,2.3436987734255106
Random,2.4937687226285927
Random,2.670259548291329
Random,3.2652400871052127
Random,2.4401162731788397
Random,2.4863933986500095
Random,3.033542674123277
Random,3.184539352771816
Random,2.3527240051952285
Random,2.2754514203487846
Random,2.617229107292989
Random,3.1179731876563164
Random,2.9396710240365707
Random,2.629909062712008
Random,3.1464344482249964
Random,2.9331090862703344
Random,2.8526858684772938
Random,2.3301437918749084
Random,2.6227841715176323
Random,3.568662477928331
Random,2.773373544057245
Random,2.5581839741954147
Random,2.7574352249888747
Random,2.93129853225563
Random,3.196343661746783
Random,3.1053922919028025
Random,2.6553565043494727
Random,3.330982845938811
Random,3.172533923508139
Random,2.7356276755739355
Random,2.84554084517555
Random,3.0983120380406475
Random,3.26270717090325
Random,2.3633259947874055
Random,2.9144320292845833
Random,2.8792059753733175
Random,2.692104142800643
Random,2.6903121486665698
Random,3.255657738956856
Random,3.0754263697844944
Random,3.6205808735579206
Random,2.69239585363939
Random,2.937558235660017
Random,2.997404047177189
Random,3.2007619561798677
Random,3.361097539717096
Random,2.9224645035309194
Random,2.510331880377459
Random,2.643467420564891
Random,2.939497937672797
Random,3.279373797056518
Random,2.3883864104247885
Random,2.4842430249407457
Random,3.1525808298745024
Random,2.441370091745792
Random,2.499842078173658
Random,3.284151188735462
Random,2.813245594831858
Random,2.786718805091115
Random,3.3645242973268075
Random,2.5213596959442075
Random,2.45165016226497
Random,3.455010900613723
Random,2.970916175598832
Random,3.125721607375488
Random,2.782116042679871
Random,2.8530316658548567
Random,2.645934043674574
Random,3.0003240279003713
Random,3.178320132634812
Random,2.9579665265360475
Random,3.2579224641447904
Random,3.1197188162734837
Random,2.5264002177712928
Random,2.8398027772270957
Random,2.7344967325134566
Random,3.151290953703917
Random,3.0500785329821873
Random,2.934176308824129
Random,3.2415125838903953
Random,2.242982070753788
Random,2.6808344383376945
Random,2.710258067140698
Random,2.9773014859737974
Random,3.0817145769593988
Random,2.889546462787032
Random,2.4339719188538598
Random,3.031068455936891
Random,2.934411843859116
Random,2.3806500853852697
Random,2.7875546252164507
Random,3.0197117136654508
Random,3.4633328199611917
Random,2.512310220976625
Random,3.1640137683451934
Random,2.5166789025378207
Random,2.449352975854291
Random,2.4698201550082173
Random,3.0998188341324617
Random,2.9350469347484696
Random,2.780865751702016
Random,3.0487761323846247
Random,2.904156863971802
Random,2.9283279648084313
Random,2.784737119194632
Random,2.533646679224309
Random,3.476545307898479
Random,3.3756696846409455
Random,3.4414670383847246
Random,2.7029655973927036
Random,2.653507469287247
Random,2.7462704871028967
Random,3.2625002881859624
Random,2.8899333896496247
Random,2.7016211189088355
Random,3.016187229957737
Random,2.6345995099445636
Random,2.4199505584140977
Random,2.934818683324692
Random,2.7110258100347275
Random,2.885248806820267
Random,1.958890676220466
Random,2.580627212531308
Random,2.874374142814433
Random,2.3641157261312373
Random,2.375907652373634
Random,2.90344521980721
Random,3.133308608280714
Random,2.580752865060082
Random,2.7990944751715925
Random,2.8071069356688274
Random,2.3481894312005847
Random,3.300571692387392
Random,2.8265503562677896
Random,2.8302673082882106
Random,3.0193506444943687
Random,2.3489937395483835
Random,3.209033213607277
Random,3.254351815367123
Random,2.9387363924576384
Random,3.050293889706974
Random,2.7769156302839586
Random,3.189390376127856
Random,2.6046045095687105
Random,2.878764260670061
Random,2.89945497695232
Random,2.876584226194092
Random,3.26077291632142
Random,3.6488694375484942
Random,2.8519085120216934
Random,3.053120027411256
Random,2.611718164314517
Random,3.2478703693211495
Random,2.7105363211888727
Random,3.9807304303730033
Random,2.310587437488079
Random,3.6347339839460915
Random,3.233755854815552
Random,2.500806532427756
Random,3.6943847008784987
Random,2.568027269831961
Random,2.7809900610942098
Random,2.4403417016242583
Random,2.839210479280501
Random,2.8717245833805896
Random,3.177854643503455
Random,3.735607191919263
Random,2.712105250580935
Random,1.9353877707316474
Random,3.1148991566397393
Random,2.6991522425354715
Random,3.520639640353333
Random,2.878006057840316
Random,2.626747318996661
Random,2.5387024840189714
Random,3.1060171143795747
Random,2.7945479252620027
Random,3.3990008753855716
Random,2.816967561773919
Random,3.3805902715558593
Random,2.41136945733112
Random,2.287046697806804
Random,3.177562266756806
Random,2.7289372034725803
Random,2.798600561043255
Random,2.538971131446068
Random,2.513548120569339
Random,3.1104493523181067
Random,2.8834637581613167
Random,2.5223222413885407
Random,3.164160617404267
Random,3.297459992228041
Random,2.8522570217990175
Random,3.237909731565158
Random,2.5425740637970464
Random,3.090176046439429
Random,2.9460949732451134
Random,2.6154866134174797
Random,3.6020007160018688
Random,2.9707263671411854
Random,2.6851035451715193
Random,2.8968056203121724
Random,2.588389986821263
Random,2.4887945725669205
Random,2.734141280790847
Random,2.757622129176277
Random,2.611112522620362
Random,3.32388609307083
Random,2.6244286848821536
Random,2.5667029684615956
Random,2.4787922209718842
Random,2.4454082759193163
Random,3.246320244197836
Random,2.979532374033581
Random,3.1294055924479713
Random,3.243182882135293
Random,2.7744116431971313
Random,3.40057274941839
Random,2.672594486179464
Random,2.5100022142532357
Random,3.0195702577059986
Random,2.940129204072539
Random,2.9395784432197822
Random,3.2421134412966515
Random,2.9268339624893818
Random,2.9985663673661764
Random,3.3615101742323708
Random,2.982484962265133
Random,3.0614090330811434
Random,2.3983366633227607
Random,4.179801733496599
Random,2.3382958898293573
Random,2.702960580860101
Random,2.692474066324174
Random,3.621059781954225
Random,2.6817121373475175
Random,3.0432437890576507
Random,2.6948328235038663
Random,2.5292943393250225
Random,3.0877992364154085
Random,2.6406624687373674
Random,2.961992178288417
Random,3.107336966618957
Random,3.5512625985425057
Random,2.4522777233274993
Random,2.83700368984451
Random,2.851342412922381
Random,2.89032186312934
Random,3.780860298787234
Random,2.8298882669387138
Random,2.015859527571481
Random,2.8211841770848363
Random,2.848946782599865
Random,2.8064067628569744
Random,2.640774192185759
Random,2.431772592584093
Random,3.6389114925577335
Random,3.0003841760680614
Random,2.823331072364407
Random,3.6278606852171613
Random,2.588749514899779
Random,3.098915236654474
Random,2.4568255116513504
Random,3.1503630349774197
Random,2.496557032520184
Random,3.053156587853222
Random,3.5673821681230917
Random,2.922408319333276
Random,2.129612748167343
Random,2.902405549491035
Random,3.056620760459674
Random,3.2024612445388643
Random,3.4010415299399233
Random,3.4187210989606904
Random,2.8445900641723276
Random,2.6613067116337406
Random,2.5021005445039592
Random,2.7027454280830394
Random,3.05526078281173
Random,2.4222889380253245
Random,2.5685648599494018
Random,3.0850053237511954
Random,2.665798266100349
Random,3.018311225814974
Random,2.607597224094697
Random,2.989808451515951
Random,2.6223130591085906
Random,2.2303945872132385
Random,3.2215258430792404
Random,2.648663790235217
Random,2.803775044178185
Random,2.650311920306666
Random,3.0788248907221436
Random,3.005542978493851
Random,3.0779980199053325
Random,2.699418475264861
Random,2.8727542084721387
Random,3.0346268005066817
Random,3.425876737674225
Random,2.9963050450390387
Random,2.5420383395789528
Random,2.9829056047209797
Random,2.8327787747425566
Random,2.196839062251158
Random,2.250099618274922
Random,2.8669414006430323
Random,2.8961726698845105
Random,2.78778079008688
Random,3.196634243469269
Random,2.5656914472514827
Random,2.40926753143658
Random,2.6036499118436027
Random,2.6785296615367082
Random,2.8698324546850724
Random,2.6133784054130365
Random,2.147249311610056
Random,1.9989648941233586
Random,2.932711596254167
Random,2.4984553310651414
Random,2.194543003436182
Random,3.1067296430754956
Random,3.425868782989518
Random,2.857241778754706
Random,2.9830950375758887
Random,2.9860344331085606
Random,2.0877995300620174
Random,3.198184724175199
Random,3.3199909972963404
Random,3.5270019554829766
Random,2.73823344965079
Random,2.4963402057162494
Random,3.3611477479574003
Random,3.063022124128451
Random,3.193333373746992
Random,2.6655939188960858
Random,2.9841778461205104
Random,2.5246809079458976
Random,2.8881828301789785
Random,2.7693525535734804
Random,3.702744507592861
Random,3.080264783505282
Random,2.1436842089669454
Random,2.8894605783954628
Random,3.0176816984857515
Random,2.72563056722918
Random,2.507563115185008
Random,3.119066975281325
Random,2.556590846123172
Random,3.0895638816718907
Random,2.5272898120963094
Random,2.704843025604496
Random,3.221592847995145
Random,3.059645582844676
Random,2.9008968583907784
Random,2.879629344764176
Random,2.9214038404240563
Random,2.615493336754137
Random,2.364009389852319
Random,3.0873891940531446
Random,3.420638695225694
Random,3.0995479797287606
Random,2.9781469937286156
Random,2.4708838500686907
Random,3.19420403714576
Random,3.0569475735688347
Random,3.1536188064888244
Random,3.2485534024938376
Random,3.4400272161707397
Random,2.503414462195986
Random,2.4429827993273294
Random,2.9413798247383394
Random,2.5700706990309548
Random,2.510009790220849
Random,3.3131292064737634
Random,2.540057092016171
Random,2.8861619182055533
Random,2.324221557010107
Random,2.9118619468778184
Random,3.300201128511992
Random,3.3107007445259082
Random,3.2524032919728665
Random,2.86282060117453
Random,3.275469767157202
Random,3.039152176540974
Random,2.7377734231546964
Random,3.0223740869722677
Random,3.197151574605142
Random,2.429547435340372
Random,2.5222473144753303
Random,2.8401951566325265
Random,2.466294282307473
Random,2.4613449972960613
Random,2.7441404035247734
Random,3.2340217954449373
Random,3.227488760259584
Random,3.0013506043274454
Random,2.9525214472174257
Random,3.613937518974593
Random,2.7029530827492443
Random,2.9736045100121387
Random,2.685738976902983
Random,2.4435222805614853
Random,3.3009167532703776
Random,2.7841547559110404
Random,3.1309642590988735
Random,2.8046424663296636
Random,3.3223337686595915
Random,2.544158323530153
Random,3.293644928812181
Random,3.200110422197202
Random,2.2676197098483106
Random,2.710753671364848
Random,3.2440233731879875
Random,3.457825220183753
Random,3.138134123304351
Random,2.7524736550613356
Random,2.554179879918714
Random,3.086515773420548
Random,2.742255902828079
Random,2.756980990895254
Random,2.812262368878336
Random,3.195793369342022
Random,3.516475152735232
Random,3.2461217527457196
Random,2.8933124345553884
Random,2.5781594830765475
Random,3.1215273608077463
Random,3.4675755798757635
Random,3.238027089302994
Random,2.9620411290243873
Random,2.720410088519616
Random,3.0097057515134056
Random,3.290407164501179
Random,2.970564728503956
Random,2.8541295133011655
Random,2.6516635588357342
Random,3.7880131471702256
Random,2.58102499659262
Random,2.5489716632999575
Random,2.946908989351163
Random,2.819971493173571
Random,3.2448790390838917
Random,3.2566064805149266
Random,2.4688820536645517
Random,2.6279703839884476
Random,2.586407194921769
Random,3.1620740833789966
Random,3.0385482009633247
Random,2.7611665065989097
Random,2.9650473231883883
Random,2.4994125847164246
Random,2.632482695870366
Random,2.4391529026446426
Random,2.9404558095218762
Random,2.939139598012264
Random,2.548621351092282
Random,3.036075321355998
Random,3.256607585676345
Random,2.5326283438897583
Random,2.776831969796513
Random,3.068123823793264
Random,2.8877914099613733
Random,2.4141773673451095
Random,2.737134481846918
Random,2.7256239438660996
Random,2.830899165678116
Random,2.8456669794799043
Random,3.433091121423549
Random,2.8176906682950538
Random,2.2941690443952165
Random,2.9216042920886522
Random,3.4961200761341846
Random,2.832044239398106
Random,2.7380714373978616
Random,2.784183030480776
Random,3.09258145258521
Random,2.7827086525468556
Random,2.364386547303215
Random,2.6570277577510235
Random,2.8675651352369806
Random,3.0757546037921366
Random,2.687921509279535
Random,2.7872730112101807
Random,2.90558021467064
Random,2.6203896022304596
Random,2.858182229050427
Random,3.0520290464515547
Random,2.4785229999507403
Random,2.996278792016495
Random,2.5118814839490287
Random,2.518823124491181
Random,2.660142353276233
Random,3.3635270805678235
Random,2.2951758209154187
Random,2.729102826185235
Random,2.880826921545745
Random,3.2947770881756266
Random,3.5655463056772865
Random,2.7436417114173213
Random,3.07704995687039
Random,2.8572097026421837
Random,2.8549831146983244
Random,2.9847698772184725
Random,2.3401609609102056
Random,2.8733938930628877
Random,3.0463230094002998
Random,2.5918333097421793
Random,3.048629137318349
Random,2.290571845846103
Random,2.9224488714242423
Random,3.3554676546290376
Random,2.8141929548979965
Random,2.550768284572339
Random,2.39576226263723
Random,3.025433860014479
Random,3.211836090958254
Random,2.870546457904335
Random,2.729192011310858
Random,2.2203612717846832
Random,2.933013382655484
Random,2.6509622956456877
Random,2.6709032355226068
Random,3.4505730468482136
Random,2.2652021065232004
Random,2.3116216426939307
Random,2.970223762781783
Random,2.756374146141166
Random,2.710079927520747
Random,2.9845554531339675
Random,2.9787492581416837
Random,2.5523425801490736
Random,2.6847990109480695
Random,2.9071866506430935
Random,2.947941850164626
Random,3.0575923790486006
Random,2.6877587538173464
Random,3.01035666340076
Random,3.219580596380278
Random,2.906250795094005
Random,2.8543390920318736
Random,2.8083135677362194
Random,2.6758900509865318
Random,2.564708802544645
Random,2.7866056302980913
Random,3.04633706618384
Random,2.581641144539427
Random,2.8638511075499475
Random,2.8236097827641577
Random,3.506543055294611
Random,3.140659428593734
Random,3.1350364986639163
Random,3.2090715445619216
Random,2.7007532050750296
Random,3.3674599185013165
Random,2.9452008587704603
Random,2.8745100857349155
Random,2.4687318327613483
Random,2.750720331188301
Random,2.277572391698967
Random,2.8039297646142405
Random,2.6901388739563954
Random,2.7518517536836353
Random,2.4093505912472435
Random,3.134009690454367
Random,3.0954903170138
Random,3.4760153846817574
Random,3.4661970457568745
Random,2.9441721348748064
Random,3.2449160796045966
Random,2.9806208610261713
Random,2.74179397726444
Random,2.7935479914568946
Random,3.1115776411518272
Random,4.307691720960826
Random,3.2946718459174504
Random,2.9754540566657024
Random,3.057778912449502
Random,3.0546843759152162
Random,2.8586877464204594
Random,3.152343803538874
Random,2.836085281567045
Random,2.539207743872614
Random,3.0570402969224437
Random,3.1033989206292416
Random,2.83943473764531
Random,2.9974587609327004
Random,3.223236542864288
Random,2.872032264086956
Random,2.734978992867715
Random,2.6440091752844626
Random,2.801987200435097
Random,3.422300512392134
Random,2.8212090257368545
Random,3.0146572910575364
Random,2.7774708999843027
Random,2.747731894115102
Random,2.5850580022409195
Random,2.924774998544962
Random,2.710674459518134
Random,3.3317068754908115
Random,2.8527182217811506
Random,2.8745567506295195
Random,2.8275130338578482
Random,3.0186850451078224
Random,3.407047506110809
Random,2.5294056599812786
Random,2.9863444179934673
Random,2.345946984444435
Random,3.3142086187998485
Random,2.8524978522546722
Random,2.371564287271328
Random,2.447561875285596
Random,3.172257071799673
Random,2.3127056409443654
Random,2.986510512088131
Random,2.7413800776038975
Random,2.8224577639693886
Random,2.6563102011783055
Random,2.559551638331677
Random,2.7209569755232996
Random,3.0883592543800176
Random,2.7885319905148065
Random,3.0360835021007304
Random,2.805991225107016
Random,3.1019796552350027
Random,3.0339019718188585
Random,2.7024780094734
Random,2.5592645910780187
Random,3.221420333804371
Random,2.6079168545771862
Random,3.0636722292597645
Random,2.9007830037284137
Random,2.7294098887895593
Random,3.0389392111896143
Random,3.3643801384591057
Random,3.106927527324911
Random,2.934837663686099
Random,3.452329488770789
Random,2.3093641133740377
Random,2.5042870212399184
Random,2.7289286300808597
Random,3.382221344452604
Random,3.2169761299890522
Random,2.294791961544803
Random,2.7386651097570804
Random,2.4308969335516197
Random,2.8759717038470414
Random,3.202755466275378
Random,3.228356737199205
Random,2.982945469974295
Random,2.7426029465167283
Random,2.856915394303225
Random,3.1269615043820718
Random,3.7040448347983865
Random,2.479007488206425
Random,3.441012943187481
Random,2.974638670149907
Random,3.174463827376768
Random,2.954215553344516
Random,3.3769743729549173
Random,3.004333521364979
Random,2.6650094259170234
Random,3.0460995753039235
Random,3.280765583083292
Random,2.890074257422556
Random,2.170708795686424
Random,2.8501409568582394
Random,2.924003846126323
Random,2.87441894837676
Random,2.7181683144346827
Random,3.3488222484667043
Random,2.067054771032343
Random,2.9225913298690287
Random,2.92744806181294
Random,3.6164951067370565
Random,2.88499377610922
Random,3.0445441038033243
Random,2.933354339661719
Random,2.922747708036781
Random,3.501394169693759
Random,2.5044785528311104
Random,2.658613377123129
Random,3.1515466764212583
Random,2.9790722390731674
Random,2.791776272287747
Random,2.8655305797176442
Random,3.206949061302499
Random,3.0582291047670895
Random,2.6427445016768116
Random,2.972460836906156
Random,2.8727284845065153
Random,3.0531422471008285
Random,2.7786501815134326
Random,2.4709588137181293
Random,3.123178269621891
Random,3.080261130760005
Random,3.380825696570362
Random,2.4335317985371776
Random,2.8655914517236334
Random,2.810097212967985
Random,2.752592466899936
Random,2.3555742999275635
Random,2.5202124972469235
Random,2.983816786468742
Random,2.7166868942779545
Random,2.6034011119435125
Random,3.386061283401169
Random,3.7132064771678888
Random,2.8704300716470716
Random,2.3690446705943615
Random,3.027473050260883
Random,2.166793496309538
Random,2.421761661802082
Random,3.033453447474019
Random,2.4101209787292603
Random,2.787335459331851
Random,2.375477977338292
Random,2.909510799640897
Random,3.2795398025420965
Random,2.6774640751487615
Random,2.8832663860876164
Random,2.6070646214836986
Random,2.631360259290237
Random,2.6016806697276578
Random,3.162560570158295
Random,2.3997975232662334
Random,2.774913008394672
Random,3.032124492757636
Random,3.205518079246143
Random,3.042802637865539
Random,2.864810716666071
Random,2.6927093093169443
Random,3.210899709079583
Random,2.589246603682033
Random,2.5944558584793147
Random,3.3590466983618112
Random,3.014938771549022
Random,3.0271963210974517
Random,3.0975768775287214
Random,2.8571043002011054
Random,2.391408042586252
Random,2.9771045720225295
Random,2.8836763526978655
Random,2.592073627407351
Random,2.512316790204375
Random,2.873860907578551
Random,2.419115066905629
Random,2.8402661067463306
Random,2.798430997264033
Random,2.8486788722241827
Random,3.0296410675797287
Random,3.105693836280718
Random,2.643252842271331
Random,3.191643696896375
Random,2.8139222349724884
Random,3.4980449204881228
Random,2.686976027617661
Random,2.3311907421327174
Random,3.1791070691089938
Random,3.037605332899105
Random,3.3067362078722438
Random,2.9973844726805265
Random,3.7015150894558024
Random,2.8244936386507127
Random,3.2528574870267084
Random,2.7077713787133804
Random,3.060548099332632
Random,3.1251381823293527
Random,3.1787327754245993
Random,3.1592300567798457
Random,1.7675003035733587
Random,2.866182727706385
Random,2.6905526704905074
Random,2.7589494009159132
Random,2.7917134901096947
Random,3.2289879831866406
Random,2.9602544710573166
Random,2.7139909325337657
Random,2.380805774177514
Random,3.421664396558274
Random,2.665510118367826
Random,2.8446710043852814
Random,3.6317597292160384
Random,2.6749466920584077
Random,2.7943944438422244
Random,2.9705197756307524
Random,2.3330577532149106
Random,2.292880141281057
Random,2.722976541567792
Random,2.7349793205859347
Random,2.936549651468625
Random,2.5508315655568623
Random,3.040504413967994
Random,2.1420505735159656
Random,2.8656229424841606
Random,3.0149091433289206
Random,3.0039044626129705
Random,2.833549113366933
Random,2.660994576618349
Random,2.8234593438315274
Random,3.317937063970986
Random,2.6821046932994412
Random,3.229208803826997
Random,3.284396450133569
Random,2.287992714653723
Random,2.8455572352685374
Random,2.550919170395278
Random,2.3691640193691006
Random,3.1646762946164877
Random,3.0541483882860994
Random,2.9813677221664867
Random,2.513549667524867
Random,2.962989006399435
Random,2.4355313664245752
Random,2.9167944415457705
Random,2.66057416900722
Random,3.2544142559710996
Random,2.7640613171806216
Random,2.970194781231177
Random,2.9709320307078637
Random,2.863712694539753
Random,2.9265291686999806
Random,2.995350987243971
Random,2.5791305511995084
Random,3.0297393634454006
Random,3.189588091779674
Random,3.0278003014635506
Random,2.7671726610411613
Random,2.9504824970155683
Random,2.7638476254438267
Random,2.8488209944362146
Random,2.4781100352182306
Random,3.368606894764549
Random,3.561227078051881
Random,2.6458767983101183
Random,3.1626440822109876
Random,3.3955886875006063
Random,2.5578949324448508
Random,2.1414555284188737
Random,3.4160260097387325
Random,2.8864194203208435
Random,2.7098406279053555
Random,2.9064173051217725
Random,2.76200334227405
Random,3.9163399366346816
Random,2.7059506278402115
Random,3.0035164529885754
Random,3.3381508722780886
Random,3.336479751689893
Random,3.27008858600268
Random,2.7423756468715683
Random,2.83725219080255
Random,2.1358956604551476
Random,2.8641649826671522
Random,2.901377367351185
Random,3.1472296070128016
Random,3.512675017480363
Random,3.1366821845390858
Random,3.261299739551327
Random,2.883942777525926
Random,3.335394395064725
Random,2.893860691632215
Random,3.2855622297913323
Random,3.169000464639977
Random,3.026197285590289
Random,2.355675175816937
Random,3.2691727396925407
Random,3.0211374372400037
Random,3.133653014118753
Random,2.9987361312434597
Random,3.058520611298531
Random,3.3410668023256314
Random,2.725643316488555
Random,3.0521770548208504
Random,2.6203855354559464
Random,3.0899926706702354
Random,2.9771463769351554
Random,2.6711800421309753
Random,2.9224826540221835
Random,2.6927716086094393
Random,2.758909277528561
Random,3.0130470439628634
Random,2.9830807245168613
Random,2.223978136451594
Random,3.0184855113647533
Random,2.7848040867096007
Random,2.7463180060417964
Random,2.499102677342947
Random,2.8742582966420924
Random,2.7086174942492924
Random,3.3316577050649197
Random,2.283297259268327
Random,2.5557112989677107
Random,2.5322300325892897
Random,2.9797025048585057
Random,3.296840778081003
Random,3.064482635561384
Random,2.510376379018725
Random,2.7411426764868736
Random,2.6093775132459593
Random,3.0660812231287786
Random,2.7340890406937772
Random,2.400041648313079
Random,3.092776220925916
Random,3.328098059441311
Random,2.828036395137515
Random,2.9317548512082126
Random,2.3676147407500796
Random,2.17585638280561
Random,2.248737784433128
Random,2.874490479946904
Random,2.7832057157002157
Random,3.079433468378024
Random,2.8214538792113735
Random,3.2325558049813563
Random,3.19250205619862
Random,2.778170898055774
Random,2.542007398511612
Random,2.2254752436787317
Random,3.387161747635752
Random,2.5631319814988642
Random,2.371036711765974
Random,2.935034547390315
Random,2.37412066478929
Random,2.9346856275644093
Random,2.773367399807494
Random,3.210331857258616
Random,3.180166287943868
Random,3.2726322789092426
Random,2.9615315672154625
Random,2.5923276915604134
Random,2.530407991396925
Random,2.70595442840801
Random,3.581614517723983
Random,2.803581579176033
Random,2.9458401741515523
Random,3.4166490027649776
Random,2.9782998330962376
Random,2.6303677153295695
Random,3.143218681629431
Random,2.741404589582324
Random,2.990268639107218
Random,3.0676159961846023
Random,2.718574957039485
Random,2.9546336591269333
Random,3.4448960228057954
Random,2.6727177543415066
Random,3.346698347780702
Random,2.685215710409925
Random,3.51495746270706
Random,2.5933174728949453
Random,2.7534108423322237
Random,3.4130631027239255
Random,3.4283143180005005
Random,3.173830365723332
Random,2.5148145927561774
Random,2.9185795237284764
Random,2.890433032706761
Random,2.593204019462525
Random,3.1316631289788384
Random,2.6206428339384664
Random,2.4424236004238096
Random,2.3278831342538133
Random,3.4838240047320275
Random,2.712964400623336
Random,2.7202395891766344
Random,2.5325637253375777
Random,3.3643962962719023
Random,2.4113292185013333
Random,2.472406403654297
Random,2.778390014655413
Random,2.882520628388618
Random,3.118414704854
Random,2.6557035833889078
Random,3.4255749654434213
Random,2.658064413434972
Random,2.5402241282750513
Random,2.507210739036065
Random,2.6216145153369004
Random,2.4847494784468602
Random,3.150413774004474
Random,2.542908086004119
Random,2.8439349409975616
Random,2.532952288091341
Random,2.4826968988330598
Random,3.27374686262383
Random,3.4458425708469735
Random,3.330089619143499
Random,2.379740729300683
Random,2.427858732271457
Random,3.5761018635287654
Random,2.8017974126895386
Random,2.413220997818818
Random,3.2653197934536475
Random,2.9133691326311193
Random,3.087501578904874
Random,2.1138996309869675
Random,2.7768478750133196
Random,3.219045023973685
Random,2.667922424346157
Random,3.31829812729846
Random,2.433349339297585
Random,2.850957163572341
Random,3.4604587703010052
Random,2.4908820945294026
Random,2.984148282014334
Random,3.092912598333382
Random,2.9216988536897723
Random,2.803283348436128
Random,2.5860927856260743
Random,2.958162240984296
Random,2.8543986127394443
Random,2.391892929610285
Random,3.2714270967584205
Random,2.574394434365323
Random,2.400902554946502
Random,2.683417532332565
Random,2.580404876570646
Random,2.8004420451448633
Random,2.45911794660729
Random,3.045356483000858
Random,3.3689484085938712
Random,2.9267139559848196
Random,2.38912176087982
Random,2.573295416560606
Random,2.966739937120723
Random,2.2078604648279514
Random,2.4624711578874736
Random,2.3186456720619604
Random,2.930030867244518
Random,3.6398437737039817
Random,2.4526894153974252
Random,3.1731031426852554
Random,2.694447675615348
Random,2.432164060342786
Random,3.432439879956915
Random,3.639034020886478
Random,3.03283392273116
Random,3.0157186894271084
Random,2.911595442403697
Random,2.838588138123173
Random,3.0079393025104353
Random,3.124477867263567
Random,3.466846531749655
Random,2.7087160943862827
Random,2.9341776559263044
Random,2.859324792334792
Random,3.245144703291992
Random,3.722348006994954
Random,3.2571101513611342
Random,3.166830988181823
Random,3.2048508442791404
Random,3.3295421906116562
Random,3.7273303163842644
Random,2.3055083958491513
Random,3.0979395252069772
Random,1.9948364951970428
Random,3.219929394846108
Random,3.0810999625692603
Random,2.7003604065077997
Random,1.9640333683219573
Random,2.885007893451756
Random,2.9672816932584514
Random,2.868114200203117
Random,2.6744887785991964
Random,2.5789937447524354
Random,2.8720408187428257
Random,2.6119092069701506
Random,3.1706653472302673
Random,2.862705890713761
Random,2.291885855675169
Random,2.9512793750361324
Random,3.0336415996553296
Random,3.4511181948906344
Random,3.211878627565696
Random,2.578333999712224
Random,3.3844766167833673
Random,2.4093240414376935
Random,2.899768294878691
Random,3.1515108167985755
Random,3.3958755856800114
Random,3.545070872635641
Random,3.3320742131510777
Random,2.842622053884028
Random,3.091030212204337
Random,2.9678233102884284
Random,2.6439679822976077
Random,2.8499011693216763
Random,3.513484137657553
Random,3.1140888395065467
Random,3.6041886793582583
Random,2.514589493406703
Random,2.757675841976558
Random,3.034011646382057
Random,3.1474497056634947
Random,2.849499279071478
Random,3.1676136959760473
Random,3.1649978569702433
Random,2.4086683364037427
Random,3.1512935382064864
Random,3.2622080863049923
Random,2.992706575955744
Random,2.251901418953966
Random,2.7939931743620856
Random,3.041877673258768
Random,2.589773634338978
Random,3.2084691627630253
Random,3.1430218935489695
Random,2.936639979543232
Random,2.896048238809277
Random,2.956892994622276
Random,2.8885921644599883
Random,2.4441929416812247
Random,2.740838922197667
Random,2.915134526819144
Random,3.381971461254277
Random,3.1300008409958298
Random,3.4005998724190185
Random,2.4027615731211167
Random,2.766477725011065
Random,3.609213996905738
Random,2.6323386288521418
Random,2.62541667193519
Random,2.795755481166032
Random,3.5898811526797902
Random,2.657115412574357
Random,3.0833356174584767
Random,3.0259574086356107
Random,2.2212000763428392
Random,2.8845631129825184
Random,2.6982455430511294
Random,3.1251206942110725
Random,3.493109558779075
Random,2.7705106366607763
Random,2.770495949866232
Random,3.763182832446745
Random,2.643237403241727
Random,2.4242470276640216
Random,3.3677419382804525
Random,2.872440288633095
Random,2.988255181449207
Random,3.6638863135348685
Random,2.4034468629744685
Random,2.8222136162644027
Random,2.4612619652848027
Random,3.0062416231757725
Random,2.6982183301739124
Random,2.483225244511284
Random,3.1439538215042555
Random,2.893582137561475
Random,2.4559340888101615
Random,2.4771821126725095
Random,2.962067883182836
Random,2.310575635231884
Random,2.9688915442713903
Random,3.354558315824247
Random,3.121336510278348
Random,2.6738308560231023
Random,2.985141206186573
Random,2.4559533775888633
Random,2.9372632405795174
Random,2.776648584960803
Random,2.5295529312315415
Random,3.1063049524713273
Random,2.204212040743629
Random,2.4787601302810467
Random,2.520456455034389
Random,2.7149327394112404
Random,3.3406102339486736
Random,3.1515773228024786
Random,2.9265222234036674
Random,2.9101713033987266
Random,2.8859226940429363
Random,3.3657488926455916
Random,2.2603192300745656
Random,3.157576327678167
Random,2.7137582636182738
Random,3.064437042385197
Random,3.0660967039628764
Random,3.144289345878474
Random,3.439208952344347
Random,2.414524909031172
Random,3.2386882225179083
Random,2.8678551310046707
Random,2.730175153080148
Random,3.5953087035758764
Random,3.133422817841508
Random,2.745313458154377
Random,3.221995914811576
Random,2.874026920858872
Random,2.7398755338150496
Random,2.679808990315354
Random,2.9956225093640723
Random,2.6771091954461883
Random,2.9439027395317803
Random,3.1976171063010588
Random,2.92832525564289
Random,3.5754505673141335
Random,2.894579921063842
Random,3.3578465800147344
Random,3.2285792507841107
Random,3.418974470799525
Random,3.57392569452961
Random,2.279168327724921
Random,2.9819589776851845
Random,2.8512039488513166
Random,2.9286449862366752
Random,2.7521816986671572
Random,2.7015292567201845
Random,2.508662950231285
Random,2.9237725215931043
Random,3.2139165534563343
Random,2.718786436563281
Random,2.7760735940897425
Random,2.6479083781924393
Random,2.5451592145458575
Random,2.8081053517154038
Random,3.0090274782788646
Random,3.326047639191575
Random,2.476578624301876
Random,2.879462609862094
Random,3.2985777862236056
Random,2.4811790004565957
Random,3.3294013046593465
Random,2.7377708064470196
Random,3.1366921764833307
Random,2.814374516094778
Random,3.0490939926437597
Random,3.448015115589113
Random,2.847893587415947
Random,3.2355862226214347
Random,2.9852441604077926
Random,2.617408360714468
Random,2.8395103551194127
Random,2.817829385812151
Random,2.400384624847753
Random,3.0491944709148275
Random,3.1181844414360462
Random,3.171737138413652
Random,3.3858511203899604
Random,3.2208213376014743
Random,2.6808703998223593
Random,2.754678385819536
Random,3.1808812719911677
Random,3.025150724401676
Random,2.8838179829578863
Random,2.586646862986196
Random,2.7059471878693353
Random,3.0921183036367843
Random,2.2134461497667854
Random,2.0784985933822338
Random,3.1304632791453364
Random,2.7049890175453113
Random,3.0524887301298054
Random,3.436789940766698
Random,2.5386687814090845
Random,2.310985084608418
Random,2.7941452950780703
Random,2.652511322634469
Random,2.8812054963615212
Random,3.0765896979338074
Random,3.0032975745388217
Random,2.9060401383752876
Random,3.256969437619462
Random,3.12259862527158
Random,2.8270906867577454
Random,3.1103042242961014
Random,2.3539809482100176
Random,3.2589080057558246
Random,2.8976954995590614
Random,2.473604350371689
Random,2.745509804421828
Random,3.2498190082459093
Random,2.6237757580027687
Random,3.032395376462859
Random,3.194759852818275
Random,2.8984751161463302
Random,2.5901590993954526
Random,2.8678383924168376
Random,2.4012226844587046
Random,2.7205342486322475
Random,2.5060128924074343
Random,2.873731810334816
Random,2.4498023500601476
Random,2.9189297499749625
Random,3.2828793566005277
Random,3.3046565772266083
Random,2.4580803921275667
Random,2.6589974354161647
Random,3.1857389954006243
Random,3.134162323527049
Random,2.6766481904033204
Random,2.721292349424498
Random,2.918529417126905
Random,2.25421414347269
Random,3.0721846409010074
Random,3.2656091651697676
Random,2.7550560570372085
Random,2.397814846366092
Random,3.37989440445621
Random,2.9660980518628968
Random,3.135867196425828
Random,2.431831210166466
Random,2.4330974285782014
Random,3.0336172348097667
Random,3.2463595102804246
Random,2.4983801758660094
Random,2.8546949892535256
Random,2.339551114951843
Random,2.646698706596814
Random,2.8008641003771877
Random,3.059517656998069
Random,2.159717001717868
Random,3.3479142085379148
Random,2.830853581532966
Random,3.3388935562531876
Random,3.1323082460749303
Random,3.1855777513340606
Random,3.5906387496157204
Random,2.6189360583681744
Random,2.9369717731381697
Random,2.5464224044379953
Random,2.854553823605493
Random,3.13972882316347
Random,3.280960224582957
Random,2.7574323617333096
Random,2.4721800894443207
Random,2.9154225268792495
Random,2.594468150341911
Random,2.68959107383624
Random,3.122956900470168
Random,3.058416363395055
Random,3.179301366251116
Random,2.773052566205357
Random,3.2399120939052346
Random,2.8949761435404175
Random,2.7914548954783993
Random,2.508935262454797
Random,2.165210445639823
Random,2.347629867445726
Random,2.964722306227287
Random,2.5752720946724246
Random,2.319422643507175
Random,2.7445606299194636
Random,2.9870277167093415
Random,3.03394607990145
Random,2.8799878245355264
Random,2.868893328582888
Random,2.7032795762110897
Random,3.1098385213269117
Random,2.8286807042003024
Random,2.8635279539572243
Random,3.2499247347170686
Random,3.164630953193761
Random,2.8258887331455633
Random,2.7765767853985093
Random,2.7738781486797257
Random,2.189024788690586
Random,3.270403662750264
Random,2.6525088294242614
Random,3.1863813799524854
Random,2.9044228209650553
Random,3.372630133728369
Random,3.07362538635429
Random,3.206324296941889
Random,2.6846674301820674
Random,2.4442200733725667
Random,2.9411620185781575
Random,2.2251202502541307
Random,2.7277139222826547
Random,2.477504698997564
Random,2.59880619256316
Random,3.096586280580956
Random,3.0737923687526414
Random,2.833832249906815
Random,3.000978965752403
Random,2.702488977739513
Random,3.731566122124823
Random,2.994330437062872
Random,2.6852762943294013
Random,3.1935771458735362
Random,3.320096538680576
Random,2.6215008811863374
Random,2.398043311177724
Random,2.466746592754696
Random,2.657659239394847
Random,2.8711796282034077
Random,2.325017689199224
Random,2.744951971149349
Random,2.8178872967269037
Random,3.002661419925895
Random,3.1021660931128023
Random,3.0292552799019914
Random,3.511525696797131
Random,3.269441987733846
Random,2.9669764347719556
Random,2.5534348865934575
Random,2.6557374849428736
Random,2.3945387938083655
Random,2.9431799784367967
Random,3.0049163998888653
Random,3.19966216061615
Random,2.9827059846667945
Random,3.2555233130142422
Random,3.262636263111303
Random,2.533456297123962
Random,2.710335638190623
Random,2.886171861627966
Random,2.6451333008779114
Random,2.805615476804062
Random,2.994476475278607
Random,2.847317130843732
Random,2.8901072705008266
Random,2.563092845460227
Random,3.065634121681811
Random,3.0402551548643455
Random,2.625564874640827
Random,2.4415087340204464
Random,3.316648873155397
Random,3.496267222598329
Random,2.971397293896612
Random,2.7645676631790357
Random,3.2528492148105
Random,3.0531173927321147
Random,2.8169267719239857
Random,3.225728245310271
Random,2.609219217418503
Random,2.650428808686958
Random,3.016107493245339
Random,2.9296189220030007
Random,3.111008364996852
Random,3.303847163505167
Random,2.3516106521571696
Random,2.9035084769358344
Random,3.549294686686432
Random,2.683115180208278
Random,2.6421254801927656
Random,2.112825596469164
Random,2.9252863446400323
Random,3.0913550212185723
Random,3.0906426046266815
Random,2.5303506253272046
Random,2.8869780959935993
Random,2.9668321983679062
Random,2.9080709426710056
Random,2.5103217993835276
Random,2.916810249697972
Random,2.607508945543381
Random,2.240822480893192
Random,3.126277080783094
Random,2.938564437314057
Random,3.095269276160272
Random,2.7046511365235624
Random,3.107284759206408
Random,3.244474048773154
Random,3.4982833532102084
Random,3.172244976404128
Random,3.0234450496950402
Random,2.4114563049305486
Random,2.8530570505000026
Random,2.396621012941678
Random,2.6060138483761257
Random,3.5680142272257234
Random,2.5352119782980016
Random,2.07758888478531
Random,3.1720060362269886
Random,2.656580340694745
Random,3.1563449990648196
Random,2.484198906164811
Random,2.7422931174849015
Random,3.304731696438263
Random,2.431523382509521
Random,2.831298557496427
Random,2.9910243599652637
Random,2.6405692681128428
Random,2.9739152680852077
Random,2.8954266203499417
Random,3.0753794447484073
Random,3.5288733085239876
Random,3.817763161965228
Random,3.050682537224685
Random,2.8517152921199402
Random,3.042910647791942
Random,2.809458389471873
Random,2.3394957693838556
Random,2.8738424238913627
Random,3.2652781959056263
Random,2.3820256952214605
Random,2.5485442284493582
Random,2.688179100376914
Random,3.0191288495192152
Random,3.7143433458014234
Random,2.609329155619124
Random,2.9216334189406017
Random,2.8920040411108783
Random,2.785527921824843
Random,2.87345669898697
Random,2.7288291238906237
Random,3.841264615406038
Random,3.149987360894169
Random,2.731809213202198
Random,3.300466212229514
Random,2.9790208056846477
Random,2.910096167155182
Random,2.8268770186832355
Random,2.8032883236254516
Random,2.4669141677399504
Random,2.309574037079869
Random,3.0185725646847037
Random,2.823385870812024
Random,3.1942933307995904
Random,2.5813819125707447
Random,2.509233178432522
Random,3.1591788873827213
Random,2.7875766281441803
Random,3.186768483696116
Random,2.901604406702277
Random,3.541124938900451
Random,3.152091061162528
Random,3.03210052197982
Random,3.1674144595466354
Random,2.7953589958429585
Random,2.3202373016868565
Random,3.0151698600203956
Random,3.563343142002999
Random,2.095674596752367
Random,3.052699471676575
Random,2.357596255871015
Random,2.881917980557615
Random,2.917556521845898
Random,3.1490088649967904
Random,2.9628845096348955
Random,3.3663362695125634
Random,3.2945076463909273
Random,2.8217934172348333
Random,3.2695354513840056
Random,2.781527623447894
Random,2.721851395428864
Random,2.4723198561598023
Random,3.3449890914692184
Random,2.7859512562426634
Random,2.0502223326245863
Random,3.077988499074631
Random,2.7394829670158627
Random,2.786440694934873
Random,2.808843075415566
Random,2.7732836070975617
Random,3.8359899052450244
Random,3.4666263435963716
Random,3.1324728794023025
Random,2.9736914615736545
Random,3.2814543924723267
Random,2.974501288715575
Random,3.1729424604134544
Random,3.0835913543808084
Random,2.934510031595814
Random,3.2161003510674586
Random,2.7442834817484956
Random,2.91027160599466
Random,2.550331129467408
Random,2.59037443012339
Random,2.0128905352688014
Random,3.0483376855250937
Random,3.1436911078042673
Random,3.2664235222599904
Random,2.507678467869786
Random,3.0425604144299627
Random,2.8897534687782382
Random,3.145793302285684
Random,2.664087398725713
Random,2.7733729583566586
Random,2.3512462481675076
Random,2.6413720936946254
Random,2.891074465565114
Random,2.9503868191501432
Random,2.3053358330230393
Random,2.71262886308993
Random,2.945597439066721
Random,3.3783094549099966
Random,2.5969496206943203
Random,3.0599542010081047
Random,2.695249222837471
Random,2.7354047400098467
Random,2.5856582951166445
Random,2.527822908833949
Random,2.7253418021906803
Random,3.25345025965955
Random,2.628176443801544
Random,2.574156326514788
Random,2.9625255132276815
Random,2.8918079887304162
Random,2.866332917819507
Random,2.97808292473073
Random,2.5398784621178936
Random,2.5782607141214906
Random,3.232031700896078
Random,2.8393913022032677
Random,3.096845841282819
Random,3.314497626168922
Random,3.1833036954426137
Random,2.4149575741221754
Random,2.849598215390147
Random,3.2509603572105155
Random,3.071288161958342
Random,2.953790823207477
Random,2.3214040079751097
Random,2.676191203184488
Random,2.914042683033332
Random,2.3954982202999875
Random,3.165232861775137
Random,2.849214336873869
Random,2.2034568779990247
Random,2.693499278315861
Random,2.7907021587251033
Random,2.8449597994270093
Random,3.38232462131652
Random,3.0906100535462318
Random,2.4164597628024156
Random,2.3734385210151125
Random,2.797468037485117
Random,2.933769724488234
Random,3.2341589408347176
Random,3.4899270014382364
Random,3.50876836905859
Random,2.736593007976058
Random,3.2141024075390634
Random,3.037608032786701
Random,2.5117152306945068
Random,2.2352780733686934
Random,2.939976709749149
Random,2.3714753895480087
Random,2.59471386190556
Random,2.652499988466968
Random,2.9658629620830013
Random,3.334119433685905
Random,2.894419431340679
Random,2.7031155443519985
Random,2.1726556686769567
Random,3.04896394702419
Random,2.899905132669393
Random,2.699368578308114
Random,3.2944006239423578
Random,2.4770291924491503
Random,2.6524831810461076
Random,2.8050243607519096
Random,2.6950347874530607
Random,3.0810016326654392
Random,3.050885316414218
Random,3.2544764048725807
Random,3.0642047044473433
Random,2.8499884245836573
Random,2.7721511579210354
Random,3.0478902910014947
Random,2.824001843058154
Random,2.9063784051038426
Random,3.0667581643464983
Random,2.938051171570343
Random,2.997020804127096
Random,2.615708358412809
Random,3.358077905971325
Random,2.5062058435565127
Random,3.0423137733827272
Random,2.7215104514935757
Random,3.2653576079815303
Random,3.1964813250424853
Random,2.8892891249293045
Random,3.4291770328530813
Random,2.8250099506292696
Random,3.1957707472161685
Random,2.638143144841402
Random,3.0304449164748335
Random,2.566622759537111
Random,2.8967526341365817
Random,2.8721702650830347
Random,3.1946841932310024
Random,2.657383920659888
Random,3.955837897106612
Random,2.410692311211625
Random,2.9707867715110696
Random,2.9898058131089886
Random,3.076610954555494
Random,2.711261834329739
Random,2.973846004977466
Random,2.694249351985793
Random,3.5396050443451683
Random,2.669744705984243
Random,2.8386663850368983
Random,2.659955884132943
Random,2.6124681591385137
Random,2.404103174403689
Random,3.123072726768857
Random,2.6566666456241412
Random,2.6135483305452016
Random,2.555972976113545
Random,2.995560281722459
Random,2.897516719772179
Random,2.899106368004741
Random,2.6259601846125835
Random,3.0409387285668905
Random,2.6602974611479846
Random,2.914338845964532
Random,2.84154050408568
Random,2.304433478249447
Random,3.593582298039686
Random,3.08933636968977
Random,2.9524954705190067
Random,3.007230847940545
Random,3.6017480981379233
Random,3.2842652802280474
Random,3.010951359913981
Random,2.644358606782877
Random,2.699072282781397
Random,2.2646306882766267
Random,2.762279662457423
Random,3.119525546880823
Random,3.1097425019209064
Random,3.1036794313078166
Random,2.7112717363594614
Random,3.0811019143701888
Random,3.1758270249986222
Random,2.1176924432604807
Random,2.9955737109492033
Random,3.611708404658209
Random,2.7889201021407777
Random,2.015432948546649
Random,2.6081699101353086
Random,2.260717773833876
Random,2.670003997733656
Random,2.465493917736514
Random,3.2128206691655525
Random,3.1599889343520657
Random,3.0089480653393403
Random,3.3152570448828604
Random,2.6939263312543766
Random,2.9155073283974784
Random,3.6510220200412746
Random,3.092975532609983
Random,3.092113678434419
Random,2.6238159572455597
Random,2.7455320596246744
Random,2.542174651483192
Random,3.4729404942874194
Random,2.3496125472400813
Random,3.2070233954649123
Random,3.091532821240294
Random,2.3339535420628827
Random,3.2861868560022627
Random,2.800283204694369
Random,2.431916222053927
Random,3.0164024781539953
Random,2.6047626769465135
Random,2.8189283225710526
Random,2.7146058756864258
Random,2.585120861460492
Random,2.4778617944283545
Random,3.1663422311720524
Random,3.002667038752353
Random,2.9803976023640693
Random,2.76368600619261
Random,2.9077896353138275
Random,2.634736563617431
Random,2.6287548848951485
Random,3.4831109544962784
Random,3.1967592962275546
Random,2.6952883199816893
Random,2.371130528161066
Random,2.3000633171832767
Random,2.6700678843196024
Random,2.9273518696178162
Random,2.931050080682779
Random,2.9414372271942817
Random,3.005908205991547
Random,2.5298961776492357
Random,3.4128882229555586
Random,2.8215464031778605
Random,2.9922514589481715
Random,2.6624285015313376
Random,2.998024488682341
Random,3.6102941211763913
Random,2.546898580928091
Random,2.503111921184883
Random,2.59017915272218
Random,2.7744620225188985
Random,2.709178124029127
Random,2.5290988550734825
Random,2.872777109375348
Random,3.4314036485879162
Random,2.838042837097894
Random,2.856554940339774
Random,3.0089325769988617
Random,3.1146101436688007
Random,3.366235461359929
Random,2.973246353222775
Random,2.889078753949155
Random,2.5461365036694845
Random,3.1466185766784887
Random,2.5971217103844007
Random,2.586376898525371
Random,2.956978943618674
Random,3.4246008868577653
Random,3.1419352846958026
Random,2.876983577596159
Random,2.5495846848418613
Random,3.41786888240543
Random,2.8703781187611703
Random,2.7893564880717268
Random,3.08253189689125
Random,2.734616008660486
Random,2.628858276684085
Random,2.6621198318776247
Random,2.661194328961862
Random,2.4990290996853894
Random,2.460341652241557
Random,3.227099938849225
Random,3.1219541040730543
Random,2.6046537022615737
Random,3.1980979379895533
Random,2.9972696696484245
Random,2.777708364881543
Random,2.4648819266537694
Random,3.0084138533868754
Random,3.5369139735502872
Random,2.895053409945302
Random,3.2363328522833914
Random,2.8165762462573922
Random,3.2096923552195884
Random,2.8379066223782714
Random,2.055832300659463
Random,2.6397022339789995
Random,2.935868037118982
Random,3.265454148667612
Random,2.8367663190794414
Random,2.9003399646238357
Random,2.6863352409837074
Random,3.431329314612844
Random,3.410439125887074
Random,2.655478468249162
Random,2.3641087828504337
Random,2.2632637051562057
Random,3.099262076962663
Random,2.9368946168019314
Random,2.6188736534765393
Random,2.98427470450976
Random,2.463323332658869
Random,3.1656793689531613
Random,2.7574149335123117
Random,2.514949994450723
Random,2.762719302226427
Random,2.7507683416170643
Random,3.016602242162131
Random,3.294367960432896
Random,3.276381650881944
Random,2.9453602103286
Random,2.8250822817586734
Random,2.692794410712653
Random,2.2768507012924735
Random,2.883336707439921
Random,2.5948692246971756
Random,3.312519870244141
Random,2.820390027383332
Random,3.1490894225553636
Random,2.7226645227825457
Random,2.6557426812135203
Random,3.099741264759258
Random,2.9862834606749704
Random,3.001741479050529
Random,2.8574773542452236
Random,3.1637604824829983
Random,3.1136072309923475
Random,2.1350787749858795
Random,2.8007151812637607
Random,3.241912101140247
Random,2.536425265044286
Random,2.303077129325457
Random,2.8418704567260713
Random,3.070591195865597
Random,2.7303050684057544
Random,3.338393762865268
Random,3.5293681275888136
Random,2.222383109695057
Random,2.75683077234467
Random,2.098657394869684
Random,3.1192379501105596
Random,2.654226014329219
Random,2.7249906572996907
Random,3.2881582845484005
Random,2.4293120997361375
Random,2.3422080473437643
Random,2.100171461286739
Random,3.330618946149441
Random,3.250054334434025
Random,2.7880796163315367
Random,2.44774487191674
Random,3.179264945356877
Random,3.8453214911020512
Random,2.808263531961836
Random,2.472832929862233
Random,3.3206190441673895
Random,2.497253062366832
Random,2.762837278778102
Random,1.9748954448374574
Random,2.7848248117724785
Random,2.446689991725918
Random,3.3265632333076653
Random,2.551473385642001
Random,3.160437979051034
Random,2.853607235236787
Random,2.9334763947055182
Random,3.0711062705387437
Random,2.8714623909505486
Random,2.6653414452170674
Random,2.608389294165756
Random,3.0665142223940975
Random,2.230477078998442
Random,3.4719874074290624
Random,2.935715775205574
Random,2.7729914451465154
Random,2.982278212880466
Random,2.6838975302432955
Random,2.8282529029504926
Random,2.497518498607815
Random,3.02007980184528
Random,2.8627915177706402
Random,2.955014237826719
Random,3.4043528987363305
Random,2.6111005311510382
Random,2.8453031153614914
Random,2.3172890829790744
Random,3.0807511677612256
Random,2.8839363263295286
Random,2.896015728342338
Random,2.835427155091729
Random,2.6894837624379875
Random,3.755622492120788
Random,2.903253513989991
Random,2.9928320387846297
Random,2.494848884207713
Random,3.1969550374810227
Random,2.847182180635189
Random,3.0446081048506977
Random,3.2029294067454113
Random,2.8539647561571497
Random,2.6552184464905504
Random,2.082740886115914
Random,2.755725887209425
Random,2.6533412771687575
Random,2.493589121595085
Random,3.3939302016699875
Random,3.2308234127907354
Random,2.2554117456600964
Random,2.9433067903412278
Random,2.606579863934862
Random,3.0172041400726237
Random,2.6126824429974462
Random,2.703075874393317
Random,3.2239820609299925
Random,3.1741474392835913
Random,3.413487732775506
Random,2.8147277531917996
Random,2.385176453896089
Random,3.209504659644372
Random,3.211513882231273
Random,3.1078841873673246
Random,2.632067178892557
Random,2.518645770246918
Random,3.0758724089842775
Random,2.58268214539452
Random,2.7831948710241954
Random,3.897977692254675
Random,3.628319388733687
Random,3.1649049395290794
Random,2.6603258212277634
Random,2.639497783371788
Random,3.138236176456191
Random,3.4091563043681727
Random,2.7125648833202356
Random,2.73158148662554
Random,2.9204183561193147
Random,2.408306556899275
Random,2.4189102666929743
Random,2.4821609544402183
Random,3.079372968637523
Random,2.984327763421296
Random,3.284294285914816
Random,2.287540536444325
Random,2.363934643777485
Random,3.0480442223382926
Random,2.587580055300033
Random,2.6127572888469244
Random,3.241222210199229
Random,2.698237823283733
Random,2.73882500492851
Random,2.8032686006135994
Random,2.8243089831581996
Random,3.1275357216444393
Random,2.4703704750303346
Random,2.824761373567151
Random,3.2931105919856756
Random,3.6296382804709073
Random,2.419517702868532
Random,3.004792966852082
Random,2.8240692911576115
Random,2.8557381891604026
Random,2.616173045787369
Random,3.15211297882621
Random,3.1343185510759426
Random,3.7649332475362987
Random,2.4318496944313575
Random,2.28382487566831
Random,3.602580833223311
Random,2.8720038613283383
Random,2.731582489851547
Random,2.9552821110376777
Random,2.4062651742697536
Random,3.0203483228700416
Random,2.862165148850191
Random,3.2623864806841887
Random,3.1872121286579693
Random,3.2161074621030457
Random,2.9561819122626716
Random,3.44638730401931
Random,3.089844565222907
Random,2.7051137440031794
Random,2.609360964416588
Random,2.6484429004899903
Random,3.0942062686181506
Random,2.42819429817838
Random,2.9437907466798974
Random,2.6011593534939994
Random,2.455417673817136
Random,2.51141074468072
Random,2.8817490898592313
Random,3.1548771220973966
Random,2.6555852514346165
Random,2.1700511362518187
Random,3.9839230133783747
Random,3.2776519109081437
Random,3.2133144358692323
Random,3.4545483022670123
Random,2.9220338627998426
Random,2.843181606467154
Random,3.360188460278861
Random,3.357847991004397
Random,3.103346772742389
Random,3.196050258075304
Random,2.460393790509986
Random,2.8007095397458706
Random,3.4808829666124796
Random,3.1689465865057844
Random,2.3829711696097355
Random,2.7058135714940836
Random,3.424403794435684
Random,3.0478693077582633
Random,2.953079215344008
Random,2.963508074119745
Random,2.8610209088561747
Random,2.708192561110713
Random,2.6009114117771093
Random,3.2403805617144763
Random,2.9723807423004995
Random,3.135206015073787
Random,3.0795917378113016
Random,3.37854287015921
Random,3.0476700232068032
Random,3.1756278102267226
Random,2.9480137580973054
Random,2.561426469847954
Random,2.811756027676574
Random,3.094584012975835
Random,3.1250169043120977
Random,3.393216497649947
Random,2.730499608569427
Random,2.968376186886776
Random,2.8452090735330864
Random,3.453311589537417
Random,3.0205523716768288
Random,3.0271920730759048
Random,2.8776332052760187
Random,2.8119461575378786
Random,2.3876013361331347
Random,2.452615110373358
Random,2.9520232593813422
Random,2.908778927148324
Random,2.9539580424459873
Random,3.2164737928900293
Random,2.922231282806035
Random,2.7692056043940703
Random,2.8171802478594086
Random,2.9745868801213122
Random,2.758215310089848
Random,3.259131683353345
Random,2.886090193136908
Random,2.9772764912218745
Random,2.6068145880292475
Random,3.259298983924458
Random,3.389033296046375
Random,2.417260575145497
Random,3.0290283333194727
Random,2.852576441031877
Random,2.9885036277371904
Random,3.0467860791819903
Random,2.1149173291436645
Random,3.1533900180092904
Random,3.275779537192183
Random,3.3147623527325947
Random,2.5624050416895225
Random,2.879258649452001
Random,2.7031039938879493
Random,2.225792773731697
Random,2.6747976934932947
Random,2.51403129717605
Random,3.0060137322108607
Random,2.3242138664161867
Random,2.550292579694586
Random,2.7098498373357263
Random,3.157091565919718
Random,3.85333235104407
Random,2.995111596337201
Random,2.532063972425993
Random,2.6544881884480813
Random,3.1182145424064394
Random,2.4232056473356396
Random,3.2703422536932205
Random,2.984818468224679
Random,2.8466251991990705
Random,2.305681475166236
Random,3.2091902539245782
Random,2.62586862667856
Random,2.9433004654757657
Random,2.835496823231992
Random,2.3407381619201018
Random,2.809998248455503
Random,2.4702735171723815
Random,2.6638796940797147
Random,3.0400879128032967
Random,3.133613121352542
Random,2.883671989130437
Random,2.5834485587758342
Random,2.6654777351932406
Random,2.659456848139888
Random,2.148866057726265
Random,2.9154066298530488
Random,2.3122051147591476
Random,2.9164246719073765
Random,2.3838678506744486
Random,2.47167096621457
Random,3.121875900694862
Random,2.898520665556952
Random,2.2363366714217894
Random,2.696208961339654
Random,2.9808437543280792
Random,2.6752300120545462
Random,2.770994971546809
Random,2.9746443268821117
Random,2.905503080595486
Random,2.5458855176049897
Random,2.897734434845935
Random,2.7903489358329474
Random,3.4879242559096095
Random,2.8542508910284816
Random,2.93680852437227
Random,2.9800938724531534
Random,2.778224735577508
Random,2.640330755831768
Random,3.049447436646003
Random,3.0522835836511932
Random,3.6122375372018993
Random,3.147469660949047
Random,3.1533180608823614
Random,3.1389106361530787
Random,2.6505961851278426
Random,2.4537346741210095
Random,2.5419540724074676
Random,3.128588735744537
Random,3.383020089156484
Random,3.1445521614617693
Random,2.832106923134645
Random,3.4714707261260944
Random,2.736140643573285
Random,2.4918204433029354
Random,2.9777375985488646
Random,3.338017223985126
Random,2.5973701155689413
Random,2.298777513695527
Random,2.9030759028213136
Random,3.1575343166186074
Random,1.8618883777454756
Random,3.228951322228875
Random,2.415994754416224
Random,3.141370961408874
Random,2.197544087713526
Random,2.3785213716888194
Random,3.104571546976493
Random,3.311628869935843
Random,2.886829799285704
Random,3.720705449747829
Random,2.5353637412081667
Random,2.5309345062883035
Random,2.785191357291195
Random,2.7686867004234004
Random,2.988311618139535
Random,2.6323777996129247
Random,3.086812659139433
Random,3.0785236087366936
Random,3.44952056714799
Random,2.7199141371473234
Random,3.006861517093863
Random,3.1001060340313797
Random,2.887492832377137
Random,2.8165940956397386
Random,2.17428789420623
Random,2.9189208531473
Random,3.0965188964020065
Random,2.869949423912703
Random,2.6187070019254506
Random,2.307648206514207
Random,3.0471204912474597
Random,2.9014895804221257
Random,3.372035083189438
Random,2.3873491064118126
Random,2.726896977809202
Random,2.4317707743174686
Random,3.2455806461658496
Random,3.319697890315203
Random,3.5567519822674996
Random,3.070830057197385
Random,3.1637185647642436
Random,3.041233847055107
Random,3.088753081887041
Random,2.9070197495763104
Random,3.104609530831276
Random,3.6321495900270784
Random,2.9658380140040816
Random,2.8983255504019003
Random,2.9586923046966724
Random,2.8382949363585572
Random,2.9754592031919325
Random,2.8265363205795295
Random,3.2867332195331156
Random,3.25207999786955
Random,3.6411462368639276
Random,2.8818363314132416
Random,2.990099369929683
Random,2.9756502680225783
Random,2.959218841729727
Random,3.281881763754903
Random,2.326455442544712
Random,3.0497737816353907
Random,3.582132788332912
Random,3.362669694707993
Random,3.323002962974602
Random,3.1820267551692174
Random,2.683383006274865
Random,2.6299545239688684
Random,2.6326641085154048
Random,2.4951838815972573
Random,3.2182838563540512
Random,3.3992283760433013
Random,3.040659169903449
Random,3.1690995435234646
Random,2.9917749956945743
Random,3.0872457674453178
Random,2.1558071270203225
Random,2.9991299438180166
Random,2.742422781114235
Random,2.876072460799899
Random,2.9682952022971065
Random,2.641829632139232
Random,2.5169784922380174
Random,2.631304419024549
Random,2.387717592722291
Random,2.4893742594232156
Random,2.536995291274265
Random,2.3923130577193747
Random,3.073379330137721
Random,2.5777077787564604
Random,2.243850976716406
Random,2.7508454452477427
Random,2.5039344054533923
Random,3.3960098643988506
Random,2.93609471010063
Random,2.3800375821811874
Random,3.087224054312932
Random,2.9194695761817684
Random,2.807250355926694
Random,3.4360779620352075
Random,2.5516893605479787
Random,3.2489886869366695
Random,2.7479778390623273
Random,2.8836339785313636
Random,2.629960271392102
Random,2.652069299230364
Random,2.73878149507685
Random,2.230814837196228
Random,3.010217938349582
Random,2.9298452050882537
Random,2.3705952675029827
Random,3.118871706881013
Random,3.395309626519734
Random,2.6595448449642594
Random,2.6178417395124765
Random,3.2761315230198718
Random,3.029847607869891
Random,2.842861649910671
Random,3.1724901499846734
Random,2.9850614673112132
Random,3.3854039733323127
Random,2.8841895738373324
Random,3.037900577189956
Random,3.2708077197886904
Random,2.041092928542918
Random,3.283357232222806
Random,2.7148293110803303
Random,3.063381792921439
Random,3.4671192191617015
Random,2.7839142327398663
Random,2.7320262795891206
Random,2.8710151338478385
Random,2.3863457136337325
Random,3.6526561356936256
Random,2.8752552463156342
Random,3.460690773932165
Random,2.774443641526609
Random,2.9017931379469406
Random,3.217470811832038
Random,2.5077519760987586
Random,2.854435584270432
Random,3.2044790528252602
Random,2.8161198250343453
Random,2.7224699119412916
Random,3.2767611005401256
Random,3.3759068538483783
Random,3.4310542078258353
Random,2.6559130136961304
Random,2.6890932110859787
Random,2.7264560592145277
Random,3.1391829389869774
Random,2.4749505198727695
Random,2.4945313695802973
Random,2.642267546220688
Random,2.564624424092701
Random,3.1966961538172227
Random,3.1733258805111064
Random,2.722952948969004
Random,2.822767024176741
Random,2.0092205362635798
Random,2.731364083022622
Random,3.3214030771165337
Random,2.712500839545686
Random,2.5111174159003657
Random,3.36727485971362
Random,2.5034982696785324
Random,3.426173682290237
Random,3.8915280534036465
Random,2.852067959223777
Random,3.321342286598778
Random,2.311213765659164
Random,2.2959519149454963
Random,2.6136949129401397
Random,3.175215219680888
Random,2.890604838993747
Random,2.8253558613758925
Random,2.442338167351177
Random,2.8458350453772847
Random,2.666795420532387
Random,2.5700784710366382
Random,2.5406469882815776
Random,2.9565645207959084
Random,2.6401905205958167
Random,2.887739760661775
Random,2.2765060151646206
Random,3.06448844598844
Random,2.9734793864425453
Random,2.80976114190674
Random,2.9460140812200306
Random,3.213969559801329
Random,2.3875526830701075
Random,2.913130109298662
Random,2.4373776235712974
Random,2.920382562300444
Random,2.800229423099328
Random,2.8813606501606177
Random,3.1842296386982123
Random,3.1738592085857564
Random,3.2668707059893096
Random,2.7525361768843473
Random,3.1338596010038335
Random,3.0657021563852918
Random,2.761264645082785
Random,2.930645927878989
Random,2.8441578091364623
Random,3.373746561464755
Random,3.1709830390891716
Random,2.773521861693894
Random,2.7493924414355244
Random,3.222100971712381
Random,3.354701361113336
Random,2.999427563305562
Random,3.1183928630803877
Random,3.341925998930346
Random,2.8293843081767402
Random,2.9189476146737183
Random,3.058797378848989
Random,2.741223375662299
Random,3.479228801382449
Random,2.7381006828162926
Random,2.911254091452743
Random,3.5545992286483568
Random,2.2443361906429784
Random,2.964894397256094
Random,2.6609156967673835
Random,2.8900587189197258
Random,2.4718008217641008
Random,2.761379330238799
Random,2.8985927243265484
Random,2.972649396994099
Random,3.2006095535963417
Random,2.084092452111159
Random,2.846348491013246
Random,2.829416835510173
Random,2.8677082796399613
Random,2.901193172861816
Random,2.6021150567789326
Random,2.353501555556683
Random,2.9652923974178247
Random,2.545193523336497
Random,3.029670689958144
Random,2.5649785019837177
Random,3.1302359837095763
Random,2.8711147472168674
Random,2.8951874205486
Random,2.804567606430057
Random,2.7489602999502964
Random,2.8092013780591
Random,3.2997963320325194
Random,2.3578795241021377
Random,2.66522631794453
Random,3.256449869496765
Random,3.174297384009224
Random,3.3559363326549243
Random,2.8694547636918535
Random,2.43281663412102
Random,2.505800468220394
Random,2.7864069762630144
Random,3.1538096116342795
Random,2.801677488482191
Random,2.7749728469594586
Random,3.0276570613440947
Random,2.8996138043251
Random,2.7372040439993905
Random,2.5426753098534585
Random,3.2184033351630297
Random,3.2533816268878977
Random,2.523194194202316
Random,2.7503749634554366
Random,3.121306167838705
Random,2.49545877813559
Random,3.0166435426995597
Random,2.7767725792296822
Random,2.4680285833524245
Random,3.5063822934132354
Random,2.7715905808357384
Random,3.071829799471263
Random,2.501177709990796
Random,3.428351430376731
Random,3.565353595195427
Random,2.369044307814606
Random,2.832930458139308
Random,3.350511932830864
Random,2.727547717368842
Random,3.031944864231069
Random,2.3072561545448442
Random,2.616616717078422
Random,2.9957891670708823
Random,2.685574624016463
Random,2.7649663641464333
Random,2.3643988713139694
Random,3.1168302088317983
Random,2.4254342587828757
Random,3.4243124580718347
Random,2.6532425096935404
Random,3.16768384013997
Random,3.1335244870696917
Random,2.548374851271717
Random,2.690327413976002
Random,2.7313603428879163
Random,2.75486829073509
Random,2.4399686390615467
Random,3.075145852195837
Random,2.6511422781268545
Random,2.850404438603592
Random,3.239003391888946
Random,3.0882992333878354
Random,2.6745311300186674
Random,3.2509952980204533
Random,3.120809193296198
Random,2.645213040191194
Random,2.7117282173314514
Random,3.2369748302021852
Random,3.1600448908367897
Random,2.368910370792226
Random,2.541260476517939
Random,3.1311574928090353
Random,2.482726905684807
Random,3.169152442119857
Random,3.5613309523428103
Random,3.019456833546714
Random,2.5699076404356034
Random,2.9512121873237867
Random,3.2488037959351006
Random,2.9243021353330327
Random,3.057794494056742
Random,2.6127635702640433
Random,2.6390311956284065
Random,3.2042205559225345
Random,2.6430568173476754
Random,1.993104761848799
Random,2.783763863241917
Random,2.998963186334578
Random,3.257091476489677
Random,3.460754981114376
Random,2.9193739397743785
Random,3.118408434244477
Random,2.931833218315897
Random,3.0127915272375443
Random,2.825197123279044
Random,3.024017903760573
Random,2.636862763336042
Random,3.5766936525302837
Random,2.0607222917097805
Random,3.087983484848049
Random,3.000819368041304
Random,3.0187605195552876
Random,2.4797989214167853
Random,2.308019098500805
Random,3.100082795221013
Random,3.3550591416532316
Random,2.9663754735077017
Random,3.1692675527468452
Random,2.7311154559010573
Random,3.00498976814385
Random,3.3150588561382484
Random,2.781261738971965
Random,3.3012070377226213
Random,2.3231303369713165
Random,2.6774105528685577
Random,3.0793237121336645
Random,3.549894742838148
Random,2.8949501937558817
Random,2.5314373943588597
Random,3.542011345086049
Random,2.8462540655068462
Random,3.1205453134535404
Random,2.77402148306414
Random,2.9393412825458327
Random,2.695057777082341
Random,3.672950785428362
Random,3.3031191788547014
Random,3.5031850308701635
Random,2.616561438252826
Random,2.257081888294077
Random,2.788403440911461
Random,3.7627124915907397
Random,2.778374404703077
Random,3.2547601042397467
Random,2.5345840727878395
Random,2.6025003825303963
Random,2.8623280413671446
Random,3.621641888318275
Random,3.2715607485788136
Random,2.1779546605701445
Random,3.121222237246256
Random,2.491618753417051
Random,2.65363445953647
Random,3.0670033925446987
Random,3.3749775044098387
Random,3.3579253129214806
Random,3.004987308795132
Random,3.0098601322370753
Random,3.3568663442014652
Random,2.343601323303461
Random,3.5237267702407014
Random,2.6347615572863767
Random,2.980380812938961
Random,2.717899447868352
Random,2.4890959751313013
Random,3.0500795774365463
Random,2.972030578651975
Random,2.853449693994095
Random,2.8370555823757972
Random,3.419198439722211
Random,3.650464111665004
Random,3.324506611852013
Random,2.98620528775074
Random,2.3221958755847254
Random,3.1074975957255604
Random,3.1228381742890305
Random,3.157498259917694
Random,2.4943078091297908
Random,3.184802183341372
Random,3.4315580916432693
Random,2.549226586666511
Random,3.127439150835002
Random,2.6084758613227805
Random,2.853839276737327
Random,2.5609938910210905
Random,2.7683729703191684
Random,2.7710619373089367
Random,3.0329769511809666
Random,3.198776269157052
Random,3.311770396728915
Random,2.663898180013502
Random,3.0148024001664835
Random,2.5091565864977303
Random,2.8516133887000104
Random,2.9048225278750333
Random,2.5700642180976816
Random,3.0838978745410164
Random,2.8359842990950965
Random,2.9435352385997287
Random,3.3146595569860113
Random,2.7416817229387846
Random,3.18484876113547
Random,3.390390158394592
Random,3.3691400944178396
Random,2.824754713938954
Random,2.552680756504721
Random,2.6437957010021993
Random,2.339738497465173
Random,3.1279112901705965
Random,3.149436139522229
Random,2.9307138520584632
Random,2.4127560760701456
Random,2.7633193992753893
Random,3.3686738744320746
Random,3.1014314695113763
Random,3.161561114566032
Random,4.037234973975239
Random,3.0037762943389015
Random,2.1413787632521277
Random,2.5081385367517863
Random,2.9959667021353433
Random,2.89649871825647
Random,2.8303546658403733
Random,2.836443083663205
Random,2.617957812956408
Random,3.0196388298284464
Random,3.3735643115698375
Random,3.490775044488481
Random,3.480941475651913
Random,2.558470758608335
Random,2.883003201904906
Random,2.7811602611043003
Random,3.0952962816057115
Random,2.861320893069341
Random,2.8117523871640318
Random,3.394448097294244
Random,2.924117637222713
Random,2.933066880993108
Random,3.033311000574933
Random,3.1245039992208374
Random,3.1265022961882494
Random,3.428281230309225
Random,2.444148363051427
Random,3.0025235452433563
Random,2.854494802046229
Random,2.7856552516960624
Random,3.152798321892067
Random,3.3396410906535072
Random,2.684777855425541
Random,3.47502992654658
Random,2.3935045949499245
Random,3.0947026668695066
Random,2.581110162945694
Random,2.6674334863665368
Random,2.9108355716296206
Random,2.7516882107667615
Random,1.8970156585879943
Random,3.1020576439238683
Random,3.160420970794894
Random,2.834143208698261
Random,2.806893350110461
Random,2.76068171559212
Random,2.2964638445073264
Random,2.259764432326837
Random,3.168699477534645
Random,3.259238203774633
Random,3.0969804757872543
Random,3.021525176522047
Random,3.16144714525692
Random,3.1383470285843056
Random,2.617708327408512
Random,2.967149385244941
Random,2.787321987595571
Random,2.7919031932551723
Random,3.285422974254059
Random,3.436092573419786
Random,2.076288468186705
Random,2.8015402476575324
Random,2.7833809482577707
Random,3.292798354355516
Random,2.387009773241617
Random,1.853214345637847
Random,3.1747002929414765
Random,3.2239454889541292
Random,2.271307241514886
Random,2.8468574850511263
Random,3.4206669113044246
Random,2.5161343824649585
Random,2.925044696392531
Random,3.066161320057416
Random,2.394897371922502
Random,2.694459647442918
Random,2.303617947592797
Random,2.8329403901007963
Random,2.6156834983646227
Random,2.9620254023505024
Random,3.1101573837529775
Random,3.371576467913367
Random,3.6988349685337516
Random,2.9620303082090964
Random,2.7802134707572828
Random,2.760066127582106
Random,2.5553843606647946
Random,3.0454200454037377
Random,2.718377608262491
Random,3.0696605182559757
Random,2.566426401603498
Random,2.728364590250017
Random,3.0399401650680122
Random,2.8466828518690184
Random,2.2240325250019377
Random,2.8847311305242256
Random,2.6119448701626293
Random,3.299719756327283
Random,3.226781342624257
Random,2.098279739246698
Random,3.167959816960319
Random,3.0250090965145784
Random,2.3753339562041456
Random,3.1946025733725034
Random,2.4461360224861775
Random,3.287217130186
Random,2.665901875181229
Random,2.3635411964246233
Random,3.6254753731299574
Random,2.35373327587022
Random,2.610470834459657
Random,2.6784796026099476
Random,2.7319742122227084
Random,3.1323373810152138
Random,2.9100838592387
Random,3.238292237928406
Random,3.018980877024747
Random,2.309803617338189
Random,3.0806904835848754
Random,2.9710841019903818
Random,2.6733787770727107
Random,3.609167945318042
Random,3.1009751257572518
Random,3.2165908344993834
Random,3.2286755034169374
Random,2.7443254416587695
Random,3.109657967628822
Random,2.999598130212502
Random,2.6968235850507085
Random,2.4663550503754936
